solid ASCII
  facet normal 9.694552e-01 -2.452684e-01 9.898286e-18
    outer loop
      vertex   -5.888031e-02 -3.673950e-01 0.000000e+00
      vertex   -1.046230e-01 -5.481991e-01 0.000000e+00
      vertex   -5.888031e-02 -3.673950e-01 -1.000000e+02
    endloop
  endfacet
  facet normal 9.694552e-01 -2.452684e-01 4.836744e-18
    outer loop
      vertex   -5.888031e-02 -3.673950e-01 -1.000000e+02
      vertex   -1.046230e-01 -5.481991e-01 0.000000e+00
      vertex   -1.046230e-01 -5.481991e-01 -1.000000e+02
    endloop
  endfacet
  facet normal 9.534114e-01 -3.016732e-01 5.185045e-18
    outer loop
      vertex   -1.046230e-01 -5.481991e-01 0.000000e+00
      vertex   -1.612198e-01 -7.270681e-01 0.000000e+00
      vertex   -1.046230e-01 -5.481991e-01 -1.000000e+02
    endloop
  endfacet
  facet normal 9.534114e-01 -3.016732e-01 1.969495e-17
    outer loop
      vertex   -1.046230e-01 -5.481991e-01 -1.000000e+02
      vertex   -1.612198e-01 -7.270681e-01 0.000000e+00
      vertex   -1.612198e-01 -7.270681e-01 -1.000000e+02
    endloop
  endfacet
  facet normal 9.344229e-01 -3.561655e-01 1.961322e-17
    outer loop
      vertex   -1.612198e-01 -7.270681e-01 0.000000e+00
      vertex   -2.286584e-01 -9.039975e-01 0.000000e+00
      vertex   -1.612198e-01 -7.270681e-01 -1.000000e+02
    endloop
  endfacet
  facet normal 9.344229e-01 -3.561655e-01 2.391192e-17
    outer loop
      vertex   -1.612198e-01 -7.270681e-01 -1.000000e+02
      vertex   -2.286584e-01 -9.039975e-01 0.000000e+00
      vertex   -2.286584e-01 -9.039975e-01 -1.000000e+02
    endloop
  endfacet
  facet normal 9.128490e-01 -4.082973e-01 2.336315e-17
    outer loop
      vertex   -2.286584e-01 -9.039975e-01 0.000000e+00
      vertex   -3.069252e-01 -1.078982e+00 0.000000e+00
      vertex   -2.286584e-01 -9.039975e-01 -1.000000e+02
    endloop
  endfacet
  facet normal 9.128490e-01 -4.082973e-01 2.787273e-17
    outer loop
      vertex   -2.286584e-01 -9.039975e-01 -1.000000e+02
      vertex   -3.069252e-01 -1.078982e+00 0.000000e+00
      vertex   -3.069252e-01 -1.078982e+00 -1.000000e+02
    endloop
  endfacet
  facet normal 8.890978e-01 -4.577173e-01 2.714516e-17
    outer loop
      vertex   -3.069252e-01 -1.078982e+00 0.000000e+00
      vertex   -3.960058e-01 -1.252018e+00 0.000000e+00
      vertex   -3.069252e-01 -1.078982e+00 -1.000000e+02
    endloop
  endfacet
  facet normal 8.890978e-01 -4.577173e-01 -8.378621e-18
    outer loop
      vertex   -3.069252e-01 -1.078982e+00 -1.000000e+02
      vertex   -3.960058e-01 -1.252018e+00 0.000000e+00
      vertex   -3.960058e-01 -1.252018e+00 -1.000000e+02
    endloop
  endfacet
  facet normal 8.636006e-01 -5.041765e-01 -7.989002e-18
    outer loop
      vertex   -3.960058e-01 -1.252018e+00 0.000000e+00
      vertex   -4.958842e-01 -1.423099e+00 0.000000e+00
      vertex   -3.960058e-01 -1.252018e+00 -1.000000e+02
    endloop
  endfacet
  facet normal 8.636006e-01 -5.041765e-01 -9.457252e-18
    outer loop
      vertex   -3.960058e-01 -1.252018e+00 -1.000000e+02
      vertex   -4.958842e-01 -1.423099e+00 0.000000e+00
      vertex   -4.958842e-01 -1.423099e+00 -1.000000e+02
    endloop
  endfacet
  facet normal 8.367889e-01 -5.475257e-01 -9.290223e-18
    outer loop
      vertex   -4.958842e-01 -1.423099e+00 0.000000e+00
      vertex   -6.065435e-01 -1.592220e+00 0.000000e+00
      vertex   -4.958842e-01 -1.423099e+00 -1.000000e+02
    endloop
  endfacet
  facet normal 8.367889e-01 -5.475257e-01 1.905460e-17
    outer loop
      vertex   -4.958842e-01 -1.423099e+00 -1.000000e+02
      vertex   -6.065435e-01 -1.592220e+00 0.000000e+00
      vertex   -6.065435e-01 -1.592220e+00 -1.000000e+02
    endloop
  endfacet
  facet normal 8.090739e-01 -5.877069e-01 1.877849e-17
    outer loop
      vertex   -6.065435e-01 -1.592220e+00 0.000000e+00
      vertex   -7.279654e-01 -1.759378e+00 0.000000e+00
      vertex   -6.065435e-01 -1.592220e+00 -1.000000e+02
    endloop
  endfacet
  facet normal 8.090739e-01 -5.877069e-01 2.569302e-17
    outer loop
      vertex   -6.065435e-01 -1.592220e+00 -1.000000e+02
      vertex   -7.279654e-01 -1.759378e+00 0.000000e+00
      vertex   -7.279654e-01 -1.759378e+00 -1.000000e+02
    endloop
  endfacet
  facet normal 7.808330e-01 -6.247398e-01 2.461976e-17
    outer loop
      vertex   -7.279654e-01 -1.759378e+00 0.000000e+00
      vertex   -8.601307e-01 -1.924565e+00 0.000000e+00
      vertex   -7.279654e-01 -1.759378e+00 -1.000000e+02
    endloop
  endfacet
  facet normal 7.808330e-01 -6.247398e-01 1.705593e-17
    outer loop
      vertex   -7.279654e-01 -1.759378e+00 -1.000000e+02
      vertex   -8.601307e-01 -1.924565e+00 0.000000e+00
      vertex   -8.601307e-01 -1.924565e+00 -1.000000e+02
    endloop
  endfacet
  facet normal 7.523995e-01 -6.587071e-01 1.649859e-17
    outer loop
      vertex   -8.601307e-01 -1.924565e+00 0.000000e+00
      vertex   -1.003019e+00 -2.087777e+00 0.000000e+00
      vertex   -8.601307e-01 -1.924565e+00 -1.000000e+02
    endloop
  endfacet
  facet normal 7.523995e-01 -6.587071e-01 -7.517170e-18
    outer loop
      vertex   -8.601307e-01 -1.924565e+00 -1.000000e+02
      vertex   -1.003019e+00 -2.087777e+00 0.000000e+00
      vertex   -1.003019e+00 -2.087777e+00 -1.000000e+02
    endloop
  endfacet
  facet normal 7.240585e-01 -6.897386e-01 -7.733842e-18
    outer loop
      vertex   -1.003019e+00 -2.087777e+00 0.000000e+00
      vertex   -1.156608e+00 -2.249008e+00 0.000000e+00
      vertex   -1.003019e+00 -2.087777e+00 -1.000000e+02
    endloop
  endfacet
  facet normal 7.240585e-01 -6.897386e-01 -1.963155e-17
    outer loop
      vertex   -1.003019e+00 -2.087777e+00 -1.000000e+02
      vertex   -1.156608e+00 -2.249008e+00 0.000000e+00
      vertex   -1.156608e+00 -2.249008e+00 -1.000000e+02
    endloop
  endfacet
  facet normal 6.960462e-01 -7.179970e-01 -1.835144e-17
    outer loop
      vertex   -1.156608e+00 -2.249008e+00 0.000000e+00
      vertex   -1.320876e+00 -2.408254e+00 0.000000e+00
      vertex   -1.156608e+00 -2.249008e+00 -1.000000e+02
    endloop
  endfacet
  facet normal 6.960462e-01 -7.179970e-01 2.183703e-17
    outer loop
      vertex   -1.156608e+00 -2.249008e+00 -1.000000e+02
      vertex   -1.320876e+00 -2.408254e+00 0.000000e+00
      vertex   -1.320876e+00 -2.408254e+00 -1.000000e+02
    endloop
  endfacet
  facet normal 6.685521e-01 -7.436653e-01 2.144991e-17
    outer loop
      vertex   -1.320876e+00 -2.408254e+00 0.000000e+00
      vertex   -1.495797e+00 -2.565508e+00 0.000000e+00
      vertex   -1.320876e+00 -2.408254e+00 -1.000000e+02
    endloop
  endfacet
  facet normal 6.685521e-01 -7.436653e-01 1.666756e-17
    outer loop
      vertex   -1.320876e+00 -2.408254e+00 -1.000000e+02
      vertex   -1.495797e+00 -2.565508e+00 0.000000e+00
      vertex   -1.495797e+00 -2.565508e+00 -1.000000e+02
    endloop
  endfacet
  facet normal 6.417226e-01 -7.669369e-01 1.623008e-17
    outer loop
      vertex   -1.495797e+00 -2.565508e+00 0.000000e+00
      vertex   -1.681348e+00 -2.720765e+00 0.000000e+00
      vertex   -1.495797e+00 -2.565508e+00 -1.000000e+02
    endloop
  endfacet
  facet normal 6.417226e-01 -7.669369e-01 -1.376663e-17
    outer loop
      vertex   -1.495797e+00 -2.565508e+00 -1.000000e+02
      vertex   -1.681348e+00 -2.720765e+00 0.000000e+00
      vertex   -1.681348e+00 -2.720765e+00 -1.000000e+02
    endloop
  endfacet
  facet normal 6.156666e-01 -7.880068e-01 -1.290520e-17
    outer loop
      vertex   -1.681348e+00 -2.720765e+00 0.000000e+00
      vertex   -1.877502e+00 -2.874019e+00 0.000000e+00
      vertex   -1.681348e+00 -2.720765e+00 -1.000000e+02
    endloop
  endfacet
  facet normal 6.156666e-01 -7.880068e-01 -2.536673e-17
    outer loop
      vertex   -1.681348e+00 -2.720765e+00 -1.000000e+02
      vertex   -1.877502e+00 -2.874019e+00 0.000000e+00
      vertex   -1.877502e+00 -2.874019e+00 -1.000000e+02
    endloop
  endfacet
  facet normal 5.904605e-01 -8.070665e-01 -2.456147e-17
    outer loop
      vertex   -1.877502e+00 -2.874019e+00 0.000000e+00
      vertex   -2.084232e+00 -3.025265e+00 0.000000e+00
      vertex   -1.877502e+00 -2.874019e+00 -1.000000e+02
    endloop
  endfacet
  facet normal 5.904605e-01 -8.070665e-01 -2.600568e-17
    outer loop
      vertex   -1.877502e+00 -2.874019e+00 -1.000000e+02
      vertex   -2.084232e+00 -3.025265e+00 0.000000e+00
      vertex   -2.084232e+00 -3.025265e+00 -1.000000e+02
    endloop
  endfacet
  facet normal 5.661539e-01 -8.242995e-01 -2.514229e-17
    outer loop
      vertex   -2.084232e+00 -3.025265e+00 0.000000e+00
      vertex   -2.301509e+00 -3.174497e+00 0.000000e+00
      vertex   -2.084232e+00 -3.025265e+00 -1.000000e+02
    endloop
  endfacet
  facet normal 5.661539e-01 -8.242995e-01 1.632127e-17
    outer loop
      vertex   -2.084232e+00 -3.025265e+00 -1.000000e+02
      vertex   -2.301509e+00 -3.174497e+00 0.000000e+00
      vertex   -2.301509e+00 -3.174497e+00 -1.000000e+02
    endloop
  endfacet
  facet normal 5.427742e-01 -8.398787e-01 1.555340e-17
    outer loop
      vertex   -2.301509e+00 -3.174497e+00 0.000000e+00
      vertex   -2.529303e+00 -3.321710e+00 0.000000e+00
      vertex   -2.301509e+00 -3.174497e+00 -1.000000e+02
    endloop
  endfacet
  facet normal 5.427742e-01 -8.398787e-01 2.174620e-17
    outer loop
      vertex   -2.301509e+00 -3.174497e+00 -1.000000e+02
      vertex   -2.529303e+00 -3.321710e+00 0.000000e+00
      vertex   -2.529303e+00 -3.321710e+00 -1.000000e+02
    endloop
  endfacet
  facet normal 5.203311e-01 -8.539646e-01 2.079661e-17
    outer loop
      vertex   -2.529303e+00 -3.321710e+00 0.000000e+00
      vertex   -2.767583e+00 -3.466897e+00 0.000000e+00
      vertex   -2.529303e+00 -3.321710e+00 -1.000000e+02
    endloop
  endfacet
  facet normal 5.203311e-01 -8.539646e-01 2.984162e-18
    outer loop
      vertex   -2.529303e+00 -3.321710e+00 -1.000000e+02
      vertex   -2.767583e+00 -3.466897e+00 0.000000e+00
      vertex   -2.767583e+00 -3.466897e+00 -1.000000e+02
    endloop
  endfacet
  facet normal 4.988207e-01 -8.667052e-01 3.267471e-18
    outer loop
      vertex   -2.767583e+00 -3.466897e+00 0.000000e+00
      vertex   -3.016319e+00 -3.610054e+00 0.000000e+00
      vertex   -2.767583e+00 -3.466897e+00 -1.000000e+02
    endloop
  endfacet
  facet normal 4.988207e-01 -8.667052e-01 1.765008e-17
    outer loop
      vertex   -2.767583e+00 -3.466897e+00 -1.000000e+02
      vertex   -3.016319e+00 -3.610054e+00 0.000000e+00
      vertex   -3.016319e+00 -3.610054e+00 -1.000000e+02
    endloop
  endfacet
  facet normal 4.782285e-01 -8.782354e-01 1.699009e-17
    outer loop
      vertex   -3.016319e+00 -3.610054e+00 0.000000e+00
      vertex   -3.275477e+00 -3.751174e+00 0.000000e+00
      vertex   -3.016319e+00 -3.610054e+00 -1.000000e+02
    endloop
  endfacet
  facet normal 4.782285e-01 -8.782354e-01 2.116313e-18
    outer loop
      vertex   -3.016319e+00 -3.610054e+00 -1.000000e+02
      vertex   -3.275477e+00 -3.751174e+00 0.000000e+00
      vertex   -3.275477e+00 -3.751174e+00 -1.000000e+02
    endloop
  endfacet
  facet normal 4.585325e-01 -8.886777e-01 2.036293e-18
    outer loop
      vertex   -3.275477e+00 -3.751174e+00 0.000000e+00
      vertex   -3.545022e+00 -3.890252e+00 0.000000e+00
      vertex   -3.275477e+00 -3.751174e+00 -1.000000e+02
    endloop
  endfacet
  facet normal 4.585325e-01 -8.886777e-01 1.418385e-17
    outer loop
      vertex   -3.275477e+00 -3.751174e+00 -1.000000e+02
      vertex   -3.545022e+00 -3.890252e+00 0.000000e+00
      vertex   -3.545022e+00 -3.890252e+00 -1.000000e+02
    endloop
  endfacet
  facet normal 4.397046e-01 -8.981425e-01 1.375196e-17
    outer loop
      vertex   -3.545022e+00 -3.890252e+00 0.000000e+00
      vertex   -3.824920e+00 -4.027282e+00 0.000000e+00
      vertex   -3.545022e+00 -3.890252e+00 -1.000000e+02
    endloop
  endfacet
  facet normal 4.397046e-01 -8.981425e-01 -6.011722e-18
    outer loop
      vertex   -3.545022e+00 -3.890252e+00 -1.000000e+02
      vertex   -3.824920e+00 -4.027282e+00 0.000000e+00
      vertex   -3.824920e+00 -4.027282e+00 -1.000000e+02
    endloop
  endfacet
  facet normal 4.217133e-01 -9.067292e-01 -6.180590e-18
    outer loop
      vertex   -3.824920e+00 -4.027282e+00 0.000000e+00
      vertex   -4.115135e+00 -4.162259e+00 0.000000e+00
      vertex   -3.824920e+00 -4.027282e+00 -1.000000e+02
    endloop
  endfacet
  facet normal 4.217133e-01 -9.067292e-01 -1.539240e-17
    outer loop
      vertex   -3.824920e+00 -4.027282e+00 -1.000000e+02
      vertex   -4.115135e+00 -4.162259e+00 0.000000e+00
      vertex   -4.115135e+00 -4.162259e+00 -1.000000e+02
    endloop
  endfacet
  facet normal 4.045245e-01 -9.145272e-01 -1.530843e-17
    outer loop
      vertex   -4.115135e+00 -4.162259e+00 0.000000e+00
      vertex   -4.415630e+00 -4.295177e+00 0.000000e+00
      vertex   -4.115135e+00 -4.162259e+00 -1.000000e+02
    endloop
  endfacet
  facet normal 4.045245e-01 -9.145272e-01 -7.180077e-18
    outer loop
      vertex   -4.115135e+00 -4.162259e+00 -1.000000e+02
      vertex   -4.415630e+00 -4.295177e+00 0.000000e+00
      vertex   -4.415630e+00 -4.295177e+00 -1.000000e+02
    endloop
  endfacet
  facet normal 3.881028e-01 -9.216161e-01 -6.894091e-18
    outer loop
      vertex   -4.415630e+00 -4.295177e+00 0.000000e+00
      vertex   -4.726366e+00 -4.426031e+00 0.000000e+00
      vertex   -4.415630e+00 -4.295177e+00 -1.000000e+02
    endloop
  endfacet
  facet normal 3.881028e-01 -9.216161e-01 0.000000e+00
    outer loop
      vertex   -4.415630e+00 -4.295177e+00 -1.000000e+02
      vertex   -4.726366e+00 -4.426031e+00 0.000000e+00
      vertex   -4.726366e+00 -4.426031e+00 -1.000000e+02
    endloop
  endfacet
  facet normal 3.724125e-01 -9.280673e-01 0.000000e+00
    outer loop
      vertex   -4.726366e+00 -4.426031e+00 0.000000e+00
      vertex   -5.047304e+00 -4.554817e+00 0.000000e+00
      vertex   -4.726366e+00 -4.426031e+00 -1.000000e+02
    endloop
  endfacet
  facet normal 3.724125e-01 -9.280673e-01 1.484843e-17
    outer loop
      vertex   -4.726366e+00 -4.426031e+00 -1.000000e+02
      vertex   -5.047304e+00 -4.554817e+00 0.000000e+00
      vertex   -5.047304e+00 -4.554817e+00 -1.000000e+02
    endloop
  endfacet
  facet normal 3.574176e-01 -9.339447e-01 1.464411e-17
    outer loop
      vertex   -5.047304e+00 -4.554817e+00 0.000000e+00
      vertex   -5.378403e+00 -4.681527e+00 0.000000e+00
      vertex   -5.047304e+00 -4.554817e+00 -1.000000e+02
    endloop
  endfacet
  facet normal 3.574176e-01 -9.339447e-01 0.000000e+00
    outer loop
      vertex   -5.047304e+00 -4.554817e+00 -1.000000e+02
      vertex   -5.378403e+00 -4.681527e+00 0.000000e+00
      vertex   -5.378403e+00 -4.681527e+00 -1.000000e+02
    endloop
  endfacet
  facet normal 3.430833e-01 -9.393050e-01 0.000000e+00
    outer loop
      vertex   -5.378403e+00 -4.681527e+00 0.000000e+00
      vertex   -5.719623e+00 -4.806159e+00 0.000000e+00
      vertex   -5.378403e+00 -4.681527e+00 -1.000000e+02
    endloop
  endfacet
  facet normal 3.430833e-01 -9.393050e-01 -3.056205e-18
    outer loop
      vertex   -5.378403e+00 -4.681527e+00 -1.000000e+02
      vertex   -5.719623e+00 -4.806159e+00 0.000000e+00
      vertex   -5.719623e+00 -4.806159e+00 -1.000000e+02
    endloop
  endfacet
  facet normal 3.293752e-01 -9.441991e-01 -2.925440e-18
    outer loop
      vertex   -5.719623e+00 -4.806159e+00 0.000000e+00
      vertex   -6.070921e+00 -4.928706e+00 0.000000e+00
      vertex   -5.719623e+00 -4.806159e+00 -1.000000e+02
    endloop
  endfacet
  facet normal 3.293752e-01 -9.441991e-01 -1.454698e-17
    outer loop
      vertex   -5.719623e+00 -4.806159e+00 -1.000000e+02
      vertex   -6.070921e+00 -4.928706e+00 0.000000e+00
      vertex   -6.070921e+00 -4.928706e+00 -1.000000e+02
    endloop
  endfacet
  facet normal 3.162605e-01 -9.486724e-01 -1.404479e-17
    outer loop
      vertex   -6.070921e+00 -4.928706e+00 0.000000e+00
      vertex   -6.432254e+00 -5.049164e+00 0.000000e+00
      vertex   -6.070921e+00 -4.928706e+00 -1.000000e+02
    endloop
  endfacet
  facet normal 3.162605e-01 -9.486724e-01 1.129512e-17
    outer loop
      vertex   -6.070921e+00 -4.928706e+00 -1.000000e+02
      vertex   -6.432254e+00 -5.049164e+00 0.000000e+00
      vertex   -6.432254e+00 -5.049164e+00 -1.000000e+02
    endloop
  endfacet
  facet normal 3.037075e-01 -9.527653e-01 1.078986e-17
    outer loop
      vertex   -6.432254e+00 -5.049164e+00 0.000000e+00
      vertex   -6.803577e+00 -5.167528e+00 0.000000e+00
      vertex   -6.432254e+00 -5.049164e+00 -1.000000e+02
    endloop
  endfacet
  facet normal 3.037075e-01 -9.527653e-01 1.353125e-17
    outer loop
      vertex   -6.432254e+00 -5.049164e+00 -1.000000e+02
      vertex   -6.803577e+00 -5.167528e+00 0.000000e+00
      vertex   -6.803577e+00 -5.167528e+00 -1.000000e+02
    endloop
  endfacet
  facet normal 2.916860e-01 -9.565141e-01 1.295346e-17
    outer loop
      vertex   -6.803577e+00 -5.167528e+00 0.000000e+00
      vertex   -7.184845e+00 -5.283795e+00 0.000000e+00
      vertex   -6.803577e+00 -5.167528e+00 -1.000000e+02
    endloop
  endfacet
  facet normal 2.916860e-01 -9.565141e-01 -1.044485e-17
    outer loop
      vertex   -6.803577e+00 -5.167528e+00 -1.000000e+02
      vertex   -7.184845e+00 -5.283795e+00 0.000000e+00
      vertex   -7.184845e+00 -5.283795e+00 -1.000000e+02
    endloop
  endfacet
  facet normal 2.801675e-01 -9.599511e-01 -9.953547e-18
    outer loop
      vertex   -7.184845e+00 -5.283795e+00 0.000000e+00
      vertex   -7.576012e+00 -5.397959e+00 0.000000e+00
      vertex   -7.184845e+00 -5.283795e+00 -1.000000e+02
    endloop
  endfacet
  facet normal 2.801675e-01 -9.599511e-01 9.876549e-18
    outer loop
      vertex   -7.184845e+00 -5.283795e+00 -1.000000e+02
      vertex   -7.576012e+00 -5.397959e+00 0.000000e+00
      vertex   -7.576012e+00 -5.397959e+00 -1.000000e+02
    endloop
  endfacet
  facet normal 2.691246e-01 -9.631054e-01 9.561225e-18
    outer loop
      vertex   -7.576012e+00 -5.397959e+00 0.000000e+00
      vertex   -7.977031e+00 -5.510017e+00 0.000000e+00
      vertex   -7.576012e+00 -5.397959e+00 -1.000000e+02
    endloop
  endfacet
  facet normal 2.691246e-01 -9.631054e-01 8.665686e-18
    outer loop
      vertex   -7.576012e+00 -5.397959e+00 -1.000000e+02
      vertex   -7.977031e+00 -5.510017e+00 0.000000e+00
      vertex   -7.977031e+00 -5.510017e+00 -1.000000e+02
    endloop
  endfacet
  facet normal 2.585317e-01 -9.660028e-01 8.579828e-18
    outer loop
      vertex   -7.977031e+00 -5.510017e+00 0.000000e+00
      vertex   -8.387853e+00 -5.619966e+00 0.000000e+00
      vertex   -7.977031e+00 -5.510017e+00 -1.000000e+02
    endloop
  endfacet
  facet normal 2.585317e-01 -9.660028e-01 -8.647506e-18
    outer loop
      vertex   -7.977031e+00 -5.510017e+00 -1.000000e+02
      vertex   -8.387853e+00 -5.619966e+00 0.000000e+00
      vertex   -8.387853e+00 -5.619966e+00 -1.000000e+02
    endloop
  endfacet
  facet normal 2.483646e-01 -9.686666e-01 -8.603488e-18
    outer loop
      vertex   -8.387853e+00 -5.619966e+00 0.000000e+00
      vertex   -8.808429e+00 -5.727801e+00 0.000000e+00
      vertex   -8.387853e+00 -5.619966e+00 -1.000000e+02
    endloop
  endfacet
  facet normal 2.483646e-01 -9.686666e-01 -8.630056e-18
    outer loop
      vertex   -8.387853e+00 -5.619966e+00 -1.000000e+02
      vertex   -8.808429e+00 -5.727801e+00 0.000000e+00
      vertex   -8.808429e+00 -5.727801e+00 -1.000000e+02
    endloop
  endfacet
  facet normal 2.386004e-01 -9.711178e-01 -8.625259e-18
    outer loop
      vertex   -8.808429e+00 -5.727801e+00 0.000000e+00
      vertex   -9.238709e+00 -5.833519e+00 0.000000e+00
      vertex   -8.808429e+00 -5.727801e+00 -1.000000e+02
    endloop
  endfacet
  facet normal 2.386004e-01 -9.711178e-01 -8.613373e-18
    outer loop
      vertex   -8.808429e+00 -5.727801e+00 -1.000000e+02
      vertex   -9.238709e+00 -5.833519e+00 0.000000e+00
      vertex   -9.238709e+00 -5.833519e+00 -1.000000e+02
    endloop
  endfacet
  facet normal 2.292177e-01 -9.733752e-01 -8.645308e-18
    outer loop
      vertex   -9.238709e+00 -5.833519e+00 0.000000e+00
      vertex   -9.678643e+00 -5.937118e+00 0.000000e+00
      vertex   -9.238709e+00 -5.833519e+00 -1.000000e+02
    endloop
  endfacet
  facet normal 2.292177e-01 -9.733752e-01 -8.597481e-18
    outer loop
      vertex   -9.238709e+00 -5.833519e+00 -1.000000e+02
      vertex   -9.678643e+00 -5.937118e+00 0.000000e+00
      vertex   -9.678643e+00 -5.937118e+00 -1.000000e+02
    endloop
  endfacet
  facet normal 2.201963e-01 -9.754556e-01 -8.663786e-18
    outer loop
      vertex   -9.678643e+00 -5.937118e+00 0.000000e+00
      vertex   -1.012818e+01 -6.038595e+00 0.000000e+00
      vertex   -9.678643e+00 -5.937118e+00 -1.000000e+02
    endloop
  endfacet
  facet normal 2.201963e-01 -9.754556e-01 -1.249718e-17
    outer loop
      vertex   -9.678643e+00 -5.937118e+00 -1.000000e+02
      vertex   -1.012818e+01 -6.038595e+00 0.000000e+00
      vertex   -1.012818e+01 -6.038595e+00 -1.000000e+02
    endloop
  endfacet
  facet normal 2.115172e-01 -9.773743e-01 -1.243813e-17
    outer loop
      vertex   -1.012818e+01 -6.038595e+00 0.000000e+00
      vertex   -1.058726e+01 -6.137947e+00 0.000000e+00
      vertex   -1.012818e+01 -6.038595e+00 -1.000000e+02
    endloop
  endfacet
  facet normal 2.115172e-01 -9.773743e-01 -3.840895e-18
    outer loop
      vertex   -1.012818e+01 -6.038595e+00 -1.000000e+02
      vertex   -1.058726e+01 -6.137947e+00 0.000000e+00
      vertex   -1.058726e+01 -6.137947e+00 -1.000000e+02
    endloop
  endfacet
  facet normal 2.031626e-01 -9.791450e-01 -3.608894e-18
    outer loop
      vertex   -1.058726e+01 -6.137947e+00 0.000000e+00
      vertex   -1.105584e+01 -6.235172e+00 0.000000e+00
      vertex   -1.058726e+01 -6.137947e+00 -1.000000e+02
    endloop
  endfacet
  facet normal 2.031626e-01 -9.791450e-01 -3.624887e-18
    outer loop
      vertex   -1.058726e+01 -6.137947e+00 -1.000000e+02
      vertex   -1.105584e+01 -6.235172e+00 0.000000e+00
      vertex   -1.105584e+01 -6.235172e+00 -1.000000e+02
    endloop
  endfacet
  facet normal 1.951160e-01 -9.807802e-01 -3.465956e-18
    outer loop
      vertex   -1.105584e+01 -6.235172e+00 0.000000e+00
      vertex   -1.153386e+01 -6.330269e+00 0.000000e+00
      vertex   -1.105584e+01 -6.235172e+00 -1.000000e+02
    endloop
  endfacet
  facet normal 1.951160e-01 -9.807802e-01 0.000000e+00
    outer loop
      vertex   -1.105584e+01 -6.235172e+00 -1.000000e+02
      vertex   -1.153386e+01 -6.330269e+00 0.000000e+00
      vertex   -1.153386e+01 -6.330269e+00 -1.000000e+02
    endloop
  endfacet
  facet normal 1.873615e-01 -9.822910e-01 0.000000e+00
    outer loop
      vertex   -1.153386e+01 -6.330269e+00 0.000000e+00
      vertex   -1.202127e+01 -6.423237e+00 0.000000e+00
      vertex   -1.153386e+01 -6.330269e+00 -1.000000e+02
    endloop
  endfacet
  facet normal 1.873615e-01 -9.822910e-01 -8.670267e-18
    outer loop
      vertex   -1.153386e+01 -6.330269e+00 -1.000000e+02
      vertex   -1.202127e+01 -6.423237e+00 0.000000e+00
      vertex   -1.202127e+01 -6.423237e+00 -1.000000e+02
    endloop
  endfacet
  facet normal 1.798846e-01 -9.836877e-01 -8.736902e-18
    outer loop
      vertex   -1.202127e+01 -6.423237e+00 0.000000e+00
      vertex   -1.251800e+01 -6.514073e+00 0.000000e+00
      vertex   -1.202127e+01 -6.423237e+00 -1.000000e+02
    endloop
  endfacet
  facet normal 1.798846e-01 -9.836877e-01 -3.160471e-18
    outer loop
      vertex   -1.202127e+01 -6.423237e+00 -1.000000e+02
      vertex   -1.251800e+01 -6.514073e+00 0.000000e+00
      vertex   -1.251800e+01 -6.514073e+00 -1.000000e+02
    endloop
  endfacet
  facet normal 1.726715e-01 -9.849795e-01 -3.067263e-18
    outer loop
      vertex   -1.251800e+01 -6.514073e+00 0.000000e+00
      vertex   -1.302400e+01 -6.602778e+00 0.000000e+00
      vertex   -1.251800e+01 -6.514073e+00 -1.000000e+02
    endloop
  endfacet
  facet normal 1.726715e-01 -9.849795e-01 0.000000e+00
    outer loop
      vertex   -1.251800e+01 -6.514073e+00 -1.000000e+02
      vertex   -1.302400e+01 -6.602778e+00 0.000000e+00
      vertex   -1.302400e+01 -6.602778e+00 -1.000000e+02
    endloop
  endfacet
  facet normal 1.657093e-01 -9.861746e-01 0.000000e+00
    outer loop
      vertex   -1.302400e+01 -6.602778e+00 0.000000e+00
      vertex   -1.353922e+01 -6.689352e+00 0.000000e+00
      vertex   -1.302400e+01 -6.602778e+00 -1.000000e+02
    endloop
  endfacet
  facet normal 1.657093e-01 -9.861746e-01 -1.168785e-17
    outer loop
      vertex   -1.302400e+01 -6.602778e+00 -1.000000e+02
      vertex   -1.353922e+01 -6.689352e+00 0.000000e+00
      vertex   -1.353922e+01 -6.689352e+00 -1.000000e+02
    endloop
  endfacet
  facet normal 1.589858e-01 -9.872809e-01 -1.159297e-17
    outer loop
      vertex   -1.353922e+01 -6.689352e+00 0.000000e+00
      vertex   -1.406360e+01 -6.773794e+00 0.000000e+00
      vertex   -1.353922e+01 -6.689352e+00 -1.000000e+02
    endloop
  endfacet
  facet normal 1.589858e-01 -9.872809e-01 0.000000e+00
    outer loop
      vertex   -1.353922e+01 -6.689352e+00 -1.000000e+02
      vertex   -1.406360e+01 -6.773794e+00 0.000000e+00
      vertex   -1.406360e+01 -6.773794e+00 -1.000000e+02
    endloop
  endfacet
  facet normal 1.524897e-01 -9.883051e-01 0.000000e+00
    outer loop
      vertex   -1.406360e+01 -6.773794e+00 0.000000e+00
      vertex   -1.459707e+01 -6.856105e+00 0.000000e+00
      vertex   -1.406360e+01 -6.773794e+00 -1.000000e+02
    endloop
  endfacet
  facet normal 1.524897e-01 -9.883051e-01 2.699544e-18
    outer loop
      vertex   -1.406360e+01 -6.773794e+00 -1.000000e+02
      vertex   -1.459707e+01 -6.856105e+00 0.000000e+00
      vertex   -1.459707e+01 -6.856105e+00 -1.000000e+02
    endloop
  endfacet
  facet normal 1.462104e-01 -9.892535e-01 2.597218e-18
    outer loop
      vertex   -1.459707e+01 -6.856105e+00 0.000000e+00
      vertex   -1.513957e+01 -6.936287e+00 0.000000e+00
      vertex   -1.459707e+01 -6.856105e+00 -1.000000e+02
    endloop
  endfacet
  facet normal 1.462104e-01 -9.892535e-01 -8.730573e-18
    outer loop
      vertex   -1.459707e+01 -6.856105e+00 -1.000000e+02
      vertex   -1.513957e+01 -6.936287e+00 0.000000e+00
      vertex   -1.513957e+01 -6.936287e+00 -1.000000e+02
    endloop
  endfacet
  facet normal 1.401378e-01 -9.901320e-01 -8.794139e-18
    outer loop
      vertex   -1.513957e+01 -6.936287e+00 0.000000e+00
      vertex   -1.569105e+01 -7.014340e+00 0.000000e+00
      vertex   -1.513957e+01 -6.936287e+00 -1.000000e+02
    endloop
  endfacet
  facet normal 1.401378e-01 -9.901320e-01 -8.845291e-18
    outer loop
      vertex   -1.513957e+01 -6.936287e+00 -1.000000e+02
      vertex   -1.569105e+01 -7.014340e+00 0.000000e+00
      vertex   -1.569105e+01 -7.014340e+00 -1.000000e+02
    endloop
  endfacet
  facet normal 1.342626e-01 -9.909458e-01 -8.801367e-18
    outer loop
      vertex   -1.569105e+01 -7.014340e+00 0.000000e+00
      vertex   -1.625145e+01 -7.090267e+00 0.000000e+00
      vertex   -1.569105e+01 -7.014340e+00 -1.000000e+02
    endloop
  endfacet
  facet normal 1.342626e-01 -9.909458e-01 8.711773e-18
    outer loop
      vertex   -1.569105e+01 -7.014340e+00 -1.000000e+02
      vertex   -1.625145e+01 -7.090267e+00 0.000000e+00
      vertex   -1.625145e+01 -7.090267e+00 -1.000000e+02
    endloop
  endfacet
  facet normal 1.285758e-01 -9.916997e-01 8.808063e-18
    outer loop
      vertex   -1.625145e+01 -7.090267e+00 0.000000e+00
      vertex   -1.682069e+01 -7.164071e+00 0.000000e+00
      vertex   -1.625145e+01 -7.090267e+00 -1.000000e+02
    endloop
  endfacet
  facet normal 1.285758e-01 -9.916997e-01 0.000000e+00
    outer loop
      vertex   -1.625145e+01 -7.090267e+00 -1.000000e+02
      vertex   -1.682069e+01 -7.164071e+00 0.000000e+00
      vertex   -1.682069e+01 -7.164071e+00 -1.000000e+02
    endloop
  endfacet
  facet normal 1.230694e-01 -9.923981e-01 0.000000e+00
    outer loop
      vertex   -1.682069e+01 -7.164071e+00 0.000000e+00
      vertex   -1.739872e+01 -7.235753e+00 0.000000e+00
      vertex   -1.682069e+01 -7.164071e+00 -1.000000e+02
    endloop
  endfacet
  facet normal 1.230694e-01 -9.923981e-01 -4.527006e-18
    outer loop
      vertex   -1.682069e+01 -7.164071e+00 -1.000000e+02
      vertex   -1.739872e+01 -7.235753e+00 0.000000e+00
      vertex   -1.739872e+01 -7.235753e+00 -1.000000e+02
    endloop
  endfacet
  facet normal 1.177353e-01 -9.930450e-01 -4.637212e-18
    outer loop
      vertex   -1.739872e+01 -7.235753e+00 0.000000e+00
      vertex   -1.798546e+01 -7.305318e+00 0.000000e+00
      vertex   -1.739872e+01 -7.235753e+00 -1.000000e+02
    endloop
  endfacet
  facet normal 1.177353e-01 -9.930450e-01 -8.807802e-18
    outer loop
      vertex   -1.739872e+01 -7.235753e+00 -1.000000e+02
      vertex   -1.798546e+01 -7.305318e+00 0.000000e+00
      vertex   -1.798546e+01 -7.305318e+00 -1.000000e+02
    endloop
  endfacet
  facet normal 1.125664e-01 -9.936442e-01 -8.825333e-18
    outer loop
      vertex   -1.798546e+01 -7.305318e+00 0.000000e+00
      vertex   -1.858087e+01 -7.372770e+00 0.000000e+00
      vertex   -1.798546e+01 -7.305318e+00 -1.000000e+02
    endloop
  endfacet
  facet normal 1.125664e-01 -9.936442e-01 0.000000e+00
    outer loop
      vertex   -1.798546e+01 -7.305318e+00 -1.000000e+02
      vertex   -1.858087e+01 -7.372770e+00 0.000000e+00
      vertex   -1.858087e+01 -7.372770e+00 -1.000000e+02
    endloop
  endfacet
  facet normal 1.075558e-01 -9.941991e-01 0.000000e+00
    outer loop
      vertex   -1.858087e+01 -7.372770e+00 0.000000e+00
      vertex   -1.918487e+01 -7.438112e+00 0.000000e+00
      vertex   -1.858087e+01 -7.372770e+00 -1.000000e+02
    endloop
  endfacet
  facet normal 1.075558e-01 -9.941991e-01 0.000000e+00
    outer loop
      vertex   -1.858087e+01 -7.372770e+00 -1.000000e+02
      vertex   -1.918487e+01 -7.438112e+00 0.000000e+00
      vertex   -1.918487e+01 -7.438112e+00 -1.000000e+02
    endloop
  endfacet
  facet normal 1.026969e-01 -9.947127e-01 0.000000e+00
    outer loop
      vertex   -1.918487e+01 -7.438112e+00 0.000000e+00
      vertex   -1.979739e+01 -7.501351e+00 0.000000e+00
      vertex   -1.918487e+01 -7.438112e+00 -1.000000e+02
    endloop
  endfacet
  facet normal 1.026969e-01 -9.947127e-01 -8.789419e-18
    outer loop
      vertex   -1.918487e+01 -7.438112e+00 -1.000000e+02
      vertex   -1.979739e+01 -7.501351e+00 0.000000e+00
      vertex   -1.979739e+01 -7.501351e+00 -1.000000e+02
    endloop
  endfacet
  facet normal 9.798360e-02 -9.951880e-01 -8.839045e-18
    outer loop
      vertex   -1.979739e+01 -7.501351e+00 0.000000e+00
      vertex   -2.041837e+01 -7.562491e+00 0.000000e+00
      vertex   -1.979739e+01 -7.501351e+00 -1.000000e+02
    endloop
  endfacet
  facet normal 9.798360e-02 -9.951880e-01 0.000000e+00
    outer loop
      vertex   -1.979739e+01 -7.501351e+00 -1.000000e+02
      vertex   -2.041837e+01 -7.562491e+00 0.000000e+00
      vertex   -2.041837e+01 -7.562491e+00 -1.000000e+02
    endloop
  endfacet
  facet normal 9.341024e-02 -9.956277e-01 0.000000e+00
    outer loop
      vertex   -2.041837e+01 -7.562491e+00 0.000000e+00
      vertex   -2.104774e+01 -7.621539e+00 0.000000e+00
      vertex   -2.041837e+01 -7.562491e+00 -1.000000e+02
    endloop
  endfacet
  facet normal 9.341024e-02 -9.956277e-01 8.781541e-18
    outer loop
      vertex   -2.041837e+01 -7.562491e+00 -1.000000e+02
      vertex   -2.104774e+01 -7.621539e+00 0.000000e+00
      vertex   -2.104774e+01 -7.621539e+00 -1.000000e+02
    endloop
  endfacet
  facet normal 8.897137e-02 -9.960342e-01 8.846561e-18
    outer loop
      vertex   -2.104774e+01 -7.621539e+00 0.000000e+00
      vertex   -2.168544e+01 -7.678501e+00 0.000000e+00
      vertex   -2.104774e+01 -7.621539e+00 -1.000000e+02
    endloop
  endfacet
  facet normal 8.897137e-02 -9.960342e-01 -8.887249e-18
    outer loop
      vertex   -2.104774e+01 -7.621539e+00 -1.000000e+02
      vertex   -2.168544e+01 -7.678501e+00 0.000000e+00
      vertex   -2.168544e+01 -7.678501e+00 -1.000000e+02
    endloop
  endfacet
  facet normal 8.466189e-02 -9.964097e-01 -8.849896e-18
    outer loop
      vertex   -2.168544e+01 -7.678501e+00 0.000000e+00
      vertex   -2.233138e+01 -7.733385e+00 0.000000e+00
      vertex   -2.168544e+01 -7.678501e+00 -1.000000e+02
    endloop
  endfacet
  facet normal 8.466189e-02 -9.964097e-01 0.000000e+00
    outer loop
      vertex   -2.168544e+01 -7.678501e+00 -1.000000e+02
      vertex   -2.233138e+01 -7.733385e+00 0.000000e+00
      vertex   -2.233138e+01 -7.733385e+00 -1.000000e+02
    endloop
  endfacet
  facet normal 8.047697e-02 -9.967565e-01 0.000000e+00
    outer loop
      vertex   -2.233138e+01 -7.733385e+00 0.000000e+00
      vertex   -2.298551e+01 -7.786198e+00 0.000000e+00
      vertex   -2.233138e+01 -7.733385e+00 -1.000000e+02
    endloop
  endfacet
  facet normal 8.047697e-02 -9.967565e-01 -8.775981e-18
    outer loop
      vertex   -2.233138e+01 -7.733385e+00 -1.000000e+02
      vertex   -2.298551e+01 -7.786198e+00 0.000000e+00
      vertex   -2.298551e+01 -7.786198e+00 -1.000000e+02
    endloop
  endfacet
  facet normal 7.641208e-02 -9.970763e-01 -8.855817e-18
    outer loop
      vertex   -2.298551e+01 -7.786198e+00 0.000000e+00
      vertex   -2.364774e+01 -7.836950e+00 0.000000e+00
      vertex   -2.298551e+01 -7.786198e+00 -1.000000e+02
    endloop
  endfacet
  facet normal 7.641208e-02 -9.970763e-01 1.776042e-17
    outer loop
      vertex   -2.298551e+01 -7.786198e+00 -1.000000e+02
      vertex   -2.364774e+01 -7.836950e+00 0.000000e+00
      vertex   -2.364774e+01 -7.836950e+00 -1.000000e+02
    endloop
  endfacet
  facet normal 7.246292e-02 -9.973711e-01 1.771687e-17
    outer loop
      vertex   -2.364774e+01 -7.836950e+00 0.000000e+00
      vertex   -2.431802e+01 -7.885648e+00 0.000000e+00
      vertex   -2.364774e+01 -7.836950e+00 -1.000000e+02
    endloop
  endfacet
  facet normal 7.246292e-02 -9.973711e-01 0.000000e+00
    outer loop
      vertex   -2.364774e+01 -7.836950e+00 -1.000000e+02
      vertex   -2.431802e+01 -7.885648e+00 0.000000e+00
      vertex   -2.431802e+01 -7.885648e+00 -1.000000e+02
    endloop
  endfacet
  facet normal 6.862546e-02 -9.976425e-01 0.000000e+00
    outer loop
      vertex   -2.431802e+01 -7.885648e+00 0.000000e+00
      vertex   -2.499627e+01 -7.932303e+00 0.000000e+00
      vertex   -2.431802e+01 -7.885648e+00 -1.000000e+02
    endloop
  endfacet
  facet normal 6.862546e-02 -9.976425e-01 0.000000e+00
    outer loop
      vertex   -2.431802e+01 -7.885648e+00 -1.000000e+02
      vertex   -2.499627e+01 -7.932303e+00 0.000000e+00
      vertex   -2.499627e+01 -7.932303e+00 -1.000000e+02
    endloop
  endfacet
  facet normal 6.489586e-02 -9.978920e-01 0.000000e+00
    outer loop
      vertex   -2.499627e+01 -7.932303e+00 0.000000e+00
      vertex   -2.568241e+01 -7.976925e+00 0.000000e+00
      vertex   -2.499627e+01 -7.932303e+00 -1.000000e+02
    endloop
  endfacet
  facet normal 6.489586e-02 -9.978920e-01 0.000000e+00
    outer loop
      vertex   -2.499627e+01 -7.932303e+00 -1.000000e+02
      vertex   -2.568241e+01 -7.976925e+00 0.000000e+00
      vertex   -2.568241e+01 -7.976925e+00 -1.000000e+02
    endloop
  endfacet
  facet normal 6.127050e-02 -9.981212e-01 0.000000e+00
    outer loop
      vertex   -2.568241e+01 -7.976925e+00 0.000000e+00
      vertex   -2.637638e+01 -8.019525e+00 0.000000e+00
      vertex   -2.568241e+01 -7.976925e+00 -1.000000e+02
    endloop
  endfacet
  facet normal 6.127050e-02 -9.981212e-01 0.000000e+00
    outer loop
      vertex   -2.568241e+01 -7.976925e+00 -1.000000e+02
      vertex   -2.637638e+01 -8.019525e+00 0.000000e+00
      vertex   -2.637638e+01 -8.019525e+00 -1.000000e+02
    endloop
  endfacet
  facet normal 5.774597e-02 -9.983313e-01 0.000000e+00
    outer loop
      vertex   -2.637638e+01 -8.019525e+00 0.000000e+00
      vertex   -2.707809e+01 -8.060114e+00 0.000000e+00
      vertex   -2.637638e+01 -8.019525e+00 -1.000000e+02
    endloop
  endfacet
  facet normal 5.774597e-02 -9.983313e-01 -1.776956e-17
    outer loop
      vertex   -2.637638e+01 -8.019525e+00 -1.000000e+02
      vertex   -2.707809e+01 -8.060114e+00 0.000000e+00
      vertex   -2.707809e+01 -8.060114e+00 -1.000000e+02
    endloop
  endfacet
  facet normal 5.431903e-02 -9.985236e-01 -1.773734e-17
    outer loop
      vertex   -2.707809e+01 -8.060114e+00 0.000000e+00
      vertex   -2.778748e+01 -8.098704e+00 0.000000e+00
      vertex   -2.707809e+01 -8.060114e+00 -1.000000e+02
    endloop
  endfacet
  facet normal 5.431903e-02 -9.985236e-01 -1.772721e-17
    outer loop
      vertex   -2.707809e+01 -8.060114e+00 -1.000000e+02
      vertex   -2.778748e+01 -8.098704e+00 0.000000e+00
      vertex   -2.778748e+01 -8.098704e+00 -1.000000e+02
    endloop
  endfacet
  facet normal 5.098661e-02 -9.986993e-01 -1.774046e-17
    outer loop
      vertex   -2.778748e+01 -8.098704e+00 0.000000e+00
      vertex   -2.850447e+01 -8.135308e+00 0.000000e+00
      vertex   -2.778748e+01 -8.098704e+00 -1.000000e+02
    endloop
  endfacet
  facet normal 5.098661e-02 -9.986993e-01 -1.773571e-17
    outer loop
      vertex   -2.778748e+01 -8.098704e+00 -1.000000e+02
      vertex   -2.850447e+01 -8.135308e+00 0.000000e+00
      vertex   -2.850447e+01 -8.135308e+00 -1.000000e+02
    endloop
  endfacet
  facet normal 4.459389e-02 -9.990052e-01 1.258341e-18
    outer loop
      vertex   -2.922899e+01 -8.169940e+00 -4.992936e+01
      vertex   -2.922899e+01 -8.169940e+00 0.000000e+00
      vertex   -2.924984e+01 -8.170871e+00 -4.980821e+01
    endloop
  endfacet
  facet normal 4.459389e-02 -9.990052e-01 9.070986e-18
    outer loop
      vertex   -2.924984e+01 -8.170871e+00 -4.980821e+01
      vertex   -2.922899e+01 -8.169940e+00 0.000000e+00
      vertex   -2.928958e+01 -8.172645e+00 -4.969190e+01
    endloop
  endfacet
  facet normal 4.459389e-02 -9.990052e-01 -1.179731e-18
    outer loop
      vertex   -2.928958e+01 -8.172645e+00 -4.969190e+01
      vertex   -2.922899e+01 -8.169940e+00 0.000000e+00
      vertex   -2.934718e+01 -8.175216e+00 -4.958333e+01
    endloop
  endfacet
  facet normal 4.459389e-02 -9.990052e-01 1.857545e-17
    outer loop
      vertex   -2.934718e+01 -8.175216e+00 -4.958333e+01
      vertex   -2.922899e+01 -8.169940e+00 0.000000e+00
      vertex   -2.942121e+01 -8.178521e+00 -4.948525e+01
    endloop
  endfacet
  facet normal 4.459389e-02 -9.990052e-01 -1.427639e-18
    outer loop
      vertex   -2.942121e+01 -8.178521e+00 -4.948525e+01
      vertex   -2.922899e+01 -8.169940e+00 0.000000e+00
      vertex   -2.950980e+01 -8.182475e+00 -4.940012e+01
    endloop
  endfacet
  facet normal 4.459389e-02 -9.990052e-01 -3.224247e-17
    outer loop
      vertex   -2.950980e+01 -8.182475e+00 -4.940012e+01
      vertex   -2.922899e+01 -8.169940e+00 0.000000e+00
      vertex   -2.961073e+01 -8.186981e+00 -4.933008e+01
    endloop
  endfacet
  facet normal 4.459389e-02 -9.990052e-01 2.860521e-17
    outer loop
      vertex   -2.961073e+01 -8.186981e+00 -4.933008e+01
      vertex   -2.922899e+01 -8.169940e+00 0.000000e+00
      vertex   -2.996095e+01 -8.202614e+00 0.000000e+00
    endloop
  endfacet
  facet normal 4.459389e-02 -9.990052e-01 -2.340110e-17
    outer loop
      vertex   -2.961073e+01 -8.186981e+00 -4.933008e+01
      vertex   -2.996095e+01 -8.202614e+00 0.000000e+00
      vertex   -2.972145e+01 -8.191923e+00 -4.927689e+01
    endloop
  endfacet
  facet normal 4.459389e-02 -9.990052e-01 -3.223475e-17
    outer loop
      vertex   -2.972145e+01 -8.191923e+00 -4.927689e+01
      vertex   -2.996095e+01 -8.202614e+00 0.000000e+00
      vertex   -2.983917e+01 -8.197178e+00 -4.924190e+01
    endloop
  endfacet
  facet normal 4.459389e-02 -9.990052e-01 3.219883e-17
    outer loop
      vertex   -2.983917e+01 -8.197178e+00 -4.924190e+01
      vertex   -2.996095e+01 -8.202614e+00 0.000000e+00
      vertex   -2.996095e+01 -8.202614e+00 -4.922599e+01
    endloop
  endfacet
  facet normal 4.152823e-02 -9.991373e-01 4.240400e-17
    outer loop
      vertex   -2.996095e+01 -8.202614e+00 -4.922599e+01
      vertex   -2.996095e+01 -8.202614e+00 0.000000e+00
      vertex   -3.009128e+01 -8.208031e+00 -4.923040e+01
    endloop
  endfacet
  facet normal 4.152823e-02 -9.991373e-01 5.235621e-17
    outer loop
      vertex   -3.009128e+01 -8.208031e+00 -4.923040e+01
      vertex   -2.996095e+01 -8.202614e+00 0.000000e+00
      vertex   -3.021903e+01 -8.213341e+00 -4.925665e+01
    endloop
  endfacet
  facet normal 4.152823e-02 -9.991373e-01 1.017583e-16
    outer loop
      vertex   -3.021903e+01 -8.213341e+00 -4.925665e+01
      vertex   -2.996095e+01 -8.202614e+00 0.000000e+00
      vertex   -3.034057e+01 -8.218392e+00 -4.930398e+01
    endloop
  endfacet
  facet normal 4.152823e-02 -9.991373e-01 2.089747e-17
    outer loop
      vertex   -3.034057e+01 -8.218392e+00 -4.930398e+01
      vertex   -2.996095e+01 -8.202614e+00 0.000000e+00
      vertex   -3.070028e+01 -8.233343e+00 0.000000e+00
    endloop
  endfacet
  facet normal 4.152823e-02 -9.991373e-01 -5.936406e-17
    outer loop
      vertex   -3.034057e+01 -8.218392e+00 -4.930398e+01
      vertex   -3.070028e+01 -8.233343e+00 0.000000e+00
      vertex   -3.045245e+01 -8.223042e+00 -4.937106e+01
    endloop
  endfacet
  facet normal 4.152823e-02 -9.991373e-01 -1.985277e-17
    outer loop
      vertex   -3.045245e+01 -8.223042e+00 -4.937106e+01
      vertex   -3.070028e+01 -8.233343e+00 0.000000e+00
      vertex   -3.055149e+01 -8.227159e+00 -4.945598e+01
    endloop
  endfacet
  facet normal 4.152823e-02 -9.991373e-01 3.590389e-17
    outer loop
      vertex   -3.055149e+01 -8.227159e+00 -4.945598e+01
      vertex   -3.070028e+01 -8.233343e+00 0.000000e+00
      vertex   -3.063489e+01 -8.230625e+00 -4.955632e+01
    endloop
  endfacet
  facet normal 4.152823e-02 -9.991373e-01 -1.800233e-17
    outer loop
      vertex   -3.063489e+01 -8.230625e+00 -4.955632e+01
      vertex   -3.070028e+01 -8.233343e+00 0.000000e+00
      vertex   -3.070028e+01 -8.233343e+00 -4.966926e+01
    endloop
  endfacet
  facet normal 3.854635e-02 -9.992568e-01 -2.184609e-17
    outer loop
      vertex   -3.070028e+01 -8.233343e+00 -4.966926e+01
      vertex   -3.070028e+01 -8.233343e+00 0.000000e+00
      vertex   -3.074112e+01 -8.234919e+00 -4.977546e+01
    endloop
  endfacet
  facet normal 3.854635e-02 -9.992568e-01 1.931062e-17
    outer loop
      vertex   -3.074112e+01 -8.234919e+00 -4.977546e+01
      vertex   -3.070028e+01 -8.233343e+00 0.000000e+00
      vertex   -3.076599e+01 -8.235878e+00 -4.988651e+01
    endloop
  endfacet
  facet normal 3.854635e-02 -9.992568e-01 7.995482e-18
    outer loop
      vertex   -3.076599e+01 -8.235878e+00 -4.988651e+01
      vertex   -3.070028e+01 -8.233343e+00 0.000000e+00
      vertex   -3.077434e+01 -8.236200e+00 -5.000000e+01
    endloop
  endfacet
  facet normal 3.854635e-02 -9.992568e-01 -1.374445e-17
    outer loop
      vertex   -3.077434e+01 -8.236200e+00 -5.000000e+01
      vertex   -3.070028e+01 -8.233343e+00 0.000000e+00
      vertex   -3.144690e+01 -8.262144e+00 0.000000e+00
    endloop
  endfacet
  facet normal 3.854635e-02 -9.992568e-01 -1.778387e-17
    outer loop
      vertex   -3.077434e+01 -8.236200e+00 -5.000000e+01
      vertex   -3.144690e+01 -8.262144e+00 0.000000e+00
      vertex   -3.144690e+01 -8.262144e+00 -1.000000e+02
    endloop
  endfacet
  facet normal 3.854635e-02 -9.992568e-01 -2.173110e-17
    outer loop
      vertex   -3.144690e+01 -8.262144e+00 -1.000000e+02
      vertex   -3.070028e+01 -8.233343e+00 -1.000000e+02
      vertex   -3.077434e+01 -8.236200e+00 -5.000000e+01
    endloop
  endfacet
  facet normal 3.854635e-02 -9.992568e-01 -1.820917e-19
    outer loop
      vertex   -3.077434e+01 -8.236200e+00 -5.000000e+01
      vertex   -3.070028e+01 -8.233343e+00 -1.000000e+02
      vertex   -3.076599e+01 -8.235878e+00 -5.011349e+01
    endloop
  endfacet
  facet normal 3.854635e-02 -9.992568e-01 -5.154624e-17
    outer loop
      vertex   -3.076599e+01 -8.235878e+00 -5.011349e+01
      vertex   -3.070028e+01 -8.233343e+00 -1.000000e+02
      vertex   -3.074112e+01 -8.234919e+00 -5.022454e+01
    endloop
  endfacet
  facet normal 3.854635e-02 -9.992568e-01 -4.962630e-17
    outer loop
      vertex   -3.074112e+01 -8.234919e+00 -5.022454e+01
      vertex   -3.070028e+01 -8.233343e+00 -1.000000e+02
      vertex   -3.070028e+01 -8.233343e+00 -5.033074e+01
    endloop
  endfacet
  facet normal 3.564590e-02 -9.993645e-01 -1.775228e-17
    outer loop
      vertex   -3.144690e+01 -8.262144e+00 0.000000e+00
      vertex   -3.220074e+01 -8.289033e+00 0.000000e+00
      vertex   -3.144690e+01 -8.262144e+00 -1.000000e+02
    endloop
  endfacet
  facet normal 3.564590e-02 -9.993645e-01 0.000000e+00
    outer loop
      vertex   -3.144690e+01 -8.262144e+00 -1.000000e+02
      vertex   -3.220074e+01 -8.289033e+00 0.000000e+00
      vertex   -3.220074e+01 -8.289033e+00 -1.000000e+02
    endloop
  endfacet
  facet normal 3.282466e-02 -9.994611e-01 0.000000e+00
    outer loop
      vertex   -3.220074e+01 -8.289033e+00 0.000000e+00
      vertex   -3.296171e+01 -8.314025e+00 0.000000e+00
      vertex   -3.220074e+01 -8.289033e+00 -1.000000e+02
    endloop
  endfacet
  facet normal 3.282466e-02 -9.994611e-01 1.777136e-17
    outer loop
      vertex   -3.220074e+01 -8.289033e+00 -1.000000e+02
      vertex   -3.296171e+01 -8.314025e+00 0.000000e+00
      vertex   -3.296171e+01 -8.314025e+00 -1.000000e+02
    endloop
  endfacet
  facet normal 3.008051e-02 -9.995475e-01 1.775553e-17
    outer loop
      vertex   -3.296171e+01 -8.314025e+00 0.000000e+00
      vertex   -3.372974e+01 -8.337138e+00 0.000000e+00
      vertex   -3.296171e+01 -8.314025e+00 -1.000000e+02
    endloop
  endfacet
  facet normal 3.008051e-02 -9.995475e-01 0.000000e+00
    outer loop
      vertex   -3.296171e+01 -8.314025e+00 -1.000000e+02
      vertex   -3.372974e+01 -8.337138e+00 0.000000e+00
      vertex   -3.372974e+01 -8.337138e+00 -1.000000e+02
    endloop
  endfacet
  facet normal 2.741141e-02 -9.996242e-01 0.000000e+00
    outer loop
      vertex   -3.372974e+01 -8.337138e+00 0.000000e+00
      vertex   -3.450475e+01 -8.358390e+00 0.000000e+00
      vertex   -3.372974e+01 -8.337138e+00 -1.000000e+02
    endloop
  endfacet
  facet normal 2.741141e-02 -9.996242e-01 -1.776566e-17
    outer loop
      vertex   -3.372974e+01 -8.337138e+00 -1.000000e+02
      vertex   -3.450475e+01 -8.358390e+00 0.000000e+00
      vertex   -3.450475e+01 -8.358390e+00 -1.000000e+02
    endloop
  endfacet
  facet normal 2.481546e-02 -9.996920e-01 -1.775810e-17
    outer loop
      vertex   -3.450475e+01 -8.358390e+00 0.000000e+00
      vertex   -3.528666e+01 -8.377799e+00 0.000000e+00
      vertex   -3.450475e+01 -8.358390e+00 -1.000000e+02
    endloop
  endfacet
  facet normal 2.481546e-02 -9.996920e-01 1.776541e-17
    outer loop
      vertex   -3.450475e+01 -8.358390e+00 -1.000000e+02
      vertex   -3.528666e+01 -8.377799e+00 0.000000e+00
      vertex   -3.528666e+01 -8.377799e+00 -1.000000e+02
    endloop
  endfacet
  facet normal 2.229083e-02 -9.997515e-01 1.775915e-17
    outer loop
      vertex   -3.528666e+01 -8.377799e+00 0.000000e+00
      vertex   -3.607538e+01 -8.395385e+00 0.000000e+00
      vertex   -3.528666e+01 -8.377799e+00 -1.000000e+02
    endloop
  endfacet
  facet normal 2.229083e-02 -9.997515e-01 0.000000e+00
    outer loop
      vertex   -3.528666e+01 -8.377799e+00 -1.000000e+02
      vertex   -3.607538e+01 -8.395385e+00 0.000000e+00
      vertex   -3.607538e+01 -8.395385e+00 -1.000000e+02
    endloop
  endfacet
  facet normal 1.983576e-02 -9.998033e-01 0.000000e+00
    outer loop
      vertex   -3.607538e+01 -8.395385e+00 0.000000e+00
      vertex   -3.687083e+01 -8.411167e+00 0.000000e+00
      vertex   -3.607538e+01 -8.395385e+00 -1.000000e+02
    endloop
  endfacet
  facet normal 1.983576e-02 -9.998033e-01 -1.774818e-17
    outer loop
      vertex   -3.607538e+01 -8.395385e+00 -1.000000e+02
      vertex   -3.687083e+01 -8.411167e+00 0.000000e+00
      vertex   -3.687083e+01 -8.411167e+00 -1.000000e+02
    endloop
  endfacet
  facet normal 1.744861e-02 -9.998478e-01 -1.776086e-17
    outer loop
      vertex   -3.687083e+01 -8.411167e+00 0.000000e+00
      vertex   -3.767294e+01 -8.425164e+00 0.000000e+00
      vertex   -3.687083e+01 -8.411167e+00 -1.000000e+02
    endloop
  endfacet
  facet normal 1.744861e-02 -9.998478e-01 -1.775315e-17
    outer loop
      vertex   -3.687083e+01 -8.411167e+00 -1.000000e+02
      vertex   -3.767294e+01 -8.425164e+00 0.000000e+00
      vertex   -3.767294e+01 -8.425164e+00 -1.000000e+02
    endloop
  endfacet
  facet normal 1.512778e-02 -9.998856e-01 -1.776154e-17
    outer loop
      vertex   -3.767294e+01 -8.425164e+00 0.000000e+00
      vertex   -3.848161e+01 -8.437399e+00 0.000000e+00
      vertex   -3.767294e+01 -8.425164e+00 -1.000000e+02
    endloop
  endfacet
  facet normal 1.512778e-02 -9.998856e-01 -1.775974e-17
    outer loop
      vertex   -3.767294e+01 -8.425164e+00 -1.000000e+02
      vertex   -3.848161e+01 -8.437399e+00 0.000000e+00
      vertex   -3.848161e+01 -8.437399e+00 -1.000000e+02
    endloop
  endfacet
  facet normal 1.287175e-02 -9.999172e-01 -1.776210e-17
    outer loop
      vertex   -3.848161e+01 -8.437399e+00 0.000000e+00
      vertex   -3.929677e+01 -8.447893e+00 0.000000e+00
      vertex   -3.848161e+01 -8.437399e+00 -1.000000e+02
    endloop
  endfacet
  facet normal 1.287175e-02 -9.999172e-01 0.000000e+00
    outer loop
      vertex   -3.848161e+01 -8.437399e+00 -1.000000e+02
      vertex   -3.929677e+01 -8.447893e+00 0.000000e+00
      vertex   -3.929677e+01 -8.447893e+00 -1.000000e+02
    endloop
  endfacet
  facet normal 1.067909e-02 -9.999430e-01 0.000000e+00
    outer loop
      vertex   -3.929677e+01 -8.447893e+00 0.000000e+00
      vertex   -4.011834e+01 -8.456667e+00 0.000000e+00
      vertex   -3.929677e+01 -8.447893e+00 -1.000000e+02
    endloop
  endfacet
  facet normal 1.067909e-02 -9.999430e-01 0.000000e+00
    outer loop
      vertex   -3.929677e+01 -8.447893e+00 -1.000000e+02
      vertex   -4.011834e+01 -8.456667e+00 0.000000e+00
      vertex   -4.011834e+01 -8.456667e+00 -1.000000e+02
    endloop
  endfacet
  facet normal 8.548401e-03 -9.999635e-01 0.000000e+00
    outer loop
      vertex   -4.011834e+01 -8.456667e+00 0.000000e+00
      vertex   -4.094622e+01 -8.463744e+00 0.000000e+00
      vertex   -4.011834e+01 -8.456667e+00 -1.000000e+02
    endloop
  endfacet
  facet normal 8.548401e-03 -9.999635e-01 0.000000e+00
    outer loop
      vertex   -4.011834e+01 -8.456667e+00 -1.000000e+02
      vertex   -4.094622e+01 -8.463744e+00 0.000000e+00
      vertex   -4.094622e+01 -8.463744e+00 -1.000000e+02
    endloop
  endfacet
  facet normal 6.478359e-03 -9.999790e-01 0.000000e+00
    outer loop
      vertex   -4.094622e+01 -8.463744e+00 0.000000e+00
      vertex   -4.178034e+01 -8.469148e+00 0.000000e+00
      vertex   -4.094622e+01 -8.463744e+00 -1.000000e+02
    endloop
  endfacet
  facet normal 6.478359e-03 -9.999790e-01 -1.777081e-17
    outer loop
      vertex   -4.094622e+01 -8.463744e+00 -1.000000e+02
      vertex   -4.178034e+01 -8.469148e+00 0.000000e+00
      vertex   -4.178034e+01 -8.469148e+00 -1.000000e+02
    endloop
  endfacet
  facet normal 4.467695e-03 -9.999900e-01 -1.776339e-17
    outer loop
      vertex   -4.178034e+01 -8.469148e+00 0.000000e+00
      vertex   -4.262060e+01 -8.472902e+00 0.000000e+00
      vertex   -4.178034e+01 -8.469148e+00 -1.000000e+02
    endloop
  endfacet
  facet normal 4.467695e-03 -9.999900e-01 0.000000e+00
    outer loop
      vertex   -4.178034e+01 -8.469148e+00 -1.000000e+02
      vertex   -4.262060e+01 -8.472902e+00 0.000000e+00
      vertex   -4.262060e+01 -8.472902e+00 -1.000000e+02
    endloop
  endfacet
  facet normal 2.515187e-03 -9.999968e-01 0.000000e+00
    outer loop
      vertex   -4.262060e+01 -8.472902e+00 0.000000e+00
      vertex   -4.346692e+01 -8.475031e+00 0.000000e+00
      vertex   -4.262060e+01 -8.472902e+00 -1.000000e+02
    endloop
  endfacet
  facet normal 2.515187e-03 -9.999968e-01 -1.776327e-17
    outer loop
      vertex   -4.262060e+01 -8.472902e+00 -1.000000e+02
      vertex   -4.346692e+01 -8.475031e+00 0.000000e+00
      vertex   -4.346692e+01 -8.475031e+00 -1.000000e+02
    endloop
  endfacet
  facet normal 6.196671e-04 -9.999998e-01 -1.776356e-17
    outer loop
      vertex   -4.346692e+01 -8.475031e+00 0.000000e+00
      vertex   -4.431922e+01 -8.475559e+00 0.000000e+00
      vertex   -4.346692e+01 -8.475031e+00 -1.000000e+02
    endloop
  endfacet
  facet normal 6.196671e-04 -9.999998e-01 -1.776344e-17
    outer loop
      vertex   -4.346692e+01 -8.475031e+00 -1.000000e+02
      vertex   -4.431922e+01 -8.475559e+00 0.000000e+00
      vertex   -4.431922e+01 -8.475559e+00 -1.000000e+02
    endloop
  endfacet
  facet normal -1.219991e-03 -9.999993e-01 -1.776356e-17
    outer loop
      vertex   -4.431922e+01 -8.475559e+00 0.000000e+00
      vertex   -4.517741e+01 -8.474512e+00 0.000000e+00
      vertex   -4.431922e+01 -8.475559e+00 -1.000000e+02
    endloop
  endfacet
  facet normal -1.219991e-03 -9.999993e-01 0.000000e+00
    outer loop
      vertex   -4.431922e+01 -8.475559e+00 -1.000000e+02
      vertex   -4.517741e+01 -8.474512e+00 0.000000e+00
      vertex   -4.517741e+01 -8.474512e+00 -1.000000e+02
    endloop
  endfacet
  facet normal -3.004870e-03 -9.999955e-01 -0.000000e+00
    outer loop
      vertex   -4.517741e+01 -8.474512e+00 0.000000e+00
      vertex   -4.604140e+01 -8.471916e+00 0.000000e+00
      vertex   -4.517741e+01 -8.474512e+00 -1.000000e+02
    endloop
  endfacet
  facet normal -3.004870e-03 -9.999955e-01 0.000000e+00
    outer loop
      vertex   -4.517741e+01 -8.474512e+00 -1.000000e+02
      vertex   -4.604140e+01 -8.471916e+00 0.000000e+00
      vertex   -4.604140e+01 -8.471916e+00 -1.000000e+02
    endloop
  endfacet
  facet normal -4.736009e-03 -9.999888e-01 -0.000000e+00
    outer loop
      vertex   -4.604140e+01 -8.471916e+00 0.000000e+00
      vertex   -4.691111e+01 -8.467797e+00 0.000000e+00
      vertex   -4.604140e+01 -8.471916e+00 -1.000000e+02
    endloop
  endfacet
  facet normal -4.736009e-03 -9.999888e-01 0.000000e+00
    outer loop
      vertex   -4.604140e+01 -8.471916e+00 -1.000000e+02
      vertex   -4.691111e+01 -8.467797e+00 0.000000e+00
      vertex   -4.691111e+01 -8.467797e+00 -1.000000e+02
    endloop
  endfacet
  facet normal -6.414415e-03 -9.999794e-01 -0.000000e+00
    outer loop
      vertex   -4.691111e+01 -8.467797e+00 0.000000e+00
      vertex   -4.778644e+01 -8.462182e+00 0.000000e+00
      vertex   -4.691111e+01 -8.467797e+00 -1.000000e+02
    endloop
  endfacet
  facet normal -6.414415e-03 -9.999794e-01 0.000000e+00
    outer loop
      vertex   -4.691111e+01 -8.467797e+00 -1.000000e+02
      vertex   -4.778644e+01 -8.462182e+00 0.000000e+00
      vertex   -4.778644e+01 -8.462182e+00 -1.000000e+02
    endloop
  endfacet
  facet normal -8.041055e-03 -9.999677e-01 -0.000000e+00
    outer loop
      vertex   -4.778644e+01 -8.462182e+00 0.000000e+00
      vertex   -4.866730e+01 -8.455098e+00 0.000000e+00
      vertex   -4.778644e+01 -8.462182e+00 -1.000000e+02
    endloop
  endfacet
  facet normal -8.041055e-03 -9.999677e-01 -1.776289e-17
    outer loop
      vertex   -4.778644e+01 -8.462182e+00 -1.000000e+02
      vertex   -4.866730e+01 -8.455098e+00 0.000000e+00
      vertex   -4.866730e+01 -8.455098e+00 -1.000000e+02
    endloop
  endfacet
  facet normal -9.616866e-03 -9.999538e-01 -1.776275e-17
    outer loop
      vertex   -4.866730e+01 -8.455098e+00 0.000000e+00
      vertex   -4.955361e+01 -8.446575e+00 0.000000e+00
      vertex   -4.866730e+01 -8.455098e+00 -1.000000e+02
    endloop
  endfacet
  facet normal -9.616866e-03 -9.999538e-01 1.776113e-17
    outer loop
      vertex   -4.866730e+01 -8.455098e+00 -1.000000e+02
      vertex   -4.955361e+01 -8.446575e+00 0.000000e+00
      vertex   -4.955361e+01 -8.446575e+00 -1.000000e+02
    endloop
  endfacet
  facet normal -1.114275e-02 -9.999379e-01 1.776247e-17
    outer loop
      vertex   -4.955361e+01 -8.446575e+00 0.000000e+00
      vertex   -5.044528e+01 -8.436638e+00 0.000000e+00
      vertex   -4.955361e+01 -8.446575e+00 -1.000000e+02
    endloop
  endfacet
  facet normal -1.114275e-02 -9.999379e-01 0.000000e+00
    outer loop
      vertex   -4.955361e+01 -8.446575e+00 -1.000000e+02
      vertex   -5.044528e+01 -8.436638e+00 0.000000e+00
      vertex   -5.044528e+01 -8.436638e+00 -1.000000e+02
    endloop
  endfacet
  facet normal -1.261959e-02 -9.999204e-01 -0.000000e+00
    outer loop
      vertex   -5.044528e+01 -8.436638e+00 0.000000e+00
      vertex   -5.134221e+01 -8.425318e+00 0.000000e+00
      vertex   -5.044528e+01 -8.436638e+00 -1.000000e+02
    endloop
  endfacet
  facet normal -1.261959e-02 -9.999204e-01 0.000000e+00
    outer loop
      vertex   -5.044528e+01 -8.436638e+00 -1.000000e+02
      vertex   -5.134221e+01 -8.425318e+00 0.000000e+00
      vertex   -5.134221e+01 -8.425318e+00 -1.000000e+02
    endloop
  endfacet
  facet normal -1.404823e-02 -9.999013e-01 -0.000000e+00
    outer loop
      vertex   -5.134221e+01 -8.425318e+00 0.000000e+00
      vertex   -5.224432e+01 -8.412644e+00 0.000000e+00
      vertex   -5.134221e+01 -8.425318e+00 -1.000000e+02
    endloop
  endfacet
  facet normal -1.404823e-02 -9.999013e-01 -1.774722e-17
    outer loop
      vertex   -5.134221e+01 -8.425318e+00 -1.000000e+02
      vertex   -5.224432e+01 -8.412644e+00 0.000000e+00
      vertex   -5.224432e+01 -8.412644e+00 -1.000000e+02
    endloop
  endfacet
  facet normal -1.542949e-02 -9.998810e-01 -1.776145e-17
    outer loop
      vertex   -5.224432e+01 -8.412644e+00 0.000000e+00
      vertex   -5.315151e+01 -8.398645e+00 0.000000e+00
      vertex   -5.224432e+01 -8.412644e+00 -1.000000e+02
    endloop
  endfacet
  facet normal -1.542949e-02 -9.998810e-01 -1.776213e-17
    outer loop
      vertex   -5.224432e+01 -8.412644e+00 -1.000000e+02
      vertex   -5.315151e+01 -8.398645e+00 0.000000e+00
      vertex   -5.315151e+01 -8.398645e+00 -1.000000e+02
    endloop
  endfacet
  facet normal -1.676417e-02 -9.998595e-01 -1.776107e-17
    outer loop
      vertex   -5.315151e+01 -8.398645e+00 0.000000e+00
      vertex   -5.406370e+01 -8.383351e+00 0.000000e+00
      vertex   -5.315151e+01 -8.398645e+00 -1.000000e+02
    endloop
  endfacet
  facet normal -1.676417e-02 -9.998595e-01 1.775963e-17
    outer loop
      vertex   -5.315151e+01 -8.398645e+00 -1.000000e+02
      vertex   -5.406370e+01 -8.383351e+00 0.000000e+00
      vertex   -5.406370e+01 -8.383351e+00 -1.000000e+02
    endloop
  endfacet
  facet normal -1.805306e-02 -9.998370e-01 1.776067e-17
    outer loop
      vertex   -5.406370e+01 -8.383351e+00 0.000000e+00
      vertex   -5.498078e+01 -8.366792e+00 0.000000e+00
      vertex   -5.406370e+01 -8.383351e+00 -1.000000e+02
    endloop
  endfacet
  facet normal -1.805306e-02 -9.998370e-01 -1.775892e-17
    outer loop
      vertex   -5.406370e+01 -8.383351e+00 -1.000000e+02
      vertex   -5.498078e+01 -8.366792e+00 0.000000e+00
      vertex   -5.498078e+01 -8.366792e+00 -1.000000e+02
    endloop
  endfacet
  facet normal -1.929691e-02 -9.998138e-01 -1.776026e-17
    outer loop
      vertex   -5.498078e+01 -8.366792e+00 0.000000e+00
      vertex   -5.590267e+01 -8.348999e+00 0.000000e+00
      vertex   -5.498078e+01 -8.366792e+00 -1.000000e+02
    endloop
  endfacet
  facet normal -1.929691e-02 -9.998138e-01 0.000000e+00
    outer loop
      vertex   -5.498078e+01 -8.366792e+00 -1.000000e+02
      vertex   -5.590267e+01 -8.348999e+00 0.000000e+00
      vertex   -5.590267e+01 -8.348999e+00 -1.000000e+02
    endloop
  endfacet
  facet normal -2.049645e-02 -9.997899e-01 -0.000000e+00
    outer loop
      vertex   -5.590267e+01 -8.348999e+00 0.000000e+00
      vertex   -5.682927e+01 -8.330003e+00 0.000000e+00
      vertex   -5.590267e+01 -8.348999e+00 -1.000000e+02
    endloop
  endfacet
  facet normal -2.049645e-02 -9.997899e-01 0.000000e+00
    outer loop
      vertex   -5.590267e+01 -8.348999e+00 -1.000000e+02
      vertex   -5.682927e+01 -8.330003e+00 0.000000e+00
      vertex   -5.682927e+01 -8.330003e+00 -1.000000e+02
    endloop
  endfacet
  facet normal -2.165242e-02 -9.997656e-01 -0.000000e+00
    outer loop
      vertex   -5.682927e+01 -8.330003e+00 0.000000e+00
      vertex   -5.776049e+01 -8.309835e+00 0.000000e+00
      vertex   -5.682927e+01 -8.330003e+00 -1.000000e+02
    endloop
  endfacet
  facet normal -2.165242e-02 -9.997656e-01 -1.776740e-17
    outer loop
      vertex   -5.682927e+01 -8.330003e+00 -1.000000e+02
      vertex   -5.776049e+01 -8.309835e+00 0.000000e+00
      vertex   -5.776049e+01 -8.309835e+00 -1.000000e+02
    endloop
  endfacet
  facet normal -2.276550e-02 -9.997408e-01 -1.775896e-17
    outer loop
      vertex   -5.776049e+01 -8.309835e+00 0.000000e+00
      vertex   -5.869624e+01 -8.288527e+00 0.000000e+00
      vertex   -5.776049e+01 -8.309835e+00 -1.000000e+02
    endloop
  endfacet
  facet normal -2.276550e-02 -9.997408e-01 -1.775519e-17
    outer loop
      vertex   -5.776049e+01 -8.309835e+00 -1.000000e+02
      vertex   -5.869624e+01 -8.288527e+00 0.000000e+00
      vertex   -5.869624e+01 -8.288527e+00 -1.000000e+02
    endloop
  endfacet
  facet normal -2.383640e-02 -9.997159e-01 -1.775852e-17
    outer loop
      vertex   -5.869624e+01 -8.288527e+00 0.000000e+00
      vertex   -5.963641e+01 -8.266110e+00 0.000000e+00
      vertex   -5.869624e+01 -8.288527e+00 -1.000000e+02
    endloop
  endfacet
  facet normal -2.383640e-02 -9.997159e-01 0.000000e+00
    outer loop
      vertex   -5.869624e+01 -8.288527e+00 -1.000000e+02
      vertex   -5.963641e+01 -8.266110e+00 0.000000e+00
      vertex   -5.963641e+01 -8.266110e+00 -1.000000e+02
    endloop
  endfacet
  facet normal -2.486579e-02 -9.996908e-01 -0.000000e+00
    outer loop
      vertex   -5.963641e+01 -8.266110e+00 0.000000e+00
      vertex   -6.058093e+01 -8.242617e+00 0.000000e+00
      vertex   -5.963641e+01 -8.266110e+00 -1.000000e+02
    endloop
  endfacet
  facet normal -2.486579e-02 -9.996908e-01 -1.773643e-17
    outer loop
      vertex   -5.963641e+01 -8.266110e+00 -1.000000e+02
      vertex   -6.058093e+01 -8.242617e+00 0.000000e+00
      vertex   -6.058093e+01 -8.242617e+00 -1.000000e+02
    endloop
  endfacet
  facet normal -2.585432e-02 -9.996657e-01 -1.775763e-17
    outer loop
      vertex   -6.058093e+01 -8.242617e+00 0.000000e+00
      vertex   -6.152968e+01 -8.218079e+00 0.000000e+00
      vertex   -6.058093e+01 -8.242617e+00 -1.000000e+02
    endloop
  endfacet
  facet normal -2.585432e-02 -9.996657e-01 0.000000e+00
    outer loop
      vertex   -6.058093e+01 -8.242617e+00 -1.000000e+02
      vertex   -6.152968e+01 -8.218079e+00 0.000000e+00
      vertex   -6.152968e+01 -8.218079e+00 -1.000000e+02
    endloop
  endfacet
  facet normal -2.680265e-02 -9.996407e-01 -0.000000e+00
    outer loop
      vertex   -6.152968e+01 -8.218079e+00 0.000000e+00
      vertex   -6.248257e+01 -8.192530e+00 0.000000e+00
      vertex   -6.152968e+01 -8.218079e+00 -1.000000e+02
    endloop
  endfacet
  facet normal -2.680265e-02 -9.996407e-01 0.000000e+00
    outer loop
      vertex   -6.152968e+01 -8.218079e+00 -1.000000e+02
      vertex   -6.248257e+01 -8.192530e+00 0.000000e+00
      vertex   -6.248257e+01 -8.192530e+00 -1.000000e+02
    endloop
  endfacet
  facet normal -2.771142e-02 -9.996160e-01 -0.000000e+00
    outer loop
      vertex   -6.248257e+01 -8.192530e+00 0.000000e+00
      vertex   -6.343951e+01 -8.166002e+00 0.000000e+00
      vertex   -6.248257e+01 -8.192530e+00 -1.000000e+02
    endloop
  endfacet
  facet normal -2.771142e-02 -9.996160e-01 1.775845e-17
    outer loop
      vertex   -6.248257e+01 -8.192530e+00 -1.000000e+02
      vertex   -6.343951e+01 -8.166002e+00 0.000000e+00
      vertex   -6.343951e+01 -8.166002e+00 -1.000000e+02
    endloop
  endfacet
  facet normal -2.858124e-02 -9.995915e-01 1.775631e-17
    outer loop
      vertex   -6.343951e+01 -8.166002e+00 0.000000e+00
      vertex   -6.440040e+01 -8.138527e+00 0.000000e+00
      vertex   -6.343951e+01 -8.166002e+00 -1.000000e+02
    endloop
  endfacet
  facet normal -2.858124e-02 -9.995915e-01 0.000000e+00
    outer loop
      vertex   -6.343951e+01 -8.166002e+00 -1.000000e+02
      vertex   -6.440040e+01 -8.138527e+00 0.000000e+00
      vertex   -6.440040e+01 -8.138527e+00 -1.000000e+02
    endloop
  endfacet
  facet normal -2.941275e-02 -9.995674e-01 -0.000000e+00
    outer loop
      vertex   -6.440040e+01 -8.138527e+00 0.000000e+00
      vertex   -6.536514e+01 -8.110139e+00 0.000000e+00
      vertex   -6.440040e+01 -8.138527e+00 -1.000000e+02
    endloop
  endfacet
  facet normal -2.941275e-02 -9.995674e-01 0.000000e+00
    outer loop
      vertex   -6.440040e+01 -8.138527e+00 -1.000000e+02
      vertex   -6.536514e+01 -8.110139e+00 0.000000e+00
      vertex   -6.536514e+01 -8.110139e+00 -1.000000e+02
    endloop
  endfacet
  facet normal -3.020654e-02 -9.995437e-01 -0.000000e+00
    outer loop
      vertex   -6.536514e+01 -8.110139e+00 0.000000e+00
      vertex   -6.633363e+01 -8.080871e+00 0.000000e+00
      vertex   -6.536514e+01 -8.110139e+00 -1.000000e+02
    endloop
  endfacet
  facet normal -3.020654e-02 -9.995437e-01 -1.776015e-17
    outer loop
      vertex   -6.536514e+01 -8.110139e+00 -1.000000e+02
      vertex   -6.633363e+01 -8.080871e+00 0.000000e+00
      vertex   -6.633363e+01 -8.080871e+00 -1.000000e+02
    endloop
  endfacet
  facet normal -3.096322e-02 -9.995205e-01 -1.775505e-17
    outer loop
      vertex   -6.633363e+01 -8.080871e+00 0.000000e+00
      vertex   -6.730578e+01 -8.050756e+00 0.000000e+00
      vertex   -6.633363e+01 -8.080871e+00 -1.000000e+02
    endloop
  endfacet
  facet normal -3.096322e-02 -9.995205e-01 0.000000e+00
    outer loop
      vertex   -6.633363e+01 -8.080871e+00 -1.000000e+02
      vertex   -6.730578e+01 -8.050756e+00 0.000000e+00
      vertex   -6.730578e+01 -8.050756e+00 -1.000000e+02
    endloop
  endfacet
  facet normal -3.168338e-02 -9.994980e-01 -0.000000e+00
    outer loop
      vertex   -6.730578e+01 -8.050756e+00 0.000000e+00
      vertex   -6.828149e+01 -8.019826e+00 0.000000e+00
      vertex   -6.730578e+01 -8.050756e+00 -1.000000e+02
    endloop
  endfacet
  facet normal -3.168338e-02 -9.994980e-01 -1.777022e-17
    outer loop
      vertex   -6.730578e+01 -8.050756e+00 -1.000000e+02
      vertex   -6.828149e+01 -8.019826e+00 0.000000e+00
      vertex   -6.828149e+01 -8.019826e+00 -1.000000e+02
    endloop
  endfacet
  facet normal -3.236761e-02 -9.994760e-01 -1.775426e-17
    outer loop
      vertex   -6.828149e+01 -8.019826e+00 0.000000e+00
      vertex   -6.926065e+01 -7.988117e+00 0.000000e+00
      vertex   -6.828149e+01 -8.019826e+00 -1.000000e+02
    endloop
  endfacet
  facet normal -3.236761e-02 -9.994760e-01 0.000000e+00
    outer loop
      vertex   -6.828149e+01 -8.019826e+00 -1.000000e+02
      vertex   -6.926065e+01 -7.988117e+00 0.000000e+00
      vertex   -6.926065e+01 -7.988117e+00 -1.000000e+02
    endloop
  endfacet
  facet normal -3.301648e-02 -9.994548e-01 -0.000000e+00
    outer loop
      vertex   -6.926065e+01 -7.988117e+00 0.000000e+00
      vertex   -7.024317e+01 -7.955660e+00 0.000000e+00
      vertex   -6.926065e+01 -7.988117e+00 -1.000000e+02
    endloop
  endfacet
  facet normal -3.301648e-02 -9.994548e-01 1.778736e-17
    outer loop
      vertex   -6.926065e+01 -7.988117e+00 -1.000000e+02
      vertex   -7.024317e+01 -7.955660e+00 0.000000e+00
      vertex   -7.024317e+01 -7.955660e+00 -1.000000e+02
    endloop
  endfacet
  facet normal -3.363058e-02 -9.994343e-01 1.775352e-17
    outer loop
      vertex   -7.024317e+01 -7.955660e+00 0.000000e+00
      vertex   -7.122895e+01 -7.922488e+00 0.000000e+00
      vertex   -7.024317e+01 -7.955660e+00 -1.000000e+02
    endloop
  endfacet
  facet normal -3.363058e-02 -9.994343e-01 8.864108e-18
    outer loop
      vertex   -7.024317e+01 -7.955660e+00 -1.000000e+02
      vertex   -7.122895e+01 -7.922488e+00 0.000000e+00
      vertex   -7.122895e+01 -7.922488e+00 -1.000000e+02
    endloop
  endfacet
  facet normal -3.421046e-02 -9.994147e-01 8.876585e-18
    outer loop
      vertex   -7.122895e+01 -7.922488e+00 0.000000e+00
      vertex   -7.221789e+01 -7.888637e+00 0.000000e+00
      vertex   -7.122895e+01 -7.922488e+00 -1.000000e+02
    endloop
  endfacet
  facet normal -3.421046e-02 -9.994147e-01 -1.774139e-17
    outer loop
      vertex   -7.122895e+01 -7.922488e+00 -1.000000e+02
      vertex   -7.221789e+01 -7.888637e+00 0.000000e+00
      vertex   -7.221789e+01 -7.888637e+00 -1.000000e+02
    endloop
  endfacet
  facet normal -3.475669e-02 -9.993958e-01 -1.775284e-17
    outer loop
      vertex   -7.221789e+01 -7.888637e+00 0.000000e+00
      vertex   -7.320989e+01 -7.854137e+00 0.000000e+00
      vertex   -7.221789e+01 -7.888637e+00 -1.000000e+02
    endloop
  endfacet
  facet normal -3.475669e-02 -9.993958e-01 8.878150e-18
    outer loop
      vertex   -7.221789e+01 -7.888637e+00 -1.000000e+02
      vertex   -7.320989e+01 -7.854137e+00 0.000000e+00
      vertex   -7.320989e+01 -7.854137e+00 -1.000000e+02
    endloop
  endfacet
  facet normal -3.526983e-02 -9.993778e-01 8.876258e-18
    outer loop
      vertex   -7.320989e+01 -7.854137e+00 0.000000e+00
      vertex   -7.420483e+01 -7.819024e+00 0.000000e+00
      vertex   -7.320989e+01 -7.854137e+00 -1.000000e+02
    endloop
  endfacet
  facet normal -3.526983e-02 -9.993778e-01 0.000000e+00
    outer loop
      vertex   -7.320989e+01 -7.854137e+00 -1.000000e+02
      vertex   -7.420483e+01 -7.819024e+00 0.000000e+00
      vertex   -7.420483e+01 -7.819024e+00 -1.000000e+02
    endloop
  endfacet
  facet normal -3.575044e-02 -9.993607e-01 -0.000000e+00
    outer loop
      vertex   -7.420483e+01 -7.819024e+00 0.000000e+00
      vertex   -7.520264e+01 -7.783329e+00 0.000000e+00
      vertex   -7.420483e+01 -7.819024e+00 -1.000000e+02
    endloop
  endfacet
  facet normal -3.575044e-02 -9.993607e-01 0.000000e+00
    outer loop
      vertex   -7.420483e+01 -7.819024e+00 -1.000000e+02
      vertex   -7.520264e+01 -7.783329e+00 0.000000e+00
      vertex   -7.520264e+01 -7.783329e+00 -1.000000e+02
    endloop
  endfacet
  facet normal -3.619906e-02 -9.993446e-01 -0.000000e+00
    outer loop
      vertex   -7.520264e+01 -7.783329e+00 0.000000e+00
      vertex   -7.620319e+01 -7.747086e+00 0.000000e+00
      vertex   -7.520264e+01 -7.783329e+00 -1.000000e+02
    endloop
  endfacet
  facet normal -3.619906e-02 -9.993446e-01 0.000000e+00
    outer loop
      vertex   -7.520264e+01 -7.783329e+00 -1.000000e+02
      vertex   -7.620319e+01 -7.747086e+00 0.000000e+00
      vertex   -7.620319e+01 -7.747086e+00 -1.000000e+02
    endloop
  endfacet
  facet normal -3.661625e-02 -9.993294e-01 -0.000000e+00
    outer loop
      vertex   -7.620319e+01 -7.747086e+00 0.000000e+00
      vertex   -7.720639e+01 -7.710328e+00 0.000000e+00
      vertex   -7.620319e+01 -7.747086e+00 -1.000000e+02
    endloop
  endfacet
  facet normal -3.661625e-02 -9.993294e-01 -8.916607e-18
    outer loop
      vertex   -7.620319e+01 -7.747086e+00 -1.000000e+02
      vertex   -7.720639e+01 -7.710328e+00 0.000000e+00
      vertex   -7.720639e+01 -7.710328e+00 -1.000000e+02
    endloop
  endfacet
  facet normal -3.700254e-02 -9.993152e-01 -8.875702e-18
    outer loop
      vertex   -7.720639e+01 -7.710328e+00 0.000000e+00
      vertex   -7.821214e+01 -7.673087e+00 0.000000e+00
      vertex   -7.720639e+01 -7.710328e+00 -1.000000e+02
    endloop
  endfacet
  facet normal -3.700254e-02 -9.993152e-01 0.000000e+00
    outer loop
      vertex   -7.720639e+01 -7.710328e+00 -1.000000e+02
      vertex   -7.821214e+01 -7.673087e+00 0.000000e+00
      vertex   -7.821214e+01 -7.673087e+00 -1.000000e+02
    endloop
  endfacet
  facet normal -3.735849e-02 -9.993019e-01 -0.000000e+00
    outer loop
      vertex   -7.821214e+01 -7.673087e+00 0.000000e+00
      vertex   -7.922034e+01 -7.635396e+00 0.000000e+00
      vertex   -7.821214e+01 -7.673087e+00 -1.000000e+02
    endloop
  endfacet
  facet normal -3.735849e-02 -9.993019e-01 -8.872236e-18
    outer loop
      vertex   -7.821214e+01 -7.673087e+00 -1.000000e+02
      vertex   -7.922034e+01 -7.635396e+00 0.000000e+00
      vertex   -7.922034e+01 -7.635396e+00 -1.000000e+02
    endloop
  endfacet
  facet normal -3.763289e-02 -9.992916e-01 -8.875493e-18
    outer loop
      vertex   -7.922034e+01 -7.635396e+00 0.000000e+00
      vertex   -8.023276e+01 -7.597269e+00 0.000000e+00
      vertex   -7.922034e+01 -7.635396e+00 -1.000000e+02
    endloop
  endfacet
  facet normal -3.763289e-02 -9.992916e-01 -8.835108e-18
    outer loop
      vertex   -7.922034e+01 -7.635396e+00 -1.000000e+02
      vertex   -8.023276e+01 -7.597269e+00 0.000000e+00
      vertex   -8.023276e+01 -7.597269e+00 -1.000000e+02
    endloop
  endfacet
  facet normal -3.818618e-02 -9.992706e-01 -8.875306e-18
    outer loop
      vertex   -8.023276e+01 -7.597269e+00 0.000000e+00
      vertex   -8.125377e+01 -7.558252e+00 0.000000e+00
      vertex   -8.023276e+01 -7.597269e+00 -1.000000e+02
    endloop
  endfacet
  facet normal -3.818618e-02 -9.992706e-01 -8.896412e-18
    outer loop
      vertex   -8.023276e+01 -7.597269e+00 -1.000000e+02
      vertex   -8.125377e+01 -7.558252e+00 0.000000e+00
      vertex   -8.125377e+01 -7.558252e+00 -1.000000e+02
    endloop
  endfacet
  facet normal -3.915678e-02 -9.992331e-01 -8.874973e-18
    outer loop
      vertex   -8.125377e+01 -7.558252e+00 0.000000e+00
      vertex   -8.227686e+01 -7.518160e+00 0.000000e+00
      vertex   -8.125377e+01 -7.558252e+00 -1.000000e+02
    endloop
  endfacet
  facet normal -3.915678e-02 -9.992331e-01 0.000000e+00
    outer loop
      vertex   -8.125377e+01 -7.558252e+00 -1.000000e+02
      vertex   -8.227686e+01 -7.518160e+00 0.000000e+00
      vertex   -8.227686e+01 -7.518160e+00 -1.000000e+02
    endloop
  endfacet
  facet normal -4.010093e-02 -9.991956e-01 -0.000000e+00
    outer loop
      vertex   -8.227686e+01 -7.518160e+00 0.000000e+00
      vertex   -8.330194e+01 -7.477020e+00 0.000000e+00
      vertex   -8.227686e+01 -7.518160e+00 -1.000000e+02
    endloop
  endfacet
  facet normal -4.010093e-02 -9.991956e-01 0.000000e+00
    outer loop
      vertex   -8.227686e+01 -7.518160e+00 -1.000000e+02
      vertex   -8.330194e+01 -7.477020e+00 0.000000e+00
      vertex   -8.330194e+01 -7.477020e+00 -1.000000e+02
    endloop
  endfacet
  facet normal -4.101908e-02 -9.991584e-01 -0.000000e+00
    outer loop
      vertex   -8.330194e+01 -7.477020e+00 0.000000e+00
      vertex   -8.432889e+01 -7.434861e+00 0.000000e+00
      vertex   -8.330194e+01 -7.477020e+00 -1.000000e+02
    endloop
  endfacet
  facet normal -4.101908e-02 -9.991584e-01 0.000000e+00
    outer loop
      vertex   -8.330194e+01 -7.477020e+00 -1.000000e+02
      vertex   -8.432889e+01 -7.434861e+00 0.000000e+00
      vertex   -8.432889e+01 -7.434861e+00 -1.000000e+02
    endloop
  endfacet
  facet normal -4.191170e-02 -9.991213e-01 -0.000000e+00
    outer loop
      vertex   -8.432889e+01 -7.434861e+00 0.000000e+00
      vertex   -8.535760e+01 -7.391708e+00 0.000000e+00
      vertex   -8.432889e+01 -7.434861e+00 -1.000000e+02
    endloop
  endfacet
  facet normal -4.191170e-02 -9.991213e-01 8.895905e-18
    outer loop
      vertex   -8.432889e+01 -7.434861e+00 -1.000000e+02
      vertex   -8.535760e+01 -7.391708e+00 0.000000e+00
      vertex   -8.535760e+01 -7.391708e+00 -1.000000e+02
    endloop
  endfacet
  facet normal -4.277923e-02 -9.990845e-01 8.873653e-18
    outer loop
      vertex   -8.535760e+01 -7.391708e+00 0.000000e+00
      vertex   -8.638796e+01 -7.347589e+00 0.000000e+00
      vertex   -8.535760e+01 -7.391708e+00 -1.000000e+02
    endloop
  endfacet
  facet normal -4.277923e-02 -9.990845e-01 8.881329e-18
    outer loop
      vertex   -8.535760e+01 -7.391708e+00 -1.000000e+02
      vertex   -8.638796e+01 -7.347589e+00 0.000000e+00
      vertex   -8.638796e+01 -7.347589e+00 -1.000000e+02
    endloop
  endfacet
  facet normal -4.362212e-02 -9.990481e-01 8.873330e-18
    outer loop
      vertex   -8.638796e+01 -7.347589e+00 0.000000e+00
      vertex   -8.741986e+01 -7.302533e+00 0.000000e+00
      vertex   -8.638796e+01 -7.347589e+00 -1.000000e+02
    endloop
  endfacet
  facet normal -4.362212e-02 -9.990481e-01 -8.867751e-18
    outer loop
      vertex   -8.638796e+01 -7.347589e+00 -1.000000e+02
      vertex   -8.741986e+01 -7.302533e+00 0.000000e+00
      vertex   -8.741986e+01 -7.302533e+00 -1.000000e+02
    endloop
  endfacet
  facet normal -4.444082e-02 -9.990120e-01 -8.873009e-18
    outer loop
      vertex   -8.741986e+01 -7.302533e+00 0.000000e+00
      vertex   -8.845318e+01 -7.256566e+00 0.000000e+00
      vertex   -8.741986e+01 -7.302533e+00 -1.000000e+02
    endloop
  endfacet
  facet normal -4.444082e-02 -9.990120e-01 0.000000e+00
    outer loop
      vertex   -8.741986e+01 -7.302533e+00 -1.000000e+02
      vertex   -8.845318e+01 -7.256566e+00 0.000000e+00
      vertex   -8.845318e+01 -7.256566e+00 -1.000000e+02
    endloop
  endfacet
  facet normal -4.523578e-02 -9.989763e-01 -0.000000e+00
    outer loop
      vertex   -8.845318e+01 -7.256566e+00 0.000000e+00
      vertex   -8.948783e+01 -7.209714e+00 0.000000e+00
      vertex   -8.845318e+01 -7.256566e+00 -1.000000e+02
    endloop
  endfacet
  facet normal -4.523578e-02 -9.989763e-01 0.000000e+00
    outer loop
      vertex   -8.845318e+01 -7.256566e+00 -1.000000e+02
      vertex   -8.948783e+01 -7.209714e+00 0.000000e+00
      vertex   -8.948783e+01 -7.209714e+00 -1.000000e+02
    endloop
  endfacet
  facet normal -4.600743e-02 -9.989411e-01 -0.000000e+00
    outer loop
      vertex   -8.948783e+01 -7.209714e+00 0.000000e+00
      vertex   -9.052369e+01 -7.162007e+00 0.000000e+00
      vertex   -8.948783e+01 -7.209714e+00 -1.000000e+02
    endloop
  endfacet
  facet normal -4.600743e-02 -9.989411e-01 0.000000e+00
    outer loop
      vertex   -8.948783e+01 -7.209714e+00 -1.000000e+02
      vertex   -9.052369e+01 -7.162007e+00 0.000000e+00
      vertex   -9.052369e+01 -7.162007e+00 -1.000000e+02
    endloop
  endfacet
  facet normal -4.675624e-02 -9.989063e-01 -0.000000e+00
    outer loop
      vertex   -9.052369e+01 -7.162007e+00 0.000000e+00
      vertex   -9.156064e+01 -7.113470e+00 0.000000e+00
      vertex   -9.052369e+01 -7.162007e+00 -1.000000e+02
    endloop
  endfacet
  facet normal -4.675624e-02 -9.989063e-01 8.823282e-18
    outer loop
      vertex   -9.052369e+01 -7.162007e+00 -1.000000e+02
      vertex   -9.156064e+01 -7.113470e+00 0.000000e+00
      vertex   -9.156064e+01 -7.113470e+00 -1.000000e+02
    endloop
  endfacet
  facet normal -4.748262e-02 -9.988721e-01 8.871766e-18
    outer loop
      vertex   -9.156064e+01 -7.113470e+00 0.000000e+00
      vertex   -9.259858e+01 -7.064130e+00 0.000000e+00
      vertex   -9.156064e+01 -7.113470e+00 -1.000000e+02
    endloop
  endfacet
  facet normal -4.748262e-02 -9.988721e-01 0.000000e+00
    outer loop
      vertex   -9.156064e+01 -7.113470e+00 -1.000000e+02
      vertex   -9.259858e+01 -7.064130e+00 0.000000e+00
      vertex   -9.259858e+01 -7.064130e+00 -1.000000e+02
    endloop
  endfacet
  facet normal -4.818703e-02 -9.988383e-01 -0.000000e+00
    outer loop
      vertex   -9.259858e+01 -7.064130e+00 0.000000e+00
      vertex   -9.363739e+01 -7.014015e+00 0.000000e+00
      vertex   -9.259858e+01 -7.064130e+00 -1.000000e+02
    endloop
  endfacet
  facet normal -4.818703e-02 -9.988383e-01 0.000000e+00
    outer loop
      vertex   -9.259858e+01 -7.064130e+00 -1.000000e+02
      vertex   -9.363739e+01 -7.014015e+00 0.000000e+00
      vertex   -9.363739e+01 -7.014015e+00 -1.000000e+02
    endloop
  endfacet
  facet normal -4.886990e-02 -9.988052e-01 -0.000000e+00
    outer loop
      vertex   -9.363739e+01 -7.014015e+00 0.000000e+00
      vertex   -9.467696e+01 -6.963150e+00 0.000000e+00
      vertex   -9.363739e+01 -7.014015e+00 -1.000000e+02
    endloop
  endfacet
  facet normal -4.886990e-02 -9.988052e-01 -8.866800e-18
    outer loop
      vertex   -9.363739e+01 -7.014015e+00 -1.000000e+02
      vertex   -9.467696e+01 -6.963150e+00 0.000000e+00
      vertex   -9.467696e+01 -6.963150e+00 -1.000000e+02
    endloop
  endfacet
  facet normal -4.953167e-02 -9.987726e-01 -8.870882e-18
    outer loop
      vertex   -9.467696e+01 -6.963150e+00 0.000000e+00
      vertex   -9.571719e+01 -6.911563e+00 0.000000e+00
      vertex   -9.467696e+01 -6.963150e+00 -1.000000e+02
    endloop
  endfacet
  facet normal -4.953167e-02 -9.987726e-01 0.000000e+00
    outer loop
      vertex   -9.467696e+01 -6.963150e+00 -1.000000e+02
      vertex   -9.571719e+01 -6.911563e+00 0.000000e+00
      vertex   -9.571719e+01 -6.911563e+00 -1.000000e+02
    endloop
  endfacet
  facet normal -5.017278e-02 -9.987406e-01 -0.000000e+00
    outer loop
      vertex   -9.571719e+01 -6.911563e+00 0.000000e+00
      vertex   -9.675795e+01 -6.859279e+00 0.000000e+00
      vertex   -9.571719e+01 -6.911563e+00 -1.000000e+02
    endloop
  endfacet
  facet normal -5.017278e-02 -9.987406e-01 -8.856090e-18
    outer loop
      vertex   -9.571719e+01 -6.911563e+00 -1.000000e+02
      vertex   -9.675795e+01 -6.859279e+00 0.000000e+00
      vertex   -9.675795e+01 -6.859279e+00 -1.000000e+02
    endloop
  endfacet
  facet normal -5.079365e-02 -9.987092e-01 -8.870319e-18
    outer loop
      vertex   -9.675795e+01 -6.859279e+00 0.000000e+00
      vertex   -9.779915e+01 -6.806324e+00 0.000000e+00
      vertex   -9.675795e+01 -6.859279e+00 -1.000000e+02
    endloop
  endfacet
  facet normal -5.079365e-02 -9.987092e-01 -8.852180e-18
    outer loop
      vertex   -9.675795e+01 -6.859279e+00 -1.000000e+02
      vertex   -9.779915e+01 -6.806324e+00 0.000000e+00
      vertex   -9.779915e+01 -6.806324e+00 -1.000000e+02
    endloop
  endfacet
  facet normal -5.139472e-02 -9.986784e-01 -8.870046e-18
    outer loop
      vertex   -9.779915e+01 -6.806324e+00 0.000000e+00
      vertex   -9.884065e+01 -6.752726e+00 0.000000e+00
      vertex   -9.779915e+01 -6.806324e+00 -1.000000e+02
    endloop
  endfacet
  facet normal -5.139472e-02 -9.986784e-01 0.000000e+00
    outer loop
      vertex   -9.779915e+01 -6.806324e+00 -1.000000e+02
      vertex   -9.884065e+01 -6.752726e+00 0.000000e+00
      vertex   -9.884065e+01 -6.752726e+00 -1.000000e+02
    endloop
  endfacet
  facet normal -5.197641e-02 -9.986483e-01 -0.000000e+00
    outer loop
      vertex   -9.884065e+01 -6.752726e+00 0.000000e+00
      vertex   -9.988236e+01 -6.698508e+00 0.000000e+00
      vertex   -9.884065e+01 -6.752726e+00 -1.000000e+02
    endloop
  endfacet
  facet normal -5.197641e-02 -9.986483e-01 8.847243e-18
    outer loop
      vertex   -9.884065e+01 -6.752726e+00 -1.000000e+02
      vertex   -9.988236e+01 -6.698508e+00 0.000000e+00
      vertex   -9.988236e+01 -6.698508e+00 -1.000000e+02
    endloop
  endfacet
  facet normal -5.253916e-02 -9.986189e-01 8.869517e-18
    outer loop
      vertex   -9.988236e+01 -6.698508e+00 0.000000e+00
      vertex   -1.009242e+02 -6.643697e+00 0.000000e+00
      vertex   -9.988236e+01 -6.698508e+00 -1.000000e+02
    endloop
  endfacet
  facet normal -5.253916e-02 -9.986189e-01 0.000000e+00
    outer loop
      vertex   -9.988236e+01 -6.698508e+00 -1.000000e+02
      vertex   -1.009242e+02 -6.643697e+00 0.000000e+00
      vertex   -1.009242e+02 -6.643697e+00 -1.000000e+02
    endloop
  endfacet
  facet normal -5.308340e-02 -9.985901e-01 -0.000000e+00
    outer loop
      vertex   -1.009242e+02 -6.643697e+00 0.000000e+00
      vertex   -1.019659e+02 -6.588318e+00 0.000000e+00
      vertex   -1.009242e+02 -6.643697e+00 -1.000000e+02
    endloop
  endfacet
  facet normal -5.308340e-02 -9.985901e-01 0.000000e+00
    outer loop
      vertex   -1.009242e+02 -6.643697e+00 -1.000000e+02
      vertex   -1.019659e+02 -6.588318e+00 0.000000e+00
      vertex   -1.019659e+02 -6.588318e+00 -1.000000e+02
    endloop
  endfacet
  facet normal -5.360954e-02 -9.985620e-01 -0.000000e+00
    outer loop
      vertex   -1.019659e+02 -6.588318e+00 0.000000e+00
      vertex   -1.030076e+02 -6.532395e+00 0.000000e+00
      vertex   -1.019659e+02 -6.588318e+00 -1.000000e+02
    endloop
  endfacet
  facet normal -5.360954e-02 -9.985620e-01 0.000000e+00
    outer loop
      vertex   -1.019659e+02 -6.588318e+00 -1.000000e+02
      vertex   -1.030076e+02 -6.532395e+00 0.000000e+00
      vertex   -1.030076e+02 -6.532395e+00 -1.000000e+02
    endloop
  endfacet
  facet normal -5.411800e-02 -9.985345e-01 -0.000000e+00
    outer loop
      vertex   -1.030076e+02 -6.532395e+00 0.000000e+00
      vertex   -1.040490e+02 -6.475954e+00 0.000000e+00
      vertex   -1.030076e+02 -6.532395e+00 -1.000000e+02
    endloop
  endfacet
  facet normal -5.411800e-02 -9.985345e-01 0.000000e+00
    outer loop
      vertex   -1.030076e+02 -6.532395e+00 -1.000000e+02
      vertex   -1.040490e+02 -6.475954e+00 0.000000e+00
      vertex   -1.040490e+02 -6.475954e+00 -1.000000e+02
    endloop
  endfacet
  facet normal -5.460922e-02 -9.985078e-01 -0.000000e+00
    outer loop
      vertex   -1.040490e+02 -6.475954e+00 0.000000e+00
      vertex   -1.050900e+02 -6.419019e+00 0.000000e+00
      vertex   -1.040490e+02 -6.475954e+00 -1.000000e+02
    endloop
  endfacet
  facet normal -5.460922e-02 -9.985078e-01 0.000000e+00
    outer loop
      vertex   -1.040490e+02 -6.475954e+00 -1.000000e+02
      vertex   -1.050900e+02 -6.419019e+00 0.000000e+00
      vertex   -1.050900e+02 -6.419019e+00 -1.000000e+02
    endloop
  endfacet
  facet normal -5.508360e-02 -9.984817e-01 -0.000000e+00
    outer loop
      vertex   -1.050900e+02 -6.419019e+00 0.000000e+00
      vertex   -1.061306e+02 -6.361614e+00 0.000000e+00
      vertex   -1.050900e+02 -6.419019e+00 -1.000000e+02
    endloop
  endfacet
  facet normal -5.508360e-02 -9.984817e-01 -8.855502e-18
    outer loop
      vertex   -1.050900e+02 -6.419019e+00 -1.000000e+02
      vertex   -1.061306e+02 -6.361614e+00 0.000000e+00
      vertex   -1.061306e+02 -6.361614e+00 -1.000000e+02
    endloop
  endfacet
  facet normal -5.554157e-02 -9.984564e-01 -8.868074e-18
    outer loop
      vertex   -1.061306e+02 -6.361614e+00 0.000000e+00
      vertex   -1.071706e+02 -6.303763e+00 0.000000e+00
      vertex   -1.061306e+02 -6.361614e+00 -1.000000e+02
    endloop
  endfacet
  facet normal -5.554157e-02 -9.984564e-01 -8.860257e-18
    outer loop
      vertex   -1.061306e+02 -6.361614e+00 -1.000000e+02
      vertex   -1.071706e+02 -6.303763e+00 0.000000e+00
      vertex   -1.071706e+02 -6.303763e+00 -1.000000e+02
    endloop
  endfacet
  facet normal -5.598353e-02 -9.984317e-01 -8.867855e-18
    outer loop
      vertex   -1.071706e+02 -6.303763e+00 0.000000e+00
      vertex   -1.082098e+02 -6.245489e+00 0.000000e+00
      vertex   -1.071706e+02 -6.303763e+00 -1.000000e+02
    endloop
  endfacet
  facet normal -5.598353e-02 -9.984317e-01 0.000000e+00
    outer loop
      vertex   -1.071706e+02 -6.303763e+00 -1.000000e+02
      vertex   -1.082098e+02 -6.245489e+00 0.000000e+00
      vertex   -1.082098e+02 -6.245489e+00 -1.000000e+02
    endloop
  endfacet
  facet normal -5.682107e-02 -9.983844e-01 -0.000000e+00
    outer loop
      vertex   -1.092483e+02 -6.186815e+00 0.000000e+00
      vertex   -1.093152e+02 -6.183007e+00 -4.963681e+01
      vertex   -1.092483e+02 -6.186815e+00 -4.922500e+01
    endloop
  endfacet
  facet normal -5.682107e-02 -9.983844e-01 -6.939713e-16
    outer loop
      vertex   -1.092483e+02 -6.186815e+00 -4.922500e+01
      vertex   -1.093152e+02 -6.183007e+00 -4.963681e+01
      vertex   -1.092655e+02 -6.185835e+00 -4.975242e+01
    endloop
  endfacet
  facet normal -5.682107e-02 -9.983844e-01 -2.809739e-16
    outer loop
      vertex   -1.092483e+02 -6.186815e+00 -4.922500e+01
      vertex   -1.092655e+02 -6.185835e+00 -4.975242e+01
      vertex   -1.092352e+02 -6.187562e+00 -4.987455e+01
    endloop
  endfacet
  facet normal -5.682107e-02 -9.983844e-01 -2.914635e-18
    outer loop
      vertex   -1.102859e+02 -6.127765e+00 0.000000e+00
      vertex   -1.097922e+02 -6.155858e+00 -4.925311e+01
      vertex   -1.092483e+02 -6.186815e+00 0.000000e+00
    endloop
  endfacet
  facet normal -5.682107e-02 -9.983844e-01 5.996405e-17
    outer loop
      vertex   -1.092483e+02 -6.186815e+00 0.000000e+00
      vertex   -1.097922e+02 -6.155858e+00 -4.925311e+01
      vertex   -1.096743e+02 -6.162573e+00 -4.929644e+01
    endloop
  endfacet
  facet normal -5.682107e-02 -9.983844e-01 -7.892217e-17
    outer loop
      vertex   -1.092483e+02 -6.186815e+00 0.000000e+00
      vertex   -1.096743e+02 -6.162573e+00 -4.929644e+01
      vertex   -1.095648e+02 -6.168800e+00 -4.935832e+01
    endloop
  endfacet
  facet normal -5.682107e-02 -9.983844e-01 2.734450e-17
    outer loop
      vertex   -1.102859e+02 -6.127765e+00 -4.928033e+01
      vertex   -1.101658e+02 -6.134600e+00 -4.924327e+01
      vertex   -1.102859e+02 -6.127765e+00 0.000000e+00
    endloop
  endfacet
  facet normal -5.682107e-02 -9.983844e-01 -3.166619e-17
    outer loop
      vertex   -1.102859e+02 -6.127765e+00 0.000000e+00
      vertex   -1.101658e+02 -6.134600e+00 -4.924327e+01
      vertex   -1.100413e+02 -6.141685e+00 -4.922617e+01
    endloop
  endfacet
  facet normal -5.682107e-02 -9.983844e-01 6.722975e-18
    outer loop
      vertex   -1.102859e+02 -6.127765e+00 0.000000e+00
      vertex   -1.100413e+02 -6.141685e+00 -4.922617e+01
      vertex   -1.099157e+02 -6.148834e+00 -4.922948e+01
    endloop
  endfacet
  facet normal -5.682107e-02 -9.983844e-01 -1.498619e-17
    outer loop
      vertex   -1.099157e+02 -6.148834e+00 -4.922948e+01
      vertex   -1.097922e+02 -6.155858e+00 -4.925311e+01
      vertex   -1.102859e+02 -6.127765e+00 0.000000e+00
    endloop
  endfacet
  facet normal -5.682107e-02 -9.983844e-01 -1.736961e-17
    outer loop
      vertex   -1.095648e+02 -6.168800e+00 -4.935832e+01
      vertex   -1.094669e+02 -6.174376e+00 -4.943713e+01
      vertex   -1.092483e+02 -6.186815e+00 0.000000e+00
    endloop
  endfacet
  facet normal -5.682107e-02 -9.983844e-01 1.385956e-17
    outer loop
      vertex   -1.092483e+02 -6.186815e+00 0.000000e+00
      vertex   -1.094669e+02 -6.174376e+00 -4.943713e+01
      vertex   -1.093829e+02 -6.179154e+00 -4.953078e+01
    endloop
  endfacet
  facet normal -5.682107e-02 -9.983844e-01 2.603422e-18
    outer loop
      vertex   -1.092483e+02 -6.186815e+00 0.000000e+00
      vertex   -1.093829e+02 -6.179154e+00 -4.953078e+01
      vertex   -1.093152e+02 -6.183007e+00 -4.963681e+01
    endloop
  endfacet
  facet normal -5.588144e-02 -9.984374e-01 0.000000e+00
    outer loop
      vertex   -1.092250e+02 -6.188133e+00 -5.000000e+01
      vertex   -1.092250e+02 -6.188133e+00 -4.922500e+01
      vertex   -1.092352e+02 -6.187562e+00 -4.987455e+01
    endloop
  endfacet
  facet normal -5.640989e-02 -9.984077e-01 8.327716e-06
    outer loop
      vertex   -1.092352e+02 -6.187562e+00 -4.987455e+01
      vertex   -1.092250e+02 -6.188133e+00 -4.922500e+01
      vertex   -1.092483e+02 -6.186815e+00 -4.922500e+01
    endloop
  endfacet
  facet normal -5.721748e-02 -9.983617e-01 2.539430e-17
    outer loop
      vertex   -1.102859e+02 -6.127765e+00 -4.928033e+01
      vertex   -1.102859e+02 -6.127765e+00 0.000000e+00
      vertex   -1.104033e+02 -6.121032e+00 -4.933940e+01
    endloop
  endfacet
  facet normal -5.721748e-02 -9.983617e-01 5.247091e-17
    outer loop
      vertex   -1.104033e+02 -6.121032e+00 -4.933940e+01
      vertex   -1.102859e+02 -6.127765e+00 0.000000e+00
      vertex   -1.105091e+02 -6.114969e+00 -4.941753e+01
    endloop
  endfacet
  facet normal -5.721748e-02 -9.983617e-01 -3.740823e-17
    outer loop
      vertex   -1.105091e+02 -6.114969e+00 -4.941753e+01
      vertex   -1.102859e+02 -6.127765e+00 0.000000e+00
      vertex   -1.106002e+02 -6.109750e+00 -4.951247e+01
    endloop
  endfacet
  facet normal -5.721748e-02 -9.983617e-01 1.416758e-16
    outer loop
      vertex   -1.106002e+02 -6.109750e+00 -4.951247e+01
      vertex   -1.102859e+02 -6.127765e+00 0.000000e+00
      vertex   -1.106739e+02 -6.105525e+00 -4.962148e+01
    endloop
  endfacet
  facet normal -5.721748e-02 -9.983617e-01 -6.951005e-17
    outer loop
      vertex   -1.106739e+02 -6.105525e+00 -4.962148e+01
      vertex   -1.102859e+02 -6.127765e+00 0.000000e+00
      vertex   -1.107281e+02 -6.102417e+00 -4.974142e+01
    endloop
  endfacet
  facet normal -5.721748e-02 -9.983617e-01 -9.691690e-17
    outer loop
      vertex   -1.107281e+02 -6.102417e+00 -4.974142e+01
      vertex   -1.102859e+02 -6.127765e+00 0.000000e+00
      vertex   -1.107613e+02 -6.100516e+00 -4.986881e+01
    endloop
  endfacet
  facet normal -5.721748e-02 -9.983617e-01 2.234806e-17
    outer loop
      vertex   -1.107613e+02 -6.100516e+00 -4.986881e+01
      vertex   -1.102859e+02 -6.127765e+00 0.000000e+00
      vertex   -1.113224e+02 -6.068361e+00 0.000000e+00
    endloop
  endfacet
  facet normal -5.721748e-02 -9.983617e-01 -1.394235e-16
    outer loop
      vertex   -1.107613e+02 -6.100516e+00 -4.986881e+01
      vertex   -1.113224e+02 -6.068361e+00 0.000000e+00
      vertex   -1.107725e+02 -6.099876e+00 -5.000000e+01
    endloop
  endfacet
  facet normal -5.721748e-02 -9.983617e-01 8.881526e-18
    outer loop
      vertex   -1.107725e+02 -6.099876e+00 -5.000000e+01
      vertex   -1.113224e+02 -6.068361e+00 0.000000e+00
      vertex   -1.113224e+02 -6.068361e+00 -1.000000e+02
    endloop
  endfacet
  facet normal -5.721748e-02 -9.983617e-01 -6.475807e-16
    outer loop
      vertex   -1.107725e+02 -6.099876e+00 -5.000000e+01
      vertex   -1.113224e+02 -6.068361e+00 -1.000000e+02
      vertex   -1.107613e+02 -6.100516e+00 -5.013119e+01
    endloop
  endfacet
  facet normal -5.721748e-02 -9.983617e-01 4.255178e-18
    outer loop
      vertex   -1.107613e+02 -6.100516e+00 -5.013119e+01
      vertex   -1.113224e+02 -6.068361e+00 -1.000000e+02
      vertex   -1.102859e+02 -6.127765e+00 -1.000000e+02
    endloop
  endfacet
  facet normal -5.721748e-02 -9.983617e-01 -2.711228e-16
    outer loop
      vertex   -1.107613e+02 -6.100516e+00 -5.013119e+01
      vertex   -1.102859e+02 -6.127765e+00 -1.000000e+02
      vertex   -1.107281e+02 -6.102417e+00 -5.025858e+01
    endloop
  endfacet
  facet normal -5.721748e-02 -9.983617e-01 2.027991e-16
    outer loop
      vertex   -1.107281e+02 -6.102417e+00 -5.025858e+01
      vertex   -1.102859e+02 -6.127765e+00 -1.000000e+02
      vertex   -1.106739e+02 -6.105525e+00 -5.037852e+01
    endloop
  endfacet
  facet normal -5.721748e-02 -9.983617e-01 -7.365224e-17
    outer loop
      vertex   -1.106739e+02 -6.105525e+00 -5.037852e+01
      vertex   -1.102859e+02 -6.127765e+00 -1.000000e+02
      vertex   -1.106002e+02 -6.109750e+00 -5.048753e+01
    endloop
  endfacet
  facet normal -5.721748e-02 -9.983617e-01 -6.486027e-17
    outer loop
      vertex   -1.106002e+02 -6.109750e+00 -5.048753e+01
      vertex   -1.102859e+02 -6.127765e+00 -1.000000e+02
      vertex   -1.105091e+02 -6.114969e+00 -5.058247e+01
    endloop
  endfacet
  facet normal -5.721748e-02 -9.983617e-01 4.736092e-17
    outer loop
      vertex   -1.105091e+02 -6.114969e+00 -5.058247e+01
      vertex   -1.102859e+02 -6.127765e+00 -1.000000e+02
      vertex   -1.104033e+02 -6.121032e+00 -5.066060e+01
    endloop
  endfacet
  facet normal -5.721748e-02 -9.983617e-01 -2.539068e-17
    outer loop
      vertex   -1.104033e+02 -6.121032e+00 -5.066060e+01
      vertex   -1.102859e+02 -6.127765e+00 -1.000000e+02
      vertex   -1.102859e+02 -6.127765e+00 -5.071967e+01
    endloop
  endfacet
  facet normal -5.759950e-02 -9.983398e-01 8.867038e-18
    outer loop
      vertex   -1.113224e+02 -6.068361e+00 0.000000e+00
      vertex   -1.123577e+02 -6.008625e+00 0.000000e+00
      vertex   -1.113224e+02 -6.068361e+00 -1.000000e+02
    endloop
  endfacet
  facet normal -5.759950e-02 -9.983398e-01 -8.831787e-18
    outer loop
      vertex   -1.113224e+02 -6.068361e+00 -1.000000e+02
      vertex   -1.123577e+02 -6.008625e+00 0.000000e+00
      vertex   -1.123577e+02 -6.008625e+00 -1.000000e+02
    endloop
  endfacet
  facet normal -5.796756e-02 -9.983185e-01 -8.866849e-18
    outer loop
      vertex   -1.123577e+02 -6.008625e+00 0.000000e+00
      vertex   -1.133918e+02 -5.948580e+00 0.000000e+00
      vertex   -1.123577e+02 -6.008625e+00 -1.000000e+02
    endloop
  endfacet
  facet normal -5.796756e-02 -9.983185e-01 8.842361e-18
    outer loop
      vertex   -1.123577e+02 -6.008625e+00 -1.000000e+02
      vertex   -1.133918e+02 -5.948580e+00 0.000000e+00
      vertex   -1.133918e+02 -5.948580e+00 -1.000000e+02
    endloop
  endfacet
  facet normal -5.832203e-02 -9.982978e-01 8.866666e-18
    outer loop
      vertex   -1.133918e+02 -5.948580e+00 0.000000e+00
      vertex   -1.144246e+02 -5.888246e+00 0.000000e+00
      vertex   -1.133918e+02 -5.948580e+00 -1.000000e+02
    endloop
  endfacet
  facet normal -5.832203e-02 -9.982978e-01 8.921005e-18
    outer loop
      vertex   -1.133918e+02 -5.948580e+00 -1.000000e+02
      vertex   -1.144246e+02 -5.888246e+00 0.000000e+00
      vertex   -1.144246e+02 -5.888246e+00 -1.000000e+02
    endloop
  endfacet
  facet normal -5.866332e-02 -9.982778e-01 8.866488e-18
    outer loop
      vertex   -1.144246e+02 -5.888246e+00 0.000000e+00
      vertex   -1.154558e+02 -5.827645e+00 0.000000e+00
      vertex   -1.144246e+02 -5.888246e+00 -1.000000e+02
    endloop
  endfacet
  facet normal -5.866332e-02 -9.982778e-01 -8.866501e-18
    outer loop
      vertex   -1.144246e+02 -5.888246e+00 -1.000000e+02
      vertex   -1.154558e+02 -5.827645e+00 0.000000e+00
      vertex   -1.154558e+02 -5.827645e+00 -1.000000e+02
    endloop
  endfacet
  facet normal -5.899181e-02 -9.982585e-01 -8.866316e-18
    outer loop
      vertex   -1.154558e+02 -5.827645e+00 0.000000e+00
      vertex   -1.164855e+02 -5.766798e+00 0.000000e+00
      vertex   -1.154558e+02 -5.827645e+00 -1.000000e+02
    endloop
  endfacet
  facet normal -5.899181e-02 -9.982585e-01 0.000000e+00
    outer loop
      vertex   -1.154558e+02 -5.827645e+00 -1.000000e+02
      vertex   -1.164855e+02 -5.766798e+00 0.000000e+00
      vertex   -1.164855e+02 -5.766798e+00 -1.000000e+02
    endloop
  endfacet
  facet normal -5.930789e-02 -9.982397e-01 -0.000000e+00
    outer loop
      vertex   -1.164855e+02 -5.766798e+00 0.000000e+00
      vertex   -1.175134e+02 -5.705726e+00 0.000000e+00
      vertex   -1.164855e+02 -5.766798e+00 -1.000000e+02
    endloop
  endfacet
  facet normal -5.930789e-02 -9.982397e-01 8.894682e-18
    outer loop
      vertex   -1.164855e+02 -5.766798e+00 -1.000000e+02
      vertex   -1.175134e+02 -5.705726e+00 0.000000e+00
      vertex   -1.175134e+02 -5.705726e+00 -1.000000e+02
    endloop
  endfacet
  facet normal -5.961195e-02 -9.982216e-01 8.865989e-18
    outer loop
      vertex   -1.175134e+02 -5.705726e+00 0.000000e+00
      vertex   -1.185395e+02 -5.644448e+00 0.000000e+00
      vertex   -1.175134e+02 -5.705726e+00 -1.000000e+02
    endloop
  endfacet
  facet normal -5.961195e-02 -9.982216e-01 0.000000e+00
    outer loop
      vertex   -1.175134e+02 -5.705726e+00 -1.000000e+02
      vertex   -1.185395e+02 -5.644448e+00 0.000000e+00
      vertex   -1.185395e+02 -5.644448e+00 -1.000000e+02
    endloop
  endfacet
  facet normal -5.990437e-02 -9.982041e-01 -0.000000e+00
    outer loop
      vertex   -1.185395e+02 -5.644448e+00 0.000000e+00
      vertex   -1.195637e+02 -5.582984e+00 0.000000e+00
      vertex   -1.185395e+02 -5.644448e+00 -1.000000e+02
    endloop
  endfacet
  facet normal -5.990437e-02 -9.982041e-01 0.000000e+00
    outer loop
      vertex   -1.185395e+02 -5.644448e+00 -1.000000e+02
      vertex   -1.195637e+02 -5.582984e+00 0.000000e+00
      vertex   -1.195637e+02 -5.582984e+00 -1.000000e+02
    endloop
  endfacet
  facet normal -6.018552e-02 -9.981872e-01 -0.000000e+00
    outer loop
      vertex   -1.195637e+02 -5.582984e+00 0.000000e+00
      vertex   -1.205859e+02 -5.521354e+00 0.000000e+00
      vertex   -1.195637e+02 -5.582984e+00 -1.000000e+02
    endloop
  endfacet
  facet normal -6.018552e-02 -9.981872e-01 -8.809152e-18
    outer loop
      vertex   -1.195637e+02 -5.582984e+00 -1.000000e+02
      vertex   -1.205859e+02 -5.521354e+00 0.000000e+00
      vertex   -1.205859e+02 -5.521354e+00 -1.000000e+02
    endloop
  endfacet
  facet normal -6.045578e-02 -9.981709e-01 -8.865538e-18
    outer loop
      vertex   -1.205859e+02 -5.521354e+00 0.000000e+00
      vertex   -1.216059e+02 -5.459577e+00 0.000000e+00
      vertex   -1.205859e+02 -5.521354e+00 -1.000000e+02
    endloop
  endfacet
  facet normal -6.045578e-02 -9.981709e-01 8.963442e-18
    outer loop
      vertex   -1.205859e+02 -5.521354e+00 -1.000000e+02
      vertex   -1.216059e+02 -5.459577e+00 0.000000e+00
      vertex   -1.216059e+02 -5.459577e+00 -1.000000e+02
    endloop
  endfacet
  facet normal -6.071550e-02 -9.981551e-01 8.865398e-18
    outer loop
      vertex   -1.216059e+02 -5.459577e+00 0.000000e+00
      vertex   -1.226236e+02 -5.397671e+00 0.000000e+00
      vertex   -1.216059e+02 -5.459577e+00 -1.000000e+02
    endloop
  endfacet
  facet normal -6.071550e-02 -9.981551e-01 -8.983274e-18
    outer loop
      vertex   -1.216059e+02 -5.459577e+00 -1.000000e+02
      vertex   -1.226236e+02 -5.397671e+00 0.000000e+00
      vertex   -1.226236e+02 -5.397671e+00 -1.000000e+02
    endloop
  endfacet
  facet normal -6.096507e-02 -9.981399e-01 -8.865263e-18
    outer loop
      vertex   -1.226236e+02 -5.397671e+00 0.000000e+00
      vertex   -1.236389e+02 -5.335656e+00 0.000000e+00
      vertex   -1.226236e+02 -5.397671e+00 -1.000000e+02
    endloop
  endfacet
  facet normal -6.096507e-02 -9.981399e-01 0.000000e+00
    outer loop
      vertex   -1.226236e+02 -5.397671e+00 -1.000000e+02
      vertex   -1.236389e+02 -5.335656e+00 0.000000e+00
      vertex   -1.236389e+02 -5.335656e+00 -1.000000e+02
    endloop
  endfacet
  facet normal -6.120483e-02 -9.981252e-01 -0.000000e+00
    outer loop
      vertex   -1.236389e+02 -5.335656e+00 0.000000e+00
      vertex   -1.246518e+02 -5.273548e+00 0.000000e+00
      vertex   -1.236389e+02 -5.335656e+00 -1.000000e+02
    endloop
  endfacet
  facet normal -6.120483e-02 -9.981252e-01 -8.889431e-18
    outer loop
      vertex   -1.236389e+02 -5.335656e+00 -1.000000e+02
      vertex   -1.246518e+02 -5.273548e+00 0.000000e+00
      vertex   -1.246518e+02 -5.273548e+00 -1.000000e+02
    endloop
  endfacet
  facet normal -6.143514e-02 -9.981111e-01 -8.865007e-18
    outer loop
      vertex   -1.246518e+02 -5.273548e+00 0.000000e+00
      vertex   -1.256620e+02 -5.211366e+00 0.000000e+00
      vertex   -1.246518e+02 -5.273548e+00 -1.000000e+02
    endloop
  endfacet
  facet normal -6.143514e-02 -9.981111e-01 0.000000e+00
    outer loop
      vertex   -1.246518e+02 -5.273548e+00 -1.000000e+02
      vertex   -1.256620e+02 -5.211366e+00 0.000000e+00
      vertex   -1.256620e+02 -5.211366e+00 -1.000000e+02
    endloop
  endfacet
  facet normal -6.165635e-02 -9.980974e-01 -0.000000e+00
    outer loop
      vertex   -1.256620e+02 -5.211366e+00 0.000000e+00
      vertex   -1.266695e+02 -5.149127e+00 0.000000e+00
      vertex   -1.256620e+02 -5.211366e+00 -1.000000e+02
    endloop
  endfacet
  facet normal -6.165635e-02 -9.980974e-01 8.798578e-18
    outer loop
      vertex   -1.256620e+02 -5.211366e+00 -1.000000e+02
      vertex   -1.266695e+02 -5.149127e+00 0.000000e+00
      vertex   -1.266695e+02 -5.149127e+00 -1.000000e+02
    endloop
  endfacet
  facet normal -6.186881e-02 -9.980843e-01 8.864769e-18
    outer loop
      vertex   -1.266695e+02 -5.149127e+00 0.000000e+00
      vertex   -1.276743e+02 -5.086847e+00 0.000000e+00
      vertex   -1.266695e+02 -5.149127e+00 -1.000000e+02
    endloop
  endfacet
  facet normal -6.186881e-02 -9.980843e-01 8.823175e-18
    outer loop
      vertex   -1.266695e+02 -5.149127e+00 -1.000000e+02
      vertex   -1.276743e+02 -5.086847e+00 0.000000e+00
      vertex   -1.276743e+02 -5.086847e+00 -1.000000e+02
    endloop
  endfacet
  facet normal -6.207285e-02 -9.980716e-01 8.864657e-18
    outer loop
      vertex   -1.276743e+02 -5.086847e+00 0.000000e+00
      vertex   -1.286760e+02 -5.024543e+00 0.000000e+00
      vertex   -1.276743e+02 -5.086847e+00 -1.000000e+02
    endloop
  endfacet
  facet normal -6.207285e-02 -9.980716e-01 -1.762864e-17
    outer loop
      vertex   -1.276743e+02 -5.086847e+00 -1.000000e+02
      vertex   -1.286760e+02 -5.024543e+00 0.000000e+00
      vertex   -1.286760e+02 -5.024543e+00 -1.000000e+02
    endloop
  endfacet
  facet normal -6.226883e-02 -9.980594e-01 -1.769786e-17
    outer loop
      vertex   -1.286760e+02 -5.024543e+00 0.000000e+00
      vertex   -1.296748e+02 -4.962232e+00 0.000000e+00
      vertex   -1.286760e+02 -5.024543e+00 -1.000000e+02
    endloop
  endfacet
  facet normal -6.226883e-02 -9.980594e-01 0.000000e+00
    outer loop
      vertex   -1.286760e+02 -5.024543e+00 -1.000000e+02
      vertex   -1.296748e+02 -4.962232e+00 0.000000e+00
      vertex   -1.296748e+02 -4.962232e+00 -1.000000e+02
    endloop
  endfacet
  facet normal -6.245705e-02 -9.980477e-01 -0.000000e+00
    outer loop
      vertex   -1.296748e+02 -4.962232e+00 0.000000e+00
      vertex   -1.306704e+02 -4.899929e+00 0.000000e+00
      vertex   -1.296748e+02 -4.962232e+00 -1.000000e+02
    endloop
  endfacet
  facet normal -6.245705e-02 -9.980477e-01 -8.903725e-18
    outer loop
      vertex   -1.296748e+02 -4.962232e+00 -1.000000e+02
      vertex   -1.306704e+02 -4.899929e+00 0.000000e+00
      vertex   -1.306704e+02 -4.899929e+00 -1.000000e+02
    endloop
  endfacet
  facet normal -6.263786e-02 -9.980363e-01 -8.864343e-18
    outer loop
      vertex   -1.306704e+02 -4.899929e+00 0.000000e+00
      vertex   -1.316627e+02 -4.837649e+00 0.000000e+00
      vertex   -1.306704e+02 -4.899929e+00 -1.000000e+02
    endloop
  endfacet
  facet normal -6.263786e-02 -9.980363e-01 0.000000e+00
    outer loop
      vertex   -1.306704e+02 -4.899929e+00 -1.000000e+02
      vertex   -1.316627e+02 -4.837649e+00 0.000000e+00
      vertex   -1.316627e+02 -4.837649e+00 -1.000000e+02
    endloop
  endfacet
  facet normal -6.281156e-02 -9.980254e-01 -0.000000e+00
    outer loop
      vertex   -1.316627e+02 -4.837649e+00 0.000000e+00
      vertex   -1.326517e+02 -4.775408e+00 0.000000e+00
      vertex   -1.316627e+02 -4.837649e+00 -1.000000e+02
    endloop
  endfacet
  facet normal -6.281156e-02 -9.980254e-01 8.893200e-18
    outer loop
      vertex   -1.316627e+02 -4.837649e+00 -1.000000e+02
      vertex   -1.326517e+02 -4.775408e+00 0.000000e+00
      vertex   -1.326517e+02 -4.775408e+00 -1.000000e+02
    endloop
  endfacet
  facet normal -6.297849e-02 -9.980149e-01 8.864153e-18
    outer loop
      vertex   -1.326517e+02 -4.775408e+00 0.000000e+00
      vertex   -1.336371e+02 -4.713221e+00 0.000000e+00
      vertex   -1.326517e+02 -4.775408e+00 -1.000000e+02
    endloop
  endfacet
  facet normal -6.297849e-02 -9.980149e-01 8.854228e-18
    outer loop
      vertex   -1.326517e+02 -4.775408e+00 -1.000000e+02
      vertex   -1.336371e+02 -4.713221e+00 0.000000e+00
      vertex   -1.336371e+02 -4.713221e+00 -1.000000e+02
    endloop
  endfacet
  facet normal -6.313893e-02 -9.980047e-01 8.864063e-18
    outer loop
      vertex   -1.336371e+02 -4.713221e+00 0.000000e+00
      vertex   -1.346190e+02 -4.651102e+00 0.000000e+00
      vertex   -1.336371e+02 -4.713221e+00 -1.000000e+02
    endloop
  endfacet
  facet normal -6.313893e-02 -9.980047e-01 8.886486e-18
    outer loop
      vertex   -1.336371e+02 -4.713221e+00 -1.000000e+02
      vertex   -1.346190e+02 -4.651102e+00 0.000000e+00
      vertex   -1.346190e+02 -4.651102e+00 -1.000000e+02
    endloop
  endfacet
  facet normal -6.329320e-02 -9.979950e-01 8.863976e-18
    outer loop
      vertex   -1.346190e+02 -4.651102e+00 0.000000e+00
      vertex   -1.355972e+02 -4.589064e+00 0.000000e+00
      vertex   -1.346190e+02 -4.651102e+00 -1.000000e+02
    endloop
  endfacet
  facet normal -6.329320e-02 -9.979950e-01 -8.919969e-18
    outer loop
      vertex   -1.346190e+02 -4.651102e+00 -1.000000e+02
      vertex   -1.355972e+02 -4.589064e+00 0.000000e+00
      vertex   -1.355972e+02 -4.589064e+00 -1.000000e+02
    endloop
  endfacet
  facet normal -6.344160e-02 -9.979856e-01 -8.863892e-18
    outer loop
      vertex   -1.355972e+02 -4.589064e+00 0.000000e+00
      vertex   -1.365716e+02 -4.527122e+00 0.000000e+00
      vertex   -1.355972e+02 -4.589064e+00 -1.000000e+02
    endloop
  endfacet
  facet normal -6.344160e-02 -9.979856e-01 8.883630e-18
    outer loop
      vertex   -1.355972e+02 -4.589064e+00 -1.000000e+02
      vertex   -1.365716e+02 -4.527122e+00 0.000000e+00
      vertex   -1.365716e+02 -4.527122e+00 -1.000000e+02
    endloop
  endfacet
  facet normal -6.358442e-02 -9.979765e-01 8.863812e-18
    outer loop
      vertex   -1.365716e+02 -4.527122e+00 0.000000e+00
      vertex   -1.375421e+02 -4.465289e+00 0.000000e+00
      vertex   -1.365716e+02 -4.527122e+00 -1.000000e+02
    endloop
  endfacet
  facet normal -6.358442e-02 -9.979765e-01 0.000000e+00
    outer loop
      vertex   -1.365716e+02 -4.527122e+00 -1.000000e+02
      vertex   -1.375421e+02 -4.465289e+00 0.000000e+00
      vertex   -1.375421e+02 -4.465289e+00 -1.000000e+02
    endloop
  endfacet
  facet normal -6.372194e-02 -9.979677e-01 -0.000000e+00
    outer loop
      vertex   -1.375421e+02 -4.465289e+00 0.000000e+00
      vertex   -1.385086e+02 -4.403579e+00 0.000000e+00
      vertex   -1.375421e+02 -4.465289e+00 -1.000000e+02
    endloop
  endfacet
  facet normal -6.372194e-02 -9.979677e-01 0.000000e+00
    outer loop
      vertex   -1.375421e+02 -4.465289e+00 -1.000000e+02
      vertex   -1.385086e+02 -4.403579e+00 0.000000e+00
      vertex   -1.385086e+02 -4.403579e+00 -1.000000e+02
    endloop
  endfacet
  facet normal -6.385444e-02 -9.979592e-01 -0.000000e+00
    outer loop
      vertex   -1.385086e+02 -4.403579e+00 0.000000e+00
      vertex   -1.394709e+02 -4.342004e+00 0.000000e+00
      vertex   -1.385086e+02 -4.403579e+00 -1.000000e+02
    endloop
  endfacet
  facet normal -6.385444e-02 -9.979592e-01 -8.850733e-18
    outer loop
      vertex   -1.385086e+02 -4.403579e+00 -1.000000e+02
      vertex   -1.394709e+02 -4.342004e+00 0.000000e+00
      vertex   -1.394709e+02 -4.342004e+00 -1.000000e+02
    endloop
  endfacet
  facet normal -6.398220e-02 -9.979510e-01 -8.863586e-18
    outer loop
      vertex   -1.394709e+02 -4.342004e+00 0.000000e+00
      vertex   -1.404290e+02 -4.280576e+00 0.000000e+00
      vertex   -1.394709e+02 -4.342004e+00 -1.000000e+02
    endloop
  endfacet
  facet normal -6.398220e-02 -9.979510e-01 8.889739e-18
    outer loop
      vertex   -1.394709e+02 -4.342004e+00 -1.000000e+02
      vertex   -1.404290e+02 -4.280576e+00 0.000000e+00
      vertex   -1.404290e+02 -4.280576e+00 -1.000000e+02
    endloop
  endfacet
  facet normal -6.410548e-02 -9.979431e-01 8.863516e-18
    outer loop
      vertex   -1.404290e+02 -4.280576e+00 0.000000e+00
      vertex   -1.413828e+02 -4.219308e+00 0.000000e+00
      vertex   -1.404290e+02 -4.280576e+00 -1.000000e+02
    endloop
  endfacet
  facet normal -6.410548e-02 -9.979431e-01 -8.857481e-18
    outer loop
      vertex   -1.404290e+02 -4.280576e+00 -1.000000e+02
      vertex   -1.413828e+02 -4.219308e+00 0.000000e+00
      vertex   -1.413828e+02 -4.219308e+00 -1.000000e+02
    endloop
  endfacet
  facet normal -6.422455e-02 -9.979355e-01 -8.863448e-18
    outer loop
      vertex   -1.413828e+02 -4.219308e+00 0.000000e+00
      vertex   -1.423321e+02 -4.158211e+00 0.000000e+00
      vertex   -1.413828e+02 -4.219308e+00 -1.000000e+02
    endloop
  endfacet
  facet normal -6.422455e-02 -9.979355e-01 -9.409444e-18
    outer loop
      vertex   -1.413828e+02 -4.219308e+00 -1.000000e+02
      vertex   -1.423321e+02 -4.158211e+00 0.000000e+00
      vertex   -1.423321e+02 -4.158211e+00 -1.000000e+02
    endloop
  endfacet
  facet normal -6.433966e-02 -9.979281e-01 -9.423049e-18
    outer loop
      vertex   -1.423321e+02 -4.158211e+00 0.000000e+00
      vertex   -1.432769e+02 -4.097298e+00 0.000000e+00
      vertex   -1.423321e+02 -4.158211e+00 -1.000000e+02
    endloop
  endfacet
  facet normal -6.433966e-02 -9.979281e-01 -1.832297e-17
    outer loop
      vertex   -1.423321e+02 -4.158211e+00 -1.000000e+02
      vertex   -1.432769e+02 -4.097298e+00 0.000000e+00
      vertex   -1.432769e+02 -4.097298e+00 -1.000000e+02
    endloop
  endfacet
  facet normal -6.445105e-02 -9.979209e-01 -1.831809e-17
    outer loop
      vertex   -1.432769e+02 -4.097298e+00 0.000000e+00
      vertex   -1.442170e+02 -4.036579e+00 0.000000e+00
      vertex   -1.432769e+02 -4.097298e+00 -1.000000e+02
    endloop
  endfacet
  facet normal -6.445105e-02 -9.979209e-01 0.000000e+00
    outer loop
      vertex   -1.432769e+02 -4.097298e+00 -1.000000e+02
      vertex   -1.442170e+02 -4.036579e+00 0.000000e+00
      vertex   -1.442170e+02 -4.036579e+00 -1.000000e+02
    endloop
  endfacet
  facet normal -6.455898e-02 -9.979139e-01 -0.000000e+00
    outer loop
      vertex   -1.442170e+02 -4.036579e+00 0.000000e+00
      vertex   -1.451524e+02 -3.976065e+00 0.000000e+00
      vertex   -1.442170e+02 -4.036579e+00 -1.000000e+02
    endloop
  endfacet
  facet normal -6.455898e-02 -9.979139e-01 -4.367645e-18
    outer loop
      vertex   -1.442170e+02 -4.036579e+00 -1.000000e+02
      vertex   -1.451524e+02 -3.976065e+00 0.000000e+00
      vertex   -1.451524e+02 -3.976065e+00 -1.000000e+02
    endloop
  endfacet
  facet normal -6.466366e-02 -9.979071e-01 -4.431598e-18
    outer loop
      vertex   -1.451524e+02 -3.976065e+00 0.000000e+00
      vertex   -1.460829e+02 -3.915768e+00 0.000000e+00
      vertex   -1.451524e+02 -3.976065e+00 -1.000000e+02
    endloop
  endfacet
  facet normal -6.466366e-02 -9.979071e-01 -4.464835e-18
    outer loop
      vertex   -1.451524e+02 -3.976065e+00 -1.000000e+02
      vertex   -1.460829e+02 -3.915768e+00 0.000000e+00
      vertex   -1.460829e+02 -3.915768e+00 -1.000000e+02
    endloop
  endfacet
  facet normal -6.476534e-02 -9.979005e-01 -4.431569e-18
    outer loop
      vertex   -1.460829e+02 -3.915768e+00 0.000000e+00
      vertex   -1.470085e+02 -3.855698e+00 0.000000e+00
      vertex   -1.460829e+02 -3.915768e+00 -1.000000e+02
    endloop
  endfacet
  facet normal -6.476534e-02 -9.979005e-01 4.488742e-18
    outer loop
      vertex   -1.460829e+02 -3.915768e+00 -1.000000e+02
      vertex   -1.470085e+02 -3.855698e+00 0.000000e+00
      vertex   -1.470085e+02 -3.855698e+00 -1.000000e+02
    endloop
  endfacet
  facet normal -6.486423e-02 -9.978941e-01 4.431540e-18
    outer loop
      vertex   -1.470085e+02 -3.855698e+00 0.000000e+00
      vertex   -1.479290e+02 -3.795865e+00 0.000000e+00
      vertex   -1.470085e+02 -3.855698e+00 -1.000000e+02
    endloop
  endfacet
  facet normal -6.486423e-02 -9.978941e-01 0.000000e+00
    outer loop
      vertex   -1.470085e+02 -3.855698e+00 -1.000000e+02
      vertex   -1.479290e+02 -3.795865e+00 0.000000e+00
      vertex   -1.479290e+02 -3.795865e+00 -1.000000e+02
    endloop
  endfacet
  facet normal -6.496055e-02 -9.978878e-01 -0.000000e+00
    outer loop
      vertex   -1.479290e+02 -3.795865e+00 0.000000e+00
      vertex   -1.488443e+02 -3.736279e+00 0.000000e+00
      vertex   -1.479290e+02 -3.795865e+00 -1.000000e+02
    endloop
  endfacet
  facet normal -6.496055e-02 -9.978878e-01 0.000000e+00
    outer loop
      vertex   -1.479290e+02 -3.795865e+00 -1.000000e+02
      vertex   -1.488443e+02 -3.736279e+00 0.000000e+00
      vertex   -1.488443e+02 -3.736279e+00 -1.000000e+02
    endloop
  endfacet
  facet normal -6.505451e-02 -9.978817e-01 -0.000000e+00
    outer loop
      vertex   -1.488443e+02 -3.736279e+00 0.000000e+00
      vertex   -1.497544e+02 -3.676950e+00 0.000000e+00
      vertex   -1.488443e+02 -3.736279e+00 -1.000000e+02
    endloop
  endfacet
  facet normal -6.505451e-02 -9.978817e-01 0.000000e+00
    outer loop
      vertex   -1.488443e+02 -3.736279e+00 -1.000000e+02
      vertex   -1.497544e+02 -3.676950e+00 0.000000e+00
      vertex   -1.497544e+02 -3.676950e+00 -1.000000e+02
    endloop
  endfacet
  facet normal -6.514630e-02 -9.978757e-01 -0.000000e+00
    outer loop
      vertex   -1.497544e+02 -3.676950e+00 0.000000e+00
      vertex   -1.506591e+02 -3.617887e+00 0.000000e+00
      vertex   -1.497544e+02 -3.676950e+00 -1.000000e+02
    endloop
  endfacet
  facet normal -6.514630e-02 -9.978757e-01 0.000000e+00
    outer loop
      vertex   -1.497544e+02 -3.676950e+00 -1.000000e+02
      vertex   -1.506591e+02 -3.617887e+00 0.000000e+00
      vertex   -1.506591e+02 -3.617887e+00 -1.000000e+02
    endloop
  endfacet
  facet normal -6.523613e-02 -9.978699e-01 -0.000000e+00
    outer loop
      vertex   -1.506591e+02 -3.617887e+00 0.000000e+00
      vertex   -1.515583e+02 -3.559100e+00 0.000000e+00
      vertex   -1.506591e+02 -3.617887e+00 -1.000000e+02
    endloop
  endfacet
  facet normal -6.523613e-02 -9.978699e-01 -4.389078e-18
    outer loop
      vertex   -1.506591e+02 -3.617887e+00 -1.000000e+02
      vertex   -1.515583e+02 -3.559100e+00 0.000000e+00
      vertex   -1.515583e+02 -3.559100e+00 -1.000000e+02
    endloop
  endfacet
  facet normal -6.532417e-02 -9.978641e-01 -4.431407e-18
    outer loop
      vertex   -1.515583e+02 -3.559100e+00 0.000000e+00
      vertex   -1.524519e+02 -3.500598e+00 0.000000e+00
      vertex   -1.515583e+02 -3.559100e+00 -1.000000e+02
    endloop
  endfacet
  facet normal -6.532417e-02 -9.978641e-01 -8.832818e-18
    outer loop
      vertex   -1.515583e+02 -3.559100e+00 -1.000000e+02
      vertex   -1.524519e+02 -3.500598e+00 0.000000e+00
      vertex   -1.524519e+02 -3.500598e+00 -1.000000e+02
    endloop
  endfacet
  facet normal -6.541062e-02 -9.978584e-01 -8.862763e-18
    outer loop
      vertex   -1.524519e+02 -3.500598e+00 0.000000e+00
      vertex   -1.533399e+02 -3.442390e+00 0.000000e+00
      vertex   -1.524519e+02 -3.500598e+00 -1.000000e+02
    endloop
  endfacet
  facet normal -6.541062e-02 -9.978584e-01 8.811189e-18
    outer loop
      vertex   -1.524519e+02 -3.500598e+00 -1.000000e+02
      vertex   -1.533399e+02 -3.442390e+00 0.000000e+00
      vertex   -1.533399e+02 -3.442390e+00 -1.000000e+02
    endloop
  endfacet
  facet normal -6.549563e-02 -9.978529e-01 8.862714e-18
    outer loop
      vertex   -1.533399e+02 -3.442390e+00 0.000000e+00
      vertex   -1.542221e+02 -3.384485e+00 0.000000e+00
      vertex   -1.533399e+02 -3.442390e+00 -1.000000e+02
    endloop
  endfacet
  facet normal -6.549563e-02 -9.978529e-01 4.395134e-18
    outer loop
      vertex   -1.533399e+02 -3.442390e+00 -1.000000e+02
      vertex   -1.542221e+02 -3.384485e+00 0.000000e+00
      vertex   -1.542221e+02 -3.384485e+00 -1.000000e+02
    endloop
  endfacet
  facet normal -6.557939e-02 -9.978474e-01 4.431332e-18
    outer loop
      vertex   -1.542221e+02 -3.384485e+00 0.000000e+00
      vertex   -1.550985e+02 -3.326891e+00 0.000000e+00
      vertex   -1.542221e+02 -3.384485e+00 -1.000000e+02
    endloop
  endfacet
  facet normal -6.557939e-02 -9.978474e-01 -8.849066e-18
    outer loop
      vertex   -1.542221e+02 -3.384485e+00 -1.000000e+02
      vertex   -1.550985e+02 -3.326891e+00 0.000000e+00
      vertex   -1.550985e+02 -3.326891e+00 -1.000000e+02
    endloop
  endfacet
  facet normal -6.566204e-02 -9.978419e-01 -8.862617e-18
    outer loop
      vertex   -1.550985e+02 -3.326891e+00 0.000000e+00
      vertex   -1.559689e+02 -3.269616e+00 0.000000e+00
      vertex   -1.550985e+02 -3.326891e+00 -1.000000e+02
    endloop
  endfacet
  facet normal -6.566204e-02 -9.978419e-01 8.830107e-18
    outer loop
      vertex   -1.550985e+02 -3.326891e+00 -1.000000e+02
      vertex   -1.559689e+02 -3.269616e+00 0.000000e+00
      vertex   -1.559689e+02 -3.269616e+00 -1.000000e+02
    endloop
  endfacet
  facet normal -6.574374e-02 -9.978365e-01 8.862569e-18
    outer loop
      vertex   -1.559689e+02 -3.269616e+00 0.000000e+00
      vertex   -1.568332e+02 -3.212669e+00 0.000000e+00
      vertex   -1.559689e+02 -3.269616e+00 -1.000000e+02
    endloop
  endfacet
  facet normal -6.574374e-02 -9.978365e-01 -1.874527e-17
    outer loop
      vertex   -1.559689e+02 -3.269616e+00 -1.000000e+02
      vertex   -1.568332e+02 -3.212669e+00 0.000000e+00
      vertex   -1.568332e+02 -3.212669e+00 -1.000000e+02
    endloop
  endfacet
  facet normal -6.582465e-02 -9.978312e-01 -1.870849e-17
    outer loop
      vertex   -1.568332e+02 -3.212669e+00 0.000000e+00
      vertex   -1.576913e+02 -3.156059e+00 0.000000e+00
      vertex   -1.568332e+02 -3.212669e+00 -1.000000e+02
    endloop
  endfacet
  facet normal -6.582465e-02 -9.978312e-01 0.000000e+00
    outer loop
      vertex   -1.568332e+02 -3.212669e+00 -1.000000e+02
      vertex   -1.576913e+02 -3.156059e+00 0.000000e+00
      vertex   -1.576913e+02 -3.156059e+00 -1.000000e+02
    endloop
  endfacet
  facet normal -6.590488e-02 -9.978259e-01 -0.000000e+00
    outer loop
      vertex   -1.576913e+02 -3.156059e+00 0.000000e+00
      vertex   -1.585432e+02 -3.099791e+00 0.000000e+00
      vertex   -1.576913e+02 -3.156059e+00 -1.000000e+02
    endloop
  endfacet
  facet normal -6.590488e-02 -9.978259e-01 -8.858893e-18
    outer loop
      vertex   -1.576913e+02 -3.156059e+00 -1.000000e+02
      vertex   -1.585432e+02 -3.099791e+00 0.000000e+00
      vertex   -1.585432e+02 -3.099791e+00 -1.000000e+02
    endloop
  endfacet
  facet normal -6.598459e-02 -9.978206e-01 -8.862428e-18
    outer loop
      vertex   -1.585432e+02 -3.099791e+00 0.000000e+00
      vertex   -1.593888e+02 -3.043876e+00 0.000000e+00
      vertex   -1.585432e+02 -3.099791e+00 -1.000000e+02
    endloop
  endfacet
  facet normal -6.598459e-02 -9.978206e-01 4.421740e-18
    outer loop
      vertex   -1.585432e+02 -3.099791e+00 -1.000000e+02
      vertex   -1.593888e+02 -3.043876e+00 0.000000e+00
      vertex   -1.593888e+02 -3.043876e+00 -1.000000e+02
    endloop
  endfacet
  facet normal -6.606388e-02 -9.978154e-01 4.431191e-18
    outer loop
      vertex   -1.593888e+02 -3.043876e+00 0.000000e+00
      vertex   -1.602279e+02 -2.988319e+00 0.000000e+00
      vertex   -1.593888e+02 -3.043876e+00 -1.000000e+02
    endloop
  endfacet
  facet normal -6.606388e-02 -9.978154e-01 0.000000e+00
    outer loop
      vertex   -1.593888e+02 -3.043876e+00 -1.000000e+02
      vertex   -1.602279e+02 -2.988319e+00 0.000000e+00
      vertex   -1.602279e+02 -2.988319e+00 -1.000000e+02
    endloop
  endfacet
  facet normal -6.614289e-02 -9.978102e-01 -0.000000e+00
    outer loop
      vertex   -1.602279e+02 -2.988319e+00 0.000000e+00
      vertex   -1.610605e+02 -2.933129e+00 0.000000e+00
      vertex   -1.602279e+02 -2.988319e+00 -1.000000e+02
    endloop
  endfacet
  facet normal -6.614289e-02 -9.978102e-01 -4.407474e-18
    outer loop
      vertex   -1.602279e+02 -2.988319e+00 -1.000000e+02
      vertex   -1.610605e+02 -2.933129e+00 0.000000e+00
      vertex   -1.610605e+02 -2.933129e+00 -1.000000e+02
    endloop
  endfacet
  facet normal -6.622172e-02 -9.978049e-01 -4.431144e-18
    outer loop
      vertex   -1.610605e+02 -2.933129e+00 0.000000e+00
      vertex   -1.618864e+02 -2.878314e+00 0.000000e+00
      vertex   -1.610605e+02 -2.933129e+00 -1.000000e+02
    endloop
  endfacet
  facet normal -6.622172e-02 -9.978049e-01 4.442834e-18
    outer loop
      vertex   -1.610605e+02 -2.933129e+00 -1.000000e+02
      vertex   -1.618864e+02 -2.878314e+00 0.000000e+00
      vertex   -1.618864e+02 -2.878314e+00 -1.000000e+02
    endloop
  endfacet
  facet normal -6.630047e-02 -9.977997e-01 4.431121e-18
    outer loop
      vertex   -1.618864e+02 -2.878314e+00 0.000000e+00
      vertex   -1.627057e+02 -2.823879e+00 0.000000e+00
      vertex   -1.618864e+02 -2.878314e+00 -1.000000e+02
    endloop
  endfacet
  facet normal -6.630047e-02 -9.977997e-01 4.394758e-18
    outer loop
      vertex   -1.618864e+02 -2.878314e+00 -1.000000e+02
      vertex   -1.627057e+02 -2.823879e+00 0.000000e+00
      vertex   -1.627057e+02 -2.823879e+00 -1.000000e+02
    endloop
  endfacet
  facet normal -6.637925e-02 -9.977945e-01 4.431098e-18
    outer loop
      vertex   -1.627057e+02 -2.823879e+00 0.000000e+00
      vertex   -1.635181e+02 -2.769833e+00 0.000000e+00
      vertex   -1.627057e+02 -2.823879e+00 -1.000000e+02
    endloop
  endfacet
  facet normal -6.637925e-02 -9.977945e-01 8.863201e-18
    outer loop
      vertex   -1.627057e+02 -2.823879e+00 -1.000000e+02
      vertex   -1.635181e+02 -2.769833e+00 0.000000e+00
      vertex   -1.635181e+02 -2.769833e+00 -1.000000e+02
    endloop
  endfacet
  facet normal -6.645815e-02 -9.977892e-01 8.862148e-18
    outer loop
      vertex   -1.635181e+02 -2.769833e+00 0.000000e+00
      vertex   -1.643236e+02 -2.716182e+00 0.000000e+00
      vertex   -1.635181e+02 -2.769833e+00 -1.000000e+02
    endloop
  endfacet
  facet normal -6.645815e-02 -9.977892e-01 4.383619e-18
    outer loop
      vertex   -1.635181e+02 -2.769833e+00 -1.000000e+02
      vertex   -1.643236e+02 -2.716182e+00 0.000000e+00
      vertex   -1.643236e+02 -2.716182e+00 -1.000000e+02
    endloop
  endfacet
  facet normal -6.653724e-02 -9.977839e-01 4.431051e-18
    outer loop
      vertex   -1.643236e+02 -2.716182e+00 0.000000e+00
      vertex   -1.651221e+02 -2.662934e+00 0.000000e+00
      vertex   -1.643236e+02 -2.716182e+00 -1.000000e+02
    endloop
  endfacet
  facet normal -6.653724e-02 -9.977839e-01 8.930716e-18
    outer loop
      vertex   -1.643236e+02 -2.716182e+00 -1.000000e+02
      vertex   -1.651221e+02 -2.662934e+00 0.000000e+00
      vertex   -1.651221e+02 -2.662934e+00 -1.000000e+02
    endloop
  endfacet
  facet normal -6.661661e-02 -9.977786e-01 8.862055e-18
    outer loop
      vertex   -1.651221e+02 -2.662934e+00 0.000000e+00
      vertex   -1.659135e+02 -2.610095e+00 0.000000e+00
      vertex   -1.651221e+02 -2.662934e+00 -1.000000e+02
    endloop
  endfacet
  facet normal -6.661661e-02 -9.977786e-01 4.461575e-18
    outer loop
      vertex   -1.651221e+02 -2.662934e+00 -1.000000e+02
      vertex   -1.659135e+02 -2.610095e+00 0.000000e+00
      vertex   -1.659135e+02 -2.610095e+00 -1.000000e+02
    endloop
  endfacet
  facet normal -6.669633e-02 -9.977733e-01 4.431004e-18
    outer loop
      vertex   -1.659135e+02 -2.610095e+00 0.000000e+00
      vertex   -1.666977e+02 -2.557672e+00 0.000000e+00
      vertex   -1.659135e+02 -2.610095e+00 -1.000000e+02
    endloop
  endfacet
  facet normal -6.669633e-02 -9.977733e-01 4.414088e-18
    outer loop
      vertex   -1.659135e+02 -2.610095e+00 -1.000000e+02
      vertex   -1.666977e+02 -2.557672e+00 0.000000e+00
      vertex   -1.666977e+02 -2.557672e+00 -1.000000e+02
    endloop
  endfacet
  facet normal -6.677647e-02 -9.977680e-01 4.430980e-18
    outer loop
      vertex   -1.666977e+02 -2.557672e+00 0.000000e+00
      vertex   -1.674747e+02 -2.505672e+00 0.000000e+00
      vertex   -1.666977e+02 -2.557672e+00 -1.000000e+02
    endloop
  endfacet
  facet normal -6.677647e-02 -9.977680e-01 0.000000e+00
    outer loop
      vertex   -1.666977e+02 -2.557672e+00 -1.000000e+02
      vertex   -1.674747e+02 -2.505672e+00 0.000000e+00
      vertex   -1.674747e+02 -2.505672e+00 -1.000000e+02
    endloop
  endfacet
  facet normal -6.685708e-02 -9.977626e-01 -0.000000e+00
    outer loop
      vertex   -1.674747e+02 -2.505672e+00 0.000000e+00
      vertex   -1.682444e+02 -2.454101e+00 0.000000e+00
      vertex   -1.674747e+02 -2.505672e+00 -1.000000e+02
    endloop
  endfacet
  facet normal -6.685708e-02 -9.977626e-01 8.815796e-18
    outer loop
      vertex   -1.674747e+02 -2.505672e+00 -1.000000e+02
      vertex   -1.682444e+02 -2.454101e+00 0.000000e+00
      vertex   -1.682444e+02 -2.454101e+00 -1.000000e+02
    endloop
  endfacet
  facet normal -6.693822e-02 -9.977571e-01 8.861863e-18
    outer loop
      vertex   -1.682444e+02 -2.454101e+00 0.000000e+00
      vertex   -1.690065e+02 -2.402966e+00 0.000000e+00
      vertex   -1.682444e+02 -2.454101e+00 -1.000000e+02
    endloop
  endfacet
  facet normal -6.693822e-02 -9.977571e-01 -4.450885e-18
    outer loop
      vertex   -1.682444e+02 -2.454101e+00 -1.000000e+02
      vertex   -1.690065e+02 -2.402966e+00 0.000000e+00
      vertex   -1.690065e+02 -2.402966e+00 -1.000000e+02
    endloop
  endfacet
  facet normal -6.701993e-02 -9.977516e-01 -4.430907e-18
    outer loop
      vertex   -1.690065e+02 -2.402966e+00 0.000000e+00
      vertex   -1.697612e+02 -2.352275e+00 0.000000e+00
      vertex   -1.690065e+02 -2.402966e+00 -1.000000e+02
    endloop
  endfacet
  facet normal -6.701993e-02 -9.977516e-01 8.806980e-18
    outer loop
      vertex   -1.690065e+02 -2.402966e+00 -1.000000e+02
      vertex   -1.697612e+02 -2.352275e+00 0.000000e+00
      vertex   -1.697612e+02 -2.352275e+00 -1.000000e+02
    endloop
  endfacet
  facet normal -6.710225e-02 -9.977461e-01 8.861766e-18
    outer loop
      vertex   -1.697612e+02 -2.352275e+00 0.000000e+00
      vertex   -1.705083e+02 -2.302032e+00 0.000000e+00
      vertex   -1.697612e+02 -2.352275e+00 -1.000000e+02
    endloop
  endfacet
  facet normal -6.710225e-02 -9.977461e-01 4.448311e-18
    outer loop
      vertex   -1.697612e+02 -2.352275e+00 -1.000000e+02
      vertex   -1.705083e+02 -2.302032e+00 0.000000e+00
      vertex   -1.705083e+02 -2.302032e+00 -1.000000e+02
    endloop
  endfacet
  facet normal -6.718522e-02 -9.977405e-01 4.430858e-18
    outer loop
      vertex   -1.705083e+02 -2.302032e+00 0.000000e+00
      vertex   -1.712476e+02 -2.252245e+00 0.000000e+00
      vertex   -1.705083e+02 -2.302032e+00 -1.000000e+02
    endloop
  endfacet
  facet normal -6.718522e-02 -9.977405e-01 4.494566e-18
    outer loop
      vertex   -1.705083e+02 -2.302032e+00 -1.000000e+02
      vertex   -1.712476e+02 -2.252245e+00 0.000000e+00
      vertex   -1.712476e+02 -2.252245e+00 -1.000000e+02
    endloop
  endfacet
  facet normal -6.726887e-02 -9.977349e-01 4.430833e-18
    outer loop
      vertex   -1.712476e+02 -2.252245e+00 0.000000e+00
      vertex   -1.719792e+02 -2.202919e+00 0.000000e+00
      vertex   -1.712476e+02 -2.252245e+00 -1.000000e+02
    endloop
  endfacet
  facet normal -6.726887e-02 -9.977349e-01 8.895359e-18
    outer loop
      vertex   -1.712476e+02 -2.252245e+00 -1.000000e+02
      vertex   -1.719792e+02 -2.202919e+00 0.000000e+00
      vertex   -1.719792e+02 -2.202919e+00 -1.000000e+02
    endloop
  endfacet
  facet normal -6.735322e-02 -9.977292e-01 8.861615e-18
    outer loop
      vertex   -1.719792e+02 -2.202919e+00 0.000000e+00
      vertex   -1.727030e+02 -2.154063e+00 0.000000e+00
      vertex   -1.719792e+02 -2.202919e+00 -1.000000e+02
    endloop
  endfacet
  facet normal -6.735322e-02 -9.977292e-01 4.495947e-18
    outer loop
      vertex   -1.719792e+02 -2.202919e+00 -1.000000e+02
      vertex   -1.727030e+02 -2.154063e+00 0.000000e+00
      vertex   -1.727030e+02 -2.154063e+00 -1.000000e+02
    endloop
  endfacet
  facet normal -6.743828e-02 -9.977234e-01 4.430782e-18
    outer loop
      vertex   -1.727030e+02 -2.154063e+00 0.000000e+00
      vertex   -1.734188e+02 -2.105680e+00 0.000000e+00
      vertex   -1.727030e+02 -2.154063e+00 -1.000000e+02
    endloop
  endfacet
  facet normal -6.743828e-02 -9.977234e-01 8.898149e-18
    outer loop
      vertex   -1.727030e+02 -2.154063e+00 -1.000000e+02
      vertex   -1.734188e+02 -2.105680e+00 0.000000e+00
      vertex   -1.734188e+02 -2.105680e+00 -1.000000e+02
    endloop
  endfacet
  facet normal -6.752408e-02 -9.977176e-01 8.861513e-18
    outer loop
      vertex   -1.734188e+02 -2.105680e+00 0.000000e+00
      vertex   -1.741265e+02 -2.057779e+00 0.000000e+00
      vertex   -1.734188e+02 -2.105680e+00 -1.000000e+02
    endloop
  endfacet
  facet normal -6.752408e-02 -9.977176e-01 4.499469e-18
    outer loop
      vertex   -1.734188e+02 -2.105680e+00 -1.000000e+02
      vertex   -1.741265e+02 -2.057779e+00 0.000000e+00
      vertex   -1.741265e+02 -2.057779e+00 -1.000000e+02
    endloop
  endfacet
  facet normal -6.761061e-02 -9.977118e-01 4.430730e-18
    outer loop
      vertex   -1.741265e+02 -2.057779e+00 0.000000e+00
      vertex   -1.748262e+02 -2.010366e+00 0.000000e+00
      vertex   -1.741265e+02 -2.057779e+00 -1.000000e+02
    endloop
  endfacet
  facet normal -6.761061e-02 -9.977118e-01 8.806238e-18
    outer loop
      vertex   -1.741265e+02 -2.057779e+00 -1.000000e+02
      vertex   -1.748262e+02 -2.010366e+00 0.000000e+00
      vertex   -1.748262e+02 -2.010366e+00 -1.000000e+02
    endloop
  endfacet
  facet normal -6.769787e-02 -9.977059e-01 8.861408e-18
    outer loop
      vertex   -1.748262e+02 -2.010366e+00 0.000000e+00
      vertex   -1.755177e+02 -1.963445e+00 0.000000e+00
      vertex   -1.748262e+02 -2.010366e+00 -1.000000e+02
    endloop
  endfacet
  facet normal -6.769787e-02 -9.977059e-01 4.505239e-18
    outer loop
      vertex   -1.748262e+02 -2.010366e+00 -1.000000e+02
      vertex   -1.755177e+02 -1.963445e+00 0.000000e+00
      vertex   -1.755177e+02 -1.963445e+00 -1.000000e+02
    endloop
  endfacet
  facet normal -6.778587e-02 -9.976999e-01 4.430678e-18
    outer loop
      vertex   -1.755177e+02 -1.963445e+00 0.000000e+00
      vertex   -1.762009e+02 -1.917025e+00 0.000000e+00
      vertex   -1.755177e+02 -1.963445e+00 -1.000000e+02
    endloop
  endfacet
  facet normal -6.778587e-02 -9.976999e-01 8.916686e-18
    outer loop
      vertex   -1.755177e+02 -1.963445e+00 -1.000000e+02
      vertex   -1.762009e+02 -1.917025e+00 0.000000e+00
      vertex   -1.762009e+02 -1.917025e+00 -1.000000e+02
    endloop
  endfacet
  facet normal -6.787460e-02 -9.976939e-01 8.861302e-18
    outer loop
      vertex   -1.762009e+02 -1.917025e+00 0.000000e+00
      vertex   -1.768758e+02 -1.871111e+00 0.000000e+00
      vertex   -1.762009e+02 -1.917025e+00 -1.000000e+02
    endloop
  endfacet
  facet normal -6.787460e-02 -9.976939e-01 0.000000e+00
    outer loop
      vertex   -1.762009e+02 -1.917025e+00 -1.000000e+02
      vertex   -1.768758e+02 -1.871111e+00 0.000000e+00
      vertex   -1.768758e+02 -1.871111e+00 -1.000000e+02
    endloop
  endfacet
  facet normal -6.796403e-02 -9.976878e-01 -0.000000e+00
    outer loop
      vertex   -1.768758e+02 -1.871111e+00 0.000000e+00
      vertex   -1.775423e+02 -1.825709e+00 0.000000e+00
      vertex   -1.768758e+02 -1.871111e+00 -1.000000e+02
    endloop
  endfacet
  facet normal -6.796403e-02 -9.976878e-01 1.106226e-17
    outer loop
      vertex   -1.768758e+02 -1.871111e+00 -1.000000e+02
      vertex   -1.775423e+02 -1.825709e+00 0.000000e+00
      vertex   -1.775423e+02 -1.825709e+00 -1.000000e+02
    endloop
  endfacet
  facet normal -6.805416e-02 -9.976816e-01 1.107649e-17
    outer loop
      vertex   -1.775423e+02 -1.825709e+00 0.000000e+00
      vertex   -1.782003e+02 -1.780825e+00 0.000000e+00
      vertex   -1.775423e+02 -1.825709e+00 -1.000000e+02
    endloop
  endfacet
  facet normal -6.805416e-02 -9.976816e-01 1.104708e-17
    outer loop
      vertex   -1.775423e+02 -1.825709e+00 -1.000000e+02
      vertex   -1.782003e+02 -1.780825e+00 0.000000e+00
      vertex   -1.782003e+02 -1.780825e+00 -1.000000e+02
    endloop
  endfacet
  facet normal -6.814496e-02 -9.976754e-01 1.107642e-17
    outer loop
      vertex   -1.782003e+02 -1.780825e+00 0.000000e+00
      vertex   -1.788498e+02 -1.736466e+00 0.000000e+00
      vertex   -1.782003e+02 -1.780825e+00 -1.000000e+02
    endloop
  endfacet
  facet normal -6.814496e-02 -9.976754e-01 2.185235e-18
    outer loop
      vertex   -1.782003e+02 -1.780825e+00 -1.000000e+02
      vertex   -1.788498e+02 -1.736466e+00 0.000000e+00
      vertex   -1.788498e+02 -1.736466e+00 -1.000000e+02
    endloop
  endfacet
  facet normal -6.823640e-02 -9.976692e-01 2.215271e-18
    outer loop
      vertex   -1.788498e+02 -1.736466e+00 0.000000e+00
      vertex   -1.794906e+02 -1.692639e+00 0.000000e+00
      vertex   -1.788498e+02 -1.736466e+00 -1.000000e+02
    endloop
  endfacet
  facet normal -6.823640e-02 -9.976692e-01 -1.107337e-17
    outer loop
      vertex   -1.788498e+02 -1.736466e+00 -1.000000e+02
      vertex   -1.794906e+02 -1.692639e+00 0.000000e+00
      vertex   -1.794906e+02 -1.692639e+00 -1.000000e+02
    endloop
  endfacet
  facet normal -6.832845e-02 -9.976629e-01 -1.107628e-17
    outer loop
      vertex   -1.794906e+02 -1.692639e+00 0.000000e+00
      vertex   -1.801226e+02 -1.649348e+00 0.000000e+00
      vertex   -1.794906e+02 -1.692639e+00 -1.000000e+02
    endloop
  endfacet
  facet normal -6.832845e-02 -9.976629e-01 4.435591e-18
    outer loop
      vertex   -1.794906e+02 -1.692639e+00 -1.000000e+02
      vertex   -1.801226e+02 -1.649348e+00 0.000000e+00
      vertex   -1.801226e+02 -1.649348e+00 -1.000000e+02
    endloop
  endfacet
  facet normal -6.842107e-02 -9.976565e-01 4.430485e-18
    outer loop
      vertex   -1.801226e+02 -1.649348e+00 0.000000e+00
      vertex   -1.807459e+02 -1.606600e+00 0.000000e+00
      vertex   -1.801226e+02 -1.649348e+00 -1.000000e+02
    endloop
  endfacet
  facet normal -6.842107e-02 -9.976565e-01 -4.442521e-18
    outer loop
      vertex   -1.801226e+02 -1.649348e+00 -1.000000e+02
      vertex   -1.807459e+02 -1.606600e+00 0.000000e+00
      vertex   -1.807459e+02 -1.606600e+00 -1.000000e+02
    endloop
  endfacet
  facet normal -6.851423e-02 -9.976501e-01 -4.430457e-18
    outer loop
      vertex   -1.807459e+02 -1.606600e+00 0.000000e+00
      vertex   -1.813604e+02 -1.564402e+00 0.000000e+00
      vertex   -1.807459e+02 -1.606600e+00 -1.000000e+02
    endloop
  endfacet
  facet normal -6.851423e-02 -9.976501e-01 1.104091e-17
    outer loop
      vertex   -1.807459e+02 -1.606600e+00 -1.000000e+02
      vertex   -1.813604e+02 -1.564402e+00 0.000000e+00
      vertex   -1.813604e+02 -1.564402e+00 -1.000000e+02
    endloop
  endfacet
  facet normal -6.860788e-02 -9.976437e-01 1.107607e-17
    outer loop
      vertex   -1.813604e+02 -1.564402e+00 0.000000e+00
      vertex   -1.819659e+02 -1.522760e+00 0.000000e+00
      vertex   -1.813604e+02 -1.564402e+00 -1.000000e+02
    endloop
  endfacet
  facet normal -6.860788e-02 -9.976437e-01 -2.229273e-18
    outer loop
      vertex   -1.813604e+02 -1.564402e+00 -1.000000e+02
      vertex   -1.819659e+02 -1.522760e+00 0.000000e+00
      vertex   -1.819659e+02 -1.522760e+00 -1.000000e+02
    endloop
  endfacet
  facet normal -6.870198e-02 -9.976372e-01 -2.215200e-18
    outer loop
      vertex   -1.819659e+02 -1.522760e+00 0.000000e+00
      vertex   -1.825625e+02 -1.481679e+00 0.000000e+00
      vertex   -1.819659e+02 -1.522760e+00 -1.000000e+02
    endloop
  endfacet
  facet normal -6.870198e-02 -9.976372e-01 -8.877368e-18
    outer loop
      vertex   -1.819659e+02 -1.522760e+00 -1.000000e+02
      vertex   -1.825625e+02 -1.481679e+00 0.000000e+00
      vertex   -1.825625e+02 -1.481679e+00 -1.000000e+02
    endloop
  endfacet
  facet normal -6.879648e-02 -9.976307e-01 -8.860741e-18
    outer loop
      vertex   -1.825625e+02 -1.481679e+00 0.000000e+00
      vertex   -1.831500e+02 -1.441167e+00 0.000000e+00
      vertex   -1.825625e+02 -1.481679e+00 -1.000000e+02
    endloop
  endfacet
  facet normal -6.879648e-02 -9.976307e-01 2.179905e-18
    outer loop
      vertex   -1.825625e+02 -1.481679e+00 -1.000000e+02
      vertex   -1.831500e+02 -1.441167e+00 0.000000e+00
      vertex   -1.831500e+02 -1.441167e+00 -1.000000e+02
    endloop
  endfacet
  facet normal -6.889131e-02 -9.976242e-01 2.215171e-18
    outer loop
      vertex   -1.831500e+02 -1.441167e+00 0.000000e+00
      vertex   -1.837283e+02 -1.401228e+00 0.000000e+00
      vertex   -1.831500e+02 -1.441167e+00 -1.000000e+02
    endloop
  endfacet
  facet normal -6.889131e-02 -9.976242e-01 2.214289e-18
    outer loop
      vertex   -1.831500e+02 -1.441167e+00 -1.000000e+02
      vertex   -1.837283e+02 -1.401228e+00 0.000000e+00
      vertex   -1.837283e+02 -1.401228e+00 -1.000000e+02
    endloop
  endfacet
  facet normal -6.898643e-02 -9.976176e-01 2.215156e-18
    outer loop
      vertex   -1.837283e+02 -1.401228e+00 0.000000e+00
      vertex   -1.842975e+02 -1.361870e+00 0.000000e+00
      vertex   -1.837283e+02 -1.401228e+00 -1.000000e+02
    endloop
  endfacet
  facet normal -6.898643e-02 -9.976176e-01 8.878524e-18
    outer loop
      vertex   -1.837283e+02 -1.401228e+00 -1.000000e+02
      vertex   -1.842975e+02 -1.361870e+00 0.000000e+00
      vertex   -1.842975e+02 -1.361870e+00 -1.000000e+02
    endloop
  endfacet
  facet normal -6.908177e-02 -9.976110e-01 8.860566e-18
    outer loop
      vertex   -1.842975e+02 -1.361870e+00 0.000000e+00
      vertex   -1.848574e+02 -1.323098e+00 0.000000e+00
      vertex   -1.842975e+02 -1.361870e+00 -1.000000e+02
    endloop
  endfacet
  facet normal -6.908177e-02 -9.976110e-01 4.388997e-18
    outer loop
      vertex   -1.842975e+02 -1.361870e+00 -1.000000e+02
      vertex   -1.848574e+02 -1.323098e+00 0.000000e+00
      vertex   -1.848574e+02 -1.323098e+00 -1.000000e+02
    endloop
  endfacet
  facet normal -6.917727e-02 -9.976044e-01 4.430253e-18
    outer loop
      vertex   -1.848574e+02 -1.323098e+00 0.000000e+00
      vertex   -1.854080e+02 -1.284919e+00 0.000000e+00
      vertex   -1.848574e+02 -1.323098e+00 -1.000000e+02
    endloop
  endfacet
  facet normal -6.917727e-02 -9.976044e-01 8.863683e-18
    outer loop
      vertex   -1.848574e+02 -1.323098e+00 -1.000000e+02
      vertex   -1.854080e+02 -1.284919e+00 0.000000e+00
      vertex   -1.854080e+02 -1.284919e+00 -1.000000e+02
    endloop
  endfacet
  facet normal -6.927287e-02 -9.975977e-01 8.860448e-18
    outer loop
      vertex   -1.854080e+02 -1.284919e+00 0.000000e+00
      vertex   -1.859492e+02 -1.247338e+00 0.000000e+00
      vertex   -1.854080e+02 -1.284919e+00 -1.000000e+02
    endloop
  endfacet
  facet normal -6.927287e-02 -9.975977e-01 2.174389e-18
    outer loop
      vertex   -1.854080e+02 -1.284919e+00 -1.000000e+02
      vertex   -1.859492e+02 -1.247338e+00 0.000000e+00
      vertex   -1.859492e+02 -1.247338e+00 -1.000000e+02
    endloop
  endfacet
  facet normal -6.936850e-02 -9.975911e-01 2.215097e-18
    outer loop
      vertex   -1.859492e+02 -1.247338e+00 0.000000e+00
      vertex   -1.864809e+02 -1.210362e+00 0.000000e+00
      vertex   -1.859492e+02 -1.247338e+00 -1.000000e+02
    endloop
  endfacet
  facet normal -6.936850e-02 -9.975911e-01 2.213001e-18
    outer loop
      vertex   -1.859492e+02 -1.247338e+00 -1.000000e+02
      vertex   -1.864809e+02 -1.210362e+00 0.000000e+00
      vertex   -1.864809e+02 -1.210362e+00 -1.000000e+02
    endloop
  endfacet
  facet normal -6.946409e-02 -9.975845e-01 2.215082e-18
    outer loop
      vertex   -1.864809e+02 -1.210362e+00 0.000000e+00
      vertex   -1.870032e+02 -1.173997e+00 0.000000e+00
      vertex   -1.864809e+02 -1.210362e+00 -1.000000e+02
    endloop
  endfacet
  facet normal -6.946409e-02 -9.975845e-01 4.440272e-18
    outer loop
      vertex   -1.864809e+02 -1.210362e+00 -1.000000e+02
      vertex   -1.870032e+02 -1.173997e+00 0.000000e+00
      vertex   -1.870032e+02 -1.173997e+00 -1.000000e+02
    endloop
  endfacet
  facet normal -6.955956e-02 -9.975778e-01 4.430135e-18
    outer loop
      vertex   -1.870032e+02 -1.173997e+00 0.000000e+00
      vertex   -1.875158e+02 -1.138248e+00 0.000000e+00
      vertex   -1.870032e+02 -1.173997e+00 -1.000000e+02
    endloop
  endfacet
  facet normal -6.955956e-02 -9.975778e-01 -2.227796e-18
    outer loop
      vertex   -1.870032e+02 -1.173997e+00 -1.000000e+02
      vertex   -1.875158e+02 -1.138248e+00 0.000000e+00
      vertex   -1.875158e+02 -1.138248e+00 -1.000000e+02
    endloop
  endfacet
  facet normal -6.965484e-02 -9.975712e-01 -2.215053e-18
    outer loop
      vertex   -1.875158e+02 -1.138248e+00 0.000000e+00
      vertex   -1.880189e+02 -1.103123e+00 0.000000e+00
      vertex   -1.875158e+02 -1.138248e+00 -1.000000e+02
    endloop
  endfacet
  facet normal -6.965484e-02 -9.975712e-01 2.201609e-18
    outer loop
      vertex   -1.875158e+02 -1.138248e+00 -1.000000e+02
      vertex   -1.880189e+02 -1.103123e+00 0.000000e+00
      vertex   -1.880189e+02 -1.103123e+00 -1.000000e+02
    endloop
  endfacet
  facet normal -6.974986e-02 -9.975645e-01 2.215038e-18
    outer loop
      vertex   -1.880189e+02 -1.103123e+00 0.000000e+00
      vertex   -1.885123e+02 -1.068626e+00 0.000000e+00
      vertex   -1.880189e+02 -1.103123e+00 -1.000000e+02
    endloop
  endfacet
  facet normal -6.974986e-02 -9.975645e-01 4.489612e-18
    outer loop
      vertex   -1.880189e+02 -1.103123e+00 -1.000000e+02
      vertex   -1.885123e+02 -1.068626e+00 0.000000e+00
      vertex   -1.885123e+02 -1.068626e+00 -1.000000e+02
    endloop
  endfacet
  facet normal -6.984454e-02 -9.975579e-01 4.430047e-18
    outer loop
      vertex   -1.885123e+02 -1.068626e+00 0.000000e+00
      vertex   -1.889959e+02 -1.034765e+00 0.000000e+00
      vertex   -1.885123e+02 -1.068626e+00 -1.000000e+02
    endloop
  endfacet
  facet normal -6.984454e-02 -9.975579e-01 -6.655313e-18
    outer loop
      vertex   -1.885123e+02 -1.068626e+00 -1.000000e+02
      vertex   -1.889959e+02 -1.034765e+00 0.000000e+00
      vertex   -1.889959e+02 -1.034765e+00 -1.000000e+02
    endloop
  endfacet
  facet normal -6.993879e-02 -9.975513e-01 -6.645026e-18
    outer loop
      vertex   -1.889959e+02 -1.034765e+00 0.000000e+00
      vertex   -1.894697e+02 -1.001544e+00 0.000000e+00
      vertex   -1.889959e+02 -1.034765e+00 -1.000000e+02
    endloop
  endfacet
  facet normal -6.993879e-02 -9.975513e-01 -4.455529e-18
    outer loop
      vertex   -1.889959e+02 -1.034765e+00 -1.000000e+02
      vertex   -1.894697e+02 -1.001544e+00 0.000000e+00
      vertex   -1.894697e+02 -1.001544e+00 -1.000000e+02
    endloop
  endfacet
  facet normal -7.003254e-02 -9.975447e-01 -4.429988e-18
    outer loop
      vertex   -1.894697e+02 -1.001544e+00 0.000000e+00
      vertex   -1.899337e+02 -9.689703e-01 0.000000e+00
      vertex   -1.894697e+02 -1.001544e+00 -1.000000e+02
    endloop
  endfacet
  facet normal -7.003254e-02 -9.975447e-01 -9.957978e-18
    outer loop
      vertex   -1.894697e+02 -1.001544e+00 -1.000000e+02
      vertex   -1.899337e+02 -9.689703e-01 0.000000e+00
      vertex   -1.899337e+02 -9.689703e-01 -1.000000e+02
    endloop
  endfacet
  facet normal -7.012571e-02 -9.975382e-01 -9.967409e-18
    outer loop
      vertex   -1.899337e+02 -9.689703e-01 0.000000e+00
      vertex   -1.903878e+02 -9.370490e-01 0.000000e+00
      vertex   -1.899337e+02 -9.689703e-01 -1.000000e+02
    endloop
  endfacet
  facet normal -7.012571e-02 -9.975382e-01 0.000000e+00
    outer loop
      vertex   -1.899337e+02 -9.689703e-01 -1.000000e+02
      vertex   -1.903878e+02 -9.370490e-01 0.000000e+00
      vertex   -1.903878e+02 -9.370490e-01 -1.000000e+02
    endloop
  endfacet
  facet normal -7.021822e-02 -9.975317e-01 -0.000000e+00
    outer loop
      vertex   -1.903878e+02 -9.370490e-01 0.000000e+00
      vertex   -1.908319e+02 -9.057862e-01 0.000000e+00
      vertex   -1.903878e+02 -9.370490e-01 -1.000000e+02
    endloop
  endfacet
  facet normal -7.021822e-02 -9.975317e-01 -8.883561e-18
    outer loop
      vertex   -1.903878e+02 -9.370490e-01 -1.000000e+02
      vertex   -1.908319e+02 -9.057862e-01 0.000000e+00
      vertex   -1.908319e+02 -9.057862e-01 -1.000000e+02
    endloop
  endfacet
  facet normal -7.030997e-02 -9.975252e-01 -8.859803e-18
    outer loop
      vertex   -1.908319e+02 -9.057862e-01 0.000000e+00
      vertex   -1.912660e+02 -8.751877e-01 0.000000e+00
      vertex   -1.908319e+02 -9.057862e-01 -1.000000e+02
    endloop
  endfacet
  facet normal -7.030997e-02 -9.975252e-01 -1.108132e-17
    outer loop
      vertex   -1.908319e+02 -9.057862e-01 -1.000000e+02
      vertex   -1.912660e+02 -8.751877e-01 0.000000e+00
      vertex   -1.912660e+02 -8.751877e-01 -1.000000e+02
    endloop
  endfacet
  facet normal -7.040090e-02 -9.975188e-01 -1.107468e-17
    outer loop
      vertex   -1.912660e+02 -8.751877e-01 0.000000e+00
      vertex   -1.916901e+02 -8.452591e-01 0.000000e+00
      vertex   -1.912660e+02 -8.751877e-01 -1.000000e+02
    endloop
  endfacet
  facet normal -7.040090e-02 -9.975188e-01 -1.109921e-17
    outer loop
      vertex   -1.912660e+02 -8.751877e-01 -1.000000e+02
      vertex   -1.916901e+02 -8.452591e-01 0.000000e+00
      vertex   -1.916901e+02 -8.452591e-01 -1.000000e+02
    endloop
  endfacet
  facet normal -7.049090e-02 -9.975124e-01 -1.107461e-17
    outer loop
      vertex   -1.916901e+02 -8.452591e-01 0.000000e+00
      vertex   -1.921040e+02 -8.160063e-01 0.000000e+00
      vertex   -1.916901e+02 -8.452591e-01 -1.000000e+02
    endloop
  endfacet
  facet normal -7.049090e-02 -9.975124e-01 -2.215498e-18
    outer loop
      vertex   -1.916901e+02 -8.452591e-01 -1.000000e+02
      vertex   -1.921040e+02 -8.160063e-01 0.000000e+00
      vertex   -1.921040e+02 -8.160063e-01 -1.000000e+02
    endloop
  endfacet
  facet normal -7.057991e-02 -9.975061e-01 -2.214909e-18
    outer loop
      vertex   -1.921040e+02 -8.160063e-01 0.000000e+00
      vertex   -1.925078e+02 -7.874348e-01 0.000000e+00
      vertex   -1.921040e+02 -8.160063e-01 -1.000000e+02
    endloop
  endfacet
  facet normal -7.057991e-02 -9.975061e-01 5.570846e-18
    outer loop
      vertex   -1.921040e+02 -8.160063e-01 -1.000000e+02
      vertex   -1.925078e+02 -7.874348e-01 0.000000e+00
      vertex   -1.925078e+02 -7.874348e-01 -1.000000e+02
    endloop
  endfacet
  facet normal -7.066783e-02 -9.974999e-01 5.537237e-18
    outer loop
      vertex   -1.925078e+02 -7.874348e-01 0.000000e+00
      vertex   -1.929015e+02 -7.595501e-01 0.000000e+00
      vertex   -1.925078e+02 -7.874348e-01 -1.000000e+02
    endloop
  endfacet
  facet normal -7.066783e-02 -9.974999e-01 -9.979577e-18
    outer loop
      vertex   -1.925078e+02 -7.874348e-01 -1.000000e+02
      vertex   -1.929015e+02 -7.595501e-01 0.000000e+00
      vertex   -1.929015e+02 -7.595501e-01 -1.000000e+02
    endloop
  endfacet
  facet normal -7.075458e-02 -9.974938e-01 -9.966965e-18
    outer loop
      vertex   -1.929015e+02 -7.595501e-01 0.000000e+00
      vertex   -1.932848e+02 -7.323577e-01 0.000000e+00
      vertex   -1.929015e+02 -7.595501e-01 -1.000000e+02
    endloop
  endfacet
  facet normal -7.075458e-02 -9.974938e-01 5.551919e-18
    outer loop
      vertex   -1.929015e+02 -7.595501e-01 -1.000000e+02
      vertex   -1.932848e+02 -7.323577e-01 0.000000e+00
      vertex   -1.932848e+02 -7.323577e-01 -1.000000e+02
    endloop
  endfacet
  facet normal -7.084007e-02 -9.974877e-01 5.537169e-18
    outer loop
      vertex   -1.932848e+02 -7.323577e-01 0.000000e+00
      vertex   -1.936579e+02 -7.058631e-01 0.000000e+00
      vertex   -1.932848e+02 -7.323577e-01 -1.000000e+02
    endloop
  endfacet
  facet normal -7.084007e-02 -9.974877e-01 5.519486e-18
    outer loop
      vertex   -1.932848e+02 -7.323577e-01 -1.000000e+02
      vertex   -1.936579e+02 -7.058631e-01 0.000000e+00
      vertex   -1.936579e+02 -7.058631e-01 -1.000000e+02
    endloop
  endfacet
  facet normal -7.092422e-02 -9.974817e-01 5.537136e-18
    outer loop
      vertex   -1.936579e+02 -7.058631e-01 0.000000e+00
      vertex   -1.940206e+02 -6.800716e-01 0.000000e+00
      vertex   -1.936579e+02 -7.058631e-01 -1.000000e+02
    endloop
  endfacet
  facet normal -7.092422e-02 -9.974817e-01 -8.872793e-18
    outer loop
      vertex   -1.936579e+02 -7.058631e-01 -1.000000e+02
      vertex   -1.940206e+02 -6.800716e-01 0.000000e+00
      vertex   -1.940206e+02 -6.800716e-01 -1.000000e+02
    endloop
  endfacet
  facet normal -7.100696e-02 -9.974758e-01 -8.859365e-18
    outer loop
      vertex   -1.940206e+02 -6.800716e-01 0.000000e+00
      vertex   -1.943730e+02 -6.549883e-01 0.000000e+00
      vertex   -1.940206e+02 -6.800716e-01 -1.000000e+02
    endloop
  endfacet
  facet normal -7.100696e-02 -9.974758e-01 1.129471e-18
    outer loop
      vertex   -1.940206e+02 -6.800716e-01 -1.000000e+02
      vertex   -1.943730e+02 -6.549883e-01 0.000000e+00
      vertex   -1.943730e+02 -6.549883e-01 -1.000000e+02
    endloop
  endfacet
  facet normal -7.108818e-02 -9.974700e-01 1.107414e-18
    outer loop
      vertex   -1.943730e+02 -6.549883e-01 0.000000e+00
      vertex   -1.947149e+02 -6.306185e-01 0.000000e+00
      vertex   -1.943730e+02 -6.549883e-01 -1.000000e+02
    endloop
  endfacet
  facet normal -7.108818e-02 -9.974700e-01 1.108205e-17
    outer loop
      vertex   -1.943730e+02 -6.549883e-01 -1.000000e+02
      vertex   -1.947149e+02 -6.306185e-01 0.000000e+00
      vertex   -1.947149e+02 -6.306185e-01 -1.000000e+02
    endloop
  endfacet
  facet normal -7.116783e-02 -9.974644e-01 1.107408e-17
    outer loop
      vertex   -1.947149e+02 -6.306185e-01 0.000000e+00
      vertex   -1.950464e+02 -6.069673e-01 0.000000e+00
      vertex   -1.947149e+02 -6.306185e-01 -1.000000e+02
    endloop
  endfacet
  facet normal -7.116783e-02 -9.974644e-01 -6.629230e-18
    outer loop
      vertex   -1.947149e+02 -6.306185e-01 -1.000000e+02
      vertex   -1.950464e+02 -6.069673e-01 0.000000e+00
      vertex   -1.950464e+02 -6.069673e-01 -1.000000e+02
    endloop
  endfacet
  facet normal -7.124580e-02 -9.974588e-01 -6.644410e-18
    outer loop
      vertex   -1.950464e+02 -6.069673e-01 0.000000e+00
      vertex   -1.953674e+02 -5.840395e-01 0.000000e+00
      vertex   -1.950464e+02 -6.069673e-01 -1.000000e+02
    endloop
  endfacet
  facet normal -7.124580e-02 -9.974588e-01 -9.945427e-18
    outer loop
      vertex   -1.950464e+02 -6.069673e-01 -1.000000e+02
      vertex   -1.953674e+02 -5.840395e-01 0.000000e+00
      vertex   -1.953674e+02 -5.840395e-01 -1.000000e+02
    endloop
  endfacet
  facet normal -7.132202e-02 -9.974533e-01 -9.966561e-18
    outer loop
      vertex   -1.953674e+02 -5.840395e-01 0.000000e+00
      vertex   -1.956779e+02 -5.618400e-01 0.000000e+00
      vertex   -1.953674e+02 -5.840395e-01 -1.000000e+02
    endloop
  endfacet
  facet normal -7.132202e-02 -9.974533e-01 6.660074e-18
    outer loop
      vertex   -1.953674e+02 -5.840395e-01 -1.000000e+02
      vertex   -1.956779e+02 -5.618400e-01 0.000000e+00
      vertex   -1.956779e+02 -5.618400e-01 -1.000000e+02
    endloop
  endfacet
  facet normal -7.139642e-02 -9.974480e-01 6.644339e-18
    outer loop
      vertex   -1.956779e+02 -5.618400e-01 0.000000e+00
      vertex   -1.959778e+02 -5.403736e-01 0.000000e+00
      vertex   -1.956779e+02 -5.618400e-01 -1.000000e+02
    endloop
  endfacet
  facet normal -7.139642e-02 -9.974480e-01 8.856368e-18
    outer loop
      vertex   -1.956779e+02 -5.618400e-01 -1.000000e+02
      vertex   -1.959778e+02 -5.403736e-01 0.000000e+00
      vertex   -1.959778e+02 -5.403736e-01 -1.000000e+02
    endloop
  endfacet
  facet normal -7.146891e-02 -9.974428e-01 8.859072e-18
    outer loop
      vertex   -1.959778e+02 -5.403736e-01 0.000000e+00
      vertex   -1.962671e+02 -5.196449e-01 0.000000e+00
      vertex   -1.959778e+02 -5.403736e-01 -1.000000e+02
    endloop
  endfacet
  facet normal -7.146891e-02 -9.974428e-01 -5.562347e-18
    outer loop
      vertex   -1.959778e+02 -5.403736e-01 -1.000000e+02
      vertex   -1.962671e+02 -5.196449e-01 0.000000e+00
      vertex   -1.962671e+02 -5.196449e-01 -1.000000e+02
    endloop
  endfacet
  facet normal -7.153943e-02 -9.974378e-01 -5.536892e-18
    outer loop
      vertex   -1.962671e+02 -5.196449e-01 0.000000e+00
      vertex   -1.965457e+02 -4.996584e-01 0.000000e+00
      vertex   -1.962671e+02 -5.196449e-01 -1.000000e+02
    endloop
  endfacet
  facet normal -7.153943e-02 -9.974378e-01 -4.439611e-18
    outer loop
      vertex   -1.962671e+02 -5.196449e-01 -1.000000e+02
      vertex   -1.965457e+02 -4.996584e-01 0.000000e+00
      vertex   -1.965457e+02 -4.996584e-01 -1.000000e+02
    endloop
  endfacet
  facet normal -7.160789e-02 -9.974329e-01 -4.429492e-18
    outer loop
      vertex   -1.965457e+02 -4.996584e-01 0.000000e+00
      vertex   -1.968137e+02 -4.804185e-01 0.000000e+00
      vertex   -1.965457e+02 -4.996584e-01 -1.000000e+02
    endloop
  endfacet
  facet normal -7.160789e-02 -9.974329e-01 -6.650056e-18
    outer loop
      vertex   -1.965457e+02 -4.996584e-01 -1.000000e+02
      vertex   -1.968137e+02 -4.804185e-01 0.000000e+00
      vertex   -1.968137e+02 -4.804185e-01 -1.000000e+02
    endloop
  endfacet
  facet normal -7.167422e-02 -9.974281e-01 -6.644206e-18
    outer loop
      vertex   -1.968137e+02 -4.804185e-01 0.000000e+00
      vertex   -1.970710e+02 -4.619294e-01 0.000000e+00
      vertex   -1.968137e+02 -4.804185e-01 -1.000000e+02
    endloop
  endfacet
  facet normal -7.167422e-02 -9.974281e-01 -6.085931e-18
    outer loop
      vertex   -1.968137e+02 -4.804185e-01 -1.000000e+02
      vertex   -1.970710e+02 -4.619294e-01 0.000000e+00
      vertex   -1.970710e+02 -4.619294e-01 -1.000000e+02
    endloop
  endfacet
  facet normal -7.173836e-02 -9.974235e-01 -6.090494e-18
    outer loop
      vertex   -1.970710e+02 -4.619294e-01 0.000000e+00
      vertex   -1.973176e+02 -4.441953e-01 0.000000e+00
      vertex   -1.970710e+02 -4.619294e-01 -1.000000e+02
    endloop
  endfacet
  facet normal -7.173836e-02 -9.974235e-01 0.000000e+00
    outer loop
      vertex   -1.970710e+02 -4.619294e-01 -1.000000e+02
      vertex   -1.973176e+02 -4.441953e-01 0.000000e+00
      vertex   -1.973176e+02 -4.441953e-01 -1.000000e+02
    endloop
  endfacet
  facet normal -7.180023e-02 -9.974190e-01 -0.000000e+00
    outer loop
      vertex   -1.973176e+02 -4.441953e-01 0.000000e+00
      vertex   -1.975534e+02 -4.272202e-01 0.000000e+00
      vertex   -1.973176e+02 -4.441953e-01 -1.000000e+02
    endloop
  endfacet
  facet normal -7.180023e-02 -9.974190e-01 8.841589e-18
    outer loop
      vertex   -1.973176e+02 -4.441953e-01 -1.000000e+02
      vertex   -1.975534e+02 -4.272202e-01 0.000000e+00
      vertex   -1.975534e+02 -4.272202e-01 -1.000000e+02
    endloop
  endfacet
  facet normal -7.185977e-02 -9.974147e-01 8.858823e-18
    outer loop
      vertex   -1.975534e+02 -4.272202e-01 0.000000e+00
      vertex   -1.977784e+02 -4.110079e-01 0.000000e+00
      vertex   -1.975534e+02 -4.272202e-01 -1.000000e+02
    endloop
  endfacet
  facet normal -7.185977e-02 -9.974147e-01 2.229816e-18
    outer loop
      vertex   -1.975534e+02 -4.272202e-01 -1.000000e+02
      vertex   -1.977784e+02 -4.110079e-01 0.000000e+00
      vertex   -1.977784e+02 -4.110079e-01 -1.000000e+02
    endloop
  endfacet
  facet normal -7.191692e-02 -9.974106e-01 2.214696e-18
    outer loop
      vertex   -1.977784e+02 -4.110079e-01 0.000000e+00
      vertex   -1.979926e+02 -3.955621e-01 0.000000e+00
      vertex   -1.977784e+02 -4.110079e-01 -1.000000e+02
    endloop
  endfacet
  facet normal -7.191692e-02 -9.974106e-01 -3.331766e-18
    outer loop
      vertex   -1.977784e+02 -4.110079e-01 -1.000000e+02
      vertex   -1.979926e+02 -3.955621e-01 0.000000e+00
      vertex   -1.979926e+02 -3.955621e-01 -1.000000e+02
    endloop
  endfacet
  facet normal -7.197161e-02 -9.974067e-01 -3.322032e-18
    outer loop
      vertex   -1.979926e+02 -3.955621e-01 0.000000e+00
      vertex   -1.981960e+02 -3.808863e-01 0.000000e+00
      vertex   -1.979926e+02 -3.955621e-01 -1.000000e+02
    endloop
  endfacet
  facet normal -7.197161e-02 -9.974067e-01 -5.529732e-18
    outer loop
      vertex   -1.979926e+02 -3.955621e-01 -1.000000e+02
      vertex   -1.981960e+02 -3.808863e-01 0.000000e+00
      vertex   -1.981960e+02 -3.808863e-01 -1.000000e+02
    endloop
  endfacet
  facet normal -7.202378e-02 -9.974029e-01 -5.536698e-18
    outer loop
      vertex   -1.981960e+02 -3.808863e-01 0.000000e+00
      vertex   -1.983885e+02 -3.669840e-01 0.000000e+00
      vertex   -1.981960e+02 -3.808863e-01 -1.000000e+02
    endloop
  endfacet
  facet normal -7.202378e-02 -9.974029e-01 2.224303e-18
    outer loop
      vertex   -1.981960e+02 -3.808863e-01 -1.000000e+02
      vertex   -1.983885e+02 -3.669840e-01 0.000000e+00
      vertex   -1.983885e+02 -3.669840e-01 -1.000000e+02
    endloop
  endfacet
  facet normal -7.207338e-02 -9.973993e-01 2.214671e-18
    outer loop
      vertex   -1.983885e+02 -3.669840e-01 0.000000e+00
      vertex   -1.985702e+02 -3.538583e-01 0.000000e+00
      vertex   -1.983885e+02 -3.669840e-01 -1.000000e+02
    endloop
  endfacet
  facet normal -7.207338e-02 -9.973993e-01 2.786185e-18
    outer loop
      vertex   -1.983885e+02 -3.669840e-01 -1.000000e+02
      vertex   -1.985702e+02 -3.538583e-01 0.000000e+00
      vertex   -1.985702e+02 -3.538583e-01 -1.000000e+02
    endloop
  endfacet
  facet normal -7.212035e-02 -9.973959e-01 2.768330e-18
    outer loop
      vertex   -1.985702e+02 -3.538583e-01 0.000000e+00
      vertex   -1.987409e+02 -3.415124e-01 0.000000e+00
      vertex   -1.985702e+02 -3.538583e-01 -1.000000e+02
    endloop
  endfacet
  facet normal -7.212035e-02 -9.973959e-01 4.433458e-18
    outer loop
      vertex   -1.985702e+02 -3.538583e-01 -1.000000e+02
      vertex   -1.987409e+02 -3.415124e-01 0.000000e+00
      vertex   -1.987409e+02 -3.415124e-01 -1.000000e+02
    endloop
  endfacet
  facet normal -7.216464e-02 -9.973927e-01 4.429314e-18
    outer loop
      vertex   -1.987409e+02 -3.415124e-01 0.000000e+00
      vertex   -1.989007e+02 -3.299491e-01 0.000000e+00
      vertex   -1.987409e+02 -3.415124e-01 -1.000000e+02
    endloop
  endfacet
  facet normal -7.216464e-02 -9.973927e-01 -1.109679e-18
    outer loop
      vertex   -1.987409e+02 -3.415124e-01 -1.000000e+02
      vertex   -1.989007e+02 -3.299491e-01 0.000000e+00
      vertex   -1.989007e+02 -3.299491e-01 -1.000000e+02
    endloop
  endfacet
  facet normal -7.220620e-02 -9.973897e-01 -1.107325e-18
    outer loop
      vertex   -1.989007e+02 -3.299491e-01 0.000000e+00
      vertex   -1.990496e+02 -3.191712e-01 0.000000e+00
      vertex   -1.989007e+02 -3.299491e-01 -1.000000e+02
    endloop
  endfacet
  facet normal -7.220620e-02 -9.973897e-01 -9.965615e-18
    outer loop
      vertex   -1.989007e+02 -3.299491e-01 -1.000000e+02
      vertex   -1.990496e+02 -3.191712e-01 0.000000e+00
      vertex   -1.990496e+02 -3.191712e-01 -1.000000e+02
    endloop
  endfacet
  facet normal -7.224499e-02 -9.973869e-01 -9.965897e-18
    outer loop
      vertex   -1.990496e+02 -3.191712e-01 0.000000e+00
      vertex   -1.991875e+02 -3.091812e-01 0.000000e+00
      vertex   -1.990496e+02 -3.191712e-01 -1.000000e+02
    endloop
  endfacet
  facet normal -7.224499e-02 -9.973869e-01 1.107102e-17
    outer loop
      vertex   -1.990496e+02 -3.191712e-01 -1.000000e+02
      vertex   -1.991875e+02 -3.091812e-01 0.000000e+00
      vertex   -1.991875e+02 -3.091812e-01 -1.000000e+02
    endloop
  endfacet
  facet normal -7.228097e-02 -9.973843e-01 1.107319e-17
    outer loop
      vertex   -1.991875e+02 -3.091812e-01 0.000000e+00
      vertex   -1.993145e+02 -2.999815e-01 0.000000e+00
      vertex   -1.991875e+02 -3.091812e-01 -1.000000e+02
    endloop
  endfacet
  facet normal -7.228097e-02 -9.973843e-01 -1.107401e-18
    outer loop
      vertex   -1.991875e+02 -3.091812e-01 -1.000000e+02
      vertex   -1.993145e+02 -2.999815e-01 0.000000e+00
      vertex   -1.993145e+02 -2.999815e-01 -1.000000e+02
    endloop
  endfacet
  facet normal -7.231409e-02 -9.973819e-01 -1.107316e-18
    outer loop
      vertex   -1.993145e+02 -2.999815e-01 0.000000e+00
      vertex   -1.994304e+02 -2.915743e-01 0.000000e+00
      vertex   -1.993145e+02 -2.999815e-01 -1.000000e+02
    endloop
  endfacet
  facet normal -7.231409e-02 -9.973819e-01 -6.639925e-18
    outer loop
      vertex   -1.993145e+02 -2.999815e-01 -1.000000e+02
      vertex   -1.994304e+02 -2.915743e-01 0.000000e+00
      vertex   -1.994304e+02 -2.915743e-01 -1.000000e+02
    endloop
  endfacet
  facet normal -7.234431e-02 -9.973797e-01 -6.643884e-18
    outer loop
      vertex   -1.994304e+02 -2.915743e-01 0.000000e+00
      vertex   -1.995354e+02 -2.839617e-01 0.000000e+00
      vertex   -1.994304e+02 -2.915743e-01 -1.000000e+02
    endloop
  endfacet
  facet normal -7.234431e-02 -9.973797e-01 7.758434e-18
    outer loop
      vertex   -1.994304e+02 -2.915743e-01 -1.000000e+02
      vertex   -1.995354e+02 -2.839617e-01 0.000000e+00
      vertex   -1.995354e+02 -2.839617e-01 -1.000000e+02
    endloop
  endfacet
  facet normal -7.237161e-02 -9.973777e-01 7.751182e-18
    outer loop
      vertex   -1.995354e+02 -2.839617e-01 0.000000e+00
      vertex   -1.996293e+02 -2.771454e-01 0.000000e+00
      vertex   -1.995354e+02 -2.839617e-01 -1.000000e+02
    endloop
  endfacet
  facet normal -7.237161e-02 -9.973777e-01 1.105102e-18
    outer loop
      vertex   -1.995354e+02 -2.839617e-01 -1.000000e+02
      vertex   -1.996293e+02 -2.771454e-01 0.000000e+00
      vertex   -1.996293e+02 -2.771454e-01 -1.000000e+02
    endloop
  endfacet
  facet normal -7.239596e-02 -9.973760e-01 1.107310e-18
    outer loop
      vertex   -1.996293e+02 -2.771454e-01 0.000000e+00
      vertex   -1.997122e+02 -2.711271e-01 0.000000e+00
      vertex   -1.996293e+02 -2.771454e-01 -1.000000e+02
    endloop
  endfacet
  facet normal -7.239596e-02 -9.973760e-01 -3.325776e-18
    outer loop
      vertex   -1.996293e+02 -2.771454e-01 -1.000000e+02
      vertex   -1.997122e+02 -2.711271e-01 0.000000e+00
      vertex   -1.997122e+02 -2.711271e-01 -1.000000e+02
    endloop
  endfacet
  facet normal -7.241732e-02 -9.973744e-01 -3.321924e-18
    outer loop
      vertex   -1.997122e+02 -2.711271e-01 0.000000e+00
      vertex   -1.997841e+02 -2.659083e-01 0.000000e+00
      vertex   -1.997122e+02 -2.711271e-01 -1.000000e+02
    endloop
  endfacet
  facet normal -7.241732e-02 -9.973744e-01 -2.768214e-18
    outer loop
      vertex   -1.997122e+02 -2.711271e-01 -1.000000e+02
      vertex   -1.997841e+02 -2.659083e-01 0.000000e+00
      vertex   -1.997841e+02 -2.659083e-01 -1.000000e+02
    endloop
  endfacet
  facet normal -7.243567e-02 -9.973731e-01 -2.768266e-18
    outer loop
      vertex   -1.997841e+02 -2.659083e-01 0.000000e+00
      vertex   -1.998449e+02 -2.614903e-01 0.000000e+00
      vertex   -1.997841e+02 -2.659083e-01 -1.000000e+02
    endloop
  endfacet
  facet normal -7.243567e-02 -9.973731e-01 0.000000e+00
    outer loop
      vertex   -1.997841e+02 -2.659083e-01 -1.000000e+02
      vertex   -1.998449e+02 -2.614903e-01 0.000000e+00
      vertex   -1.998449e+02 -2.614903e-01 -1.000000e+02
    endloop
  endfacet
  facet normal -7.245100e-02 -9.973720e-01 -0.000000e+00
    outer loop
      vertex   -1.998449e+02 -2.614903e-01 0.000000e+00
      vertex   -1.998947e+02 -2.578740e-01 0.000000e+00
      vertex   -1.998449e+02 -2.614903e-01 -1.000000e+02
    endloop
  endfacet
  facet normal -7.245100e-02 -9.973720e-01 -4.431249e-18
    outer loop
      vertex   -1.998449e+02 -2.614903e-01 -1.000000e+02
      vertex   -1.998947e+02 -2.578740e-01 0.000000e+00
      vertex   -1.998947e+02 -2.578740e-01 -1.000000e+02
    endloop
  endfacet
  facet normal -7.246328e-02 -9.973711e-01 -4.429217e-18
    outer loop
      vertex   -1.998947e+02 -2.578740e-01 0.000000e+00
      vertex   -1.999334e+02 -2.550605e-01 0.000000e+00
      vertex   -1.998947e+02 -2.578740e-01 -1.000000e+02
    endloop
  endfacet
  facet normal -7.246328e-02 -9.973711e-01 -7.752309e-18
    outer loop
      vertex   -1.998947e+02 -2.578740e-01 -1.000000e+02
      vertex   -1.999334e+02 -2.550605e-01 0.000000e+00
      vertex   -1.999334e+02 -2.550605e-01 -1.000000e+02
    endloop
  endfacet
  facet normal -7.247251e-02 -9.973704e-01 -7.751125e-18
    outer loop
      vertex   -1.999334e+02 -2.550605e-01 0.000000e+00
      vertex   -1.999611e+02 -2.530503e-01 0.000000e+00
      vertex   -1.999334e+02 -2.550605e-01 -1.000000e+02
    endloop
  endfacet
  facet normal -7.247251e-02 -9.973704e-01 4.983791e-18
    outer loop
      vertex   -1.999334e+02 -2.550605e-01 -1.000000e+02
      vertex   -1.999611e+02 -2.530503e-01 0.000000e+00
      vertex   -1.999611e+02 -2.530503e-01 -1.000000e+02
    endloop
  endfacet
  facet normal -7.247866e-02 -9.973700e-01 4.982864e-18
    outer loop
      vertex   -1.999611e+02 -2.530503e-01 0.000000e+00
      vertex   -1.999777e+02 -2.518440e-01 0.000000e+00
      vertex   -1.999611e+02 -2.530503e-01 -1.000000e+02
    endloop
  endfacet
  facet normal -7.247866e-02 -9.973700e-01 2.214845e-18
    outer loop
      vertex   -1.999611e+02 -2.530503e-01 -1.000000e+02
      vertex   -1.999777e+02 -2.518440e-01 0.000000e+00
      vertex   -1.999777e+02 -2.518440e-01 -1.000000e+02
    endloop
  endfacet
  facet normal -7.248174e-02 -9.973697e-01 2.214606e-18
    outer loop
      vertex   -1.999777e+02 -2.518440e-01 0.000000e+00
      vertex   -1.999832e+02 -2.514419e-01 0.000000e+00
      vertex   -1.999777e+02 -2.518440e-01 -1.000000e+02
    endloop
  endfacet
  facet normal -7.248174e-02 -9.973697e-01 -5.536641e-18
    outer loop
      vertex   -1.999777e+02 -2.518440e-01 -1.000000e+02
      vertex   -1.999832e+02 -2.514419e-01 0.000000e+00
      vertex   -1.999832e+02 -2.514419e-01 -1.000000e+02
    endloop
  endfacet
  facet normal 6.574374e-02 9.978365e-01 1.926340e-17
    outer loop
      vertex   -1.561679e+02 -2.500000e-01 -3.000000e+00
      vertex   -1.557718e+02 -2.760985e-01 -3.000000e+00
      vertex   -1.561679e+02 -2.500000e-01 -1.000000e+02
    endloop
  endfacet
  facet normal 6.574374e-02 9.978365e-01 3.851797e-17
    outer loop
      vertex   -1.561679e+02 -2.500000e-01 -1.000000e+02
      vertex   -1.557718e+02 -2.760985e-01 -3.000000e+00
      vertex   -1.557718e+02 -2.760985e-01 -1.000000e+02
    endloop
  endfacet
  facet normal 6.566204e-02 9.978419e-01 3.847892e-17
    outer loop
      vertex   -1.557718e+02 -2.760985e-01 -3.000000e+00
      vertex   -1.549016e+02 -3.333568e-01 -3.000000e+00
      vertex   -1.557718e+02 -2.760985e-01 -1.000000e+02
    endloop
  endfacet
  facet normal 6.566204e-02 9.978419e-01 3.855601e-17
    outer loop
      vertex   -1.557718e+02 -2.760985e-01 -1.000000e+02
      vertex   -1.549016e+02 -3.333568e-01 -3.000000e+00
      vertex   -1.549016e+02 -3.333568e-01 -1.000000e+02
    endloop
  endfacet
  facet normal 6.557939e-02 9.978474e-01 3.843048e-17
    outer loop
      vertex   -1.549016e+02 -3.333568e-01 -3.000000e+00
      vertex   -1.540255e+02 -3.909346e-01 -3.000000e+00
      vertex   -1.549016e+02 -3.333568e-01 -1.000000e+02
    endloop
  endfacet
  facet normal 6.557939e-02 9.978474e-01 3.837535e-17
    outer loop
      vertex   -1.549016e+02 -3.333568e-01 -1.000000e+02
      vertex   -1.540255e+02 -3.909346e-01 -3.000000e+00
      vertex   -1.540255e+02 -3.909346e-01 -1.000000e+02
    endloop
  endfacet
  facet normal 6.549563e-02 9.978529e-01 3.838140e-17
    outer loop
      vertex   -1.540255e+02 -3.909346e-01 -3.000000e+00
      vertex   -1.531436e+02 -4.488233e-01 -3.000000e+00
      vertex   -1.540255e+02 -3.909346e-01 -1.000000e+02
    endloop
  endfacet
  facet normal 6.549563e-02 9.978529e-01 0.000000e+00
    outer loop
      vertex   -1.540255e+02 -3.909346e-01 -1.000000e+02
      vertex   -1.531436e+02 -4.488233e-01 -3.000000e+00
      vertex   -1.531436e+02 -4.488233e-01 -1.000000e+02
    endloop
  endfacet
  facet normal 6.541062e-02 9.978584e-01 0.000000e+00
    outer loop
      vertex   -1.531436e+02 -4.488233e-01 -3.000000e+00
      vertex   -1.522558e+02 -5.070144e-01 -3.000000e+00
      vertex   -1.531436e+02 -4.488233e-01 -1.000000e+02
    endloop
  endfacet
  facet normal 6.541062e-02 9.978584e-01 3.835558e-17
    outer loop
      vertex   -1.531436e+02 -4.488233e-01 -1.000000e+02
      vertex   -1.522558e+02 -5.070144e-01 -3.000000e+00
      vertex   -1.522558e+02 -5.070144e-01 -1.000000e+02
    endloop
  endfacet
  facet normal 6.532417e-02 9.978641e-01 3.828092e-17
    outer loop
      vertex   -1.522558e+02 -5.070144e-01 -3.000000e+00
      vertex   -1.513625e+02 -5.654991e-01 -3.000000e+00
      vertex   -1.522558e+02 -5.070144e-01 -1.000000e+02
    endloop
  endfacet
  facet normal 6.532417e-02 9.978641e-01 1.909624e-17
    outer loop
      vertex   -1.522558e+02 -5.070144e-01 -1.000000e+02
      vertex   -1.513625e+02 -5.654991e-01 -3.000000e+00
      vertex   -1.513625e+02 -5.654991e-01 -1.000000e+02
    endloop
  endfacet
  facet normal 6.523613e-02 9.978699e-01 1.911466e-17
    outer loop
      vertex   -1.513625e+02 -5.654991e-01 -3.000000e+00
      vertex   -1.504635e+02 -6.242685e-01 -3.000000e+00
      vertex   -1.513625e+02 -5.654991e-01 -1.000000e+02
    endloop
  endfacet
  facet normal 6.523613e-02 9.978699e-01 3.819448e-17
    outer loop
      vertex   -1.513625e+02 -5.654991e-01 -1.000000e+02
      vertex   -1.504635e+02 -6.242685e-01 -3.000000e+00
      vertex   -1.504635e+02 -6.242685e-01 -1.000000e+02
    endloop
  endfacet
  facet normal 6.514630e-02 9.978757e-01 3.817669e-17
    outer loop
      vertex   -1.504635e+02 -6.242685e-01 -3.000000e+00
      vertex   -1.495591e+02 -6.833134e-01 -3.000000e+00
      vertex   -1.504635e+02 -6.242685e-01 -1.000000e+02
    endloop
  endfacet
  facet normal 6.514630e-02 9.978757e-01 0.000000e+00
    outer loop
      vertex   -1.504635e+02 -6.242685e-01 -1.000000e+02
      vertex   -1.495591e+02 -6.833134e-01 -3.000000e+00
      vertex   -1.495591e+02 -6.833134e-01 -1.000000e+02
    endloop
  endfacet
  facet normal 6.505451e-02 9.978817e-01 0.000000e+00
    outer loop
      vertex   -1.495591e+02 -6.833134e-01 -3.000000e+00
      vertex   -1.486493e+02 -7.426243e-01 -3.000000e+00
      vertex   -1.495591e+02 -6.833134e-01 -1.000000e+02
    endloop
  endfacet
  facet normal 6.505451e-02 9.978817e-01 3.813267e-17
    outer loop
      vertex   -1.495591e+02 -6.833134e-01 -1.000000e+02
      vertex   -1.486493e+02 -7.426243e-01 -3.000000e+00
      vertex   -1.486493e+02 -7.426243e-01 -1.000000e+02
    endloop
  endfacet
  facet normal 6.496055e-02 9.978878e-01 3.806783e-17
    outer loop
      vertex   -1.486493e+02 -7.426243e-01 -3.000000e+00
      vertex   -1.477343e+02 -8.021918e-01 -3.000000e+00
      vertex   -1.486493e+02 -7.426243e-01 -1.000000e+02
    endloop
  endfacet
  facet normal 6.496055e-02 9.978878e-01 0.000000e+00
    outer loop
      vertex   -1.486493e+02 -7.426243e-01 -1.000000e+02
      vertex   -1.477343e+02 -8.021918e-01 -3.000000e+00
      vertex   -1.477343e+02 -8.021918e-01 -1.000000e+02
    endloop
  endfacet
  facet normal 6.486423e-02 9.978941e-01 0.000000e+00
    outer loop
      vertex   -1.477343e+02 -8.021918e-01 -3.000000e+00
      vertex   -1.468141e+02 -8.620059e-01 -3.000000e+00
      vertex   -1.477343e+02 -8.021918e-01 -1.000000e+02
    endloop
  endfacet
  facet normal 6.486423e-02 9.978941e-01 0.000000e+00
    outer loop
      vertex   -1.477343e+02 -8.021918e-01 -1.000000e+02
      vertex   -1.468141e+02 -8.620059e-01 -3.000000e+00
      vertex   -1.468141e+02 -8.620059e-01 -1.000000e+02
    endloop
  endfacet
  facet normal 6.476534e-02 9.979005e-01 0.000000e+00
    outer loop
      vertex   -1.468141e+02 -8.620059e-01 -3.000000e+00
      vertex   -1.458888e+02 -9.220566e-01 -3.000000e+00
      vertex   -1.468141e+02 -8.620059e-01 -1.000000e+02
    endloop
  endfacet
  facet normal 6.476534e-02 9.979005e-01 0.000000e+00
    outer loop
      vertex   -1.468141e+02 -8.620059e-01 -1.000000e+02
      vertex   -1.458888e+02 -9.220566e-01 -3.000000e+00
      vertex   -1.458888e+02 -9.220566e-01 -1.000000e+02
    endloop
  endfacet
  facet normal 6.466366e-02 9.979071e-01 0.000000e+00
    outer loop
      vertex   -1.458888e+02 -9.220566e-01 -3.000000e+00
      vertex   -1.449586e+02 -9.823337e-01 -3.000000e+00
      vertex   -1.458888e+02 -9.220566e-01 -1.000000e+02
    endloop
  endfacet
  facet normal 6.466366e-02 9.979071e-01 1.895501e-17
    outer loop
      vertex   -1.458888e+02 -9.220566e-01 -1.000000e+02
      vertex   -1.449586e+02 -9.823337e-01 -3.000000e+00
      vertex   -1.449586e+02 -9.823337e-01 -1.000000e+02
    endloop
  endfacet
  facet normal 6.455898e-02 9.979139e-01 1.891625e-17
    outer loop
      vertex   -1.449586e+02 -9.823337e-01 -3.000000e+00
      vertex   -1.440235e+02 -1.042826e+00 -3.000000e+00
      vertex   -1.449586e+02 -9.823337e-01 -1.000000e+02
    endloop
  endfacet
  facet normal 6.455898e-02 9.979139e-01 0.000000e+00
    outer loop
      vertex   -1.449586e+02 -9.823337e-01 -1.000000e+02
      vertex   -1.440235e+02 -1.042826e+00 -3.000000e+00
      vertex   -1.440235e+02 -1.042826e+00 -1.000000e+02
    endloop
  endfacet
  facet normal 6.445105e-02 9.979209e-01 0.000000e+00
    outer loop
      vertex   -1.440235e+02 -1.042826e+00 -3.000000e+00
      vertex   -1.430837e+02 -1.103524e+00 -3.000000e+00
      vertex   -1.440235e+02 -1.042826e+00 -1.000000e+02
    endloop
  endfacet
  facet normal 6.445105e-02 9.979209e-01 2.286351e-17
    outer loop
      vertex   -1.440235e+02 -1.042826e+00 -1.000000e+02
      vertex   -1.430837e+02 -1.103524e+00 -3.000000e+00
      vertex   -1.430837e+02 -1.103524e+00 -1.000000e+02
    endloop
  endfacet
  facet normal 6.433966e-02 9.979281e-01 2.284377e-17
    outer loop
      vertex   -1.430837e+02 -1.103524e+00 -3.000000e+00
      vertex   -1.421393e+02 -1.164416e+00 -3.000000e+00
      vertex   -1.430837e+02 -1.103524e+00 -1.000000e+02
    endloop
  endfacet
  facet normal 6.433966e-02 9.979281e-01 1.882087e-17
    outer loop
      vertex   -1.430837e+02 -1.103524e+00 -1.000000e+02
      vertex   -1.421393e+02 -1.164416e+00 -3.000000e+00
      vertex   -1.421393e+02 -1.164416e+00 -1.000000e+02
    endloop
  endfacet
  facet normal 6.422455e-02 9.979355e-01 1.881826e-17
    outer loop
      vertex   -1.421393e+02 -1.164416e+00 -3.000000e+00
      vertex   -1.411903e+02 -1.225490e+00 -3.000000e+00
      vertex   -1.421393e+02 -1.164416e+00 -1.000000e+02
    endloop
  endfacet
  facet normal 6.422455e-02 9.979355e-01 1.474414e-17
    outer loop
      vertex   -1.421393e+02 -1.164416e+00 -1.000000e+02
      vertex   -1.411903e+02 -1.225490e+00 -3.000000e+00
      vertex   -1.411903e+02 -1.225490e+00 -1.000000e+02
    endloop
  endfacet
  facet normal 6.410548e-02 9.979431e-01 1.472264e-17
    outer loop
      vertex   -1.411903e+02 -1.225490e+00 -3.000000e+00
      vertex   -1.402369e+02 -1.286734e+00 -3.000000e+00
      vertex   -1.411903e+02 -1.225490e+00 -1.000000e+02
    endloop
  endfacet
  facet normal 6.410548e-02 9.979431e-01 1.879395e-17
    outer loop
      vertex   -1.411903e+02 -1.225490e+00 -1.000000e+02
      vertex   -1.402369e+02 -1.286734e+00 -3.000000e+00
      vertex   -1.402369e+02 -1.286734e+00 -1.000000e+02
    endloop
  endfacet
  facet normal 6.398220e-02 9.979510e-01 1.874725e-17
    outer loop
      vertex   -1.402369e+02 -1.286734e+00 -3.000000e+00
      vertex   -1.392791e+02 -1.348138e+00 -3.000000e+00
      vertex   -1.402369e+02 -1.286734e+00 -1.000000e+02
    endloop
  endfacet
  facet normal 6.398220e-02 9.979510e-01 0.000000e+00
    outer loop
      vertex   -1.402369e+02 -1.286734e+00 -1.000000e+02
      vertex   -1.392791e+02 -1.348138e+00 -3.000000e+00
      vertex   -1.392791e+02 -1.348138e+00 -1.000000e+02
    endloop
  endfacet
  facet normal 6.385444e-02 9.979592e-01 0.000000e+00
    outer loop
      vertex   -1.392791e+02 -1.348138e+00 -3.000000e+00
      vertex   -1.383172e+02 -1.409689e+00 -3.000000e+00
      vertex   -1.392791e+02 -1.348138e+00 -1.000000e+02
    endloop
  endfacet
  facet normal 6.385444e-02 9.979592e-01 3.740323e-17
    outer loop
      vertex   -1.392791e+02 -1.348138e+00 -1.000000e+02
      vertex   -1.383172e+02 -1.409689e+00 -3.000000e+00
      vertex   -1.383172e+02 -1.409689e+00 -1.000000e+02
    endloop
  endfacet
  facet normal 6.372194e-02 9.979677e-01 3.734199e-17
    outer loop
      vertex   -1.383172e+02 -1.409689e+00 -3.000000e+00
      vertex   -1.373511e+02 -1.471373e+00 -3.000000e+00
      vertex   -1.383172e+02 -1.409689e+00 -1.000000e+02
    endloop
  endfacet
  facet normal 6.372194e-02 9.979677e-01 -2.283439e-17
    outer loop
      vertex   -1.383172e+02 -1.409689e+00 -1.000000e+02
      vertex   -1.373511e+02 -1.471373e+00 -3.000000e+00
      vertex   -1.373511e+02 -1.471373e+00 -1.000000e+02
    endloop
  endfacet
  facet normal 6.358442e-02 9.979765e-01 -2.284488e-17
    outer loop
      vertex   -1.373511e+02 -1.471373e+00 -3.000000e+00
      vertex   -1.363811e+02 -1.533179e+00 -3.000000e+00
      vertex   -1.373511e+02 -1.471373e+00 -1.000000e+02
    endloop
  endfacet
  facet normal 6.358442e-02 9.979765e-01 0.000000e+00
    outer loop
      vertex   -1.373511e+02 -1.471373e+00 -1.000000e+02
      vertex   -1.363811e+02 -1.533179e+00 -3.000000e+00
      vertex   -1.363811e+02 -1.533179e+00 -1.000000e+02
    endloop
  endfacet
  facet normal 6.344160e-02 9.979856e-01 0.000000e+00
    outer loop
      vertex   -1.363811e+02 -1.533179e+00 -3.000000e+00
      vertex   -1.354071e+02 -1.595093e+00 -3.000000e+00
      vertex   -1.363811e+02 -1.533179e+00 -1.000000e+02
    endloop
  endfacet
  facet normal 6.344160e-02 9.979856e-01 0.000000e+00
    outer loop
      vertex   -1.363811e+02 -1.533179e+00 -1.000000e+02
      vertex   -1.354071e+02 -1.595093e+00 -3.000000e+00
      vertex   -1.354071e+02 -1.595093e+00 -1.000000e+02
    endloop
  endfacet
  facet normal 6.329320e-02 9.979950e-01 0.000000e+00
    outer loop
      vertex   -1.354071e+02 -1.595093e+00 -3.000000e+00
      vertex   -1.344294e+02 -1.657102e+00 -3.000000e+00
      vertex   -1.354071e+02 -1.595093e+00 -1.000000e+02
    endloop
  endfacet
  facet normal 6.329320e-02 9.979950e-01 3.709252e-17
    outer loop
      vertex   -1.354071e+02 -1.595093e+00 -1.000000e+02
      vertex   -1.344294e+02 -1.657102e+00 -3.000000e+00
      vertex   -1.344294e+02 -1.657102e+00 -1.000000e+02
    endloop
  endfacet
  facet normal 6.313893e-02 9.980047e-01 3.700034e-17
    outer loop
      vertex   -1.344294e+02 -1.657102e+00 -3.000000e+00
      vertex   -1.334480e+02 -1.719192e+00 -3.000000e+00
      vertex   -1.344294e+02 -1.657102e+00 -1.000000e+02
    endloop
  endfacet
  facet normal 6.313893e-02 9.980047e-01 3.695390e-17
    outer loop
      vertex   -1.344294e+02 -1.657102e+00 -1.000000e+02
      vertex   -1.334480e+02 -1.719192e+00 -3.000000e+00
      vertex   -1.334480e+02 -1.719192e+00 -1.000000e+02
    endloop
  endfacet
  facet normal 6.297849e-02 9.980149e-01 3.690631e-17
    outer loop
      vertex   -1.334480e+02 -1.719192e+00 -3.000000e+00
      vertex   -1.324630e+02 -1.781348e+00 -3.000000e+00
      vertex   -1.334480e+02 -1.719192e+00 -1.000000e+02
    endloop
  endfacet
  facet normal 6.297849e-02 9.980149e-01 0.000000e+00
    outer loop
      vertex   -1.334480e+02 -1.719192e+00 -1.000000e+02
      vertex   -1.324630e+02 -1.781348e+00 -3.000000e+00
      vertex   -1.324630e+02 -1.781348e+00 -1.000000e+02
    endloop
  endfacet
  facet normal 6.281156e-02 9.980254e-01 0.000000e+00
    outer loop
      vertex   -1.324630e+02 -1.781348e+00 -3.000000e+00
      vertex   -1.314745e+02 -1.843557e+00 -3.000000e+00
      vertex   -1.324630e+02 -1.781348e+00 -1.000000e+02
    endloop
  endfacet
  facet normal 6.281156e-02 9.980254e-01 0.000000e+00
    outer loop
      vertex   -1.324630e+02 -1.781348e+00 -1.000000e+02
      vertex   -1.314745e+02 -1.843557e+00 -3.000000e+00
      vertex   -1.314745e+02 -1.843557e+00 -1.000000e+02
    endloop
  endfacet
  facet normal 6.263786e-02 9.980363e-01 0.000000e+00
    outer loop
      vertex   -1.314745e+02 -1.843557e+00 -3.000000e+00
      vertex   -1.304827e+02 -1.905803e+00 -3.000000e+00
      vertex   -1.314745e+02 -1.843557e+00 -1.000000e+02
    endloop
  endfacet
  facet normal 6.263786e-02 9.980363e-01 3.671241e-17
    outer loop
      vertex   -1.314745e+02 -1.843557e+00 -1.000000e+02
      vertex   -1.304827e+02 -1.905803e+00 -3.000000e+00
      vertex   -1.304827e+02 -1.905803e+00 -1.000000e+02
    endloop
  endfacet
  facet normal 6.245705e-02 9.980477e-01 3.660075e-17
    outer loop
      vertex   -1.304827e+02 -1.905803e+00 -3.000000e+00
      vertex   -1.294877e+02 -1.968071e+00 -3.000000e+00
      vertex   -1.304827e+02 -1.905803e+00 -1.000000e+02
    endloop
  endfacet
  facet normal 6.245705e-02 9.980477e-01 1.829666e-17
    outer loop
      vertex   -1.304827e+02 -1.905803e+00 -1.000000e+02
      vertex   -1.294877e+02 -1.968071e+00 -3.000000e+00
      vertex   -1.294877e+02 -1.968071e+00 -1.000000e+02
    endloop
  endfacet
  facet normal 6.226883e-02 9.980594e-01 1.824522e-17
    outer loop
      vertex   -1.294877e+02 -1.968071e+00 -3.000000e+00
      vertex   -1.284895e+02 -2.030347e+00 -3.000000e+00
      vertex   -1.294877e+02 -1.968071e+00 -1.000000e+02
    endloop
  endfacet
  facet normal 6.226883e-02 9.980594e-01 1.823952e-17
    outer loop
      vertex   -1.294877e+02 -1.968071e+00 -1.000000e+02
      vertex   -1.284895e+02 -2.030347e+00 -3.000000e+00
      vertex   -1.284895e+02 -2.030347e+00 -1.000000e+02
    endloop
  endfacet
  facet normal 6.207285e-02 9.980716e-01 1.818780e-17
    outer loop
      vertex   -1.284895e+02 -2.030347e+00 -3.000000e+00
      vertex   -1.274884e+02 -2.092613e+00 -3.000000e+00
      vertex   -1.284895e+02 -2.030347e+00 -1.000000e+02
    endloop
  endfacet
  facet normal 6.207285e-02 9.980716e-01 0.000000e+00
    outer loop
      vertex   -1.284895e+02 -2.030347e+00 -1.000000e+02
      vertex   -1.274884e+02 -2.092613e+00 -3.000000e+00
      vertex   -1.274884e+02 -2.092613e+00 -1.000000e+02
    endloop
  endfacet
  facet normal 6.186881e-02 9.980843e-01 0.000000e+00
    outer loop
      vertex   -1.274884e+02 -2.092613e+00 -3.000000e+00
      vertex   -1.264843e+02 -2.154854e+00 -3.000000e+00
      vertex   -1.274884e+02 -2.092613e+00 -1.000000e+02
    endloop
  endfacet
  facet normal 6.186881e-02 9.980843e-01 0.000000e+00
    outer loop
      vertex   -1.274884e+02 -2.092613e+00 -1.000000e+02
      vertex   -1.264843e+02 -2.154854e+00 -3.000000e+00
      vertex   -1.264843e+02 -2.154854e+00 -1.000000e+02
    endloop
  endfacet
  facet normal 6.165635e-02 9.980974e-01 0.000000e+00
    outer loop
      vertex   -1.264843e+02 -2.154854e+00 -3.000000e+00
      vertex   -1.254774e+02 -2.217053e+00 -3.000000e+00
      vertex   -1.264843e+02 -2.154854e+00 -1.000000e+02
    endloop
  endfacet
  facet normal 6.165635e-02 9.980974e-01 2.297504e-17
    outer loop
      vertex   -1.264843e+02 -2.154854e+00 -1.000000e+02
      vertex   -1.254774e+02 -2.217053e+00 -3.000000e+00
      vertex   -1.254774e+02 -2.217053e+00 -1.000000e+02
    endloop
  endfacet
  facet normal 6.143514e-02 9.981111e-01 2.284796e-17
    outer loop
      vertex   -1.254774e+02 -2.217053e+00 -3.000000e+00
      vertex   -1.244678e+02 -2.279194e+00 -3.000000e+00
      vertex   -1.254774e+02 -2.217053e+00 -1.000000e+02
    endloop
  endfacet
  facet normal 6.143514e-02 9.981111e-01 0.000000e+00
    outer loop
      vertex   -1.254774e+02 -2.217053e+00 -1.000000e+02
      vertex   -1.244678e+02 -2.279194e+00 -3.000000e+00
      vertex   -1.244678e+02 -2.279194e+00 -1.000000e+02
    endloop
  endfacet
  facet normal 6.120483e-02 9.981252e-01 0.000000e+00
    outer loop
      vertex   -1.244678e+02 -2.279194e+00 -3.000000e+00
      vertex   -1.234557e+02 -2.341258e+00 -3.000000e+00
      vertex   -1.244678e+02 -2.279194e+00 -1.000000e+02
    endloop
  endfacet
  facet normal 6.120483e-02 9.981252e-01 2.285632e-17
    outer loop
      vertex   -1.244678e+02 -2.279194e+00 -1.000000e+02
      vertex   -1.234557e+02 -2.341258e+00 -3.000000e+00
      vertex   -1.234557e+02 -2.341258e+00 -1.000000e+02
    endloop
  endfacet
  facet normal 6.096507e-02 9.981399e-01 2.284862e-17
    outer loop
      vertex   -1.234557e+02 -2.341258e+00 -3.000000e+00
      vertex   -1.224411e+02 -2.403229e+00 -3.000000e+00
      vertex   -1.234557e+02 -2.341258e+00 -1.000000e+02
    endloop
  endfacet
  facet normal 6.096507e-02 9.981399e-01 -2.294196e-17
    outer loop
      vertex   -1.234557e+02 -2.341258e+00 -1.000000e+02
      vertex   -1.224411e+02 -2.403229e+00 -3.000000e+00
      vertex   -1.224411e+02 -2.403229e+00 -1.000000e+02
    endloop
  endfacet
  facet normal 6.071550e-02 9.981551e-01 -2.284896e-17
    outer loop
      vertex   -1.224411e+02 -2.403229e+00 -3.000000e+00
      vertex   -1.214241e+02 -2.465088e+00 -3.000000e+00
      vertex   -1.224411e+02 -2.403229e+00 -1.000000e+02
    endloop
  endfacet
  facet normal 6.071550e-02 9.981551e-01 0.000000e+00
    outer loop
      vertex   -1.224411e+02 -2.403229e+00 -1.000000e+02
      vertex   -1.214241e+02 -2.465088e+00 -3.000000e+00
      vertex   -1.214241e+02 -2.465088e+00 -1.000000e+02
    endloop
  endfacet
  facet normal 6.045578e-02 9.981709e-01 0.000000e+00
    outer loop
      vertex   -1.214241e+02 -2.465088e+00 -3.000000e+00
      vertex   -1.204049e+02 -2.526817e+00 -3.000000e+00
      vertex   -1.214241e+02 -2.465088e+00 -1.000000e+02
    endloop
  endfacet
  facet normal 6.045578e-02 9.981709e-01 0.000000e+00
    outer loop
      vertex   -1.214241e+02 -2.465088e+00 -1.000000e+02
      vertex   -1.204049e+02 -2.526817e+00 -3.000000e+00
      vertex   -1.204049e+02 -2.526817e+00 -1.000000e+02
    endloop
  endfacet
  facet normal 6.018552e-02 9.981872e-01 0.000000e+00
    outer loop
      vertex   -1.204049e+02 -2.526817e+00 -3.000000e+00
      vertex   -1.193836e+02 -2.588397e+00 -3.000000e+00
      vertex   -1.204049e+02 -2.526817e+00 -1.000000e+02
    endloop
  endfacet
  facet normal 6.018552e-02 9.981872e-01 0.000000e+00
    outer loop
      vertex   -1.204049e+02 -2.526817e+00 -1.000000e+02
      vertex   -1.193836e+02 -2.588397e+00 -3.000000e+00
      vertex   -1.193836e+02 -2.588397e+00 -1.000000e+02
    endloop
  endfacet
  facet normal 5.990437e-02 9.982041e-01 0.000000e+00
    outer loop
      vertex   -1.193836e+02 -2.588397e+00 -3.000000e+00
      vertex   -1.183603e+02 -2.649809e+00 -3.000000e+00
      vertex   -1.193836e+02 -2.588397e+00 -1.000000e+02
    endloop
  endfacet
  facet normal 5.990437e-02 9.982041e-01 0.000000e+00
    outer loop
      vertex   -1.193836e+02 -2.588397e+00 -1.000000e+02
      vertex   -1.183603e+02 -2.649809e+00 -3.000000e+00
      vertex   -1.183603e+02 -2.649809e+00 -1.000000e+02
    endloop
  endfacet
  facet normal 5.961195e-02 9.982216e-01 0.000000e+00
    outer loop
      vertex   -1.183603e+02 -2.649809e+00 -3.000000e+00
      vertex   -1.173350e+02 -2.711034e+00 -3.000000e+00
      vertex   -1.183603e+02 -2.649809e+00 -1.000000e+02
    endloop
  endfacet
  facet normal 5.961195e-02 9.982216e-01 -2.284545e-17
    outer loop
      vertex   -1.183603e+02 -2.649809e+00 -1.000000e+02
      vertex   -1.173350e+02 -2.711034e+00 -3.000000e+00
      vertex   -1.173350e+02 -2.711034e+00 -1.000000e+02
    endloop
  endfacet
  facet normal 5.930789e-02 9.982397e-01 -2.285090e-17
    outer loop
      vertex   -1.173350e+02 -2.711034e+00 -3.000000e+00
      vertex   -1.163080e+02 -2.772051e+00 -3.000000e+00
      vertex   -1.173350e+02 -2.711034e+00 -1.000000e+02
    endloop
  endfacet
  facet normal 5.930789e-02 9.982397e-01 0.000000e+00
    outer loop
      vertex   -1.173350e+02 -2.711034e+00 -1.000000e+02
      vertex   -1.163080e+02 -2.772051e+00 -3.000000e+00
      vertex   -1.163080e+02 -2.772051e+00 -1.000000e+02
    endloop
  endfacet
  facet normal 5.899181e-02 9.982585e-01 0.000000e+00
    outer loop
      vertex   -1.163080e+02 -2.772051e+00 -3.000000e+00
      vertex   -1.152793e+02 -2.832841e+00 -3.000000e+00
      vertex   -1.163080e+02 -2.772051e+00 -1.000000e+02
    endloop
  endfacet
  facet normal 5.899181e-02 9.982585e-01 0.000000e+00
    outer loop
      vertex   -1.163080e+02 -2.772051e+00 -1.000000e+02
      vertex   -1.152793e+02 -2.832841e+00 -3.000000e+00
      vertex   -1.152793e+02 -2.832841e+00 -1.000000e+02
    endloop
  endfacet
  facet normal 5.866332e-02 9.982778e-01 0.000000e+00
    outer loop
      vertex   -1.152793e+02 -2.832841e+00 -3.000000e+00
      vertex   -1.142491e+02 -2.893382e+00 -3.000000e+00
      vertex   -1.152793e+02 -2.832841e+00 -1.000000e+02
    endloop
  endfacet
  facet normal 5.866332e-02 9.982778e-01 -2.280478e-17
    outer loop
      vertex   -1.152793e+02 -2.832841e+00 -1.000000e+02
      vertex   -1.142491e+02 -2.893382e+00 -3.000000e+00
      vertex   -1.142491e+02 -2.893382e+00 -1.000000e+02
    endloop
  endfacet
  facet normal 5.832203e-02 9.982978e-01 -2.285223e-17
    outer loop
      vertex   -1.142491e+02 -2.893382e+00 -3.000000e+00
      vertex   -1.132174e+02 -2.953655e+00 -3.000000e+00
      vertex   -1.142491e+02 -2.893382e+00 -1.000000e+02
    endloop
  endfacet
  facet normal 5.832203e-02 9.982978e-01 0.000000e+00
    outer loop
      vertex   -1.142491e+02 -2.893382e+00 -1.000000e+02
      vertex   -1.132174e+02 -2.953655e+00 -3.000000e+00
      vertex   -1.132174e+02 -2.953655e+00 -1.000000e+02
    endloop
  endfacet
  facet normal 5.796756e-02 9.983185e-01 0.000000e+00
    outer loop
      vertex   -1.132174e+02 -2.953655e+00 -3.000000e+00
      vertex   -1.121844e+02 -3.013638e+00 -3.000000e+00
      vertex   -1.132174e+02 -2.953655e+00 -1.000000e+02
    endloop
  endfacet
  facet normal 5.796756e-02 9.983185e-01 0.000000e+00
    outer loop
      vertex   -1.132174e+02 -2.953655e+00 -1.000000e+02
      vertex   -1.121844e+02 -3.013638e+00 -3.000000e+00
      vertex   -1.121844e+02 -3.013638e+00 -1.000000e+02
    endloop
  endfacet
  facet normal 5.759950e-02 9.983398e-01 0.000000e+00
    outer loop
      vertex   -1.121844e+02 -3.013638e+00 -3.000000e+00
      vertex   -1.111501e+02 -3.073309e+00 -3.000000e+00
      vertex   -1.121844e+02 -3.013638e+00 -1.000000e+02
    endloop
  endfacet
  facet normal 5.759950e-02 9.983398e-01 0.000000e+00
    outer loop
      vertex   -1.121844e+02 -3.013638e+00 -1.000000e+02
      vertex   -1.111501e+02 -3.073309e+00 -3.000000e+00
      vertex   -1.111501e+02 -3.073309e+00 -1.000000e+02
    endloop
  endfacet
  facet normal 5.585577e-02 9.984388e-01 -5.721238e-16
    outer loop
      vertex   -1.090545e+02 -3.192979e+00 -5.000000e+01
      vertex   -1.090647e+02 -3.192409e+00 -4.987461e+01
      vertex   -1.090545e+02 -3.192979e+00 -4.922500e+01
    endloop
  endfacet
  facet normal 5.640989e-02 9.984077e-01 -8.724177e-06
    outer loop
      vertex   -1.090545e+02 -3.192979e+00 -4.922500e+01
      vertex   -1.090647e+02 -3.192409e+00 -4.987461e+01
      vertex   -1.090785e+02 -3.191627e+00 -4.922500e+01
    endloop
  endfacet
  facet normal 5.682107e-02 9.983844e-01 -5.977267e-16
    outer loop
      vertex   -1.090785e+02 -3.191627e+00 -4.922500e+01
      vertex   -1.090647e+02 -3.192409e+00 -4.987461e+01
      vertex   -1.090950e+02 -3.190684e+00 -4.975252e+01
    endloop
  endfacet
  facet normal 5.682107e-02 9.983844e-01 -7.415161e-17
    outer loop
      vertex   -1.090785e+02 -3.191627e+00 -4.922500e+01
      vertex   -1.090950e+02 -3.190684e+00 -4.975252e+01
      vertex   -1.091447e+02 -3.187858e+00 -4.963695e+01
    endloop
  endfacet
  facet normal 5.682107e-02 9.983844e-01 -9.591600e-18
    outer loop
      vertex   -1.090785e+02 -3.191627e+00 -4.922500e+01
      vertex   -1.091447e+02 -3.187858e+00 -4.963695e+01
      vertex   -1.090785e+02 -3.191627e+00 -3.000000e+00
    endloop
  endfacet
  facet normal 5.682107e-02 9.983844e-01 -5.340186e-18
    outer loop
      vertex   -1.090785e+02 -3.191627e+00 -3.000000e+00
      vertex   -1.091447e+02 -3.187858e+00 -4.963695e+01
      vertex   -1.092123e+02 -3.184008e+00 -4.953095e+01
    endloop
  endfacet
  facet normal 5.682107e-02 9.983844e-01 -3.654509e-17
    outer loop
      vertex   -1.090785e+02 -3.191627e+00 -3.000000e+00
      vertex   -1.092123e+02 -3.184008e+00 -4.953095e+01
      vertex   -1.092962e+02 -3.179234e+00 -4.943731e+01
    endloop
  endfacet
  facet normal 5.682107e-02 9.983844e-01 -2.111024e-17
    outer loop
      vertex   -1.092962e+02 -3.179234e+00 -4.943731e+01
      vertex   -1.093941e+02 -3.173662e+00 -4.935850e+01
      vertex   -1.090785e+02 -3.191627e+00 -3.000000e+00
    endloop
  endfacet
  facet normal 5.682107e-02 9.983844e-01 1.089126e-16
    outer loop
      vertex   -1.090785e+02 -3.191627e+00 -3.000000e+00
      vertex   -1.093941e+02 -3.173662e+00 -4.935850e+01
      vertex   -1.095035e+02 -3.167439e+00 -4.929659e+01
    endloop
  endfacet
  facet normal 5.682107e-02 9.983844e-01 -1.391352e-17
    outer loop
      vertex   -1.090785e+02 -3.191627e+00 -3.000000e+00
      vertex   -1.095035e+02 -3.167439e+00 -4.929659e+01
      vertex   -1.096214e+02 -3.160729e+00 -4.925322e+01
    endloop
  endfacet
  facet normal 5.682107e-02 9.983844e-01 1.011679e-18
    outer loop
      vertex   -1.090785e+02 -3.191627e+00 -3.000000e+00
      vertex   -1.096214e+02 -3.160729e+00 -4.925322e+01
      vertex   -1.101148e+02 -3.132646e+00 -3.000000e+00
    endloop
  endfacet
  facet normal 5.682107e-02 9.983844e-01 1.539088e-16
    outer loop
      vertex   -1.101148e+02 -3.132646e+00 -3.000000e+00
      vertex   -1.096214e+02 -3.160729e+00 -4.925322e+01
      vertex   -1.097447e+02 -3.153708e+00 -4.922953e+01
    endloop
  endfacet
  facet normal 5.682107e-02 9.983844e-01 8.505504e-18
    outer loop
      vertex   -1.101148e+02 -3.132646e+00 -3.000000e+00
      vertex   -1.097447e+02 -3.153708e+00 -4.922953e+01
      vertex   -1.098703e+02 -3.146562e+00 -4.922614e+01
    endloop
  endfacet
  facet normal 5.682107e-02 9.983844e-01 3.339244e-17
    outer loop
      vertex   -1.098703e+02 -3.146562e+00 -4.922614e+01
      vertex   -1.099947e+02 -3.139479e+00 -4.924315e+01
      vertex   -1.101148e+02 -3.132646e+00 -3.000000e+00
    endloop
  endfacet
  facet normal 5.682107e-02 9.983844e-01 3.969895e-17
    outer loop
      vertex   -1.101148e+02 -3.132646e+00 -3.000000e+00
      vertex   -1.099947e+02 -3.139479e+00 -4.924315e+01
      vertex   -1.101148e+02 -3.132646e+00 -4.928009e+01
    endloop
  endfacet
  facet normal 5.640989e-02 9.984077e-01 -9.591824e-18
    outer loop
      vertex   -1.090785e+02 -3.191627e+00 -4.922500e+01
      vertex   -1.090785e+02 -3.191627e+00 -3.000000e+00
      vertex   -1.090545e+02 -3.192979e+00 -4.922500e+01
    endloop
  endfacet
  facet normal 5.640989e-02 9.984077e-01 4.619319e-18
    outer loop
      vertex   -1.090545e+02 -3.192979e+00 -4.922500e+01
      vertex   -1.090785e+02 -3.191627e+00 -3.000000e+00
      vertex   -1.080412e+02 -3.250229e+00 -3.000000e+00
    endloop
  endfacet
  facet normal 5.640989e-02 9.984077e-01 -5.721059e-16
    outer loop
      vertex   -1.090545e+02 -3.192979e+00 -4.922500e+01
      vertex   -1.080412e+02 -3.250229e+00 -3.000000e+00
      vertex   -1.090545e+02 -3.192979e+00 -5.000000e+01
    endloop
  endfacet
  facet normal 5.640989e-02 9.984077e-01 5.721059e-16
    outer loop
      vertex   -1.090545e+02 -3.192979e+00 -5.000000e+01
      vertex   -1.080412e+02 -3.250229e+00 -3.000000e+00
      vertex   -1.090545e+02 -3.192979e+00 -5.077500e+01
    endloop
  endfacet
  facet normal 5.640989e-02 9.984077e-01 0.000000e+00
    outer loop
      vertex   -1.090545e+02 -3.192979e+00 -5.077500e+01
      vertex   -1.080412e+02 -3.250229e+00 -3.000000e+00
      vertex   -1.080412e+02 -3.250229e+00 -1.000000e+02
    endloop
  endfacet
  facet normal 5.640989e-02 9.984077e-01 -4.337796e-18
    outer loop
      vertex   -1.090545e+02 -3.192979e+00 -5.077500e+01
      vertex   -1.080412e+02 -3.250229e+00 -1.000000e+02
      vertex   -1.090785e+02 -3.191627e+00 -1.000000e+02
    endloop
  endfacet
  facet normal 5.640989e-02 9.984077e-01 9.007254e-18
    outer loop
      vertex   -1.090785e+02 -3.191627e+00 -1.000000e+02
      vertex   -1.090785e+02 -3.191627e+00 -5.077500e+01
      vertex   -1.090545e+02 -3.192979e+00 -5.077500e+01
    endloop
  endfacet
  facet normal 5.598353e-02 9.984317e-01 0.000000e+00
    outer loop
      vertex   -1.080412e+02 -3.250229e+00 -3.000000e+00
      vertex   -1.070033e+02 -3.308431e+00 -3.000000e+00
      vertex   -1.080412e+02 -3.250229e+00 -1.000000e+02
    endloop
  endfacet
  facet normal 5.598353e-02 9.984317e-01 0.000000e+00
    outer loop
      vertex   -1.080412e+02 -3.250229e+00 -1.000000e+02
      vertex   -1.070033e+02 -3.308431e+00 -3.000000e+00
      vertex   -1.070033e+02 -3.308431e+00 -1.000000e+02
    endloop
  endfacet
  facet normal 5.554157e-02 9.984564e-01 0.000000e+00
    outer loop
      vertex   -1.070033e+02 -3.308431e+00 -3.000000e+00
      vertex   -1.059646e+02 -3.366207e+00 -3.000000e+00
      vertex   -1.070033e+02 -3.308431e+00 -1.000000e+02
    endloop
  endfacet
  facet normal 5.554157e-02 9.984564e-01 0.000000e+00
    outer loop
      vertex   -1.070033e+02 -3.308431e+00 -1.000000e+02
      vertex   -1.059646e+02 -3.366207e+00 -3.000000e+00
      vertex   -1.059646e+02 -3.366207e+00 -1.000000e+02
    endloop
  endfacet
  facet normal 5.508360e-02 9.984817e-01 0.000000e+00
    outer loop
      vertex   -1.059646e+02 -3.366207e+00 -3.000000e+00
      vertex   -1.049255e+02 -3.423535e+00 -3.000000e+00
      vertex   -1.059646e+02 -3.366207e+00 -1.000000e+02
    endloop
  endfacet
  facet normal 5.508360e-02 9.984817e-01 0.000000e+00
    outer loop
      vertex   -1.059646e+02 -3.366207e+00 -1.000000e+02
      vertex   -1.049255e+02 -3.423535e+00 -3.000000e+00
      vertex   -1.049255e+02 -3.423535e+00 -1.000000e+02
    endloop
  endfacet
  facet normal 5.460922e-02 9.985078e-01 0.000000e+00
    outer loop
      vertex   -1.049255e+02 -3.423535e+00 -3.000000e+00
      vertex   -1.038859e+02 -3.480391e+00 -3.000000e+00
      vertex   -1.049255e+02 -3.423535e+00 -1.000000e+02
    endloop
  endfacet
  facet normal 5.460922e-02 9.985078e-01 0.000000e+00
    outer loop
      vertex   -1.049255e+02 -3.423535e+00 -1.000000e+02
      vertex   -1.038859e+02 -3.480391e+00 -3.000000e+00
      vertex   -1.038859e+02 -3.480391e+00 -1.000000e+02
    endloop
  endfacet
  facet normal 5.411800e-02 9.985345e-01 0.000000e+00
    outer loop
      vertex   -1.038859e+02 -3.480391e+00 -3.000000e+00
      vertex   -1.028460e+02 -3.536750e+00 -3.000000e+00
      vertex   -1.038859e+02 -3.480391e+00 -1.000000e+02
    endloop
  endfacet
  facet normal 5.411800e-02 9.985345e-01 0.000000e+00
    outer loop
      vertex   -1.038859e+02 -3.480391e+00 -1.000000e+02
      vertex   -1.028460e+02 -3.536750e+00 -3.000000e+00
      vertex   -1.028460e+02 -3.536750e+00 -1.000000e+02
    endloop
  endfacet
  facet normal 5.360954e-02 9.985620e-01 0.000000e+00
    outer loop
      vertex   -1.028460e+02 -3.536750e+00 -3.000000e+00
      vertex   -1.018059e+02 -3.592590e+00 -3.000000e+00
      vertex   -1.028460e+02 -3.536750e+00 -1.000000e+02
    endloop
  endfacet
  facet normal 5.360954e-02 9.985620e-01 0.000000e+00
    outer loop
      vertex   -1.028460e+02 -3.536750e+00 -1.000000e+02
      vertex   -1.018059e+02 -3.592590e+00 -3.000000e+00
      vertex   -1.018059e+02 -3.592590e+00 -1.000000e+02
    endloop
  endfacet
  facet normal 5.308340e-02 9.985901e-01 0.000000e+00
    outer loop
      vertex   -1.018059e+02 -3.592590e+00 -3.000000e+00
      vertex   -1.007657e+02 -3.647883e+00 -3.000000e+00
      vertex   -1.018059e+02 -3.592590e+00 -1.000000e+02
    endloop
  endfacet
  facet normal 5.308340e-02 9.985901e-01 -2.286888e-17
    outer loop
      vertex   -1.018059e+02 -3.592590e+00 -1.000000e+02
      vertex   -1.007657e+02 -3.647883e+00 -3.000000e+00
      vertex   -1.007657e+02 -3.647883e+00 -1.000000e+02
    endloop
  endfacet
  facet normal 4.953167e-02 9.987726e-01 1.103391e-17
    outer loop
      vertex   -9.479941e+01 -3.953391e+00 -3.000000e+00
      vertex   -9.452936e+01 -3.966783e+00 -3.000000e+00
      vertex   -9.479941e+01 -3.953391e+00 -1.000000e+02
    endloop
  endfacet
  facet normal 4.953167e-02 9.987726e-01 2.285230e-17
    outer loop
      vertex   -9.479941e+01 -3.953391e+00 -1.000000e+02
      vertex   -9.452936e+01 -3.966783e+00 -3.000000e+00
      vertex   -9.452936e+01 -3.966783e+00 -1.000000e+02
    endloop
  endfacet
  facet normal -6.417226e-01 7.669369e-01 0.000000e+00
    outer loop
      vertex   -3.567962e+00 -3.876945e-01 -3.000000e+00
      vertex   -3.461829e+00 -2.988898e-01 -3.000000e+00
      vertex   -3.567962e+00 -3.876945e-01 -1.000000e+02
    endloop
  endfacet
  facet normal -6.417226e-01 7.669369e-01 0.000000e+00
    outer loop
      vertex   -3.567962e+00 -3.876945e-01 -1.000000e+02
      vertex   -3.461829e+00 -2.988898e-01 -3.000000e+00
      vertex   -3.461829e+00 -2.988898e-01 -1.000000e+02
    endloop
  endfacet
  facet normal -6.156666e-01 7.880068e-01 0.000000e+00
    outer loop
      vertex   -3.687145e+00 -4.808118e-01 -3.000000e+00
      vertex   -3.567962e+00 -3.876945e-01 -3.000000e+00
      vertex   -3.687145e+00 -4.808118e-01 -1.000000e+02
    endloop
  endfacet
  facet normal -6.156666e-01 7.880068e-01 0.000000e+00
    outer loop
      vertex   -3.687145e+00 -4.808118e-01 -1.000000e+02
      vertex   -3.567962e+00 -3.876945e-01 -3.000000e+00
      vertex   -3.567962e+00 -3.876945e-01 -1.000000e+02
    endloop
  endfacet
  facet normal -5.904605e-01 8.070665e-01 0.000000e+00
    outer loop
      vertex   -3.819539e+00 -5.776730e-01 -3.000000e+00
      vertex   -3.687145e+00 -4.808118e-01 -3.000000e+00
      vertex   -3.819539e+00 -5.776730e-01 -1.000000e+02
    endloop
  endfacet
  facet normal -5.904605e-01 8.070665e-01 0.000000e+00
    outer loop
      vertex   -3.819539e+00 -5.776730e-01 -1.000000e+02
      vertex   -3.687145e+00 -4.808118e-01 -3.000000e+00
      vertex   -3.687145e+00 -4.808118e-01 -1.000000e+02
    endloop
  endfacet
  facet normal -5.661539e-01 8.242995e-01 0.000000e+00
    outer loop
      vertex   -3.965229e+00 -6.777374e-01 -3.000000e+00
      vertex   -3.819539e+00 -5.776730e-01 -3.000000e+00
      vertex   -3.965229e+00 -6.777374e-01 -1.000000e+02
    endloop
  endfacet
  facet normal -5.661539e-01 8.242995e-01 0.000000e+00
    outer loop
      vertex   -3.965229e+00 -6.777374e-01 -1.000000e+02
      vertex   -3.819539e+00 -5.776730e-01 -3.000000e+00
      vertex   -3.819539e+00 -5.776730e-01 -1.000000e+02
    endloop
  endfacet
  facet normal -5.427742e-01 8.398787e-01 0.000000e+00
    outer loop
      vertex   -4.124241e+00 -7.804990e-01 -3.000000e+00
      vertex   -3.965229e+00 -6.777374e-01 -3.000000e+00
      vertex   -4.124241e+00 -7.804990e-01 -1.000000e+02
    endloop
  endfacet
  facet normal -5.427742e-01 8.398787e-01 0.000000e+00
    outer loop
      vertex   -4.124241e+00 -7.804990e-01 -1.000000e+02
      vertex   -3.965229e+00 -6.777374e-01 -3.000000e+00
      vertex   -3.965229e+00 -6.777374e-01 -1.000000e+02
    endloop
  endfacet
  facet normal -5.203311e-01 8.539646e-01 0.000000e+00
    outer loop
      vertex   -4.296550e+00 -8.854893e-01 -3.000000e+00
      vertex   -4.124241e+00 -7.804990e-01 -3.000000e+00
      vertex   -4.296550e+00 -8.854893e-01 -1.000000e+02
    endloop
  endfacet
  facet normal -5.203311e-01 8.539646e-01 0.000000e+00
    outer loop
      vertex   -4.296550e+00 -8.854893e-01 -1.000000e+02
      vertex   -4.124241e+00 -7.804990e-01 -3.000000e+00
      vertex   -4.124241e+00 -7.804990e-01 -1.000000e+02
    endloop
  endfacet
  facet normal -4.988207e-01 8.667052e-01 0.000000e+00
    outer loop
      vertex   -4.482097e+00 -9.922784e-01 -3.000000e+00
      vertex   -4.296550e+00 -8.854893e-01 -3.000000e+00
      vertex   -4.482097e+00 -9.922784e-01 -1.000000e+02
    endloop
  endfacet
  facet normal -4.988207e-01 8.667052e-01 0.000000e+00
    outer loop
      vertex   -4.482097e+00 -9.922784e-01 -1.000000e+02
      vertex   -4.296550e+00 -8.854893e-01 -3.000000e+00
      vertex   -4.296550e+00 -8.854893e-01 -1.000000e+02
    endloop
  endfacet
  facet normal -4.782285e-01 8.782354e-01 0.000000e+00
    outer loop
      vertex   -4.680793e+00 -1.100475e+00 -3.000000e+00
      vertex   -4.482097e+00 -9.922784e-01 -3.000000e+00
      vertex   -4.680793e+00 -1.100475e+00 -1.000000e+02
    endloop
  endfacet
  facet normal -4.782285e-01 8.782354e-01 0.000000e+00
    outer loop
      vertex   -4.680793e+00 -1.100475e+00 -1.000000e+02
      vertex   -4.482097e+00 -9.922784e-01 -3.000000e+00
      vertex   -4.482097e+00 -9.922784e-01 -1.000000e+02
    endloop
  endfacet
  facet normal -4.585325e-01 8.886777e-01 0.000000e+00
    outer loop
      vertex   -4.892527e+00 -1.209724e+00 -3.000000e+00
      vertex   -4.680793e+00 -1.100475e+00 -3.000000e+00
      vertex   -4.892527e+00 -1.209724e+00 -1.000000e+02
    endloop
  endfacet
  facet normal -4.585325e-01 8.886777e-01 0.000000e+00
    outer loop
      vertex   -4.892527e+00 -1.209724e+00 -1.000000e+02
      vertex   -4.680793e+00 -1.100475e+00 -3.000000e+00
      vertex   -4.680793e+00 -1.100475e+00 -1.000000e+02
    endloop
  endfacet
  facet normal -4.397046e-01 8.981425e-01 0.000000e+00
    outer loop
      vertex   -5.117176e+00 -1.319705e+00 -3.000000e+00
      vertex   -4.892527e+00 -1.209724e+00 -3.000000e+00
      vertex   -5.117176e+00 -1.319705e+00 -1.000000e+02
    endloop
  endfacet
  facet normal -4.397046e-01 8.981425e-01 0.000000e+00
    outer loop
      vertex   -5.117176e+00 -1.319705e+00 -1.000000e+02
      vertex   -4.892527e+00 -1.209724e+00 -3.000000e+00
      vertex   -4.892527e+00 -1.209724e+00 -1.000000e+02
    endloop
  endfacet
  facet normal -4.217133e-01 9.067292e-01 -2.075612e-17
    outer loop
      vertex   -5.354602e+00 -1.430131e+00 -3.000000e+00
      vertex   -5.117176e+00 -1.319705e+00 -3.000000e+00
      vertex   -5.354602e+00 -1.430131e+00 -1.000000e+02
    endloop
  endfacet
  facet normal -4.217133e-01 9.067292e-01 0.000000e+00
    outer loop
      vertex   -5.354602e+00 -1.430131e+00 -1.000000e+02
      vertex   -5.117176e+00 -1.319705e+00 -3.000000e+00
      vertex   -5.117176e+00 -1.319705e+00 -1.000000e+02
    endloop
  endfacet
  facet normal -4.045245e-01 9.145272e-01 0.000000e+00
    outer loop
      vertex   -5.604666e+00 -1.540742e+00 -3.000000e+00
      vertex   -5.354602e+00 -1.430131e+00 -3.000000e+00
      vertex   -5.604666e+00 -1.540742e+00 -1.000000e+02
    endloop
  endfacet
  facet normal -4.045245e-01 9.145272e-01 -2.092929e-17
    outer loop
      vertex   -5.604666e+00 -1.540742e+00 -1.000000e+02
      vertex   -5.354602e+00 -1.430131e+00 -3.000000e+00
      vertex   -5.354602e+00 -1.430131e+00 -1.000000e+02
    endloop
  endfacet
  facet normal -3.881028e-01 9.216161e-01 0.000000e+00
    outer loop
      vertex   -5.867221e+00 -1.651307e+00 -3.000000e+00
      vertex   -5.604666e+00 -1.540742e+00 -3.000000e+00
      vertex   -5.867221e+00 -1.651307e+00 -1.000000e+02
    endloop
  endfacet
  facet normal -3.881028e-01 9.216161e-01 0.000000e+00
    outer loop
      vertex   -5.867221e+00 -1.651307e+00 -1.000000e+02
      vertex   -5.604666e+00 -1.540742e+00 -3.000000e+00
      vertex   -5.604666e+00 -1.540742e+00 -1.000000e+02
    endloop
  endfacet
  facet normal -3.724125e-01 9.280673e-01 0.000000e+00
    outer loop
      vertex   -6.142120e+00 -1.761617e+00 -3.000000e+00
      vertex   -5.867221e+00 -1.651307e+00 -3.000000e+00
      vertex   -6.142120e+00 -1.761617e+00 -1.000000e+02
    endloop
  endfacet
  facet normal -3.724125e-01 9.280673e-01 0.000000e+00
    outer loop
      vertex   -6.142120e+00 -1.761617e+00 -1.000000e+02
      vertex   -5.867221e+00 -1.651307e+00 -3.000000e+00
      vertex   -5.867221e+00 -1.651307e+00 -1.000000e+02
    endloop
  endfacet
  facet normal -3.574176e-01 9.339447e-01 0.000000e+00
    outer loop
      vertex   -6.429216e+00 -1.871488e+00 -3.000000e+00
      vertex   -6.142120e+00 -1.761617e+00 -3.000000e+00
      vertex   -6.429216e+00 -1.871488e+00 -1.000000e+02
    endloop
  endfacet
  facet normal -3.574176e-01 9.339447e-01 0.000000e+00
    outer loop
      vertex   -6.429216e+00 -1.871488e+00 -1.000000e+02
      vertex   -6.142120e+00 -1.761617e+00 -3.000000e+00
      vertex   -6.142120e+00 -1.761617e+00 -1.000000e+02
    endloop
  endfacet
  facet normal -3.430833e-01 9.393050e-01 -2.150182e-17
    outer loop
      vertex   -6.728365e+00 -1.980753e+00 -3.000000e+00
      vertex   -6.429216e+00 -1.871488e+00 -3.000000e+00
      vertex   -6.728365e+00 -1.980753e+00 -1.000000e+02
    endloop
  endfacet
  facet normal -3.430833e-01 9.393050e-01 0.000000e+00
    outer loop
      vertex   -6.728365e+00 -1.980753e+00 -1.000000e+02
      vertex   -6.429216e+00 -1.871488e+00 -3.000000e+00
      vertex   -6.429216e+00 -1.871488e+00 -1.000000e+02
    endloop
  endfacet
  facet normal -3.293752e-01 9.441991e-01 -2.161385e-17
    outer loop
      vertex   -7.039421e+00 -2.089262e+00 -3.000000e+00
      vertex   -6.728365e+00 -1.980753e+00 -3.000000e+00
      vertex   -7.039421e+00 -2.089262e+00 -1.000000e+02
    endloop
  endfacet
  facet normal -3.293752e-01 9.441991e-01 -2.149698e-17
    outer loop
      vertex   -7.039421e+00 -2.089262e+00 -1.000000e+02
      vertex   -6.728365e+00 -1.980753e+00 -3.000000e+00
      vertex   -6.728365e+00 -1.980753e+00 -1.000000e+02
    endloop
  endfacet
  facet normal -3.162605e-01 9.486724e-01 0.000000e+00
    outer loop
      vertex   -7.362246e+00 -2.196883e+00 -3.000000e+00
      vertex   -7.039421e+00 -2.089262e+00 -3.000000e+00
      vertex   -7.362246e+00 -2.196883e+00 -1.000000e+02
    endloop
  endfacet
  facet normal -3.162605e-01 9.486724e-01 -2.165233e-17
    outer loop
      vertex   -7.362246e+00 -2.196883e+00 -1.000000e+02
      vertex   -7.039421e+00 -2.089262e+00 -3.000000e+00
      vertex   -7.039421e+00 -2.089262e+00 -1.000000e+02
    endloop
  endfacet
  facet normal -3.037075e-01 9.527653e-01 0.000000e+00
    outer loop
      vertex   -7.696703e+00 -2.303496e+00 -3.000000e+00
      vertex   -7.362246e+00 -2.196883e+00 -3.000000e+00
      vertex   -7.696703e+00 -2.303496e+00 -1.000000e+02
    endloop
  endfacet
  facet normal -3.037075e-01 9.527653e-01 0.000000e+00
    outer loop
      vertex   -7.696703e+00 -2.303496e+00 -1.000000e+02
      vertex   -7.362246e+00 -2.196883e+00 -3.000000e+00
      vertex   -7.362246e+00 -2.196883e+00 -1.000000e+02
    endloop
  endfacet
  facet normal -2.916860e-01 9.565141e-01 0.000000e+00
    outer loop
      vertex   -8.042656e+00 -2.408993e+00 -3.000000e+00
      vertex   -7.696703e+00 -2.303496e+00 -3.000000e+00
      vertex   -8.042656e+00 -2.408993e+00 -1.000000e+02
    endloop
  endfacet
  facet normal -2.916860e-01 9.565141e-01 0.000000e+00
    outer loop
      vertex   -8.042656e+00 -2.408993e+00 -1.000000e+02
      vertex   -7.696703e+00 -2.303496e+00 -3.000000e+00
      vertex   -7.696703e+00 -2.303496e+00 -1.000000e+02
    endloop
  endfacet
  facet normal -2.801675e-01 9.599511e-01 0.000000e+00
    outer loop
      vertex   -8.399977e+00 -2.513279e+00 -3.000000e+00
      vertex   -8.042656e+00 -2.408993e+00 -3.000000e+00
      vertex   -8.399977e+00 -2.513279e+00 -1.000000e+02
    endloop
  endfacet
  facet normal -2.801675e-01 9.599511e-01 0.000000e+00
    outer loop
      vertex   -8.399977e+00 -2.513279e+00 -1.000000e+02
      vertex   -8.042656e+00 -2.408993e+00 -3.000000e+00
      vertex   -8.042656e+00 -2.408993e+00 -1.000000e+02
    endloop
  endfacet
  facet normal -2.691246e-01 9.631054e-01 2.204663e-17
    outer loop
      vertex   -8.768539e+00 -2.616268e+00 -3.000000e+00
      vertex   -8.399977e+00 -2.513279e+00 -3.000000e+00
      vertex   -8.768539e+00 -2.616268e+00 -1.000000e+02
    endloop
  endfacet
  facet normal -2.691246e-01 9.631054e-01 0.000000e+00
    outer loop
      vertex   -8.768539e+00 -2.616268e+00 -1.000000e+02
      vertex   -8.399977e+00 -2.513279e+00 -3.000000e+00
      vertex   -8.399977e+00 -2.513279e+00 -1.000000e+02
    endloop
  endfacet
  facet normal -2.585317e-01 9.660028e-01 2.211296e-17
    outer loop
      vertex   -9.148218e+00 -2.717882e+00 -3.000000e+00
      vertex   -8.768539e+00 -2.616268e+00 -3.000000e+00
      vertex   -9.148218e+00 -2.717882e+00 -1.000000e+02
    endloop
  endfacet
  facet normal -2.585317e-01 9.660028e-01 2.202245e-17
    outer loop
      vertex   -9.148218e+00 -2.717882e+00 -1.000000e+02
      vertex   -8.768539e+00 -2.616268e+00 -3.000000e+00
      vertex   -8.768539e+00 -2.616268e+00 -1.000000e+02
    endloop
  endfacet
  facet normal -2.483646e-01 9.686666e-01 0.000000e+00
    outer loop
      vertex   -9.538895e+00 -2.818051e+00 -3.000000e+00
      vertex   -9.148218e+00 -2.717882e+00 -3.000000e+00
      vertex   -9.538895e+00 -2.818051e+00 -1.000000e+02
    endloop
  endfacet
  facet normal -2.483646e-01 9.686666e-01 2.217100e-17
    outer loop
      vertex   -9.538895e+00 -2.818051e+00 -1.000000e+02
      vertex   -9.148218e+00 -2.717882e+00 -3.000000e+00
      vertex   -9.148218e+00 -2.717882e+00 -1.000000e+02
    endloop
  endfacet
  facet normal -2.386004e-01 9.711178e-01 0.000000e+00
    outer loop
      vertex   -9.940453e+00 -2.916712e+00 -3.000000e+00
      vertex   -9.538895e+00 -2.818051e+00 -3.000000e+00
      vertex   -9.940453e+00 -2.916712e+00 -1.000000e+02
    endloop
  endfacet
  facet normal -2.386004e-01 9.711178e-01 0.000000e+00
    outer loop
      vertex   -9.940453e+00 -2.916712e+00 -1.000000e+02
      vertex   -9.538895e+00 -2.818051e+00 -3.000000e+00
      vertex   -9.538895e+00 -2.818051e+00 -1.000000e+02
    endloop
  endfacet
  facet normal -2.292177e-01 9.733752e-01 0.000000e+00
    outer loop
      vertex   -1.035278e+01 -3.013810e+00 -3.000000e+00
      vertex   -9.940453e+00 -2.916712e+00 -3.000000e+00
      vertex   -1.035278e+01 -3.013810e+00 -1.000000e+02
    endloop
  endfacet
  facet normal -2.292177e-01 9.733752e-01 0.000000e+00
    outer loop
      vertex   -1.035278e+01 -3.013810e+00 -1.000000e+02
      vertex   -9.940453e+00 -2.916712e+00 -3.000000e+00
      vertex   -9.940453e+00 -2.916712e+00 -1.000000e+02
    endloop
  endfacet
  facet normal -2.201963e-01 9.754556e-01 0.000000e+00
    outer loop
      vertex   -1.077576e+01 -3.109292e+00 -3.000000e+00
      vertex   -1.035278e+01 -3.013810e+00 -3.000000e+00
      vertex   -1.077576e+01 -3.109292e+00 -1.000000e+02
    endloop
  endfacet
  facet normal -2.201963e-01 9.754556e-01 0.000000e+00
    outer loop
      vertex   -1.077576e+01 -3.109292e+00 -1.000000e+02
      vertex   -1.035278e+01 -3.013810e+00 -3.000000e+00
      vertex   -1.035278e+01 -3.013810e+00 -1.000000e+02
    endloop
  endfacet
  facet normal -2.115172e-01 9.773743e-01 0.000000e+00
    outer loop
      vertex   -1.120929e+01 -3.203115e+00 -3.000000e+00
      vertex   -1.077576e+01 -3.109292e+00 -3.000000e+00
      vertex   -1.120929e+01 -3.203115e+00 -1.000000e+02
    endloop
  endfacet
  facet normal -2.115172e-01 9.773743e-01 0.000000e+00
    outer loop
      vertex   -1.120929e+01 -3.203115e+00 -1.000000e+02
      vertex   -1.077576e+01 -3.109292e+00 -3.000000e+00
      vertex   -1.077576e+01 -3.109292e+00 -1.000000e+02
    endloop
  endfacet
  facet normal -2.031626e-01 9.791450e-01 0.000000e+00
    outer loop
      vertex   -1.165327e+01 -3.295235e+00 -3.000000e+00
      vertex   -1.120929e+01 -3.203115e+00 -3.000000e+00
      vertex   -1.165327e+01 -3.295235e+00 -1.000000e+02
    endloop
  endfacet
  facet normal -2.031626e-01 9.791450e-01 0.000000e+00
    outer loop
      vertex   -1.165327e+01 -3.295235e+00 -1.000000e+02
      vertex   -1.120929e+01 -3.203115e+00 -3.000000e+00
      vertex   -1.120929e+01 -3.203115e+00 -1.000000e+02
    endloop
  endfacet
  facet normal -1.951160e-01 9.807802e-01 -2.245123e-17
    outer loop
      vertex   -1.210759e+01 -3.385617e+00 -3.000000e+00
      vertex   -1.165327e+01 -3.295235e+00 -3.000000e+00
      vertex   -1.210759e+01 -3.385617e+00 -1.000000e+02
    endloop
  endfacet
  facet normal -1.951160e-01 9.807802e-01 0.000000e+00
    outer loop
      vertex   -1.210759e+01 -3.385617e+00 -1.000000e+02
      vertex   -1.165327e+01 -3.295235e+00 -3.000000e+00
      vertex   -1.165327e+01 -3.295235e+00 -1.000000e+02
    endloop
  endfacet
  facet normal -1.873615e-01 9.822910e-01 0.000000e+00
    outer loop
      vertex   -1.257214e+01 -3.474226e+00 -3.000000e+00
      vertex   -1.210759e+01 -3.385617e+00 -3.000000e+00
      vertex   -1.257214e+01 -3.474226e+00 -1.000000e+02
    endloop
  endfacet
  facet normal -1.873615e-01 9.822910e-01 -2.253753e-17
    outer loop
      vertex   -1.257214e+01 -3.474226e+00 -1.000000e+02
      vertex   -1.210759e+01 -3.385617e+00 -3.000000e+00
      vertex   -1.210759e+01 -3.385617e+00 -1.000000e+02
    endloop
  endfacet
  facet normal -1.798846e-01 9.836877e-01 -2.251779e-17
    outer loop
      vertex   -1.304684e+01 -3.561033e+00 -3.000000e+00
      vertex   -1.257214e+01 -3.474226e+00 -3.000000e+00
      vertex   -1.304684e+01 -3.561033e+00 -1.000000e+02
    endloop
  endfacet
  facet normal -1.798846e-01 9.836877e-01 0.000000e+00
    outer loop
      vertex   -1.304684e+01 -3.561033e+00 -1.000000e+02
      vertex   -1.257214e+01 -3.474226e+00 -3.000000e+00
      vertex   -1.257214e+01 -3.474226e+00 -1.000000e+02
    endloop
  endfacet
  facet normal -1.726715e-01 9.849795e-01 0.000000e+00
    outer loop
      vertex   -1.353158e+01 -3.646010e+00 -3.000000e+00
      vertex   -1.304684e+01 -3.561033e+00 -3.000000e+00
      vertex   -1.353158e+01 -3.646010e+00 -1.000000e+02
    endloop
  endfacet
  facet normal -1.726715e-01 9.849795e-01 -2.253031e-17
    outer loop
      vertex   -1.353158e+01 -3.646010e+00 -1.000000e+02
      vertex   -1.304684e+01 -3.561033e+00 -3.000000e+00
      vertex   -1.304684e+01 -3.561033e+00 -1.000000e+02
    endloop
  endfacet
  facet normal -1.657093e-01 9.861746e-01 0.000000e+00
    outer loop
      vertex   -1.402627e+01 -3.729134e+00 -3.000000e+00
      vertex   -1.353158e+01 -3.646010e+00 -3.000000e+00
      vertex   -1.402627e+01 -3.729134e+00 -1.000000e+02
    endloop
  endfacet
  facet normal -1.657093e-01 9.861746e-01 0.000000e+00
    outer loop
      vertex   -1.402627e+01 -3.729134e+00 -1.000000e+02
      vertex   -1.353158e+01 -3.646010e+00 -3.000000e+00
      vertex   -1.353158e+01 -3.646010e+00 -1.000000e+02
    endloop
  endfacet
  facet normal -1.589858e-01 9.872809e-01 0.000000e+00
    outer loop
      vertex   -1.453082e+01 -3.810383e+00 -3.000000e+00
      vertex   -1.402627e+01 -3.729134e+00 -3.000000e+00
      vertex   -1.453082e+01 -3.810383e+00 -1.000000e+02
    endloop
  endfacet
  facet normal -1.589858e-01 9.872809e-01 0.000000e+00
    outer loop
      vertex   -1.453082e+01 -3.810383e+00 -1.000000e+02
      vertex   -1.402627e+01 -3.729134e+00 -3.000000e+00
      vertex   -1.402627e+01 -3.729134e+00 -1.000000e+02
    endloop
  endfacet
  facet normal -1.524897e-01 9.883051e-01 0.000000e+00
    outer loop
      vertex   -1.504512e+01 -3.889738e+00 -3.000000e+00
      vertex   -1.453082e+01 -3.810383e+00 -3.000000e+00
      vertex   -1.504512e+01 -3.889738e+00 -1.000000e+02
    endloop
  endfacet
  facet normal -1.524897e-01 9.883051e-01 0.000000e+00
    outer loop
      vertex   -1.504512e+01 -3.889738e+00 -1.000000e+02
      vertex   -1.453082e+01 -3.810383e+00 -3.000000e+00
      vertex   -1.453082e+01 -3.810383e+00 -1.000000e+02
    endloop
  endfacet
  facet normal -1.462104e-01 9.892535e-01 2.264520e-17
    outer loop
      vertex   -1.556910e+01 -3.967181e+00 -3.000000e+00
      vertex   -1.504512e+01 -3.889738e+00 -3.000000e+00
      vertex   -1.556910e+01 -3.967181e+00 -1.000000e+02
    endloop
  endfacet
  facet normal -1.462104e-01 9.892535e-01 0.000000e+00
    outer loop
      vertex   -1.556910e+01 -3.967181e+00 -1.000000e+02
      vertex   -1.504512e+01 -3.889738e+00 -3.000000e+00
      vertex   -1.504512e+01 -3.889738e+00 -1.000000e+02
    endloop
  endfacet
  facet normal -1.401378e-01 9.901320e-01 0.000000e+00
    outer loop
      vertex   -1.610266e+01 -4.042697e+00 -3.000000e+00
      vertex   -1.556910e+01 -3.967181e+00 -3.000000e+00
      vertex   -1.610266e+01 -4.042697e+00 -1.000000e+02
    endloop
  endfacet
  facet normal -1.401378e-01 9.901320e-01 2.270003e-17
    outer loop
      vertex   -1.610266e+01 -4.042697e+00 -1.000000e+02
      vertex   -1.556910e+01 -3.967181e+00 -3.000000e+00
      vertex   -1.556910e+01 -3.967181e+00 -1.000000e+02
    endloop
  endfacet
  facet normal -1.342626e-01 9.909458e-01 0.000000e+00
    outer loop
      vertex   -1.664571e+01 -4.116275e+00 -3.000000e+00
      vertex   -1.610266e+01 -4.042697e+00 -3.000000e+00
      vertex   -1.664571e+01 -4.116275e+00 -1.000000e+02
    endloop
  endfacet
  facet normal -1.342626e-01 9.909458e-01 0.000000e+00
    outer loop
      vertex   -1.664571e+01 -4.116275e+00 -1.000000e+02
      vertex   -1.610266e+01 -4.042697e+00 -3.000000e+00
      vertex   -1.610266e+01 -4.042697e+00 -1.000000e+02
    endloop
  endfacet
  facet normal -1.285758e-01 9.916997e-01 0.000000e+00
    outer loop
      vertex   -1.719816e+01 -4.187901e+00 -3.000000e+00
      vertex   -1.664571e+01 -4.116275e+00 -3.000000e+00
      vertex   -1.719816e+01 -4.187901e+00 -1.000000e+02
    endloop
  endfacet
  facet normal -1.285758e-01 9.916997e-01 0.000000e+00
    outer loop
      vertex   -1.719816e+01 -4.187901e+00 -1.000000e+02
      vertex   -1.664571e+01 -4.116275e+00 -3.000000e+00
      vertex   -1.664571e+01 -4.116275e+00 -1.000000e+02
    endloop
  endfacet
  facet normal -1.230694e-01 9.923981e-01 0.000000e+00
    outer loop
      vertex   -1.775992e+01 -4.257567e+00 -3.000000e+00
      vertex   -1.719816e+01 -4.187901e+00 -3.000000e+00
      vertex   -1.775992e+01 -4.257567e+00 -1.000000e+02
    endloop
  endfacet
  facet normal -1.230694e-01 9.923981e-01 0.000000e+00
    outer loop
      vertex   -1.775992e+01 -4.257567e+00 -1.000000e+02
      vertex   -1.719816e+01 -4.187901e+00 -3.000000e+00
      vertex   -1.719816e+01 -4.187901e+00 -1.000000e+02
    endloop
  endfacet
  facet normal -1.177353e-01 9.930450e-01 0.000000e+00
    outer loop
      vertex   -1.833092e+01 -4.325264e+00 -3.000000e+00
      vertex   -1.775992e+01 -4.257567e+00 -3.000000e+00
      vertex   -1.833092e+01 -4.325264e+00 -1.000000e+02
    endloop
  endfacet
  facet normal -1.177353e-01 9.930450e-01 0.000000e+00
    outer loop
      vertex   -1.833092e+01 -4.325264e+00 -1.000000e+02
      vertex   -1.775992e+01 -4.257567e+00 -3.000000e+00
      vertex   -1.775992e+01 -4.257567e+00 -1.000000e+02
    endloop
  endfacet
  facet normal -1.125664e-01 9.936442e-01 1.819656e-17
    outer loop
      vertex   -1.891106e+01 -4.390986e+00 -3.000000e+00
      vertex   -1.833092e+01 -4.325264e+00 -3.000000e+00
      vertex   -1.891106e+01 -4.390986e+00 -1.000000e+02
    endloop
  endfacet
  facet normal -1.125664e-01 9.936442e-01 0.000000e+00
    outer loop
      vertex   -1.891106e+01 -4.390986e+00 -1.000000e+02
      vertex   -1.833092e+01 -4.325264e+00 -3.000000e+00
      vertex   -1.833092e+01 -4.325264e+00 -1.000000e+02
    endloop
  endfacet
  facet normal -1.075558e-01 9.941991e-01 1.820672e-17
    outer loop
      vertex   -1.950025e+01 -4.454727e+00 -3.000000e+00
      vertex   -1.891106e+01 -4.390986e+00 -3.000000e+00
      vertex   -1.950025e+01 -4.454727e+00 -1.000000e+02
    endloop
  endfacet
  facet normal -1.075558e-01 9.941991e-01 1.822682e-17
    outer loop
      vertex   -1.950025e+01 -4.454727e+00 -1.000000e+02
      vertex   -1.891106e+01 -4.390986e+00 -3.000000e+00
      vertex   -1.891106e+01 -4.390986e+00 -1.000000e+02
    endloop
  endfacet
  facet normal -1.026969e-01 9.947127e-01 0.000000e+00
    outer loop
      vertex   -2.009841e+01 -4.516483e+00 -3.000000e+00
      vertex   -1.950025e+01 -4.454727e+00 -3.000000e+00
      vertex   -2.009841e+01 -4.516483e+00 -1.000000e+02
    endloop
  endfacet
  facet normal -1.026969e-01 9.947127e-01 1.820065e-17
    outer loop
      vertex   -2.009841e+01 -4.516483e+00 -1.000000e+02
      vertex   -1.950025e+01 -4.454727e+00 -3.000000e+00
      vertex   -1.950025e+01 -4.454727e+00 -1.000000e+02
    endloop
  endfacet
  facet normal -9.798360e-02 9.951880e-01 0.000000e+00
    outer loop
      vertex   -2.070547e+01 -4.576252e+00 -3.000000e+00
      vertex   -2.009841e+01 -4.516483e+00 -3.000000e+00
      vertex   -2.070547e+01 -4.576252e+00 -1.000000e+02
    endloop
  endfacet
  facet normal -9.798360e-02 9.951880e-01 0.000000e+00
    outer loop
      vertex   -2.070547e+01 -4.576252e+00 -1.000000e+02
      vertex   -2.009841e+01 -4.516483e+00 -3.000000e+00
      vertex   -2.009841e+01 -4.516483e+00 -1.000000e+02
    endloop
  endfacet
  facet normal -9.341024e-02 9.956277e-01 1.823289e-17
    outer loop
      vertex   -2.132132e+01 -4.634031e+00 -3.000000e+00
      vertex   -2.070547e+01 -4.576252e+00 -3.000000e+00
      vertex   -2.132132e+01 -4.634031e+00 -1.000000e+02
    endloop
  endfacet
  facet normal -9.341024e-02 9.956277e-01 0.000000e+00
    outer loop
      vertex   -2.132132e+01 -4.634031e+00 -1.000000e+02
      vertex   -2.070547e+01 -4.576252e+00 -3.000000e+00
      vertex   -2.070547e+01 -4.576252e+00 -1.000000e+02
    endloop
  endfacet
  facet normal -8.897137e-02 9.960342e-01 0.000000e+00
    outer loop
      vertex   -2.194589e+01 -4.689821e+00 -3.000000e+00
      vertex   -2.132132e+01 -4.634031e+00 -3.000000e+00
      vertex   -2.194589e+01 -4.689821e+00 -1.000000e+02
    endloop
  endfacet
  facet normal -8.897137e-02 9.960342e-01 1.825291e-17
    outer loop
      vertex   -2.194589e+01 -4.689821e+00 -1.000000e+02
      vertex   -2.132132e+01 -4.634031e+00 -3.000000e+00
      vertex   -2.132132e+01 -4.634031e+00 -1.000000e+02
    endloop
  endfacet
  facet normal -8.466189e-02 9.964097e-01 0.000000e+00
    outer loop
      vertex   -2.257909e+01 -4.743622e+00 -3.000000e+00
      vertex   -2.194589e+01 -4.689821e+00 -3.000000e+00
      vertex   -2.257909e+01 -4.743622e+00 -1.000000e+02
    endloop
  endfacet
  facet normal -8.466189e-02 9.964097e-01 0.000000e+00
    outer loop
      vertex   -2.257909e+01 -4.743622e+00 -1.000000e+02
      vertex   -2.194589e+01 -4.689821e+00 -3.000000e+00
      vertex   -2.194589e+01 -4.689821e+00 -1.000000e+02
    endloop
  endfacet
  facet normal -8.047697e-02 9.967565e-01 0.000000e+00
    outer loop
      vertex   -2.322084e+01 -4.795437e+00 -3.000000e+00
      vertex   -2.257909e+01 -4.743622e+00 -3.000000e+00
      vertex   -2.322084e+01 -4.795437e+00 -1.000000e+02
    endloop
  endfacet
  facet normal -8.047697e-02 9.967565e-01 0.000000e+00
    outer loop
      vertex   -2.322084e+01 -4.795437e+00 -1.000000e+02
      vertex   -2.257909e+01 -4.743622e+00 -3.000000e+00
      vertex   -2.257909e+01 -4.743622e+00 -1.000000e+02
    endloop
  endfacet
  facet normal -7.641208e-02 9.970763e-01 0.000000e+00
    outer loop
      vertex   -2.387106e+01 -4.845267e+00 -3.000000e+00
      vertex   -2.322084e+01 -4.795437e+00 -3.000000e+00
      vertex   -2.387106e+01 -4.845267e+00 -1.000000e+02
    endloop
  endfacet
  facet normal -7.641208e-02 9.970763e-01 0.000000e+00
    outer loop
      vertex   -2.387106e+01 -4.845267e+00 -1.000000e+02
      vertex   -2.322084e+01 -4.795437e+00 -3.000000e+00
      vertex   -2.322084e+01 -4.795437e+00 -1.000000e+02
    endloop
  endfacet
  facet normal -7.246292e-02 9.973711e-01 0.000000e+00
    outer loop
      vertex   -2.452966e+01 -4.893117e+00 -3.000000e+00
      vertex   -2.387106e+01 -4.845267e+00 -3.000000e+00
      vertex   -2.452966e+01 -4.893117e+00 -1.000000e+02
    endloop
  endfacet
  facet normal -7.246292e-02 9.973711e-01 0.000000e+00
    outer loop
      vertex   -2.452966e+01 -4.893117e+00 -1.000000e+02
      vertex   -2.387106e+01 -4.845267e+00 -3.000000e+00
      vertex   -2.387106e+01 -4.845267e+00 -1.000000e+02
    endloop
  endfacet
  facet normal -6.862546e-02 9.976425e-01 -1.826978e-17
    outer loop
      vertex   -2.519655e+01 -4.938991e+00 -3.000000e+00
      vertex   -2.452966e+01 -4.893117e+00 -3.000000e+00
      vertex   -2.519655e+01 -4.938991e+00 -1.000000e+02
    endloop
  endfacet
  facet normal -6.862546e-02 9.976425e-01 0.000000e+00
    outer loop
      vertex   -2.519655e+01 -4.938991e+00 -1.000000e+02
      vertex   -2.452966e+01 -4.893117e+00 -3.000000e+00
      vertex   -2.452966e+01 -4.893117e+00 -1.000000e+02
    endloop
  endfacet
  facet normal -6.489586e-02 9.978920e-01 0.000000e+00
    outer loop
      vertex   -2.587166e+01 -4.982895e+00 -3.000000e+00
      vertex   -2.519655e+01 -4.938991e+00 -3.000000e+00
      vertex   -2.587166e+01 -4.982895e+00 -1.000000e+02
    endloop
  endfacet
  facet normal -6.489586e-02 9.978920e-01 -1.823964e-17
    outer loop
      vertex   -2.587166e+01 -4.982895e+00 -1.000000e+02
      vertex   -2.519655e+01 -4.938991e+00 -3.000000e+00
      vertex   -2.519655e+01 -4.938991e+00 -1.000000e+02
    endloop
  endfacet
  facet normal -6.127050e-02 9.981212e-01 0.000000e+00
    outer loop
      vertex   -2.655490e+01 -5.024837e+00 -3.000000e+00
      vertex   -2.587166e+01 -4.982895e+00 -3.000000e+00
      vertex   -2.655490e+01 -5.024837e+00 -1.000000e+02
    endloop
  endfacet
  facet normal -6.127050e-02 9.981212e-01 0.000000e+00
    outer loop
      vertex   -2.655490e+01 -5.024837e+00 -1.000000e+02
      vertex   -2.587166e+01 -4.982895e+00 -3.000000e+00
      vertex   -2.587166e+01 -4.982895e+00 -1.000000e+02
    endloop
  endfacet
  facet normal -5.774597e-02 9.983313e-01 0.000000e+00
    outer loop
      vertex   -2.724619e+01 -5.064822e+00 -3.000000e+00
      vertex   -2.655490e+01 -5.024837e+00 -3.000000e+00
      vertex   -2.724619e+01 -5.064822e+00 -1.000000e+02
    endloop
  endfacet
  facet normal -5.774597e-02 9.983313e-01 0.000000e+00
    outer loop
      vertex   -2.724619e+01 -5.064822e+00 -1.000000e+02
      vertex   -2.655490e+01 -5.024837e+00 -3.000000e+00
      vertex   -2.655490e+01 -5.024837e+00 -1.000000e+02
    endloop
  endfacet
  facet normal -5.431903e-02 9.985236e-01 0.000000e+00
    outer loop
      vertex   -2.794544e+01 -5.102861e+00 -3.000000e+00
      vertex   -2.724619e+01 -5.064822e+00 -3.000000e+00
      vertex   -2.794544e+01 -5.102861e+00 -1.000000e+02
    endloop
  endfacet
  facet normal -5.431903e-02 9.985236e-01 0.000000e+00
    outer loop
      vertex   -2.794544e+01 -5.102861e+00 -1.000000e+02
      vertex   -2.724619e+01 -5.064822e+00 -3.000000e+00
      vertex   -2.724619e+01 -5.064822e+00 -1.000000e+02
    endloop
  endfacet
  facet normal -5.098661e-02 9.986993e-01 0.000000e+00
    outer loop
      vertex   -2.865257e+01 -5.138962e+00 -3.000000e+00
      vertex   -2.794544e+01 -5.102861e+00 -3.000000e+00
      vertex   -2.865257e+01 -5.138962e+00 -1.000000e+02
    endloop
  endfacet
  facet normal -5.098661e-02 9.986993e-01 0.000000e+00
    outer loop
      vertex   -2.865257e+01 -5.138962e+00 -1.000000e+02
      vertex   -2.794544e+01 -5.102861e+00 -3.000000e+00
      vertex   -2.794544e+01 -5.102861e+00 -1.000000e+02
    endloop
  endfacet
  facet normal -4.774582e-02 9.988595e-01 -2.092827e-17
    outer loop
      vertex   -2.936750e+01 -5.173136e+00 -4.983779e+01
      vertex   -2.936750e+01 -5.173136e+00 -3.000000e+00
      vertex   -2.935226e+01 -5.172408e+00 -4.994557e+01
    endloop
  endfacet
  facet normal -4.774582e-02 9.988595e-01 -4.474807e-17
    outer loop
      vertex   -2.935226e+01 -5.172408e+00 -4.994557e+01
      vertex   -2.936750e+01 -5.173136e+00 -3.000000e+00
      vertex   -2.865257e+01 -5.138962e+00 -3.000000e+00
    endloop
  endfacet
  facet normal -4.774582e-02 9.988595e-01 3.998930e-16
    outer loop
      vertex   -2.935226e+01 -5.172408e+00 -4.994557e+01
      vertex   -2.865257e+01 -5.138962e+00 -3.000000e+00
      vertex   -2.935226e+01 -5.172408e+00 -5.005443e+01
    endloop
  endfacet
  facet normal -4.774582e-02 9.988595e-01 0.000000e+00
    outer loop
      vertex   -2.935226e+01 -5.172408e+00 -5.005443e+01
      vertex   -2.865257e+01 -5.138962e+00 -3.000000e+00
      vertex   -2.865257e+01 -5.138962e+00 -1.000000e+02
    endloop
  endfacet
  facet normal -4.774582e-02 9.988595e-01 6.420650e-18
    outer loop
      vertex   -2.935226e+01 -5.172408e+00 -5.005443e+01
      vertex   -2.865257e+01 -5.138962e+00 -1.000000e+02
      vertex   -2.936750e+01 -5.173136e+00 -1.000000e+02
    endloop
  endfacet
  facet normal -4.774582e-02 9.988595e-01 -1.593363e-17
    outer loop
      vertex   -2.936750e+01 -5.173136e+00 -1.000000e+02
      vertex   -2.936750e+01 -5.173136e+00 -5.016221e+01
      vertex   -2.935226e+01 -5.172408e+00 -5.005443e+01
    endloop
  endfacet
  facet normal -3.564590e-02 9.993645e-01 0.000000e+00
    outer loop
      vertex   -3.230344e+01 -5.290788e+00 -3.000000e+00
      vertex   -3.155819e+01 -5.264206e+00 -3.000000e+00
      vertex   -3.230344e+01 -5.290788e+00 -1.000000e+02
    endloop
  endfacet
  facet normal -3.564590e-02 9.993645e-01 0.000000e+00
    outer loop
      vertex   -3.230344e+01 -5.290788e+00 -1.000000e+02
      vertex   -3.155819e+01 -5.264206e+00 -3.000000e+00
      vertex   -3.155819e+01 -5.264206e+00 -1.000000e+02
    endloop
  endfacet
  facet normal -3.282466e-02 9.994611e-01 2.745463e-17
    outer loop
      vertex   -3.305607e+01 -5.315506e+00 -3.000000e+00
      vertex   -3.230344e+01 -5.290788e+00 -3.000000e+00
      vertex   -3.305607e+01 -5.315506e+00 -1.000000e+02
    endloop
  endfacet
  facet normal -3.282466e-02 9.994611e-01 0.000000e+00
    outer loop
      vertex   -3.305607e+01 -5.315506e+00 -1.000000e+02
      vertex   -3.230344e+01 -5.290788e+00 -3.000000e+00
      vertex   -3.230344e+01 -5.290788e+00 -1.000000e+02
    endloop
  endfacet
  facet normal -3.008051e-02 9.995475e-01 -2.745701e-17
    outer loop
      vertex   -3.381598e+01 -5.338375e+00 -3.000000e+00
      vertex   -3.305607e+01 -5.315506e+00 -3.000000e+00
      vertex   -3.381598e+01 -5.338375e+00 -1.000000e+02
    endloop
  endfacet
  facet normal -3.008051e-02 9.995475e-01 2.747527e-17
    outer loop
      vertex   -3.381598e+01 -5.338375e+00 -1.000000e+02
      vertex   -3.305607e+01 -5.315506e+00 -3.000000e+00
      vertex   -3.305607e+01 -5.315506e+00 -1.000000e+02
    endloop
  endfacet
  facet normal -2.741141e-02 9.996242e-01 0.000000e+00
    outer loop
      vertex   -3.458309e+01 -5.359411e+00 -3.000000e+00
      vertex   -3.381598e+01 -5.338375e+00 -3.000000e+00
      vertex   -3.458309e+01 -5.359411e+00 -1.000000e+02
    endloop
  endfacet
  facet normal -2.741141e-02 9.996242e-01 -2.745254e-17
    outer loop
      vertex   -3.458309e+01 -5.359411e+00 -1.000000e+02
      vertex   -3.381598e+01 -5.338375e+00 -3.000000e+00
      vertex   -3.381598e+01 -5.338375e+00 -1.000000e+02
    endloop
  endfacet
  facet normal -2.481546e-02 9.996920e-01 0.000000e+00
    outer loop
      vertex   -3.535732e+01 -5.378629e+00 -3.000000e+00
      vertex   -3.458309e+01 -5.359411e+00 -3.000000e+00
      vertex   -3.535732e+01 -5.378629e+00 -1.000000e+02
    endloop
  endfacet
  facet normal -2.481546e-02 9.996920e-01 0.000000e+00
    outer loop
      vertex   -3.535732e+01 -5.378629e+00 -1.000000e+02
      vertex   -3.458309e+01 -5.359411e+00 -3.000000e+00
      vertex   -3.458309e+01 -5.359411e+00 -1.000000e+02
    endloop
  endfacet
  facet normal -2.229083e-02 9.997515e-01 1.830841e-17
    outer loop
      vertex   -3.613857e+01 -5.396048e+00 -3.000000e+00
      vertex   -3.535732e+01 -5.378629e+00 -3.000000e+00
      vertex   -3.613857e+01 -5.396048e+00 -1.000000e+02
    endloop
  endfacet
  facet normal -2.229083e-02 9.997515e-01 0.000000e+00
    outer loop
      vertex   -3.613857e+01 -5.396048e+00 -1.000000e+02
      vertex   -3.535732e+01 -5.378629e+00 -3.000000e+00
      vertex   -3.535732e+01 -5.378629e+00 -1.000000e+02
    endloop
  endfacet
  facet normal -1.983576e-02 9.998033e-01 1.830935e-17
    outer loop
      vertex   -3.692676e+01 -5.411686e+00 -3.000000e+00
      vertex   -3.613857e+01 -5.396048e+00 -3.000000e+00
      vertex   -3.692676e+01 -5.411686e+00 -1.000000e+02
    endloop
  endfacet
  facet normal -1.983576e-02 9.998033e-01 1.830691e-17
    outer loop
      vertex   -3.692676e+01 -5.411686e+00 -1.000000e+02
      vertex   -3.613857e+01 -5.396048e+00 -3.000000e+00
      vertex   -3.613857e+01 -5.396048e+00 -1.000000e+02
    endloop
  endfacet
  facet normal -1.744861e-02 9.998478e-01 -2.746525e-17
    outer loop
      vertex   -3.772180e+01 -5.425560e+00 -3.000000e+00
      vertex   -3.692676e+01 -5.411686e+00 -3.000000e+00
      vertex   -3.772180e+01 -5.425560e+00 -1.000000e+02
    endloop
  endfacet
  facet normal -1.744861e-02 9.998478e-01 1.830735e-17
    outer loop
      vertex   -3.772180e+01 -5.425560e+00 -1.000000e+02
      vertex   -3.692676e+01 -5.411686e+00 -3.000000e+00
      vertex   -3.692676e+01 -5.411686e+00 -1.000000e+02
    endloop
  endfacet
  facet normal -1.512778e-02 9.998856e-01 0.000000e+00
    outer loop
      vertex   -3.852361e+01 -5.437691e+00 -3.000000e+00
      vertex   -3.772180e+01 -5.425560e+00 -3.000000e+00
      vertex   -3.852361e+01 -5.437691e+00 -1.000000e+02
    endloop
  endfacet
  facet normal -1.512778e-02 9.998856e-01 -2.745334e-17
    outer loop
      vertex   -3.852361e+01 -5.437691e+00 -1.000000e+02
      vertex   -3.772180e+01 -5.425560e+00 -3.000000e+00
      vertex   -3.772180e+01 -5.425560e+00 -1.000000e+02
    endloop
  endfacet
  facet normal -1.287175e-02 9.999172e-01 0.000000e+00
    outer loop
      vertex   -3.933210e+01 -5.448099e+00 -3.000000e+00
      vertex   -3.852361e+01 -5.437691e+00 -3.000000e+00
      vertex   -3.933210e+01 -5.448099e+00 -1.000000e+02
    endloop
  endfacet
  facet normal -1.287175e-02 9.999172e-01 0.000000e+00
    outer loop
      vertex   -3.933210e+01 -5.448099e+00 -1.000000e+02
      vertex   -3.852361e+01 -5.437691e+00 -3.000000e+00
      vertex   -3.852361e+01 -5.437691e+00 -1.000000e+02
    endloop
  endfacet
  facet normal -1.067909e-02 9.999430e-01 0.000000e+00
    outer loop
      vertex   -4.014718e+01 -5.456804e+00 -3.000000e+00
      vertex   -3.933210e+01 -5.448099e+00 -3.000000e+00
      vertex   -4.014718e+01 -5.456804e+00 -1.000000e+02
    endloop
  endfacet
  facet normal -1.067909e-02 9.999430e-01 0.000000e+00
    outer loop
      vertex   -4.014718e+01 -5.456804e+00 -1.000000e+02
      vertex   -3.933210e+01 -5.448099e+00 -3.000000e+00
      vertex   -3.933210e+01 -5.448099e+00 -1.000000e+02
    endloop
  endfacet
  facet normal -8.548401e-03 9.999635e-01 0.000000e+00
    outer loop
      vertex   -4.096876e+01 -5.463827e+00 -3.000000e+00
      vertex   -4.014718e+01 -5.456804e+00 -3.000000e+00
      vertex   -4.096876e+01 -5.463827e+00 -1.000000e+02
    endloop
  endfacet
  facet normal -8.548401e-03 9.999635e-01 0.000000e+00
    outer loop
      vertex   -4.096876e+01 -5.463827e+00 -1.000000e+02
      vertex   -4.014718e+01 -5.456804e+00 -3.000000e+00
      vertex   -4.014718e+01 -5.456804e+00 -1.000000e+02
    endloop
  endfacet
  facet normal -6.478359e-03 9.999790e-01 0.000000e+00
    outer loop
      vertex   -4.179675e+01 -5.469191e+00 -3.000000e+00
      vertex   -4.096876e+01 -5.463827e+00 -3.000000e+00
      vertex   -4.179675e+01 -5.469191e+00 -1.000000e+02
    endloop
  endfacet
  facet normal -6.478359e-03 9.999790e-01 0.000000e+00
    outer loop
      vertex   -4.179675e+01 -5.469191e+00 -1.000000e+02
      vertex   -4.096876e+01 -5.463827e+00 -3.000000e+00
      vertex   -4.096876e+01 -5.463827e+00 -1.000000e+02
    endloop
  endfacet
  facet normal -4.467695e-03 9.999900e-01 -1.831277e-17
    outer loop
      vertex   -4.263107e+01 -5.472919e+00 -3.000000e+00
      vertex   -4.179675e+01 -5.469191e+00 -3.000000e+00
      vertex   -4.263107e+01 -5.472919e+00 -1.000000e+02
    endloop
  endfacet
  facet normal -4.467695e-03 9.999900e-01 0.000000e+00
    outer loop
      vertex   -4.263107e+01 -5.472919e+00 -1.000000e+02
      vertex   -4.179675e+01 -5.469191e+00 -3.000000e+00
      vertex   -4.179675e+01 -5.469191e+00 -1.000000e+02
    endloop
  endfacet
  facet normal -2.515187e-03 9.999968e-01 2.746935e-17
    outer loop
      vertex   -4.347163e+01 -5.475033e+00 -3.000000e+00
      vertex   -4.263107e+01 -5.472919e+00 -3.000000e+00
      vertex   -4.347163e+01 -5.475033e+00 -1.000000e+02
    endloop
  endfacet
  facet normal -2.515187e-03 9.999968e-01 -1.831340e-17
    outer loop
      vertex   -4.347163e+01 -5.475033e+00 -1.000000e+02
      vertex   -4.263107e+01 -5.472919e+00 -3.000000e+00
      vertex   -4.263107e+01 -5.472919e+00 -1.000000e+02
    endloop
  endfacet
  facet normal -6.196671e-04 9.999998e-01 1.831295e-17
    outer loop
      vertex   -4.431832e+01 -5.475558e+00 -3.000000e+00
      vertex   -4.347163e+01 -5.475033e+00 -3.000000e+00
      vertex   -4.431832e+01 -5.475558e+00 -1.000000e+02
    endloop
  endfacet
  facet normal -6.196671e-04 9.999998e-01 2.746950e-17
    outer loop
      vertex   -4.431832e+01 -5.475558e+00 -1.000000e+02
      vertex   -4.347163e+01 -5.475033e+00 -3.000000e+00
      vertex   -4.347163e+01 -5.475033e+00 -1.000000e+02
    endloop
  endfacet
  facet normal 1.219991e-03 9.999993e-01 0.000000e+00
    outer loop
      vertex   -4.517108e+01 -5.474517e+00 -3.000000e+00
      vertex   -4.431832e+01 -5.475558e+00 -3.000000e+00
      vertex   -4.517108e+01 -5.474517e+00 -1.000000e+02
    endloop
  endfacet
  facet normal 1.219991e-03 9.999993e-01 1.831229e-17
    outer loop
      vertex   -4.517108e+01 -5.474517e+00 -1.000000e+02
      vertex   -4.431832e+01 -5.475558e+00 -3.000000e+00
      vertex   -4.431832e+01 -5.475558e+00 -1.000000e+02
    endloop
  endfacet
  facet normal 3.004870e-03 9.999955e-01 1.831287e-17
    outer loop
      vertex   -4.602979e+01 -5.471937e+00 -3.000000e+00
      vertex   -4.517108e+01 -5.474517e+00 -3.000000e+00
      vertex   -4.602979e+01 -5.471937e+00 -1.000000e+02
    endloop
  endfacet
  facet normal 3.004870e-03 9.999955e-01 0.000000e+00
    outer loop
      vertex   -4.602979e+01 -5.471937e+00 -1.000000e+02
      vertex   -4.517108e+01 -5.474517e+00 -3.000000e+00
      vertex   -4.517108e+01 -5.474517e+00 -1.000000e+02
    endloop
  endfacet
  facet normal 4.736009e-03 9.999888e-01 -1.831275e-17
    outer loop
      vertex   -4.689438e+01 -5.467842e+00 -3.000000e+00
      vertex   -4.602979e+01 -5.471937e+00 -3.000000e+00
      vertex   -4.689438e+01 -5.467842e+00 -1.000000e+02
    endloop
  endfacet
  facet normal 4.736009e-03 9.999888e-01 1.831090e-17
    outer loop
      vertex   -4.689438e+01 -5.467842e+00 -1.000000e+02
      vertex   -4.602979e+01 -5.471937e+00 -3.000000e+00
      vertex   -4.602979e+01 -5.471937e+00 -1.000000e+02
    endloop
  endfacet
  facet normal 6.414415e-03 9.999794e-01 0.000000e+00
    outer loop
      vertex   -4.776475e+01 -5.462259e+00 -3.000000e+00
      vertex   -4.689438e+01 -5.467842e+00 -3.000000e+00
      vertex   -4.776475e+01 -5.462259e+00 -1.000000e+02
    endloop
  endfacet
  facet normal 6.414415e-03 9.999794e-01 -1.830724e-17
    outer loop
      vertex   -4.776475e+01 -5.462259e+00 -1.000000e+02
      vertex   -4.689438e+01 -5.467842e+00 -3.000000e+00
      vertex   -4.689438e+01 -5.467842e+00 -1.000000e+02
    endloop
  endfacet
  facet normal 8.041055e-03 9.999677e-01 0.000000e+00
    outer loop
      vertex   -4.864081e+01 -5.455214e+00 -3.000000e+00
      vertex   -4.776475e+01 -5.462259e+00 -3.000000e+00
      vertex   -4.864081e+01 -5.455214e+00 -1.000000e+02
    endloop
  endfacet
  facet normal 8.041055e-03 9.999677e-01 0.000000e+00
    outer loop
      vertex   -4.864081e+01 -5.455214e+00 -1.000000e+02
      vertex   -4.776475e+01 -5.462259e+00 -3.000000e+00
      vertex   -4.776475e+01 -5.462259e+00 -1.000000e+02
    endloop
  endfacet
  facet normal 9.616866e-03 9.999538e-01 0.000000e+00
    outer loop
      vertex   -4.952247e+01 -5.446735e+00 -3.000000e+00
      vertex   -4.864081e+01 -5.455214e+00 -3.000000e+00
      vertex   -4.952247e+01 -5.446735e+00 -1.000000e+02
    endloop
  endfacet
  facet normal 9.616866e-03 9.999538e-01 0.000000e+00
    outer loop
      vertex   -4.952247e+01 -5.446735e+00 -1.000000e+02
      vertex   -4.864081e+01 -5.455214e+00 -3.000000e+00
      vertex   -4.864081e+01 -5.455214e+00 -1.000000e+02
    endloop
  endfacet
  facet normal 1.114275e-02 9.999379e-01 1.831182e-17
    outer loop
      vertex   -5.040964e+01 -5.436849e+00 -3.000000e+00
      vertex   -4.952247e+01 -5.446735e+00 -3.000000e+00
      vertex   -5.040964e+01 -5.436849e+00 -1.000000e+02
    endloop
  endfacet
  facet normal 1.114275e-02 9.999379e-01 0.000000e+00
    outer loop
      vertex   -5.040964e+01 -5.436849e+00 -1.000000e+02
      vertex   -4.952247e+01 -5.446735e+00 -3.000000e+00
      vertex   -4.952247e+01 -5.446735e+00 -1.000000e+02
    endloop
  endfacet
  facet normal 1.261959e-02 9.999204e-01 1.831150e-17
    outer loop
      vertex   -5.130221e+01 -5.425584e+00 -3.000000e+00
      vertex   -5.040964e+01 -5.436849e+00 -3.000000e+00
      vertex   -5.130221e+01 -5.425584e+00 -1.000000e+02
    endloop
  endfacet
  facet normal 1.261959e-02 9.999204e-01 1.831156e-17
    outer loop
      vertex   -5.130221e+01 -5.425584e+00 -1.000000e+02
      vertex   -5.040964e+01 -5.436849e+00 -3.000000e+00
      vertex   -5.040964e+01 -5.436849e+00 -1.000000e+02
    endloop
  endfacet
  facet normal 1.404823e-02 9.999013e-01 0.000000e+00
    outer loop
      vertex   -5.220011e+01 -5.412969e+00 -3.000000e+00
      vertex   -5.130221e+01 -5.425584e+00 -3.000000e+00
      vertex   -5.220011e+01 -5.412969e+00 -1.000000e+02
    endloop
  endfacet
  facet normal 1.404823e-02 9.999013e-01 1.832224e-17
    outer loop
      vertex   -5.220011e+01 -5.412969e+00 -1.000000e+02
      vertex   -5.130221e+01 -5.425584e+00 -3.000000e+00
      vertex   -5.130221e+01 -5.425584e+00 -1.000000e+02
    endloop
  endfacet
  facet normal 1.542949e-02 9.998810e-01 1.831078e-17
    outer loop
      vertex   -5.310322e+01 -5.399033e+00 -3.000000e+00
      vertex   -5.220011e+01 -5.412969e+00 -3.000000e+00
      vertex   -5.310322e+01 -5.399033e+00 -1.000000e+02
    endloop
  endfacet
  facet normal 1.542949e-02 9.998810e-01 0.000000e+00
    outer loop
      vertex   -5.310322e+01 -5.399033e+00 -1.000000e+02
      vertex   -5.220011e+01 -5.412969e+00 -3.000000e+00
      vertex   -5.220011e+01 -5.412969e+00 -1.000000e+02
    endloop
  endfacet
  facet normal 1.676417e-02 9.998595e-01 1.831038e-17
    outer loop
      vertex   -5.401147e+01 -5.383805e+00 -3.000000e+00
      vertex   -5.310322e+01 -5.399033e+00 -3.000000e+00
      vertex   -5.401147e+01 -5.383805e+00 -1.000000e+02
    endloop
  endfacet
  facet normal 1.676417e-02 9.998595e-01 1.830948e-17
    outer loop
      vertex   -5.401147e+01 -5.383805e+00 -1.000000e+02
      vertex   -5.310322e+01 -5.399033e+00 -3.000000e+00
      vertex   -5.310322e+01 -5.399033e+00 -1.000000e+02
    endloop
  endfacet
  facet normal 1.805306e-02 9.998370e-01 0.000000e+00
    outer loop
      vertex   -5.492476e+01 -5.367315e+00 -3.000000e+00
      vertex   -5.401147e+01 -5.383805e+00 -3.000000e+00
      vertex   -5.492476e+01 -5.367315e+00 -1.000000e+02
    endloop
  endfacet
  facet normal 1.805306e-02 9.998370e-01 1.830601e-17
    outer loop
      vertex   -5.492476e+01 -5.367315e+00 -1.000000e+02
      vertex   -5.401147e+01 -5.383805e+00 -3.000000e+00
      vertex   -5.401147e+01 -5.383805e+00 -1.000000e+02
    endloop
  endfacet
  facet normal 1.929691e-02 9.998138e-01 -2.746432e-17
    outer loop
      vertex   -5.584298e+01 -5.349592e+00 -3.000000e+00
      vertex   -5.492476e+01 -5.367315e+00 -3.000000e+00
      vertex   -5.584298e+01 -5.349592e+00 -1.000000e+02
    endloop
  endfacet
  facet normal 1.929691e-02 9.998138e-01 0.000000e+00
    outer loop
      vertex   -5.584298e+01 -5.349592e+00 -1.000000e+02
      vertex   -5.492476e+01 -5.367315e+00 -3.000000e+00
      vertex   -5.492476e+01 -5.367315e+00 -1.000000e+02
    endloop
  endfacet
  facet normal 2.049645e-02 9.997899e-01 -2.746367e-17
    outer loop
      vertex   -5.676605e+01 -5.330669e+00 -3.000000e+00
      vertex   -5.584298e+01 -5.349592e+00 -3.000000e+00
      vertex   -5.676605e+01 -5.330669e+00 -1.000000e+02
    endloop
  endfacet
  facet normal 2.049645e-02 9.997899e-01 -2.746689e-17
    outer loop
      vertex   -5.676605e+01 -5.330669e+00 -1.000000e+02
      vertex   -5.584298e+01 -5.349592e+00 -3.000000e+00
      vertex   -5.584298e+01 -5.349592e+00 -1.000000e+02
    endloop
  endfacet
  facet normal 2.165242e-02 9.997656e-01 2.746300e-17
    outer loop
      vertex   -5.769387e+01 -5.310575e+00 -3.000000e+00
      vertex   -5.676605e+01 -5.330669e+00 -3.000000e+00
      vertex   -5.769387e+01 -5.310575e+00 -1.000000e+02
    endloop
  endfacet
  facet normal 2.165242e-02 9.997656e-01 -2.744126e-17
    outer loop
      vertex   -5.769387e+01 -5.310575e+00 -1.000000e+02
      vertex   -5.676605e+01 -5.330669e+00 -3.000000e+00
      vertex   -5.676605e+01 -5.330669e+00 -1.000000e+02
    endloop
  endfacet
  facet normal 2.276550e-02 9.997408e-01 0.000000e+00
    outer loop
      vertex   -5.862634e+01 -5.289341e+00 -3.000000e+00
      vertex   -5.769387e+01 -5.310575e+00 -3.000000e+00
      vertex   -5.862634e+01 -5.289341e+00 -1.000000e+02
    endloop
  endfacet
  facet normal 2.276550e-02 9.997408e-01 2.745706e-17
    outer loop
      vertex   -5.862634e+01 -5.289341e+00 -1.000000e+02
      vertex   -5.769387e+01 -5.310575e+00 -3.000000e+00
      vertex   -5.769387e+01 -5.310575e+00 -1.000000e+02
    endloop
  endfacet
  facet normal 2.383640e-02 9.997159e-01 0.000000e+00
    outer loop
      vertex   -5.956336e+01 -5.266999e+00 -3.000000e+00
      vertex   -5.862634e+01 -5.289341e+00 -3.000000e+00
      vertex   -5.956336e+01 -5.266999e+00 -1.000000e+02
    endloop
  endfacet
  facet normal 2.383640e-02 9.997159e-01 0.000000e+00
    outer loop
      vertex   -5.956336e+01 -5.266999e+00 -1.000000e+02
      vertex   -5.862634e+01 -5.289341e+00 -3.000000e+00
      vertex   -5.862634e+01 -5.289341e+00 -1.000000e+02
    endloop
  endfacet
  facet normal 2.486579e-02 9.996908e-01 -2.746094e-17
    outer loop
      vertex   -6.050485e+01 -5.243581e+00 -3.000000e+00
      vertex   -5.956336e+01 -5.266999e+00 -3.000000e+00
      vertex   -6.050485e+01 -5.243581e+00 -1.000000e+02
    endloop
  endfacet
  facet normal 2.486579e-02 9.996908e-01 0.000000e+00
    outer loop
      vertex   -6.050485e+01 -5.243581e+00 -1.000000e+02
      vertex   -5.956336e+01 -5.266999e+00 -3.000000e+00
      vertex   -5.956336e+01 -5.266999e+00 -1.000000e+02
    endloop
  endfacet
  facet normal 2.585432e-02 9.996657e-01 -2.746025e-17
    outer loop
      vertex   -6.145069e+01 -5.219119e+00 -3.000000e+00
      vertex   -6.050485e+01 -5.243581e+00 -3.000000e+00
      vertex   -6.145069e+01 -5.219119e+00 -1.000000e+02
    endloop
  endfacet
  facet normal 2.585432e-02 9.996657e-01 -2.744480e-17
    outer loop
      vertex   -6.145069e+01 -5.219119e+00 -1.000000e+02
      vertex   -6.050485e+01 -5.243581e+00 -3.000000e+00
      vertex   -6.050485e+01 -5.243581e+00 -1.000000e+02
    endloop
  endfacet
  facet normal 2.680265e-02 9.996407e-01 0.000000e+00
    outer loop
      vertex   -6.240080e+01 -5.193644e+00 -3.000000e+00
      vertex   -6.145069e+01 -5.219119e+00 -3.000000e+00
      vertex   -6.240080e+01 -5.193644e+00 -1.000000e+02
    endloop
  endfacet
  facet normal 2.680265e-02 9.996407e-01 -2.747152e-17
    outer loop
      vertex   -6.240080e+01 -5.193644e+00 -1.000000e+02
      vertex   -6.145069e+01 -5.219119e+00 -3.000000e+00
      vertex   -6.145069e+01 -5.219119e+00 -1.000000e+02
    endloop
  endfacet
  facet normal 2.771142e-02 9.996160e-01 0.000000e+00
    outer loop
      vertex   -6.335507e+01 -5.167190e+00 -3.000000e+00
      vertex   -6.240080e+01 -5.193644e+00 -3.000000e+00
      vertex   -6.335507e+01 -5.167190e+00 -1.000000e+02
    endloop
  endfacet
  facet normal 2.771142e-02 9.996160e-01 0.000000e+00
    outer loop
      vertex   -6.335507e+01 -5.167190e+00 -1.000000e+02
      vertex   -6.240080e+01 -5.193644e+00 -3.000000e+00
      vertex   -6.240080e+01 -5.193644e+00 -1.000000e+02
    endloop
  endfacet
  facet normal 2.858124e-02 9.995915e-01 1.830548e-17
    outer loop
      vertex   -6.431341e+01 -5.139788e+00 -3.000000e+00
      vertex   -6.335507e+01 -5.167190e+00 -3.000000e+00
      vertex   -6.431341e+01 -5.139788e+00 -1.000000e+02
    endloop
  endfacet
  facet normal 2.858124e-02 9.995915e-01 0.000000e+00
    outer loop
      vertex   -6.431341e+01 -5.139788e+00 -1.000000e+02
      vertex   -6.335507e+01 -5.167190e+00 -3.000000e+00
      vertex   -6.335507e+01 -5.167190e+00 -1.000000e+02
    endloop
  endfacet
  facet normal 2.941275e-02 9.995674e-01 0.000000e+00
    outer loop
      vertex   -6.527571e+01 -5.111472e+00 -3.000000e+00
      vertex   -6.431341e+01 -5.139788e+00 -3.000000e+00
      vertex   -6.527571e+01 -5.111472e+00 -1.000000e+02
    endloop
  endfacet
  facet normal 2.941275e-02 9.995674e-01 1.831622e-17
    outer loop
      vertex   -6.527571e+01 -5.111472e+00 -1.000000e+02
      vertex   -6.431341e+01 -5.139788e+00 -3.000000e+00
      vertex   -6.431341e+01 -5.139788e+00 -1.000000e+02
    endloop
  endfacet
  facet normal 3.020654e-02 9.995437e-01 -1.830460e-17
    outer loop
      vertex   -6.624188e+01 -5.082274e+00 -3.000000e+00
      vertex   -6.527571e+01 -5.111472e+00 -3.000000e+00
      vertex   -6.624188e+01 -5.082274e+00 -1.000000e+02
    endloop
  endfacet
  facet normal 3.020654e-02 9.995437e-01 0.000000e+00
    outer loop
      vertex   -6.624188e+01 -5.082274e+00 -1.000000e+02
      vertex   -6.527571e+01 -5.111472e+00 -3.000000e+00
      vertex   -6.527571e+01 -5.111472e+00 -1.000000e+02
    endloop
  endfacet
  facet normal 3.096322e-02 9.995205e-01 0.000000e+00
    outer loop
      vertex   -6.721181e+01 -5.052228e+00 -3.000000e+00
      vertex   -6.624188e+01 -5.082274e+00 -3.000000e+00
      vertex   -6.721181e+01 -5.052228e+00 -1.000000e+02
    endloop
  endfacet
  facet normal 3.096322e-02 9.995205e-01 -1.828182e-17
    outer loop
      vertex   -6.721181e+01 -5.052228e+00 -1.000000e+02
      vertex   -6.624188e+01 -5.082274e+00 -3.000000e+00
      vertex   -6.624188e+01 -5.082274e+00 -1.000000e+02
    endloop
  endfacet
  facet normal 3.168338e-02 9.994980e-01 0.000000e+00
    outer loop
      vertex   -6.818541e+01 -5.021365e+00 -3.000000e+00
      vertex   -6.721181e+01 -5.052228e+00 -3.000000e+00
      vertex   -6.818541e+01 -5.021365e+00 -1.000000e+02
    endloop
  endfacet
  facet normal 3.168338e-02 9.994980e-01 0.000000e+00
    outer loop
      vertex   -6.818541e+01 -5.021365e+00 -1.000000e+02
      vertex   -6.721181e+01 -5.052228e+00 -3.000000e+00
      vertex   -6.721181e+01 -5.052228e+00 -1.000000e+02
    endloop
  endfacet
  facet normal 3.236761e-02 9.994760e-01 0.000000e+00
    outer loop
      vertex   -6.916258e+01 -4.989720e+00 -3.000000e+00
      vertex   -6.818541e+01 -5.021365e+00 -3.000000e+00
      vertex   -6.916258e+01 -4.989720e+00 -1.000000e+02
    endloop
  endfacet
  facet normal 3.236761e-02 9.994760e-01 0.000000e+00
    outer loop
      vertex   -6.916258e+01 -4.989720e+00 -1.000000e+02
      vertex   -6.818541e+01 -5.021365e+00 -3.000000e+00
      vertex   -6.818541e+01 -5.021365e+00 -1.000000e+02
    endloop
  endfacet
  facet normal 3.301648e-02 9.994548e-01 0.000000e+00
    outer loop
      vertex   -7.014320e+01 -4.957326e+00 -3.000000e+00
      vertex   -6.916258e+01 -4.989720e+00 -3.000000e+00
      vertex   -7.014320e+01 -4.957326e+00 -1.000000e+02
    endloop
  endfacet
  facet normal 3.301648e-02 9.994548e-01 0.000000e+00
    outer loop
      vertex   -7.014320e+01 -4.957326e+00 -1.000000e+02
      vertex   -6.916258e+01 -4.989720e+00 -3.000000e+00
      vertex   -6.916258e+01 -4.989720e+00 -1.000000e+02
    endloop
  endfacet
  facet normal 3.363058e-02 9.994343e-01 0.000000e+00
    outer loop
      vertex   -7.112719e+01 -4.924215e+00 -3.000000e+00
      vertex   -7.014320e+01 -4.957326e+00 -3.000000e+00
      vertex   -7.112719e+01 -4.924215e+00 -1.000000e+02
    endloop
  endfacet
  facet normal 3.363058e-02 9.994343e-01 0.000000e+00
    outer loop
      vertex   -7.112719e+01 -4.924215e+00 -1.000000e+02
      vertex   -7.014320e+01 -4.957326e+00 -3.000000e+00
      vertex   -7.014320e+01 -4.957326e+00 -1.000000e+02
    endloop
  endfacet
  facet normal 3.421046e-02 9.994147e-01 0.000000e+00
    outer loop
      vertex   -7.211444e+01 -4.890421e+00 -3.000000e+00
      vertex   -7.112719e+01 -4.924215e+00 -3.000000e+00
      vertex   -7.211444e+01 -4.890421e+00 -1.000000e+02
    endloop
  endfacet
  facet normal 3.421046e-02 9.994147e-01 0.000000e+00
    outer loop
      vertex   -7.211444e+01 -4.890421e+00 -1.000000e+02
      vertex   -7.112719e+01 -4.924215e+00 -3.000000e+00
      vertex   -7.112719e+01 -4.924215e+00 -1.000000e+02
    endloop
  endfacet
  facet normal 3.475669e-02 9.993958e-01 0.000000e+00
    outer loop
      vertex   -7.310485e+01 -4.855977e+00 -3.000000e+00
      vertex   -7.211444e+01 -4.890421e+00 -3.000000e+00
      vertex   -7.310485e+01 -4.855977e+00 -1.000000e+02
    endloop
  endfacet
  facet normal 3.475669e-02 9.993958e-01 0.000000e+00
    outer loop
      vertex   -7.310485e+01 -4.855977e+00 -1.000000e+02
      vertex   -7.211444e+01 -4.890421e+00 -3.000000e+00
      vertex   -7.211444e+01 -4.890421e+00 -1.000000e+02
    endloop
  endfacet
  facet normal 3.526983e-02 9.993778e-01 0.000000e+00
    outer loop
      vertex   -7.409830e+01 -4.820916e+00 -3.000000e+00
      vertex   -7.310485e+01 -4.855977e+00 -3.000000e+00
      vertex   -7.409830e+01 -4.820916e+00 -1.000000e+02
    endloop
  endfacet
  facet normal 3.526983e-02 9.993778e-01 0.000000e+00
    outer loop
      vertex   -7.409830e+01 -4.820916e+00 -1.000000e+02
      vertex   -7.310485e+01 -4.855977e+00 -3.000000e+00
      vertex   -7.310485e+01 -4.855977e+00 -1.000000e+02
    endloop
  endfacet
  facet normal 3.575044e-02 9.993607e-01 0.000000e+00
    outer loop
      vertex   -7.509471e+01 -4.785271e+00 -3.000000e+00
      vertex   -7.409830e+01 -4.820916e+00 -3.000000e+00
      vertex   -7.509471e+01 -4.785271e+00 -1.000000e+02
    endloop
  endfacet
  facet normal 3.575044e-02 9.993607e-01 0.000000e+00
    outer loop
      vertex   -7.509471e+01 -4.785271e+00 -1.000000e+02
      vertex   -7.409830e+01 -4.820916e+00 -3.000000e+00
      vertex   -7.409830e+01 -4.820916e+00 -1.000000e+02
    endloop
  endfacet
  facet normal 3.619906e-02 9.993446e-01 0.000000e+00
    outer loop
      vertex   -7.609397e+01 -4.749075e+00 -3.000000e+00
      vertex   -7.509471e+01 -4.785271e+00 -3.000000e+00
      vertex   -7.609397e+01 -4.749075e+00 -1.000000e+02
    endloop
  endfacet
  facet normal 3.619906e-02 9.993446e-01 0.000000e+00
    outer loop
      vertex   -7.609397e+01 -4.749075e+00 -1.000000e+02
      vertex   -7.509471e+01 -4.785271e+00 -3.000000e+00
      vertex   -7.509471e+01 -4.785271e+00 -1.000000e+02
    endloop
  endfacet
  facet normal 3.661625e-02 9.993294e-01 0.000000e+00
    outer loop
      vertex   -7.709597e+01 -4.712361e+00 -3.000000e+00
      vertex   -7.609397e+01 -4.749075e+00 -3.000000e+00
      vertex   -7.709597e+01 -4.712361e+00 -1.000000e+02
    endloop
  endfacet
  facet normal 3.661625e-02 9.993294e-01 0.000000e+00
    outer loop
      vertex   -7.709597e+01 -4.712361e+00 -1.000000e+02
      vertex   -7.609397e+01 -4.749075e+00 -3.000000e+00
      vertex   -7.609397e+01 -4.749075e+00 -1.000000e+02
    endloop
  endfacet
  facet normal 3.700254e-02 9.993152e-01 0.000000e+00
    outer loop
      vertex   -7.810060e+01 -4.675161e+00 -3.000000e+00
      vertex   -7.709597e+01 -4.712361e+00 -3.000000e+00
      vertex   -7.810060e+01 -4.675161e+00 -1.000000e+02
    endloop
  endfacet
  facet normal 3.700254e-02 9.993152e-01 0.000000e+00
    outer loop
      vertex   -7.810060e+01 -4.675161e+00 -1.000000e+02
      vertex   -7.709597e+01 -4.712361e+00 -3.000000e+00
      vertex   -7.709597e+01 -4.712361e+00 -1.000000e+02
    endloop
  endfacet
  facet normal 3.735849e-02 9.993019e-01 -1.830017e-17
    outer loop
      vertex   -7.910785e+01 -4.637506e+00 -3.000000e+00
      vertex   -7.810060e+01 -4.675161e+00 -3.000000e+00
      vertex   -7.910785e+01 -4.637506e+00 -1.000000e+02
    endloop
  endfacet
  facet normal 3.735849e-02 9.993019e-01 0.000000e+00
    outer loop
      vertex   -7.910785e+01 -4.637506e+00 -1.000000e+02
      vertex   -7.810060e+01 -4.675161e+00 -3.000000e+00
      vertex   -7.810060e+01 -4.675161e+00 -1.000000e+02
    endloop
  endfacet
  facet normal 3.763289e-02 9.992916e-01 2.744998e-17
    outer loop
      vertex   -8.011903e+01 -4.599425e+00 -3.000000e+00
      vertex   -7.910785e+01 -4.637506e+00 -3.000000e+00
      vertex   -8.011903e+01 -4.599425e+00 -1.000000e+02
    endloop
  endfacet
  facet normal 3.763289e-02 9.992916e-01 -1.830978e-17
    outer loop
      vertex   -8.011903e+01 -4.599425e+00 -1.000000e+02
      vertex   -7.910785e+01 -4.637506e+00 -3.000000e+00
      vertex   -7.910785e+01 -4.637506e+00 -1.000000e+02
    endloop
  endfacet
  facet normal 3.818618e-02 9.992706e-01 1.829960e-17
    outer loop
      vertex   -8.113775e+01 -4.560496e+00 -3.000000e+00
      vertex   -8.011903e+01 -4.599425e+00 -3.000000e+00
      vertex   -8.113775e+01 -4.560496e+00 -1.000000e+02
    endloop
  endfacet
  facet normal 3.818618e-02 9.992706e-01 2.743608e-17
    outer loop
      vertex   -8.113775e+01 -4.560496e+00 -1.000000e+02
      vertex   -8.011903e+01 -4.599425e+00 -3.000000e+00
      vertex   -8.011903e+01 -4.599425e+00 -1.000000e+02
    endloop
  endfacet
  facet normal 3.915678e-02 9.992331e-01 -1.829891e-17
    outer loop
      vertex   -8.215798e+01 -4.520516e+00 -3.000000e+00
      vertex   -8.113775e+01 -4.560496e+00 -3.000000e+00
      vertex   -8.215798e+01 -4.520516e+00 -1.000000e+02
    endloop
  endfacet
  facet normal 3.915678e-02 9.992331e-01 1.828645e-17
    outer loop
      vertex   -8.215798e+01 -4.520516e+00 -1.000000e+02
      vertex   -8.113775e+01 -4.560496e+00 -3.000000e+00
      vertex   -8.113775e+01 -4.560496e+00 -1.000000e+02
    endloop
  endfacet
  facet normal 4.010093e-02 9.991956e-01 2.744734e-17
    outer loop
      vertex   -8.318026e+01 -4.479489e+00 -3.000000e+00
      vertex   -8.215798e+01 -4.520516e+00 -3.000000e+00
      vertex   -8.318026e+01 -4.479489e+00 -1.000000e+02
    endloop
  endfacet
  facet normal 4.010093e-02 9.991956e-01 -1.824895e-17
    outer loop
      vertex   -8.318026e+01 -4.479489e+00 -1.000000e+02
      vertex   -8.215798e+01 -4.520516e+00 -3.000000e+00
      vertex   -8.215798e+01 -4.520516e+00 -1.000000e+02
    endloop
  endfacet
  facet normal 4.101908e-02 9.991584e-01 1.829754e-17
    outer loop
      vertex   -8.420449e+01 -4.437440e+00 -3.000000e+00
      vertex   -8.318026e+01 -4.479489e+00 -3.000000e+00
      vertex   -8.420449e+01 -4.437440e+00 -1.000000e+02
    endloop
  endfacet
  facet normal 4.101908e-02 9.991584e-01 2.742503e-17
    outer loop
      vertex   -8.420449e+01 -4.437440e+00 -1.000000e+02
      vertex   -8.318026e+01 -4.479489e+00 -3.000000e+00
      vertex   -8.318026e+01 -4.479489e+00 -1.000000e+02
    endloop
  endfacet
  facet normal 4.191170e-02 9.991213e-01 0.000000e+00
    outer loop
      vertex   -8.523056e+01 -4.394398e+00 -3.000000e+00
      vertex   -8.420449e+01 -4.437440e+00 -3.000000e+00
      vertex   -8.523056e+01 -4.394398e+00 -1.000000e+02
    endloop
  endfacet
  facet normal 4.191170e-02 9.991213e-01 1.831961e-17
    outer loop
      vertex   -8.523056e+01 -4.394398e+00 -1.000000e+02
      vertex   -8.420449e+01 -4.437440e+00 -3.000000e+00
      vertex   -8.420449e+01 -4.437440e+00 -1.000000e+02
    endloop
  endfacet
  facet normal 4.277923e-02 9.990845e-01 0.000000e+00
    outer loop
      vertex   -8.625836e+01 -4.350390e+00 -3.000000e+00
      vertex   -8.523056e+01 -4.394398e+00 -3.000000e+00
      vertex   -8.625836e+01 -4.350390e+00 -1.000000e+02
    endloop
  endfacet
  facet normal 4.277923e-02 9.990845e-01 0.000000e+00
    outer loop
      vertex   -8.625836e+01 -4.350390e+00 -1.000000e+02
      vertex   -8.523056e+01 -4.394398e+00 -3.000000e+00
      vertex   -8.523056e+01 -4.394398e+00 -1.000000e+02
    endloop
  endfacet
  facet normal 4.362212e-02 9.990481e-01 -2.744329e-17
    outer loop
      vertex   -8.728776e+01 -4.305442e+00 -3.000000e+00
      vertex   -8.625836e+01 -4.350390e+00 -3.000000e+00
      vertex   -8.728776e+01 -4.305442e+00 -1.000000e+02
    endloop
  endfacet
  facet normal 4.362212e-02 9.990481e-01 0.000000e+00
    outer loop
      vertex   -8.728776e+01 -4.305442e+00 -1.000000e+02
      vertex   -8.625836e+01 -4.350390e+00 -3.000000e+00
      vertex   -8.625836e+01 -4.350390e+00 -1.000000e+02
    endloop
  endfacet
  facet normal 4.444082e-02 9.990120e-01 0.000000e+00
    outer loop
      vertex   -8.831867e+01 -4.259582e+00 -3.000000e+00
      vertex   -8.728776e+01 -4.305442e+00 -3.000000e+00
      vertex   -8.831867e+01 -4.259582e+00 -1.000000e+02
    endloop
  endfacet
  facet normal 4.444082e-02 9.990120e-01 -2.738208e-17
    outer loop
      vertex   -8.831867e+01 -4.259582e+00 -1.000000e+02
      vertex   -8.728776e+01 -4.305442e+00 -3.000000e+00
      vertex   -8.728776e+01 -4.305442e+00 -1.000000e+02
    endloop
  endfacet
  facet normal 4.523578e-02 9.989763e-01 1.577431e-17
    outer loop
      vertex   -8.893183e+01 -4.231817e+00 -3.000000e+00
      vertex   -8.831867e+01 -4.259582e+00 -3.000000e+00
      vertex   -8.893183e+01 -4.231817e+00 -1.000000e+02
    endloop
  endfacet
  facet normal 4.523578e-02 9.989763e-01 0.000000e+00
    outer loop
      vertex   -8.893183e+01 -4.231817e+00 -1.000000e+02
      vertex   -8.831867e+01 -4.259582e+00 -3.000000e+00
      vertex   -8.831867e+01 -4.259582e+00 -1.000000e+02
    endloop
  endfacet
  facet normal -9.977852e-01 -6.651901e-02 1.477019e-19
    outer loop
      vertex   -1.999833e+02 -2.500000e-01 -1.000000e+02
      vertex   -1.999832e+02 -2.514419e-01 -1.000000e+02
      vertex   -1.999833e+02 -2.500000e-01 0.000000e+00
    endloop
  endfacet
  facet normal -9.977852e-01 -6.651901e-02 -3.692792e-19
    outer loop
      vertex   -1.999833e+02 -2.500000e-01 0.000000e+00
      vertex   -1.999832e+02 -2.514419e-01 -1.000000e+02
      vertex   -1.999832e+02 -2.514419e-01 0.000000e+00
    endloop
  endfacet
  facet normal 9.899496e-01 -1.414206e-01 0.000000e+00
    outer loop
      vertex   -4.985672e+01 -6.088817e+00 -8.000000e-01
      vertex   -4.985672e+01 -6.088817e+00 0.000000e+00
      vertex   -4.992520e+01 -6.568143e+00 -8.000000e-01
    endloop
  endfacet
  facet normal 9.899496e-01 -1.414206e-01 0.000000e+00
    outer loop
      vertex   -4.992520e+01 -6.568143e+00 -8.000000e-01
      vertex   -4.985672e+01 -6.088817e+00 0.000000e+00
      vertex   -4.992520e+01 -6.568143e+00 0.000000e+00
    endloop
  endfacet
  facet normal 9.883615e-01 -1.521234e-01 0.000000e+00
    outer loop
      vertex   -4.992520e+01 -6.568143e+00 -8.000000e-01
      vertex   -4.992520e+01 -6.568143e+00 0.000000e+00
      vertex   -4.999886e+01 -7.046701e+00 -8.000000e-01
    endloop
  endfacet
  facet normal 9.883615e-01 -1.521234e-01 0.000000e+00
    outer loop
      vertex   -4.999886e+01 -7.046701e+00 -8.000000e-01
      vertex   -4.992520e+01 -6.568143e+00 0.000000e+00
      vertex   -4.999886e+01 -7.046701e+00 0.000000e+00
    endloop
  endfacet
  facet normal 9.866577e-01 -1.628083e-01 0.000000e+00
    outer loop
      vertex   -4.999886e+01 -7.046701e+00 -8.000000e-01
      vertex   -4.999886e+01 -7.046701e+00 0.000000e+00
      vertex   -5.007769e+01 -7.524433e+00 -8.000000e-01
    endloop
  endfacet
  facet normal 9.866577e-01 -1.628083e-01 0.000000e+00
    outer loop
      vertex   -5.007769e+01 -7.524433e+00 -8.000000e-01
      vertex   -4.999886e+01 -7.046701e+00 0.000000e+00
      vertex   -5.007769e+01 -7.524433e+00 0.000000e+00
    endloop
  endfacet
  facet normal -9.996262e-01 2.733810e-02 0.000000e+00
    outer loop
      vertex   -4.894125e+01 -2.500000e-01 0.000000e+00
      vertex   -4.894125e+01 -2.500000e-01 -8.000000e-01
      vertex   -4.899522e+01 -2.223509e+00 0.000000e+00
    endloop
  endfacet
  facet normal -9.996262e-01 2.733810e-02 0.000000e+00
    outer loop
      vertex   -4.899522e+01 -2.223509e+00 0.000000e+00
      vertex   -4.894125e+01 -2.500000e-01 -8.000000e-01
      vertex   -4.899522e+01 -2.223509e+00 -8.000000e-01
    endloop
  endfacet
  facet normal -9.974824e-01 7.091516e-02 0.000000e+00
    outer loop
      vertex   -4.899522e+01 -2.223509e+00 0.000000e+00
      vertex   -4.899522e+01 -2.223509e+00 -8.000000e-01
      vertex   -4.913522e+01 -4.192786e+00 0.000000e+00
    endloop
  endfacet
  facet normal -9.974824e-01 7.091516e-02 -7.873165e-17
    outer loop
      vertex   -4.913522e+01 -4.192786e+00 0.000000e+00
      vertex   -4.899522e+01 -2.223509e+00 -8.000000e-01
      vertex   -4.913522e+01 -4.192786e+00 -8.000000e-01
    endloop
  endfacet
  facet normal -9.934397e-01 1.143572e-01 -1.269620e-16
    outer loop
      vertex   -4.913522e+01 -4.192786e+00 0.000000e+00
      vertex   -4.913522e+01 -4.192786e+00 -8.000000e-01
      vertex   -4.936099e+01 -6.154081e+00 0.000000e+00
    endloop
  endfacet
  facet normal -9.934397e-01 1.143572e-01 -2.539241e-16
    outer loop
      vertex   -4.936099e+01 -6.154081e+00 0.000000e+00
      vertex   -4.913522e+01 -4.192786e+00 -8.000000e-01
      vertex   -4.936099e+01 -6.154081e+00 -8.000000e-01
    endloop
  endfacet
  facet normal -9.875060e-01 1.575816e-01 -3.499015e-16
    outer loop
      vertex   -4.936099e+01 -6.154081e+00 0.000000e+00
      vertex   -4.936099e+01 -6.154081e+00 -8.000000e-01
      vertex   -4.967210e+01 -8.103662e+00 0.000000e+00
    endloop
  endfacet
  facet normal -9.875060e-01 1.575816e-01 0.000000e+00
    outer loop
      vertex   -4.967210e+01 -8.103662e+00 0.000000e+00
      vertex   -4.936099e+01 -6.154081e+00 -8.000000e-01
      vertex   -4.967210e+01 -8.103662e+00 -8.000000e-01
    endloop
  endfacet
  facet normal 9.985082e-01 -5.460268e-02 0.000000e+00
    outer loop
      vertex   -4.949475e+01 -2.201699e+00 -8.000000e-01
      vertex   -4.949475e+01 -2.201699e+00 0.000000e+00
      vertex   -4.952119e+01 -2.685169e+00 -8.000000e-01
    endloop
  endfacet
  facet normal 9.985082e-01 -5.460268e-02 0.000000e+00
    outer loop
      vertex   -4.952119e+01 -2.685169e+00 -8.000000e-01
      vertex   -4.949475e+01 -2.201699e+00 0.000000e+00
      vertex   -4.952119e+01 -2.685169e+00 0.000000e+00
    endloop
  endfacet
  facet normal 9.978589e-01 -6.540313e-02 0.000000e+00
    outer loop
      vertex   -4.952119e+01 -2.685169e+00 -8.000000e-01
      vertex   -4.952119e+01 -2.685169e+00 0.000000e+00
      vertex   -4.955286e+01 -3.168325e+00 -8.000000e-01
    endloop
  endfacet
  facet normal 9.978589e-01 -6.540313e-02 1.452241e-16
    outer loop
      vertex   -4.955286e+01 -3.168325e+00 -8.000000e-01
      vertex   -4.952119e+01 -2.685169e+00 0.000000e+00
      vertex   -4.955286e+01 -3.168325e+00 0.000000e+00
    endloop
  endfacet
  facet normal 9.970929e-01 -7.619592e-02 1.691889e-16
    outer loop
      vertex   -4.955286e+01 -3.168325e+00 -8.000000e-01
      vertex   -4.955286e+01 -3.168325e+00 0.000000e+00
      vertex   -4.958975e+01 -3.651110e+00 -8.000000e-01
    endloop
  endfacet
  facet normal 9.970929e-01 -7.619592e-02 1.783882e-14
    outer loop
      vertex   -4.958975e+01 -3.651110e+00 -8.000000e-01
      vertex   -4.955286e+01 -3.168325e+00 0.000000e+00
      vertex   -4.958975e+01 -3.651110e+00 0.000000e+00
    endloop
  endfacet
  facet normal 9.994675e-01 -3.263082e-02 0.000000e+00
    outer loop
      vertex   -4.947294e+01 -1.702175e+00 0.000000e+00
      vertex   -4.947294e+01 -1.702175e+00 -8.000000e-01
      vertex   -4.945714e+01 -1.218240e+00 0.000000e+00
    endloop
  endfacet
  facet normal 9.994675e-01 -3.263082e-02 0.000000e+00
    outer loop
      vertex   -4.945714e+01 -1.218240e+00 0.000000e+00
      vertex   -4.947294e+01 -1.702175e+00 -8.000000e-01
      vertex   -4.945714e+01 -1.218240e+00 -8.000000e-01
    endloop
  endfacet
  facet normal 9.997620e-01 -2.181489e-02 0.000000e+00
    outer loop
      vertex   -4.945714e+01 -1.218240e+00 0.000000e+00
      vertex   -4.945714e+01 -1.218240e+00 -8.000000e-01
      vertex   -4.944658e+01 -7.341632e-01 0.000000e+00
    endloop
  endfacet
  facet normal 9.997620e-01 -2.181489e-02 0.000000e+00
    outer loop
      vertex   -4.944658e+01 -7.341632e-01 0.000000e+00
      vertex   -4.945714e+01 -1.218240e+00 -8.000000e-01
      vertex   -4.944658e+01 -7.341632e-01 -8.000000e-01
    endloop
  endfacet
  facet normal 9.999395e-01 -1.099640e-02 0.000000e+00
    outer loop
      vertex   -4.944658e+01 -7.341632e-01 0.000000e+00
      vertex   -4.944658e+01 -7.341632e-01 -8.000000e-01
      vertex   -4.944126e+01 -2.500000e-01 0.000000e+00
    endloop
  endfacet
  facet normal 9.999395e-01 -1.099640e-02 0.000000e+00
    outer loop
      vertex   -4.944126e+01 -2.500000e-01 0.000000e+00
      vertex   -4.944658e+01 -7.341632e-01 -8.000000e-01
      vertex   -4.944126e+01 -2.500000e-01 -8.000000e-01
    endloop
  endfacet
  facet normal 9.990482e-01 -4.361939e-02 0.000000e+00
    outer loop
      vertex   -5.421772e+01 -1.495013e+00 -8.000000e-01
      vertex   -5.421772e+01 -1.495013e+00 0.000000e+00
      vertex   -5.423953e+01 -1.994538e+00 -8.000000e-01
    endloop
  endfacet
  facet normal 9.990482e-01 -4.361939e-02 0.000000e+00
    outer loop
      vertex   -5.423953e+01 -1.994538e+00 -8.000000e-01
      vertex   -5.421772e+01 -1.495013e+00 0.000000e+00
      vertex   -5.423953e+01 -1.994538e+00 0.000000e+00
    endloop
  endfacet
  facet normal 4.361939e-02 9.990482e-01 -0.000000e+00
    outer loop
      vertex   -4.949475e+01 -2.201699e+00 -8.000000e-01
      vertex   -5.423953e+01 -1.994538e+00 -8.000000e-01
      vertex   -4.949475e+01 -2.201699e+00 0.000000e+00
    endloop
  endfacet
  facet normal 4.361939e-02 9.990482e-01 0.000000e+00
    outer loop
      vertex   -4.949475e+01 -2.201699e+00 0.000000e+00
      vertex   -5.423953e+01 -1.994538e+00 -8.000000e-01
      vertex   -5.423953e+01 -1.994538e+00 0.000000e+00
    endloop
  endfacet
  facet normal -4.361939e-02 -9.990482e-01 -0.000000e+00
    outer loop
      vertex   -4.947294e+01 -1.702175e+00 0.000000e+00
      vertex   -5.421772e+01 -1.495013e+00 0.000000e+00
      vertex   -4.947294e+01 -1.702175e+00 -8.000000e-01
    endloop
  endfacet
  facet normal -4.361939e-02 -9.990482e-01 0.000000e+00
    outer loop
      vertex   -4.947294e+01 -1.702175e+00 -8.000000e-01
      vertex   -5.421772e+01 -1.495013e+00 0.000000e+00
      vertex   -5.421772e+01 -1.495013e+00 -8.000000e-01
    endloop
  endfacet
  facet normal 9.928202e-01 -1.196160e-01 0.000000e+00
    outer loop
      vertex   -4.979146e+01 -5.593095e+00 0.000000e+00
      vertex   -4.979146e+01 -5.593095e+00 -8.000000e-01
      vertex   -4.973354e+01 -5.112379e+00 0.000000e+00
    endloop
  endfacet
  facet normal 9.928202e-01 -1.196160e-01 0.000000e+00
    outer loop
      vertex   -4.973354e+01 -5.112379e+00 0.000000e+00
      vertex   -4.979146e+01 -5.593095e+00 -8.000000e-01
      vertex   -4.973354e+01 -5.112379e+00 -8.000000e-01
    endloop
  endfacet
  facet normal 9.940563e-01 -1.088669e-01 0.000000e+00
    outer loop
      vertex   -4.973354e+01 -5.112379e+00 0.000000e+00
      vertex   -4.973354e+01 -5.112379e+00 -8.000000e-01
      vertex   -4.968083e+01 -4.631064e+00 0.000000e+00
    endloop
  endfacet
  facet normal 9.940563e-01 -1.088669e-01 0.000000e+00
    outer loop
      vertex   -4.968083e+01 -4.631064e+00 0.000000e+00
      vertex   -4.973354e+01 -5.112379e+00 -8.000000e-01
      vertex   -4.968083e+01 -4.631064e+00 -8.000000e-01
    endloop
  endfacet
  facet normal 9.951761e-01 -9.810503e-02 0.000000e+00
    outer loop
      vertex   -4.968083e+01 -4.631064e+00 0.000000e+00
      vertex   -4.968083e+01 -4.631064e+00 -8.000000e-01
      vertex   -4.963333e+01 -4.149207e+00 0.000000e+00
    endloop
  endfacet
  facet normal 9.951761e-01 -9.810503e-02 8.838939e-15
    outer loop
      vertex   -4.963333e+01 -4.149207e+00 0.000000e+00
      vertex   -4.968083e+01 -4.631064e+00 -8.000000e-01
      vertex   -4.963333e+01 -4.149207e+00 -8.000000e-01
    endloop
  endfacet
  facet normal 9.914449e-01 -1.305262e-01 0.000000e+00
    outer loop
      vertex   -5.450013e+01 -4.973186e+00 -8.000000e-01
      vertex   -5.450013e+01 -4.973186e+00 0.000000e+00
      vertex   -5.456540e+01 -5.468909e+00 -8.000000e-01
    endloop
  endfacet
  facet normal 9.914449e-01 -1.305262e-01 0.000000e+00
    outer loop
      vertex   -5.456540e+01 -5.468909e+00 -8.000000e-01
      vertex   -5.450013e+01 -4.973186e+00 0.000000e+00
      vertex   -5.456540e+01 -5.468909e+00 0.000000e+00
    endloop
  endfacet
  facet normal -1.305262e-01 -9.914449e-01 -0.000000e+00
    outer loop
      vertex   -4.979146e+01 -5.593095e+00 0.000000e+00
      vertex   -5.450013e+01 -4.973186e+00 0.000000e+00
      vertex   -4.979146e+01 -5.593095e+00 -8.000000e-01
    endloop
  endfacet
  facet normal -1.305262e-01 -9.914449e-01 0.000000e+00
    outer loop
      vertex   -4.979146e+01 -5.593095e+00 -8.000000e-01
      vertex   -5.450013e+01 -4.973186e+00 0.000000e+00
      vertex   -5.450013e+01 -4.973186e+00 -8.000000e-01
    endloop
  endfacet
  facet normal 1.305262e-01 9.914449e-01 -0.000000e+00
    outer loop
      vertex   -4.985672e+01 -6.088817e+00 -8.000000e-01
      vertex   -5.456540e+01 -5.468909e+00 -8.000000e-01
      vertex   -4.985672e+01 -6.088817e+00 0.000000e+00
    endloop
  endfacet
  facet normal 1.305262e-01 9.914449e-01 0.000000e+00
    outer loop
      vertex   -4.985672e+01 -6.088817e+00 0.000000e+00
      vertex   -5.456540e+01 -5.468909e+00 -8.000000e-01
      vertex   -5.456540e+01 -5.468909e+00 0.000000e+00
    endloop
  endfacet
  facet normal 4.020221e-17 6.101757e-16 -1.000000e+00
    outer loop
      vertex   -1.561679e+02 -2.500000e-01 -3.000000e+00
      vertex   -1.009359e+02 -2.500000e-01 -3.000000e+00
      vertex   -1.557718e+02 -2.760985e-01 -3.000000e+00
    endloop
  endfacet
  facet normal 4.020185e-17 6.109328e-16 -1.000000e+00
    outer loop
      vertex   -1.557718e+02 -2.760985e-01 -3.000000e+00
      vertex   -1.009359e+02 -2.500000e-01 -3.000000e+00
      vertex   -1.549016e+02 -3.333568e-01 -3.000000e+00
    endloop
  endfacet
  facet normal 4.020068e-17 6.116883e-16 -1.000000e+00
    outer loop
      vertex   -1.549016e+02 -3.333568e-01 -3.000000e+00
      vertex   -1.009359e+02 -2.500000e-01 -3.000000e+00
      vertex   -1.540255e+02 -3.909346e-01 -3.000000e+00
    endloop
  endfacet
  facet normal 4.019868e-17 6.124434e-16 -1.000000e+00
    outer loop
      vertex   -1.540255e+02 -3.909346e-01 -3.000000e+00
      vertex   -1.009359e+02 -2.500000e-01 -3.000000e+00
      vertex   -1.531436e+02 -4.488233e-01 -3.000000e+00
    endloop
  endfacet
  facet normal 4.019580e-17 6.131989e-16 -1.000000e+00
    outer loop
      vertex   -1.531436e+02 -4.488233e-01 -3.000000e+00
      vertex   -1.009359e+02 -2.500000e-01 -3.000000e+00
      vertex   -1.522558e+02 -5.070144e-01 -3.000000e+00
    endloop
  endfacet
  facet normal 4.019201e-17 6.139560e-16 -1.000000e+00
    outer loop
      vertex   -1.522558e+02 -5.070144e-01 -3.000000e+00
      vertex   -1.009359e+02 -2.500000e-01 -3.000000e+00
      vertex   -1.513625e+02 -5.654991e-01 -3.000000e+00
    endloop
  endfacet
  facet normal 4.018726e-17 6.147154e-16 -1.000000e+00
    outer loop
      vertex   -1.513625e+02 -5.654991e-01 -3.000000e+00
      vertex   -1.009359e+02 -2.500000e-01 -3.000000e+00
      vertex   -1.504635e+02 -6.242685e-01 -3.000000e+00
    endloop
  endfacet
  facet normal 4.018149e-17 6.154783e-16 -1.000000e+00
    outer loop
      vertex   -1.504635e+02 -6.242685e-01 -3.000000e+00
      vertex   -1.009359e+02 -2.500000e-01 -3.000000e+00
      vertex   -1.495591e+02 -6.833134e-01 -3.000000e+00
    endloop
  endfacet
  facet normal 4.017466e-17 6.162456e-16 -1.000000e+00
    outer loop
      vertex   -1.495591e+02 -6.833134e-01 -3.000000e+00
      vertex   -1.009359e+02 -2.500000e-01 -3.000000e+00
      vertex   -1.486493e+02 -7.426243e-01 -3.000000e+00
    endloop
  endfacet
  facet normal 4.016668e-17 6.170182e-16 -1.000000e+00
    outer loop
      vertex   -1.486493e+02 -7.426243e-01 -3.000000e+00
      vertex   -1.009359e+02 -2.500000e-01 -3.000000e+00
      vertex   -1.477343e+02 -8.021918e-01 -3.000000e+00
    endloop
  endfacet
  facet normal 4.015749e-17 6.177969e-16 -1.000000e+00
    outer loop
      vertex   -1.477343e+02 -8.021918e-01 -3.000000e+00
      vertex   -1.009359e+02 -2.500000e-01 -3.000000e+00
      vertex   -1.468141e+02 -8.620059e-01 -3.000000e+00
    endloop
  endfacet
  facet normal 4.014701e-17 6.185827e-16 -1.000000e+00
    outer loop
      vertex   -1.468141e+02 -8.620059e-01 -3.000000e+00
      vertex   -1.009359e+02 -2.500000e-01 -3.000000e+00
      vertex   -1.458888e+02 -9.220566e-01 -3.000000e+00
    endloop
  endfacet
  facet normal 4.013514e-17 6.193764e-16 -1.000000e+00
    outer loop
      vertex   -1.458888e+02 -9.220566e-01 -3.000000e+00
      vertex   -1.009359e+02 -2.500000e-01 -3.000000e+00
      vertex   -1.449586e+02 -9.823337e-01 -3.000000e+00
    endloop
  endfacet
  facet normal 4.012180e-17 6.201787e-16 -1.000000e+00
    outer loop
      vertex   -1.449586e+02 -9.823337e-01 -3.000000e+00
      vertex   -1.009359e+02 -2.500000e-01 -3.000000e+00
      vertex   -1.440235e+02 -1.042826e+00 -3.000000e+00
    endloop
  endfacet
  facet normal 4.010686e-17 6.209903e-16 -1.000000e+00
    outer loop
      vertex   -1.440235e+02 -1.042826e+00 -3.000000e+00
      vertex   -1.009359e+02 -2.500000e-01 -3.000000e+00
      vertex   -1.430837e+02 -1.103524e+00 -3.000000e+00
    endloop
  endfacet
  facet normal 4.009023e-17 6.218118e-16 -1.000000e+00
    outer loop
      vertex   -1.430837e+02 -1.103524e+00 -3.000000e+00
      vertex   -1.009359e+02 -2.500000e-01 -3.000000e+00
      vertex   -1.421393e+02 -1.164416e+00 -3.000000e+00
    endloop
  endfacet
  facet normal 4.007176e-17 6.226440e-16 -1.000000e+00
    outer loop
      vertex   -1.421393e+02 -1.164416e+00 -3.000000e+00
      vertex   -1.009359e+02 -2.500000e-01 -3.000000e+00
      vertex   -1.411903e+02 -1.225490e+00 -3.000000e+00
    endloop
  endfacet
  facet normal 4.005133e-17 6.234871e-16 -1.000000e+00
    outer loop
      vertex   -1.411903e+02 -1.225490e+00 -3.000000e+00
      vertex   -1.009359e+02 -2.500000e-01 -3.000000e+00
      vertex   -1.402369e+02 -1.286734e+00 -3.000000e+00
    endloop
  endfacet
  facet normal 4.002878e-17 6.243418e-16 -1.000000e+00
    outer loop
      vertex   -1.402369e+02 -1.286734e+00 -3.000000e+00
      vertex   -1.009359e+02 -2.500000e-01 -3.000000e+00
      vertex   -1.392791e+02 -1.348138e+00 -3.000000e+00
    endloop
  endfacet
  facet normal 4.000397e-17 6.252083e-16 -1.000000e+00
    outer loop
      vertex   -1.392791e+02 -1.348138e+00 -3.000000e+00
      vertex   -1.009359e+02 -2.500000e-01 -3.000000e+00
      vertex   -1.383172e+02 -1.409689e+00 -3.000000e+00
    endloop
  endfacet
  facet normal 3.997671e-17 6.260868e-16 -1.000000e+00
    outer loop
      vertex   -1.383172e+02 -1.409689e+00 -3.000000e+00
      vertex   -1.009359e+02 -2.500000e-01 -3.000000e+00
      vertex   -1.373511e+02 -1.471373e+00 -3.000000e+00
    endloop
  endfacet
  facet normal 3.994684e-17 6.269775e-16 -1.000000e+00
    outer loop
      vertex   -1.373511e+02 -1.471373e+00 -3.000000e+00
      vertex   -1.009359e+02 -2.500000e-01 -3.000000e+00
      vertex   -1.363811e+02 -1.533179e+00 -3.000000e+00
    endloop
  endfacet
  facet normal -4.746653e-17 3.041590e-15 -1.000000e+00
    outer loop
      vertex   -1.363811e+02 -1.533179e+00 -3.000000e+00
      vertex   -1.009359e+02 -2.500000e-01 -3.000000e+00
      vertex   -1.008692e+02 -9.789866e-01 -3.000000e+00
    endloop
  endfacet
  facet normal 0.000000e+00 0.000000e+00 -1.000000e+00
    outer loop
      vertex   -1.363811e+02 -1.533179e+00 -3.000000e+00
      vertex   -1.008692e+02 -9.789866e-01 -3.000000e+00
      vertex   -1.354071e+02 -1.595093e+00 -3.000000e+00
    endloop
  endfacet
  facet normal 0.000000e+00 0.000000e+00 -1.000000e+00
    outer loop
      vertex   -1.354071e+02 -1.595093e+00 -3.000000e+00
      vertex   -1.008692e+02 -9.789866e-01 -3.000000e+00
      vertex   -1.344294e+02 -1.657102e+00 -3.000000e+00
    endloop
  endfacet
  facet normal 0.000000e+00 0.000000e+00 -1.000000e+00
    outer loop
      vertex   -1.344294e+02 -1.657102e+00 -3.000000e+00
      vertex   -1.008692e+02 -9.789866e-01 -3.000000e+00
      vertex   -1.334480e+02 -1.719192e+00 -3.000000e+00
    endloop
  endfacet
  facet normal 0.000000e+00 0.000000e+00 -1.000000e+00
    outer loop
      vertex   -1.334480e+02 -1.719192e+00 -3.000000e+00
      vertex   -1.008692e+02 -9.789866e-01 -3.000000e+00
      vertex   -1.324630e+02 -1.781348e+00 -3.000000e+00
    endloop
  endfacet
  facet normal 0.000000e+00 0.000000e+00 -1.000000e+00
    outer loop
      vertex   -1.324630e+02 -1.781348e+00 -3.000000e+00
      vertex   -1.008692e+02 -9.789866e-01 -3.000000e+00
      vertex   -1.314745e+02 -1.843557e+00 -3.000000e+00
    endloop
  endfacet
  facet normal 0.000000e+00 0.000000e+00 -1.000000e+00
    outer loop
      vertex   -1.314745e+02 -1.843557e+00 -3.000000e+00
      vertex   -1.008692e+02 -9.789866e-01 -3.000000e+00
      vertex   -1.304827e+02 -1.905803e+00 -3.000000e+00
    endloop
  endfacet
  facet normal 0.000000e+00 0.000000e+00 -1.000000e+00
    outer loop
      vertex   -1.304827e+02 -1.905803e+00 -3.000000e+00
      vertex   -1.008692e+02 -9.789866e-01 -3.000000e+00
      vertex   -1.294877e+02 -1.968071e+00 -3.000000e+00
    endloop
  endfacet
  facet normal 0.000000e+00 0.000000e+00 -1.000000e+00
    outer loop
      vertex   -1.294877e+02 -1.968071e+00 -3.000000e+00
      vertex   -1.008692e+02 -9.789866e-01 -3.000000e+00
      vertex   -1.284895e+02 -2.030347e+00 -3.000000e+00
    endloop
  endfacet
  facet normal 0.000000e+00 0.000000e+00 -1.000000e+00
    outer loop
      vertex   -1.284895e+02 -2.030347e+00 -3.000000e+00
      vertex   -1.008692e+02 -9.789866e-01 -3.000000e+00
      vertex   -1.007239e+02 -1.696459e+00 -3.000000e+00
    endloop
  endfacet
  facet normal 0.000000e+00 0.000000e+00 -1.000000e+00
    outer loop
      vertex   -1.284895e+02 -2.030347e+00 -3.000000e+00
      vertex   -1.007239e+02 -1.696459e+00 -3.000000e+00
      vertex   -1.274884e+02 -2.092613e+00 -3.000000e+00
    endloop
  endfacet
  facet normal 0.000000e+00 0.000000e+00 -1.000000e+00
    outer loop
      vertex   -1.274884e+02 -2.092613e+00 -3.000000e+00
      vertex   -1.007239e+02 -1.696459e+00 -3.000000e+00
      vertex   -1.264843e+02 -2.154854e+00 -3.000000e+00
    endloop
  endfacet
  facet normal 0.000000e+00 0.000000e+00 -1.000000e+00
    outer loop
      vertex   -1.264843e+02 -2.154854e+00 -3.000000e+00
      vertex   -1.007239e+02 -1.696459e+00 -3.000000e+00
      vertex   -1.254774e+02 -2.217053e+00 -3.000000e+00
    endloop
  endfacet
  facet normal 0.000000e+00 0.000000e+00 -1.000000e+00
    outer loop
      vertex   -1.254774e+02 -2.217053e+00 -3.000000e+00
      vertex   -1.007239e+02 -1.696459e+00 -3.000000e+00
      vertex   -1.244678e+02 -2.279194e+00 -3.000000e+00
    endloop
  endfacet
  facet normal 0.000000e+00 0.000000e+00 -1.000000e+00
    outer loop
      vertex   -1.244678e+02 -2.279194e+00 -3.000000e+00
      vertex   -1.007239e+02 -1.696459e+00 -3.000000e+00
      vertex   -1.234557e+02 -2.341258e+00 -3.000000e+00
    endloop
  endfacet
  facet normal 0.000000e+00 0.000000e+00 -1.000000e+00
    outer loop
      vertex   -1.234557e+02 -2.341258e+00 -3.000000e+00
      vertex   -1.007239e+02 -1.696459e+00 -3.000000e+00
      vertex   -1.224411e+02 -2.403229e+00 -3.000000e+00
    endloop
  endfacet
  facet normal 0.000000e+00 0.000000e+00 -1.000000e+00
    outer loop
      vertex   -1.224411e+02 -2.403229e+00 -3.000000e+00
      vertex   -1.007239e+02 -1.696459e+00 -3.000000e+00
      vertex   -1.214241e+02 -2.465088e+00 -3.000000e+00
    endloop
  endfacet
  facet normal 0.000000e+00 0.000000e+00 -1.000000e+00
    outer loop
      vertex   -1.214241e+02 -2.465088e+00 -3.000000e+00
      vertex   -1.007239e+02 -1.696459e+00 -3.000000e+00
      vertex   -1.204049e+02 -2.526817e+00 -3.000000e+00
    endloop
  endfacet
  facet normal 0.000000e+00 0.000000e+00 -1.000000e+00
    outer loop
      vertex   -1.204049e+02 -2.526817e+00 -3.000000e+00
      vertex   -1.007239e+02 -1.696459e+00 -3.000000e+00
      vertex   -1.193836e+02 -2.588397e+00 -3.000000e+00
    endloop
  endfacet
  facet normal 0.000000e+00 0.000000e+00 -1.000000e+00
    outer loop
      vertex   -1.193836e+02 -2.588397e+00 -3.000000e+00
      vertex   -1.007239e+02 -1.696459e+00 -3.000000e+00
      vertex   -1.005018e+02 -2.393979e+00 -3.000000e+00
    endloop
  endfacet
  facet normal 0.000000e+00 0.000000e+00 -1.000000e+00
    outer loop
      vertex   -1.193836e+02 -2.588397e+00 -3.000000e+00
      vertex   -1.005018e+02 -2.393979e+00 -3.000000e+00
      vertex   -1.183603e+02 -2.649809e+00 -3.000000e+00
    endloop
  endfacet
  facet normal 0.000000e+00 0.000000e+00 -1.000000e+00
    outer loop
      vertex   -1.183603e+02 -2.649809e+00 -3.000000e+00
      vertex   -1.005018e+02 -2.393979e+00 -3.000000e+00
      vertex   -1.173350e+02 -2.711034e+00 -3.000000e+00
    endloop
  endfacet
  facet normal 0.000000e+00 0.000000e+00 -1.000000e+00
    outer loop
      vertex   -1.173350e+02 -2.711034e+00 -3.000000e+00
      vertex   -1.005018e+02 -2.393979e+00 -3.000000e+00
      vertex   -1.163080e+02 -2.772051e+00 -3.000000e+00
    endloop
  endfacet
  facet normal 0.000000e+00 0.000000e+00 -1.000000e+00
    outer loop
      vertex   -1.163080e+02 -2.772051e+00 -3.000000e+00
      vertex   -1.005018e+02 -2.393979e+00 -3.000000e+00
      vertex   -1.152793e+02 -2.832841e+00 -3.000000e+00
    endloop
  endfacet
  facet normal 0.000000e+00 0.000000e+00 -1.000000e+00
    outer loop
      vertex   -1.152793e+02 -2.832841e+00 -3.000000e+00
      vertex   -1.005018e+02 -2.393979e+00 -3.000000e+00
      vertex   -1.142491e+02 -2.893382e+00 -3.000000e+00
    endloop
  endfacet
  facet normal 0.000000e+00 0.000000e+00 -1.000000e+00
    outer loop
      vertex   -1.142491e+02 -2.893382e+00 -3.000000e+00
      vertex   -1.005018e+02 -2.393979e+00 -3.000000e+00
      vertex   -1.132174e+02 -2.953655e+00 -3.000000e+00
    endloop
  endfacet
  facet normal 0.000000e+00 0.000000e+00 -1.000000e+00
    outer loop
      vertex   -1.132174e+02 -2.953655e+00 -3.000000e+00
      vertex   -1.005018e+02 -2.393979e+00 -3.000000e+00
      vertex   -1.121844e+02 -3.013638e+00 -3.000000e+00
    endloop
  endfacet
  facet normal 0.000000e+00 0.000000e+00 -1.000000e+00
    outer loop
      vertex   -1.121844e+02 -3.013638e+00 -3.000000e+00
      vertex   -1.005018e+02 -2.393979e+00 -3.000000e+00
      vertex   -1.111501e+02 -3.073309e+00 -3.000000e+00
    endloop
  endfacet
  facet normal 0.000000e+00 0.000000e+00 -1.000000e+00
    outer loop
      vertex   -1.111501e+02 -3.073309e+00 -3.000000e+00
      vertex   -1.005018e+02 -2.393979e+00 -3.000000e+00
      vertex   -1.002054e+02 -3.063342e+00 -3.000000e+00
    endloop
  endfacet
  facet normal 0.000000e+00 0.000000e+00 -1.000000e+00
    outer loop
      vertex   -1.111501e+02 -3.073309e+00 -3.000000e+00
      vertex   -1.002054e+02 -3.063342e+00 -3.000000e+00
      vertex   -1.101148e+02 -3.132646e+00 -3.000000e+00
    endloop
  endfacet
  facet normal 0.000000e+00 0.000000e+00 -1.000000e+00
    outer loop
      vertex   -1.101148e+02 -3.132646e+00 -3.000000e+00
      vertex   -1.002054e+02 -3.063342e+00 -3.000000e+00
      vertex   -1.090785e+02 -3.191627e+00 -3.000000e+00
    endloop
  endfacet
  facet normal 0.000000e+00 0.000000e+00 -1.000000e+00
    outer loop
      vertex   -1.090785e+02 -3.191627e+00 -3.000000e+00
      vertex   -1.002054e+02 -3.063342e+00 -3.000000e+00
      vertex   -1.080412e+02 -3.250229e+00 -3.000000e+00
    endloop
  endfacet
  facet normal 0.000000e+00 0.000000e+00 -1.000000e+00
    outer loop
      vertex   -1.080412e+02 -3.250229e+00 -3.000000e+00
      vertex   -1.002054e+02 -3.063342e+00 -3.000000e+00
      vertex   -1.070033e+02 -3.308431e+00 -3.000000e+00
    endloop
  endfacet
  facet normal 0.000000e+00 0.000000e+00 -1.000000e+00
    outer loop
      vertex   -1.070033e+02 -3.308431e+00 -3.000000e+00
      vertex   -1.002054e+02 -3.063342e+00 -3.000000e+00
      vertex   -1.059646e+02 -3.366207e+00 -3.000000e+00
    endloop
  endfacet
  facet normal 0.000000e+00 0.000000e+00 -1.000000e+00
    outer loop
      vertex   -1.059646e+02 -3.366207e+00 -3.000000e+00
      vertex   -1.002054e+02 -3.063342e+00 -3.000000e+00
      vertex   -1.049255e+02 -3.423535e+00 -3.000000e+00
    endloop
  endfacet
  facet normal 0.000000e+00 0.000000e+00 -1.000000e+00
    outer loop
      vertex   -1.049255e+02 -3.423535e+00 -3.000000e+00
      vertex   -1.002054e+02 -3.063342e+00 -3.000000e+00
      vertex   -1.038859e+02 -3.480391e+00 -3.000000e+00
    endloop
  endfacet
  facet normal 0.000000e+00 0.000000e+00 -1.000000e+00
    outer loop
      vertex   -1.038859e+02 -3.480391e+00 -3.000000e+00
      vertex   -1.002054e+02 -3.063342e+00 -3.000000e+00
      vertex   -1.028460e+02 -3.536750e+00 -3.000000e+00
    endloop
  endfacet
  facet normal 0.000000e+00 0.000000e+00 -1.000000e+00
    outer loop
      vertex   -1.028460e+02 -3.536750e+00 -3.000000e+00
      vertex   -1.002054e+02 -3.063342e+00 -3.000000e+00
      vertex   -1.018059e+02 -3.592590e+00 -3.000000e+00
    endloop
  endfacet
  facet normal 0.000000e+00 0.000000e+00 -1.000000e+00
    outer loop
      vertex   -1.018059e+02 -3.592590e+00 -3.000000e+00
      vertex   -1.002054e+02 -3.063342e+00 -3.000000e+00
      vertex   -1.007657e+02 -3.647883e+00 -3.000000e+00
    endloop
  endfacet
  facet normal 0.000000e+00 0.000000e+00 -1.000000e+00
    outer loop
      vertex   -1.007657e+02 -3.647883e+00 -3.000000e+00
      vertex   -1.002054e+02 -3.063342e+00 -3.000000e+00
      vertex   -9.983831e+01 -3.696677e+00 -3.000000e+00
    endloop
  endfacet
  facet normal 5.253916e-02 9.986189e-01 -0.000000e+00
    outer loop
      vertex   -9.983831e+01 -3.696677e+00 -1.000000e+02
      vertex   -1.007657e+02 -3.647883e+00 -1.000000e+02
      vertex   -9.983831e+01 -3.696677e+00 -3.000000e+00
    endloop
  endfacet
  facet normal 5.253916e-02 9.986189e-01 -2.287697e-17
    outer loop
      vertex   -9.983831e+01 -3.696677e+00 -3.000000e+00
      vertex   -1.007657e+02 -3.647883e+00 -1.000000e+02
      vertex   -1.007657e+02 -3.647883e+00 -3.000000e+00
    endloop
  endfacet
  facet normal 4.886990e-02 9.988052e-01 -0.000000e+00
    outer loop
      vertex   -9.397228e+01 -3.994040e+00 -1.000000e+02
      vertex   -9.452936e+01 -3.966783e+00 -1.000000e+02
      vertex   -9.397228e+01 -3.994040e+00 -3.000000e+00
    endloop
  endfacet
  facet normal 4.886990e-02 9.988052e-01 2.286189e-17
    outer loop
      vertex   -9.397228e+01 -3.994040e+00 -3.000000e+00
      vertex   -9.452936e+01 -3.966783e+00 -1.000000e+02
      vertex   -9.452936e+01 -3.966783e+00 -3.000000e+00
    endloop
  endfacet
  facet normal 0.000000e+00 1.000000e+00 0.000000e+00
    outer loop
      vertex   -1.561679e+02 -2.500000e-01 -1.000000e+02
      vertex   -1.999833e+02 -2.500000e-01 -1.000000e+02
      vertex   -1.561679e+02 -2.500000e-01 -3.000000e+00
    endloop
  endfacet
  facet normal 4.915690e-18 1.000000e+00 -2.220446e-18
    outer loop
      vertex   -1.561679e+02 -2.500000e-01 -3.000000e+00
      vertex   -1.999833e+02 -2.500000e-01 -1.000000e+02
      vertex   -1.999833e+02 -2.500000e-01 0.000000e+00
    endloop
  endfacet
  facet normal 2.181172e-18 1.000000e+00 -4.215851e-17
    outer loop
      vertex   -1.561679e+02 -2.500000e-01 -3.000000e+00
      vertex   -1.999833e+02 -2.500000e-01 0.000000e+00
      vertex   -9.818274e+01 -2.500000e-01 0.000000e+00
    endloop
  endfacet
  facet normal 0.000000e+00 1.000000e+00 0.000000e+00
    outer loop
      vertex   -1.561679e+02 -2.500000e-01 -3.000000e+00
      vertex   -9.818274e+01 -2.500000e-01 0.000000e+00
      vertex   -1.009359e+02 -2.500000e-01 -3.000000e+00
    endloop
  endfacet
  facet normal -0.000000e+00 1.000000e+00 0.000000e+00
    outer loop
      vertex   -1.009359e+02 -2.500000e-01 -3.000000e+00
      vertex   -9.818274e+01 -2.500000e-01 0.000000e+00
      vertex   -9.818274e+01 -2.500000e-01 -1.000000e+02
    endloop
  endfacet
  facet normal 0.000000e+00 1.000000e+00 0.000000e+00
    outer loop
      vertex   -1.009359e+02 -2.500000e-01 -3.000000e+00
      vertex   -9.818274e+01 -2.500000e-01 -1.000000e+02
      vertex   -1.009359e+02 -2.500000e-01 -1.000000e+02
    endloop
  endfacet
  facet normal 1.736482e-01 9.848078e-01 -8.200172e-16
    outer loop
      vertex   -8.759108e+01 -1.417523e+00 0.000000e+00
      vertex   -4.967210e+01 -8.103662e+00 0.000000e+00
      vertex   -8.759108e+01 -1.417523e+00 -8.000000e-01
    endloop
  endfacet
  facet normal 1.736482e-01 9.848078e-01 0.000000e+00
    outer loop
      vertex   -8.759108e+01 -1.417523e+00 -8.000000e-01
      vertex   -4.967210e+01 -8.103662e+00 0.000000e+00
      vertex   -4.967210e+01 -8.103662e+00 -8.000000e-01
    endloop
  endfacet
  facet normal -1.736482e-01 -9.848078e-01 2.050043e-15
    outer loop
      vertex   -8.750425e+01 -9.251191e-01 -8.000000e-01
      vertex   -5.007769e+01 -7.524433e+00 -8.000000e-01
      vertex   -8.750425e+01 -9.251191e-01 0.000000e+00
    endloop
  endfacet
  facet normal -1.736482e-01 -9.848078e-01 0.000000e+00
    outer loop
      vertex   -8.750425e+01 -9.251191e-01 0.000000e+00
      vertex   -5.007769e+01 -7.524433e+00 -8.000000e-01
      vertex   -5.007769e+01 -7.524433e+00 0.000000e+00
    endloop
  endfacet
  facet normal 8.715574e-02 9.961947e-01 1.244248e-15
    outer loop
      vertex   -8.749265e+01 -8.369463e-01 0.000000e+00
      vertex   -4.963333e+01 -4.149207e+00 0.000000e+00
      vertex   -8.749265e+01 -8.369463e-01 -8.000000e-01
    endloop
  endfacet
  facet normal 8.715574e-02 9.961947e-01 4.674140e-16
    outer loop
      vertex   -8.749265e+01 -8.369463e-01 -8.000000e-01
      vertex   -4.963333e+01 -4.149207e+00 0.000000e+00
      vertex   -4.963333e+01 -4.149207e+00 -8.000000e-01
    endloop
  endfacet
  facet normal -8.715574e-02 -9.961947e-01 1.313373e-15
    outer loop
      vertex   -8.744907e+01 -3.388490e-01 -8.000000e-01
      vertex   -4.958975e+01 -3.651110e+00 -8.000000e-01
      vertex   -8.744907e+01 -3.388490e-01 0.000000e+00
    endloop
  endfacet
  facet normal -8.715574e-02 -9.961947e-01 4.674140e-16
    outer loop
      vertex   -8.744907e+01 -3.388490e-01 0.000000e+00
      vertex   -4.958975e+01 -3.651110e+00 -8.000000e-01
      vertex   -4.958975e+01 -3.651110e+00 0.000000e+00
    endloop
  endfacet
  facet normal 0.000000e+00 1.000000e+00 0.000000e+00
    outer loop
      vertex   -9.019838e+01 -2.500000e-01 -1.000000e+02
      vertex   -9.019838e+01 -2.500000e-01 0.000000e+00
      vertex   -8.744519e+01 -2.500000e-01 -3.000000e+00
    endloop
  endfacet
  facet normal -5.447995e-18 1.000000e+00 -4.999787e-18
    outer loop
      vertex   -8.744519e+01 -2.500000e-01 -3.000000e+00
      vertex   -9.019838e+01 -2.500000e-01 0.000000e+00
      vertex   -4.944126e+01 -2.500000e-01 0.000000e+00
    endloop
  endfacet
  facet normal -5.842674e-18 1.000000e+00 0.000000e+00
    outer loop
      vertex   -8.744519e+01 -2.500000e-01 -3.000000e+00
      vertex   -4.944126e+01 -2.500000e-01 0.000000e+00
      vertex   -4.944126e+01 -2.500000e-01 -8.000000e-01
    endloop
  endfacet
  facet normal 0.000000e+00 1.000000e+00 -1.009294e-16
    outer loop
      vertex   -4.944126e+01 -2.500000e-01 -8.000000e-01
      vertex   -4.894125e+01 -2.500000e-01 -8.000000e-01
      vertex   -8.744519e+01 -2.500000e-01 -3.000000e+00
    endloop
  endfacet
  facet normal -1.321100e-17 1.000000e+00 1.302869e-16
    outer loop
      vertex   -8.744519e+01 -2.500000e-01 -3.000000e+00
      vertex   -4.894125e+01 -2.500000e-01 -8.000000e-01
      vertex   -3.407447e+00 -2.500000e-01 -3.000000e+00
    endloop
  endfacet
  facet normal -1.950591e-17 1.000000e+00 0.000000e+00
    outer loop
      vertex   -3.407447e+00 -2.500000e-01 -3.000000e+00
      vertex   -4.894125e+01 -2.500000e-01 -8.000000e-01
      vertex   -4.894125e+01 -2.500000e-01 0.000000e+00
    endloop
  endfacet
  facet normal 0.000000e+00 1.000000e+00 2.960595e-16
    outer loop
      vertex   -3.407447e+00 -2.500000e-01 -3.000000e+00
      vertex   -4.894125e+01 -2.500000e-01 0.000000e+00
      vertex   -3.647370e-02 -2.500000e-01 0.000000e+00
    endloop
  endfacet
  facet normal 2.654544e-16 1.000000e+00 -2.220446e-18
    outer loop
      vertex   -3.647370e-02 -2.500000e-01 0.000000e+00
      vertex   -3.647370e-02 -2.500000e-01 -1.000000e+02
      vertex   -3.407447e+00 -2.500000e-01 -3.000000e+00
    endloop
  endfacet
  facet normal 0.000000e+00 1.000000e+00 -1.144560e-17
    outer loop
      vertex   -3.407447e+00 -2.500000e-01 -3.000000e+00
      vertex   -3.647370e-02 -2.500000e-01 -1.000000e+02
      vertex   -3.407447e+00 -2.500000e-01 -1.000000e+02
    endloop
  endfacet
  facet normal 0.000000e+00 1.000000e+00 0.000000e+00
    outer loop
      vertex   -8.744519e+01 -2.500000e-01 -3.000000e+00
      vertex   -8.744519e+01 -2.500000e-01 -1.000000e+02
      vertex   -9.019838e+01 -2.500000e-01 -1.000000e+02
    endloop
  endfacet
  facet normal 9.980432e-01 -6.252864e-02 8.243712e-17
    outer loop
      vertex   -8.744907e+01 -3.388490e-01 -8.000000e-01
      vertex   -8.744907e+01 -3.388490e-01 0.000000e+00
      vertex   -8.745949e+01 -5.052233e-01 -8.000000e-01
    endloop
  endfacet
  facet normal 9.980432e-01 -6.252864e-02 2.603278e-17
    outer loop
      vertex   -8.745949e+01 -5.052233e-01 -8.000000e-01
      vertex   -8.744907e+01 -3.388490e-01 0.000000e+00
      vertex   -8.745949e+01 -5.052233e-01 0.000000e+00
    endloop
  endfacet
  facet normal 9.961947e-01 -8.715574e-02 3.628587e-17
    outer loop
      vertex   -8.745949e+01 -5.052233e-01 -8.000000e-01
      vertex   -8.745949e+01 -5.052233e-01 0.000000e+00
      vertex   -8.747402e+01 -6.712895e-01 -8.000000e-01
    endloop
  endfacet
  facet normal 9.961947e-01 -8.715574e-02 -3.628587e-17
    outer loop
      vertex   -8.747402e+01 -6.712895e-01 -8.000000e-01
      vertex   -8.745949e+01 -5.052233e-01 0.000000e+00
      vertex   -8.747402e+01 -6.712895e-01 0.000000e+00
    endloop
  endfacet
  facet normal 9.937386e-01 -1.117297e-01 -4.651683e-17
    outer loop
      vertex   -8.747402e+01 -6.712895e-01 -8.000000e-01
      vertex   -8.747402e+01 -6.712895e-01 0.000000e+00
      vertex   -8.749265e+01 -8.369463e-01 -8.000000e-01
    endloop
  endfacet
  facet normal 9.937386e-01 -1.117297e-01 -1.395505e-16
    outer loop
      vertex   -8.749265e+01 -8.369463e-01 -8.000000e-01
      vertex   -8.747402e+01 -6.712895e-01 0.000000e+00
      vertex   -8.749265e+01 -8.369463e-01 0.000000e+00
    endloop
  endfacet
  facet normal 9.887956e-01 -1.492759e-01 3.107429e-16
    outer loop
      vertex   -8.750425e+01 -9.251191e-01 -8.000000e-01
      vertex   -8.750425e+01 -9.251191e-01 0.000000e+00
      vertex   -8.752914e+01 -1.089952e+00 -8.000000e-01
    endloop
  endfacet
  facet normal 9.887956e-01 -1.492759e-01 2.071619e-16
    outer loop
      vertex   -8.752914e+01 -1.089952e+00 -8.000000e-01
      vertex   -8.750425e+01 -9.251191e-01 0.000000e+00
      vertex   -8.752914e+01 -1.089952e+00 0.000000e+00
    endloop
  endfacet
  facet normal 9.848078e-01 -1.736482e-01 2.409853e-16
    outer loop
      vertex   -8.752914e+01 -1.089952e+00 -8.000000e-01
      vertex   -8.752914e+01 -1.089952e+00 0.000000e+00
      vertex   -8.755809e+01 -1.254120e+00 -8.000000e-01
    endloop
  endfacet
  facet normal 9.848078e-01 -1.736482e-01 1.927882e-16
    outer loop
      vertex   -8.755809e+01 -1.254120e+00 -8.000000e-01
      vertex   -8.752914e+01 -1.089952e+00 0.000000e+00
      vertex   -8.755809e+01 -1.254120e+00 0.000000e+00
    endloop
  endfacet
  facet normal 9.802193e-01 -1.979146e-01 2.197293e-16
    outer loop
      vertex   -8.755809e+01 -1.254120e+00 -8.000000e-01
      vertex   -8.755809e+01 -1.254120e+00 0.000000e+00
      vertex   -8.759108e+01 -1.417523e+00 -8.000000e-01
    endloop
  endfacet
  facet normal 9.802193e-01 -1.979146e-01 1.647970e-16
    outer loop
      vertex   -8.759108e+01 -1.417523e+00 -8.000000e-01
      vertex   -8.755809e+01 -1.254120e+00 0.000000e+00
      vertex   -8.759108e+01 -1.417523e+00 0.000000e+00
    endloop
  endfacet
  facet normal 0.000000e+00 0.000000e+00 1.000000e+00
    outer loop
      vertex   -9.479941e+01 -3.953391e+00 -3.000000e+00
      vertex   -9.452486e+01 -3.986006e+00 -3.000000e+00
      vertex   -9.452936e+01 -3.966783e+00 -3.000000e+00
    endloop
  endfacet
  facet normal 0.000000e+00 0.000000e+00 1.000000e+00
    outer loop
      vertex   -9.452936e+01 -3.966783e+00 -3.000000e+00
      vertex   -9.452486e+01 -3.986006e+00 -3.000000e+00
      vertex   -9.397228e+01 -3.994040e+00 -3.000000e+00
    endloop
  endfacet
  facet normal 0.000000e+00 0.000000e+00 1.000000e+00
    outer loop
      vertex   -9.397228e+01 -3.994040e+00 -3.000000e+00
      vertex   -9.452486e+01 -3.986006e+00 -3.000000e+00
      vertex   -9.424871e+01 -3.999577e+00 -3.000000e+00
    endloop
  endfacet
  facet normal 0.000000e+00 0.000000e+00 1.000000e+00
    outer loop
      vertex   -4.799113e+01 -4.702766e+00 -8.000000e-01
      vertex   -4.685948e+01 -4.702766e+00 -8.000000e-01
      vertex   -4.799113e+01 -4.332370e+00 -8.000000e-01
    endloop
  endfacet
  facet normal -0.000000e+00 0.000000e+00 1.000000e+00
    outer loop
      vertex   -4.799113e+01 -4.332370e+00 -8.000000e-01
      vertex   -4.685948e+01 -4.702766e+00 -8.000000e-01
      vertex   -4.685948e+01 -4.332370e+00 -8.000000e-01
    endloop
  endfacet
  facet normal -0.000000e+00 1.000000e+00 0.000000e+00
    outer loop
      vertex   -4.799113e+01 -4.702766e+00 0.000000e+00
      vertex   -4.685948e+01 -4.702766e+00 0.000000e+00
      vertex   -4.799113e+01 -4.702766e+00 -8.000000e-01
    endloop
  endfacet
  facet normal 0.000000e+00 1.000000e+00 0.000000e+00
    outer loop
      vertex   -4.799113e+01 -4.702766e+00 -8.000000e-01
      vertex   -4.685948e+01 -4.702766e+00 0.000000e+00
      vertex   -4.685948e+01 -4.702766e+00 -8.000000e-01
    endloop
  endfacet
  facet normal 1.000000e+00 0.000000e+00 0.000000e+00
    outer loop
      vertex   -4.799113e+01 -4.332370e+00 0.000000e+00
      vertex   -4.799113e+01 -4.702766e+00 0.000000e+00
      vertex   -4.799113e+01 -4.332370e+00 -8.000000e-01
    endloop
  endfacet
  facet normal 1.000000e+00 0.000000e+00 0.000000e+00
    outer loop
      vertex   -4.799113e+01 -4.332370e+00 -8.000000e-01
      vertex   -4.799113e+01 -4.702766e+00 0.000000e+00
      vertex   -4.799113e+01 -4.702766e+00 -8.000000e-01
    endloop
  endfacet
  facet normal -0.000000e+00 -1.000000e+00 -0.000000e+00
    outer loop
      vertex   -4.685948e+01 -4.332370e+00 0.000000e+00
      vertex   -4.799113e+01 -4.332370e+00 0.000000e+00
      vertex   -4.685948e+01 -4.332370e+00 -8.000000e-01
    endloop
  endfacet
  facet normal 0.000000e+00 -1.000000e+00 0.000000e+00
    outer loop
      vertex   -4.685948e+01 -4.332370e+00 -8.000000e-01
      vertex   -4.799113e+01 -4.332370e+00 0.000000e+00
      vertex   -4.799113e+01 -4.332370e+00 -8.000000e-01
    endloop
  endfacet
  facet normal -1.000000e+00 0.000000e+00 0.000000e+00
    outer loop
      vertex   -4.685948e+01 -4.702766e+00 0.000000e+00
      vertex   -4.685948e+01 -4.332370e+00 0.000000e+00
      vertex   -4.685948e+01 -4.702766e+00 -8.000000e-01
    endloop
  endfacet
  facet normal -1.000000e+00 0.000000e+00 0.000000e+00
    outer loop
      vertex   -4.685948e+01 -4.702766e+00 -8.000000e-01
      vertex   -4.685948e+01 -4.332370e+00 0.000000e+00
      vertex   -4.685948e+01 -4.332370e+00 -8.000000e-01
    endloop
  endfacet
  facet normal -0.000000e+00 0.000000e+00 1.000000e+00
    outer loop
      vertex   -4.599959e+01 -4.817363e+00 -8.000000e-01
      vertex   -4.596625e+01 -4.989315e+00 -8.000000e-01
      vertex   -4.561282e+01 -4.784621e+00 -8.000000e-01
    endloop
  endfacet
  facet normal 0.000000e+00 0.000000e+00 1.000000e+00
    outer loop
      vertex   -4.561282e+01 -4.784621e+00 -8.000000e-01
      vertex   -4.596625e+01 -4.989315e+00 -8.000000e-01
      vertex   -4.594279e+01 -5.071944e+00 -8.000000e-01
    endloop
  endfacet
  facet normal 0.000000e+00 0.000000e+00 1.000000e+00
    outer loop
      vertex   -4.561282e+01 -4.784621e+00 -8.000000e-01
      vertex   -4.594279e+01 -5.071944e+00 -8.000000e-01
      vertex   -4.558763e+01 -4.902808e+00 -8.000000e-01
    endloop
  endfacet
  facet normal 0.000000e+00 0.000000e+00 1.000000e+00
    outer loop
      vertex   -4.558763e+01 -4.902808e+00 -8.000000e-01
      vertex   -4.594279e+01 -5.071944e+00 -8.000000e-01
      vertex   -4.591119e+01 -5.150557e+00 -8.000000e-01
    endloop
  endfacet
  facet normal 0.000000e+00 0.000000e+00 1.000000e+00
    outer loop
      vertex   -4.558763e+01 -4.902808e+00 -8.000000e-01
      vertex   -4.591119e+01 -5.150557e+00 -8.000000e-01
      vertex   -4.586938e+01 -5.224143e+00 -8.000000e-01
    endloop
  endfacet
  facet normal 0.000000e+00 0.000000e+00 1.000000e+00
    outer loop
      vertex   -4.558763e+01 -4.902808e+00 -8.000000e-01
      vertex   -4.586938e+01 -5.224143e+00 -8.000000e-01
      vertex   -4.557105e+01 -4.959960e+00 -8.000000e-01
    endloop
  endfacet
  facet normal 0.000000e+00 0.000000e+00 1.000000e+00
    outer loop
      vertex   -4.557105e+01 -4.959960e+00 -8.000000e-01
      vertex   -4.586938e+01 -5.224143e+00 -8.000000e-01
      vertex   -4.581899e+01 -5.293494e+00 -8.000000e-01
    endloop
  endfacet
  facet normal 0.000000e+00 0.000000e+00 1.000000e+00
    outer loop
      vertex   -4.557105e+01 -4.959960e+00 -8.000000e-01
      vertex   -4.581899e+01 -5.293494e+00 -8.000000e-01
      vertex   -4.554970e+01 -5.014784e+00 -8.000000e-01
    endloop
  endfacet
  facet normal 0.000000e+00 0.000000e+00 1.000000e+00
    outer loop
      vertex   -4.554970e+01 -5.014784e+00 -8.000000e-01
      vertex   -4.581899e+01 -5.293494e+00 -8.000000e-01
      vertex   -4.570389e+01 -5.425139e+00 -8.000000e-01
    endloop
  endfacet
  facet normal 0.000000e+00 0.000000e+00 1.000000e+00
    outer loop
      vertex   -4.554970e+01 -5.014784e+00 -8.000000e-01
      vertex   -4.570389e+01 -5.425139e+00 -8.000000e-01
      vertex   -4.552214e+01 -5.066590e+00 -8.000000e-01
    endloop
  endfacet
  facet normal 0.000000e+00 0.000000e+00 1.000000e+00
    outer loop
      vertex   -4.552214e+01 -5.066590e+00 -8.000000e-01
      vertex   -4.570389e+01 -5.425139e+00 -8.000000e-01
      vertex   -4.548899e+01 -5.115665e+00 -8.000000e-01
    endloop
  endfacet
  facet normal 0.000000e+00 0.000000e+00 1.000000e+00
    outer loop
      vertex   -4.548899e+01 -5.115665e+00 -8.000000e-01
      vertex   -4.570389e+01 -5.425139e+00 -8.000000e-01
      vertex   -4.555226e+01 -5.526119e+00 -8.000000e-01
    endloop
  endfacet
  facet normal 0.000000e+00 0.000000e+00 1.000000e+00
    outer loop
      vertex   -4.548899e+01 -5.115665e+00 -8.000000e-01
      vertex   -4.555226e+01 -5.526119e+00 -8.000000e-01
      vertex   -4.541330e+01 -5.209246e+00 -8.000000e-01
    endloop
  endfacet
  facet normal 0.000000e+00 0.000000e+00 1.000000e+00
    outer loop
      vertex   -4.541330e+01 -5.209246e+00 -8.000000e-01
      vertex   -4.555226e+01 -5.526119e+00 -8.000000e-01
      vertex   -4.547373e+01 -5.568897e+00 -8.000000e-01
    endloop
  endfacet
  facet normal 0.000000e+00 0.000000e+00 1.000000e+00
    outer loop
      vertex   -4.541330e+01 -5.209246e+00 -8.000000e-01
      vertex   -4.547373e+01 -5.568897e+00 -8.000000e-01
      vertex   -4.532844e+01 -5.269928e+00 -8.000000e-01
    endloop
  endfacet
  facet normal 1.131839e-15 -5.500284e-16 1.000000e+00
    outer loop
      vertex   -4.532844e+01 -5.269928e+00 -8.000000e-01
      vertex   -4.547373e+01 -5.568897e+00 -8.000000e-01
      vertex   -4.539193e+01 -5.602426e+00 -8.000000e-01
    endloop
  endfacet
  facet normal -1.771762e-16 -3.000721e-16 1.000000e+00
    outer loop
      vertex   -4.532844e+01 -5.269928e+00 -8.000000e-01
      vertex   -4.539193e+01 -5.602426e+00 -8.000000e-01
      vertex   -4.528438e+01 -5.295948e+00 -8.000000e-01
    endloop
  endfacet
  facet normal -1.274661e-15 8.509015e-17 1.000000e+00
    outer loop
      vertex   -4.528438e+01 -5.295948e+00 -8.000000e-01
      vertex   -4.539193e+01 -5.602426e+00 -8.000000e-01
      vertex   -4.530636e+01 -5.625242e+00 -8.000000e-01
    endloop
  endfacet
  facet normal 2.340954e-15 -1.562706e-16 1.000000e+00
    outer loop
      vertex   -4.528438e+01 -5.295948e+00 -8.000000e-01
      vertex   -4.530636e+01 -5.625242e+00 -8.000000e-01
      vertex   -4.523834e+01 -5.316782e+00 -8.000000e-01
    endloop
  endfacet
  facet normal 5.643779e-17 3.474798e-16 1.000000e+00
    outer loop
      vertex   -4.523834e+01 -5.316782e+00 -8.000000e-01
      vertex   -4.530636e+01 -5.625242e+00 -8.000000e-01
      vertex   -4.521781e+01 -5.639625e+00 -8.000000e-01
    endloop
  endfacet
  facet normal -2.232615e-15 2.018832e-16 1.000000e+00
    outer loop
      vertex   -4.523834e+01 -5.316782e+00 -8.000000e-01
      vertex   -4.521781e+01 -5.639625e+00 -8.000000e-01
      vertex   -4.518993e+01 -5.331359e+00 -8.000000e-01
    endloop
  endfacet
  facet normal 0.000000e+00 0.000000e+00 1.000000e+00
    outer loop
      vertex   -4.518993e+01 -5.331359e+00 -8.000000e-01
      vertex   -4.521781e+01 -5.639625e+00 -8.000000e-01
      vertex   -4.513960e+01 -5.340874e+00 -8.000000e-01
    endloop
  endfacet
  facet normal 0.000000e+00 0.000000e+00 1.000000e+00
    outer loop
      vertex   -4.513960e+01 -5.340874e+00 -8.000000e-01
      vertex   -4.521781e+01 -5.639625e+00 -8.000000e-01
      vertex   -4.503574e+01 -5.654335e+00 -8.000000e-01
    endloop
  endfacet
  facet normal 0.000000e+00 0.000000e+00 1.000000e+00
    outer loop
      vertex   -4.513960e+01 -5.340874e+00 -8.000000e-01
      vertex   -4.503574e+01 -5.654335e+00 -8.000000e-01
      vertex   -4.503574e+01 -5.351470e+00 -8.000000e-01
    endloop
  endfacet
  facet normal -0.000000e+00 0.000000e+00 1.000000e+00
    outer loop
      vertex   -4.503574e+01 -5.351470e+00 -8.000000e-01
      vertex   -4.503574e+01 -5.654335e+00 -8.000000e-01
      vertex   -4.490807e+01 -5.335409e+00 -8.000000e-01
    endloop
  endfacet
  facet normal 0.000000e+00 0.000000e+00 1.000000e+00
    outer loop
      vertex   -4.490807e+01 -5.335409e+00 -8.000000e-01
      vertex   -4.503574e+01 -5.654335e+00 -8.000000e-01
      vertex   -4.480838e+01 -5.628151e+00 -8.000000e-01
    endloop
  endfacet
  facet normal -0.000000e+00 0.000000e+00 1.000000e+00
    outer loop
      vertex   -4.490807e+01 -5.335409e+00 -8.000000e-01
      vertex   -4.480838e+01 -5.628151e+00 -8.000000e-01
      vertex   -4.484683e+01 -5.321542e+00 -8.000000e-01
    endloop
  endfacet
  facet normal -0.000000e+00 0.000000e+00 1.000000e+00
    outer loop
      vertex   -4.484683e+01 -5.321542e+00 -8.000000e-01
      vertex   -4.480838e+01 -5.628151e+00 -8.000000e-01
      vertex   -4.478869e+01 -5.300671e+00 -8.000000e-01
    endloop
  endfacet
  facet normal 0.000000e+00 0.000000e+00 1.000000e+00
    outer loop
      vertex   -4.478869e+01 -5.300671e+00 -8.000000e-01
      vertex   -4.480838e+01 -5.628151e+00 -8.000000e-01
      vertex   -4.469981e+01 -5.604165e+00 -8.000000e-01
    endloop
  endfacet
  facet normal -0.000000e+00 0.000000e+00 1.000000e+00
    outer loop
      vertex   -4.478869e+01 -5.300671e+00 -8.000000e-01
      vertex   -4.469981e+01 -5.604165e+00 -8.000000e-01
      vertex   -4.473432e+01 -5.271298e+00 -8.000000e-01
    endloop
  endfacet
  facet normal 1.044484e-15 1.083066e-16 1.000000e+00
    outer loop
      vertex   -4.473432e+01 -5.271298e+00 -8.000000e-01
      vertex   -4.469981e+01 -5.604165e+00 -8.000000e-01
      vertex   -4.459736e+01 -5.567104e+00 -8.000000e-01
    endloop
  endfacet
  facet normal 1.999790e-16 -2.827254e-16 1.000000e+00
    outer loop
      vertex   -4.473432e+01 -5.271298e+00 -8.000000e-01
      vertex   -4.459736e+01 -5.567104e+00 -8.000000e-01
      vertex   -4.468302e+01 -5.235013e+00 -8.000000e-01
    endloop
  endfacet
  facet normal -8.582107e-16 -5.557040e-16 1.000000e+00
    outer loop
      vertex   -4.468302e+01 -5.235013e+00 -8.000000e-01
      vertex   -4.459736e+01 -5.567104e+00 -8.000000e-01
      vertex   -4.450254e+01 -5.513752e+00 -8.000000e-01
    endloop
  endfacet
  facet normal -0.000000e+00 0.000000e+00 1.000000e+00
    outer loop
      vertex   -4.468302e+01 -5.235013e+00 -8.000000e-01
      vertex   -4.450254e+01 -5.513752e+00 -8.000000e-01
      vertex   -4.458554e+01 -5.150924e+00 -8.000000e-01
    endloop
  endfacet
  facet normal 0.000000e+00 0.000000e+00 1.000000e+00
    outer loop
      vertex   -4.458554e+01 -5.150924e+00 -8.000000e-01
      vertex   -4.450254e+01 -5.513752e+00 -8.000000e-01
      vertex   -4.441410e+01 -5.446768e+00 -8.000000e-01
    endloop
  endfacet
  facet normal -0.000000e+00 0.000000e+00 1.000000e+00
    outer loop
      vertex   -4.458554e+01 -5.150924e+00 -8.000000e-01
      vertex   -4.441410e+01 -5.446768e+00 -8.000000e-01
      vertex   -4.450378e+01 -5.030693e+00 -8.000000e-01
    endloop
  endfacet
  facet normal 0.000000e+00 0.000000e+00 1.000000e+00
    outer loop
      vertex   -4.450378e+01 -5.030693e+00 -8.000000e-01
      vertex   -4.441410e+01 -5.446768e+00 -8.000000e-01
      vertex   -4.424788e+01 -5.290078e+00 -8.000000e-01
    endloop
  endfacet
  facet normal -0.000000e+00 0.000000e+00 1.000000e+00
    outer loop
      vertex   -4.450378e+01 -5.030693e+00 -8.000000e-01
      vertex   -4.424788e+01 -5.290078e+00 -8.000000e-01
      vertex   -4.446925e+01 -4.968307e+00 -8.000000e-01
    endloop
  endfacet
  facet normal -0.000000e+00 0.000000e+00 1.000000e+00
    outer loop
      vertex   -4.446925e+01 -4.968307e+00 -8.000000e-01
      vertex   -4.424788e+01 -5.290078e+00 -8.000000e-01
      vertex   -4.444232e+01 -4.903197e+00 -8.000000e-01
    endloop
  endfacet
  facet normal 0.000000e+00 0.000000e+00 1.000000e+00
    outer loop
      vertex   -4.444232e+01 -4.903197e+00 -8.000000e-01
      vertex   -4.424788e+01 -5.290078e+00 -8.000000e-01
      vertex   -4.414597e+01 -5.128600e+00 -8.000000e-01
    endloop
  endfacet
  facet normal -0.000000e+00 0.000000e+00 1.000000e+00
    outer loop
      vertex   -4.444232e+01 -4.903197e+00 -8.000000e-01
      vertex   -4.414597e+01 -5.128600e+00 -8.000000e-01
      vertex   -4.442411e+01 -4.834966e+00 -8.000000e-01
    endloop
  endfacet
  facet normal 0.000000e+00 0.000000e+00 1.000000e+00
    outer loop
      vertex   -4.442411e+01 -4.834966e+00 -8.000000e-01
      vertex   -4.414597e+01 -5.128600e+00 -8.000000e-01
      vertex   -4.410237e+01 -5.045353e+00 -8.000000e-01
    endloop
  endfacet
  facet normal -0.000000e+00 0.000000e+00 1.000000e+00
    outer loop
      vertex   -4.442411e+01 -4.834966e+00 -8.000000e-01
      vertex   -4.410237e+01 -5.045353e+00 -8.000000e-01
      vertex   -4.441274e+01 -4.764290e+00 -8.000000e-01
    endloop
  endfacet
  facet normal 0.000000e+00 0.000000e+00 1.000000e+00
    outer loop
      vertex   -4.441274e+01 -4.764290e+00 -8.000000e-01
      vertex   -4.410237e+01 -5.045353e+00 -8.000000e-01
      vertex   -4.406760e+01 -4.959096e+00 -8.000000e-01
    endloop
  endfacet
  facet normal 0.000000e+00 0.000000e+00 1.000000e+00
    outer loop
      vertex   -4.441274e+01 -4.764290e+00 -8.000000e-01
      vertex   -4.406760e+01 -4.959096e+00 -8.000000e-01
      vertex   -4.404341e+01 -4.869234e+00 -8.000000e-01
    endloop
  endfacet
  facet normal 0.000000e+00 -0.000000e+00 1.000000e+00
    outer loop
      vertex   -4.404341e+01 -4.869234e+00 -8.000000e-01
      vertex   -4.402772e+01 -4.776474e+00 -8.000000e-01
      vertex   -4.441274e+01 -4.764290e+00 -8.000000e-01
    endloop
  endfacet
  facet normal -0.000000e+00 0.000000e+00 1.000000e+00
    outer loop
      vertex   -4.441274e+01 -4.764290e+00 -8.000000e-01
      vertex   -4.402772e+01 -4.776474e+00 -8.000000e-01
      vertex   -4.440136e+01 -4.618864e+00 -8.000000e-01
    endloop
  endfacet
  facet normal -0.000000e+00 0.000000e+00 1.000000e+00
    outer loop
      vertex   -4.440136e+01 -4.618864e+00 -8.000000e-01
      vertex   -4.402772e+01 -4.776474e+00 -8.000000e-01
      vertex   -4.401050e+01 -4.586122e+00 -8.000000e-01
    endloop
  endfacet
  facet normal 0.000000e+00 0.000000e+00 1.000000e+00
    outer loop
      vertex   -4.440136e+01 -4.618864e+00 -8.000000e-01
      vertex   -4.401050e+01 -4.586122e+00 -8.000000e-01
      vertex   -4.402914e+01 -4.391929e+00 -8.000000e-01
    endloop
  endfacet
  facet normal 0.000000e+00 -0.000000e+00 1.000000e+00
    outer loop
      vertex   -4.440136e+01 -4.618864e+00 -8.000000e-01
      vertex   -4.402914e+01 -4.391929e+00 -8.000000e-01
      vertex   -4.441199e+01 -4.482115e+00 -8.000000e-01
    endloop
  endfacet
  facet normal 0.000000e+00 0.000000e+00 1.000000e+00
    outer loop
      vertex   -4.441199e+01 -4.482115e+00 -8.000000e-01
      vertex   -4.402914e+01 -4.391929e+00 -8.000000e-01
      vertex   -4.404661e+01 -4.298040e+00 -8.000000e-01
    endloop
  endfacet
  facet normal 0.000000e+00 -0.000000e+00 1.000000e+00
    outer loop
      vertex   -4.441199e+01 -4.482115e+00 -8.000000e-01
      vertex   -4.404661e+01 -4.298040e+00 -8.000000e-01
      vertex   -4.442280e+01 -4.415774e+00 -8.000000e-01
    endloop
  endfacet
  facet normal -3.524949e-16 1.126303e-15 1.000000e+00
    outer loop
      vertex   -4.442280e+01 -4.415774e+00 -8.000000e-01
      vertex   -4.404661e+01 -4.298040e+00 -8.000000e-01
      vertex   -4.407387e+01 -4.207999e+00 -8.000000e-01
    endloop
  endfacet
  facet normal 8.571365e-16 -9.050955e-16 1.000000e+00
    outer loop
      vertex   -4.442280e+01 -4.415774e+00 -8.000000e-01
      vertex   -4.407387e+01 -4.207999e+00 -8.000000e-01
      vertex   -4.411342e+01 -4.122791e+00 -8.000000e-01
    endloop
  endfacet
  facet normal 0.000000e+00 -0.000000e+00 1.000000e+00
    outer loop
      vertex   -4.442280e+01 -4.415774e+00 -8.000000e-01
      vertex   -4.411342e+01 -4.122791e+00 -8.000000e-01
      vertex   -4.444021e+01 -4.351871e+00 -8.000000e-01
    endloop
  endfacet
  facet normal 0.000000e+00 0.000000e+00 1.000000e+00
    outer loop
      vertex   -4.444021e+01 -4.351871e+00 -8.000000e-01
      vertex   -4.411342e+01 -4.122791e+00 -8.000000e-01
      vertex   -4.416338e+01 -4.041674e+00 -8.000000e-01
    endloop
  endfacet
  facet normal 0.000000e+00 -0.000000e+00 1.000000e+00
    outer loop
      vertex   -4.444021e+01 -4.351871e+00 -8.000000e-01
      vertex   -4.416338e+01 -4.041674e+00 -8.000000e-01
      vertex   -4.446607e+01 -4.291095e+00 -8.000000e-01
    endloop
  endfacet
  facet normal 0.000000e+00 0.000000e+00 1.000000e+00
    outer loop
      vertex   -4.446607e+01 -4.291095e+00 -8.000000e-01
      vertex   -4.416338e+01 -4.041674e+00 -8.000000e-01
      vertex   -4.428063e+01 -3.886258e+00 -8.000000e-01
    endloop
  endfacet
  facet normal 0.000000e+00 -0.000000e+00 1.000000e+00
    outer loop
      vertex   -4.446607e+01 -4.291095e+00 -8.000000e-01
      vertex   -4.428063e+01 -3.886258e+00 -8.000000e-01
      vertex   -4.449937e+01 -4.233066e+00 -8.000000e-01
    endloop
  endfacet
  facet normal 0.000000e+00 0.000000e+00 1.000000e+00
    outer loop
      vertex   -4.449937e+01 -4.233066e+00 -8.000000e-01
      vertex   -4.428063e+01 -3.886258e+00 -8.000000e-01
      vertex   -4.442680e+01 -3.770707e+00 -8.000000e-01
    endloop
  endfacet
  facet normal 0.000000e+00 -0.000000e+00 1.000000e+00
    outer loop
      vertex   -4.449937e+01 -4.233066e+00 -8.000000e-01
      vertex   -4.442680e+01 -3.770707e+00 -8.000000e-01
      vertex   -4.457838e+01 -4.121592e+00 -8.000000e-01
    endloop
  endfacet
  facet normal 0.000000e+00 0.000000e+00 1.000000e+00
    outer loop
      vertex   -4.457838e+01 -4.121592e+00 -8.000000e-01
      vertex   -4.442680e+01 -3.770707e+00 -8.000000e-01
      vertex   -4.450325e+01 -3.721070e+00 -8.000000e-01
    endloop
  endfacet
  facet normal 0.000000e+00 -0.000000e+00 1.000000e+00
    outer loop
      vertex   -4.457838e+01 -4.121592e+00 -8.000000e-01
      vertex   -4.450325e+01 -3.721070e+00 -8.000000e-01
      vertex   -4.468070e+01 -4.042288e+00 -8.000000e-01
    endloop
  endfacet
  facet normal 0.000000e+00 0.000000e+00 1.000000e+00
    outer loop
      vertex   -4.468070e+01 -4.042288e+00 -8.000000e-01
      vertex   -4.450325e+01 -3.721070e+00 -8.000000e-01
      vertex   -4.458371e+01 -3.681199e+00 -8.000000e-01
    endloop
  endfacet
  facet normal 0.000000e+00 0.000000e+00 1.000000e+00
    outer loop
      vertex   -4.468070e+01 -4.042288e+00 -8.000000e-01
      vertex   -4.458371e+01 -3.681199e+00 -8.000000e-01
      vertex   -4.466907e+01 -3.653182e+00 -8.000000e-01
    endloop
  endfacet
  facet normal 0.000000e+00 0.000000e+00 1.000000e+00
    outer loop
      vertex   -4.475839e+01 -3.634799e+00 -8.000000e-01
      vertex   -4.479061e+01 -3.981878e+00 -8.000000e-01
      vertex   -4.466907e+01 -3.653182e+00 -8.000000e-01
    endloop
  endfacet
  facet normal 0.000000e+00 0.000000e+00 1.000000e+00
    outer loop
      vertex   -4.466907e+01 -3.653182e+00 -8.000000e-01
      vertex   -4.479061e+01 -3.981878e+00 -8.000000e-01
      vertex   -4.473424e+01 -4.008541e+00 -8.000000e-01
    endloop
  endfacet
  facet normal 0.000000e+00 0.000000e+00 1.000000e+00
    outer loop
      vertex   -4.466907e+01 -3.653182e+00 -8.000000e-01
      vertex   -4.473424e+01 -4.008541e+00 -8.000000e-01
      vertex   -4.468070e+01 -4.042288e+00 -8.000000e-01
    endloop
  endfacet
  facet normal 0.000000e+00 -0.000000e+00 1.000000e+00
    outer loop
      vertex   -4.479061e+01 -3.981878e+00 -8.000000e-01
      vertex   -4.475839e+01 -3.634799e+00 -8.000000e-01
      vertex   -4.485033e+01 -3.963550e+00 -8.000000e-01
    endloop
  endfacet
  facet normal 0.000000e+00 -0.000000e+00 1.000000e+00
    outer loop
      vertex   -4.485033e+01 -3.963550e+00 -8.000000e-01
      vertex   -4.475839e+01 -3.634799e+00 -8.000000e-01
      vertex   -4.494366e+01 -3.614089e+00 -8.000000e-01
    endloop
  endfacet
  facet normal 0.000000e+00 0.000000e+00 1.000000e+00
    outer loop
      vertex   -4.485033e+01 -3.963550e+00 -8.000000e-01
      vertex   -4.494366e+01 -3.614089e+00 -8.000000e-01
      vertex   -4.491270e+01 -3.951843e+00 -8.000000e-01
    endloop
  endfacet
  facet normal 0.000000e+00 0.000000e+00 1.000000e+00
    outer loop
      vertex   -4.491270e+01 -3.951843e+00 -8.000000e-01
      vertex   -4.494366e+01 -3.614089e+00 -8.000000e-01
      vertex   -4.504188e+01 -3.939464e+00 -8.000000e-01
    endloop
  endfacet
  facet normal 0.000000e+00 -0.000000e+00 1.000000e+00
    outer loop
      vertex   -4.504188e+01 -3.939464e+00 -8.000000e-01
      vertex   -4.494366e+01 -3.614089e+00 -8.000000e-01
      vertex   -4.509545e+01 -3.630346e+00 -8.000000e-01
    endloop
  endfacet
  facet normal 0.000000e+00 0.000000e+00 1.000000e+00
    outer loop
      vertex   -4.504188e+01 -3.939464e+00 -8.000000e-01
      vertex   -4.509545e+01 -3.630346e+00 -8.000000e-01
      vertex   -4.512587e+01 -3.945278e+00 -8.000000e-01
    endloop
  endfacet
  facet normal 0.000000e+00 -0.000000e+00 1.000000e+00
    outer loop
      vertex   -4.512587e+01 -3.945278e+00 -8.000000e-01
      vertex   -4.509545e+01 -3.630346e+00 -8.000000e-01
      vertex   -4.516959e+01 -3.643837e+00 -8.000000e-01
    endloop
  endfacet
  facet normal 0.000000e+00 0.000000e+00 1.000000e+00
    outer loop
      vertex   -4.512587e+01 -3.945278e+00 -8.000000e-01
      vertex   -4.516959e+01 -3.643837e+00 -8.000000e-01
      vertex   -4.520788e+01 -3.958827e+00 -8.000000e-01
    endloop
  endfacet
  facet normal 0.000000e+00 -0.000000e+00 1.000000e+00
    outer loop
      vertex   -4.520788e+01 -3.958827e+00 -8.000000e-01
      vertex   -4.516959e+01 -3.643837e+00 -8.000000e-01
      vertex   -4.524163e+01 -3.663760e+00 -8.000000e-01
    endloop
  endfacet
  facet normal 0.000000e+00 0.000000e+00 1.000000e+00
    outer loop
      vertex   -4.520788e+01 -3.958827e+00 -8.000000e-01
      vertex   -4.524163e+01 -3.663760e+00 -8.000000e-01
      vertex   -4.528655e+01 -3.985530e+00 -8.000000e-01
    endloop
  endfacet
  facet normal 0.000000e+00 -0.000000e+00 1.000000e+00
    outer loop
      vertex   -4.528655e+01 -3.985530e+00 -8.000000e-01
      vertex   -4.524163e+01 -3.663760e+00 -8.000000e-01
      vertex   -4.537872e+01 -3.724945e+00 -8.000000e-01
    endloop
  endfacet
  facet normal 0.000000e+00 0.000000e+00 1.000000e+00
    outer loop
      vertex   -4.528655e+01 -3.985530e+00 -8.000000e-01
      vertex   -4.537872e+01 -3.724945e+00 -8.000000e-01
      vertex   -4.536316e+01 -4.020296e+00 -8.000000e-01
    endloop
  endfacet
  facet normal 0.000000e+00 0.000000e+00 1.000000e+00
    outer loop
      vertex   -4.536316e+01 -4.020296e+00 -8.000000e-01
      vertex   -4.537872e+01 -3.724945e+00 -8.000000e-01
      vertex   -4.551050e+01 -3.802357e+00 -8.000000e-01
    endloop
  endfacet
  facet normal 0.000000e+00 0.000000e+00 1.000000e+00
    outer loop
      vertex   -4.536316e+01 -4.020296e+00 -8.000000e-01
      vertex   -4.551050e+01 -3.802357e+00 -8.000000e-01
      vertex   -4.542845e+01 -4.063118e+00 -8.000000e-01
    endloop
  endfacet
  facet normal 0.000000e+00 0.000000e+00 1.000000e+00
    outer loop
      vertex   -4.542845e+01 -4.063118e+00 -8.000000e-01
      vertex   -4.551050e+01 -3.802357e+00 -8.000000e-01
      vertex   -4.548888e+01 -4.111113e+00 -8.000000e-01
    endloop
  endfacet
  facet normal 0.000000e+00 0.000000e+00 1.000000e+00
    outer loop
      vertex   -4.548888e+01 -4.111113e+00 -8.000000e-01
      vertex   -4.551050e+01 -3.802357e+00 -8.000000e-01
      vertex   -4.554109e+01 -4.167893e+00 -8.000000e-01
    endloop
  endfacet
  facet normal 0.000000e+00 -0.000000e+00 1.000000e+00
    outer loop
      vertex   -4.554109e+01 -4.167893e+00 -8.000000e-01
      vertex   -4.551050e+01 -3.802357e+00 -8.000000e-01
      vertex   -4.558827e+01 -4.230051e+00 -8.000000e-01
    endloop
  endfacet
  facet normal 0.000000e+00 -0.000000e+00 1.000000e+00
    outer loop
      vertex   -4.558827e+01 -4.230051e+00 -8.000000e-01
      vertex   -4.551050e+01 -3.802357e+00 -8.000000e-01
      vertex   -4.593411e+01 -4.185030e+00 -8.000000e-01
    endloop
  endfacet
  facet normal 0.000000e+00 0.000000e+00 1.000000e+00
    outer loop
      vertex   -4.593411e+01 -4.185030e+00 -8.000000e-01
      vertex   -4.551050e+01 -3.802357e+00 -8.000000e-01
      vertex   -4.564352e+01 -2.644103e+00 -8.000000e-01
    endloop
  endfacet
  facet normal 0.000000e+00 0.000000e+00 1.000000e+00
    outer loop
      vertex   -4.564352e+01 -2.644103e+00 -8.000000e-01
      vertex   -4.551050e+01 -3.802357e+00 -8.000000e-01
      vertex   -4.534884e+01 -2.996081e+00 -8.000000e-01
    endloop
  endfacet
  facet normal -0.000000e+00 0.000000e+00 1.000000e+00
    outer loop
      vertex   -4.564352e+01 -2.644103e+00 -8.000000e-01
      vertex   -4.534884e+01 -2.996081e+00 -8.000000e-01
      vertex   -4.415170e+01 -2.644103e+00 -8.000000e-01
    endloop
  endfacet
  facet normal 0.000000e+00 0.000000e+00 1.000000e+00
    outer loop
      vertex   -4.415170e+01 -2.644103e+00 -8.000000e-01
      vertex   -4.534884e+01 -2.996081e+00 -8.000000e-01
      vertex   -4.415170e+01 -2.996081e+00 -8.000000e-01
    endloop
  endfacet
  facet normal 9.817170e-01 1.903465e-01 0.000000e+00
    outer loop
      vertex   -4.599959e+01 -4.817363e+00 0.000000e+00
      vertex   -4.596625e+01 -4.989315e+00 0.000000e+00
      vertex   -4.599959e+01 -4.817363e+00 -8.000000e-01
    endloop
  endfacet
  facet normal 9.817170e-01 1.903465e-01 0.000000e+00
    outer loop
      vertex   -4.599959e+01 -4.817363e+00 -8.000000e-01
      vertex   -4.596625e+01 -4.989315e+00 0.000000e+00
      vertex   -4.596625e+01 -4.989315e+00 -8.000000e-01
    endloop
  endfacet
  facet normal 9.619821e-01 2.731127e-01 -0.000000e+00
    outer loop
      vertex   -4.596625e+01 -4.989315e+00 -8.000000e-01
      vertex   -4.596625e+01 -4.989315e+00 0.000000e+00
      vertex   -4.594279e+01 -5.071944e+00 0.000000e+00
    endloop
  endfacet
  facet normal 9.619821e-01 2.731127e-01 0.000000e+00
    outer loop
      vertex   -4.596625e+01 -4.989315e+00 -8.000000e-01
      vertex   -4.594279e+01 -5.071944e+00 0.000000e+00
      vertex   -4.594279e+01 -5.071944e+00 -8.000000e-01
    endloop
  endfacet
  facet normal 9.278223e-01 3.730226e-01 -0.000000e+00
    outer loop
      vertex   -4.594279e+01 -5.071944e+00 -8.000000e-01
      vertex   -4.594279e+01 -5.071944e+00 0.000000e+00
      vertex   -4.591119e+01 -5.150557e+00 0.000000e+00
    endloop
  endfacet
  facet normal 9.278223e-01 3.730226e-01 0.000000e+00
    outer loop
      vertex   -4.594279e+01 -5.071944e+00 -8.000000e-01
      vertex   -4.591119e+01 -5.150557e+00 0.000000e+00
      vertex   -4.591119e+01 -5.150557e+00 -8.000000e-01
    endloop
  endfacet
  facet normal 8.694898e-01 4.939510e-01 -0.000000e+00
    outer loop
      vertex   -4.591119e+01 -5.150557e+00 -8.000000e-01
      vertex   -4.591119e+01 -5.150557e+00 0.000000e+00
      vertex   -4.586938e+01 -5.224143e+00 0.000000e+00
    endloop
  endfacet
  facet normal 8.694898e-01 4.939510e-01 0.000000e+00
    outer loop
      vertex   -4.591119e+01 -5.150557e+00 -8.000000e-01
      vertex   -4.586938e+01 -5.224143e+00 0.000000e+00
      vertex   -4.586938e+01 -5.224143e+00 -8.000000e-01
    endloop
  endfacet
  facet normal 8.089852e-01 5.878291e-01 -0.000000e+00
    outer loop
      vertex   -4.586938e+01 -5.224143e+00 -8.000000e-01
      vertex   -4.586938e+01 -5.224143e+00 0.000000e+00
      vertex   -4.581899e+01 -5.293494e+00 0.000000e+00
    endloop
  endfacet
  facet normal 8.089852e-01 5.878291e-01 0.000000e+00
    outer loop
      vertex   -4.586938e+01 -5.224143e+00 -8.000000e-01
      vertex   -4.581899e+01 -5.293494e+00 0.000000e+00
      vertex   -4.581899e+01 -5.293494e+00 -8.000000e-01
    endloop
  endfacet
  facet normal 7.528245e-01 6.582213e-01 -0.000000e+00
    outer loop
      vertex   -4.581899e+01 -5.293494e+00 -8.000000e-01
      vertex   -4.581899e+01 -5.293494e+00 0.000000e+00
      vertex   -4.570389e+01 -5.425139e+00 0.000000e+00
    endloop
  endfacet
  facet normal 7.528245e-01 6.582213e-01 0.000000e+00
    outer loop
      vertex   -4.581899e+01 -5.293494e+00 -8.000000e-01
      vertex   -4.570389e+01 -5.425139e+00 0.000000e+00
      vertex   -4.570389e+01 -5.425139e+00 -8.000000e-01
    endloop
  endfacet
  facet normal 8.435476e-02 -9.964358e-01 0.000000e+00
    outer loop
      vertex   -4.561282e+01 -4.784621e+00 0.000000e+00
      vertex   -4.599959e+01 -4.817363e+00 0.000000e+00
      vertex   -4.561282e+01 -4.784621e+00 -8.000000e-01
    endloop
  endfacet
  facet normal 8.435476e-02 -9.964358e-01 0.000000e+00
    outer loop
      vertex   -4.561282e+01 -4.784621e+00 -8.000000e-01
      vertex   -4.599959e+01 -4.817363e+00 0.000000e+00
      vertex   -4.599959e+01 -4.817363e+00 -8.000000e-01
    endloop
  endfacet
  facet normal -7.775292e-01 -6.288468e-01 -0.000000e+00
    outer loop
      vertex   -4.541330e+01 -5.209246e+00 0.000000e+00
      vertex   -4.548899e+01 -5.115665e+00 0.000000e+00
      vertex   -4.541330e+01 -5.209246e+00 -8.000000e-01
    endloop
  endfacet
  facet normal -7.775292e-01 -6.288468e-01 0.000000e+00
    outer loop
      vertex   -4.541330e+01 -5.209246e+00 -8.000000e-01
      vertex   -4.548899e+01 -5.115665e+00 0.000000e+00
      vertex   -4.548899e+01 -5.115665e+00 -8.000000e-01
    endloop
  endfacet
  facet normal -8.286077e-01 -5.598296e-01 0.000000e+00
    outer loop
      vertex   -4.548899e+01 -5.115665e+00 -8.000000e-01
      vertex   -4.548899e+01 -5.115665e+00 0.000000e+00
      vertex   -4.552214e+01 -5.066590e+00 0.000000e+00
    endloop
  endfacet
  facet normal -8.286077e-01 -5.598296e-01 0.000000e+00
    outer loop
      vertex   -4.548899e+01 -5.115665e+00 -8.000000e-01
      vertex   -4.552214e+01 -5.066590e+00 0.000000e+00
      vertex   -4.552214e+01 -5.066590e+00 -8.000000e-01
    endloop
  endfacet
  facet normal -8.829054e-01 -4.695510e-01 0.000000e+00
    outer loop
      vertex   -4.552214e+01 -5.066590e+00 -8.000000e-01
      vertex   -4.552214e+01 -5.066590e+00 0.000000e+00
      vertex   -4.554970e+01 -5.014784e+00 0.000000e+00
    endloop
  endfacet
  facet normal -8.829054e-01 -4.695510e-01 0.000000e+00
    outer loop
      vertex   -4.552214e+01 -5.066590e+00 -8.000000e-01
      vertex   -4.554970e+01 -5.014784e+00 0.000000e+00
      vertex   -4.554970e+01 -5.014784e+00 -8.000000e-01
    endloop
  endfacet
  facet normal -9.317924e-01 -3.629916e-01 0.000000e+00
    outer loop
      vertex   -4.554970e+01 -5.014784e+00 -8.000000e-01
      vertex   -4.554970e+01 -5.014784e+00 0.000000e+00
      vertex   -4.557105e+01 -4.959960e+00 0.000000e+00
    endloop
  endfacet
  facet normal -9.317924e-01 -3.629916e-01 0.000000e+00
    outer loop
      vertex   -4.554970e+01 -5.014784e+00 -8.000000e-01
      vertex   -4.557105e+01 -4.959960e+00 0.000000e+00
      vertex   -4.557105e+01 -4.959960e+00 -8.000000e-01
    endloop
  endfacet
  facet normal -9.604100e-01 -2.785906e-01 0.000000e+00
    outer loop
      vertex   -4.557105e+01 -4.959960e+00 -8.000000e-01
      vertex   -4.557105e+01 -4.959960e+00 0.000000e+00
      vertex   -4.558763e+01 -4.902808e+00 0.000000e+00
    endloop
  endfacet
  facet normal -9.604100e-01 -2.785906e-01 0.000000e+00
    outer loop
      vertex   -4.557105e+01 -4.959960e+00 -8.000000e-01
      vertex   -4.558763e+01 -4.902808e+00 0.000000e+00
      vertex   -4.558763e+01 -4.902808e+00 -8.000000e-01
    endloop
  endfacet
  facet normal -9.780279e-01 -2.084740e-01 0.000000e+00
    outer loop
      vertex   -4.558763e+01 -4.902808e+00 -8.000000e-01
      vertex   -4.558763e+01 -4.902808e+00 0.000000e+00
      vertex   -4.561282e+01 -4.784621e+00 0.000000e+00
    endloop
  endfacet
  facet normal -9.780279e-01 -2.084740e-01 0.000000e+00
    outer loop
      vertex   -4.558763e+01 -4.902808e+00 -8.000000e-01
      vertex   -4.561282e+01 -4.784621e+00 0.000000e+00
      vertex   -4.561282e+01 -4.784621e+00 -8.000000e-01
    endloop
  endfacet
  facet normal -1.014937e-01 -9.948362e-01 -0.000000e+00
    outer loop
      vertex   -4.503574e+01 -5.351470e+00 0.000000e+00
      vertex   -4.513960e+01 -5.340874e+00 0.000000e+00
      vertex   -4.503574e+01 -5.351470e+00 -8.000000e-01
    endloop
  endfacet
  facet normal -1.014937e-01 -9.948362e-01 0.000000e+00
    outer loop
      vertex   -4.503574e+01 -5.351470e+00 -8.000000e-01
      vertex   -4.513960e+01 -5.340874e+00 0.000000e+00
      vertex   -4.513960e+01 -5.340874e+00 -8.000000e-01
    endloop
  endfacet
  facet normal -1.857700e-01 -9.825932e-01 0.000000e+00
    outer loop
      vertex   -4.513960e+01 -5.340874e+00 -8.000000e-01
      vertex   -4.513960e+01 -5.340874e+00 0.000000e+00
      vertex   -4.518993e+01 -5.331359e+00 0.000000e+00
    endloop
  endfacet
  facet normal -1.857700e-01 -9.825932e-01 0.000000e+00
    outer loop
      vertex   -4.513960e+01 -5.340874e+00 -8.000000e-01
      vertex   -4.518993e+01 -5.331359e+00 0.000000e+00
      vertex   -4.518993e+01 -5.331359e+00 -8.000000e-01
    endloop
  endfacet
  facet normal -2.883179e-01 -9.575347e-01 0.000000e+00
    outer loop
      vertex   -4.518993e+01 -5.331359e+00 -8.000000e-01
      vertex   -4.518993e+01 -5.331359e+00 0.000000e+00
      vertex   -4.523834e+01 -5.316782e+00 0.000000e+00
    endloop
  endfacet
  facet normal -2.883179e-01 -9.575347e-01 0.000000e+00
    outer loop
      vertex   -4.518993e+01 -5.331359e+00 -8.000000e-01
      vertex   -4.523834e+01 -5.316782e+00 0.000000e+00
      vertex   -4.523834e+01 -5.316782e+00 -8.000000e-01
    endloop
  endfacet
  facet normal -4.123098e-01 -9.110437e-01 0.000000e+00
    outer loop
      vertex   -4.523834e+01 -5.316782e+00 -8.000000e-01
      vertex   -4.523834e+01 -5.316782e+00 0.000000e+00
      vertex   -4.528438e+01 -5.295948e+00 0.000000e+00
    endloop
  endfacet
  facet normal -4.123098e-01 -9.110437e-01 0.000000e+00
    outer loop
      vertex   -4.523834e+01 -5.316782e+00 -8.000000e-01
      vertex   -4.528438e+01 -5.295948e+00 0.000000e+00
      vertex   -4.528438e+01 -5.295948e+00 -8.000000e-01
    endloop
  endfacet
  facet normal -5.084334e-01 -8.611013e-01 0.000000e+00
    outer loop
      vertex   -4.528438e+01 -5.295948e+00 -8.000000e-01
      vertex   -4.528438e+01 -5.295948e+00 0.000000e+00
      vertex   -4.532844e+01 -5.269928e+00 0.000000e+00
    endloop
  endfacet
  facet normal -5.084334e-01 -8.611013e-01 0.000000e+00
    outer loop
      vertex   -4.528438e+01 -5.295948e+00 -8.000000e-01
      vertex   -4.532844e+01 -5.269928e+00 0.000000e+00
      vertex   -4.532844e+01 -5.269928e+00 -8.000000e-01
    endloop
  endfacet
  facet normal -5.816829e-01 -8.134156e-01 0.000000e+00
    outer loop
      vertex   -4.532844e+01 -5.269928e+00 -8.000000e-01
      vertex   -4.532844e+01 -5.269928e+00 0.000000e+00
      vertex   -4.541330e+01 -5.209246e+00 0.000000e+00
    endloop
  endfacet
  facet normal -5.816829e-01 -8.134156e-01 0.000000e+00
    outer loop
      vertex   -4.532844e+01 -5.269928e+00 -8.000000e-01
      vertex   -4.541330e+01 -5.209246e+00 0.000000e+00
      vertex   -4.541330e+01 -5.209246e+00 -8.000000e-01
    endloop
  endfacet
  facet normal 6.531619e-01 -7.572183e-01 0.000000e+00
    outer loop
      vertex   -4.458554e+01 -5.150924e+00 0.000000e+00
      vertex   -4.468302e+01 -5.235013e+00 0.000000e+00
      vertex   -4.458554e+01 -5.150924e+00 -8.000000e-01
    endloop
  endfacet
  facet normal 6.531619e-01 -7.572183e-01 0.000000e+00
    outer loop
      vertex   -4.458554e+01 -5.150924e+00 -8.000000e-01
      vertex   -4.468302e+01 -5.235013e+00 0.000000e+00
      vertex   -4.468302e+01 -5.235013e+00 -8.000000e-01
    endloop
  endfacet
  facet normal 5.774696e-01 -8.164122e-01 0.000000e+00
    outer loop
      vertex   -4.468302e+01 -5.235013e+00 -8.000000e-01
      vertex   -4.468302e+01 -5.235013e+00 0.000000e+00
      vertex   -4.473432e+01 -5.271298e+00 0.000000e+00
    endloop
  endfacet
  facet normal 5.774696e-01 -8.164122e-01 0.000000e+00
    outer loop
      vertex   -4.468302e+01 -5.235013e+00 -8.000000e-01
      vertex   -4.473432e+01 -5.271298e+00 0.000000e+00
      vertex   -4.473432e+01 -5.271298e+00 -8.000000e-01
    endloop
  endfacet
  facet normal 4.753455e-01 -8.797992e-01 0.000000e+00
    outer loop
      vertex   -4.473432e+01 -5.271298e+00 -8.000000e-01
      vertex   -4.473432e+01 -5.271298e+00 0.000000e+00
      vertex   -4.478869e+01 -5.300671e+00 0.000000e+00
    endloop
  endfacet
  facet normal 4.753455e-01 -8.797992e-01 0.000000e+00
    outer loop
      vertex   -4.473432e+01 -5.271298e+00 -8.000000e-01
      vertex   -4.478869e+01 -5.300671e+00 0.000000e+00
      vertex   -4.478869e+01 -5.300671e+00 -8.000000e-01
    endloop
  endfacet
  facet normal 3.378732e-01 -9.411916e-01 0.000000e+00
    outer loop
      vertex   -4.478869e+01 -5.300671e+00 -8.000000e-01
      vertex   -4.478869e+01 -5.300671e+00 0.000000e+00
      vertex   -4.484683e+01 -5.321542e+00 0.000000e+00
    endloop
  endfacet
  facet normal 3.378732e-01 -9.411916e-01 0.000000e+00
    outer loop
      vertex   -4.478869e+01 -5.300671e+00 -8.000000e-01
      vertex   -4.484683e+01 -5.321542e+00 0.000000e+00
      vertex   -4.484683e+01 -5.321542e+00 -8.000000e-01
    endloop
  endfacet
  facet normal 2.208244e-01 -9.753136e-01 0.000000e+00
    outer loop
      vertex   -4.484683e+01 -5.321542e+00 -8.000000e-01
      vertex   -4.484683e+01 -5.321542e+00 0.000000e+00
      vertex   -4.490807e+01 -5.335409e+00 0.000000e+00
    endloop
  endfacet
  facet normal 2.208244e-01 -9.753136e-01 0.000000e+00
    outer loop
      vertex   -4.484683e+01 -5.321542e+00 -8.000000e-01
      vertex   -4.490807e+01 -5.335409e+00 0.000000e+00
      vertex   -4.490807e+01 -5.335409e+00 -8.000000e-01
    endloop
  endfacet
  facet normal 1.248144e-01 -9.921801e-01 0.000000e+00
    outer loop
      vertex   -4.490807e+01 -5.335409e+00 -8.000000e-01
      vertex   -4.490807e+01 -5.335409e+00 0.000000e+00
      vertex   -4.503574e+01 -5.351470e+00 0.000000e+00
    endloop
  endfacet
  facet normal 1.248144e-01 -9.921801e-01 0.000000e+00
    outer loop
      vertex   -4.490807e+01 -5.335409e+00 -8.000000e-01
      vertex   -4.503574e+01 -5.351470e+00 0.000000e+00
      vertex   -4.503574e+01 -5.351470e+00 -8.000000e-01
    endloop
  endfacet
  facet normal 9.969563e-01 -7.796276e-02 0.000000e+00
    outer loop
      vertex   -4.440136e+01 -4.618864e+00 0.000000e+00
      vertex   -4.441274e+01 -4.764290e+00 0.000000e+00
      vertex   -4.440136e+01 -4.618864e+00 -8.000000e-01
    endloop
  endfacet
  facet normal 9.969563e-01 -7.796276e-02 0.000000e+00
    outer loop
      vertex   -4.440136e+01 -4.618864e+00 -8.000000e-01
      vertex   -4.441274e+01 -4.764290e+00 0.000000e+00
      vertex   -4.441274e+01 -4.764290e+00 -8.000000e-01
    endloop
  endfacet
  facet normal 9.872899e-01 -1.589298e-01 0.000000e+00
    outer loop
      vertex   -4.441274e+01 -4.764290e+00 -8.000000e-01
      vertex   -4.441274e+01 -4.764290e+00 0.000000e+00
      vertex   -4.442411e+01 -4.834966e+00 0.000000e+00
    endloop
  endfacet
  facet normal 9.872899e-01 -1.589298e-01 0.000000e+00
    outer loop
      vertex   -4.441274e+01 -4.764290e+00 -8.000000e-01
      vertex   -4.442411e+01 -4.834966e+00 0.000000e+00
      vertex   -4.442411e+01 -4.834966e+00 -8.000000e-01
    endloop
  endfacet
  facet normal 9.661956e-01 -2.578103e-01 0.000000e+00
    outer loop
      vertex   -4.442411e+01 -4.834966e+00 -8.000000e-01
      vertex   -4.442411e+01 -4.834966e+00 0.000000e+00
      vertex   -4.444232e+01 -4.903197e+00 0.000000e+00
    endloop
  endfacet
  facet normal 9.661956e-01 -2.578103e-01 0.000000e+00
    outer loop
      vertex   -4.442411e+01 -4.834966e+00 -8.000000e-01
      vertex   -4.444232e+01 -4.903197e+00 0.000000e+00
      vertex   -4.444232e+01 -4.903197e+00 -8.000000e-01
    endloop
  endfacet
  facet normal 9.240904e-01 -3.821740e-01 0.000000e+00
    outer loop
      vertex   -4.444232e+01 -4.903197e+00 -8.000000e-01
      vertex   -4.444232e+01 -4.903197e+00 0.000000e+00
      vertex   -4.446925e+01 -4.968307e+00 0.000000e+00
    endloop
  endfacet
  facet normal 9.240904e-01 -3.821740e-01 0.000000e+00
    outer loop
      vertex   -4.444232e+01 -4.903197e+00 -8.000000e-01
      vertex   -4.446925e+01 -4.968307e+00 0.000000e+00
      vertex   -4.446925e+01 -4.968307e+00 -8.000000e-01
    endloop
  endfacet
  facet normal 8.749052e-01 -4.842943e-01 0.000000e+00
    outer loop
      vertex   -4.446925e+01 -4.968307e+00 -8.000000e-01
      vertex   -4.446925e+01 -4.968307e+00 0.000000e+00
      vertex   -4.450378e+01 -5.030693e+00 0.000000e+00
    endloop
  endfacet
  facet normal 8.749052e-01 -4.842943e-01 0.000000e+00
    outer loop
      vertex   -4.446925e+01 -4.968307e+00 -8.000000e-01
      vertex   -4.450378e+01 -5.030693e+00 0.000000e+00
      vertex   -4.450378e+01 -5.030693e+00 -8.000000e-01
    endloop
  endfacet
  facet normal 8.269228e-01 -5.623154e-01 0.000000e+00
    outer loop
      vertex   -4.450378e+01 -5.030693e+00 -8.000000e-01
      vertex   -4.450378e+01 -5.030693e+00 0.000000e+00
      vertex   -4.458554e+01 -5.150924e+00 0.000000e+00
    endloop
  endfacet
  facet normal 8.269228e-01 -5.623154e-01 0.000000e+00
    outer loop
      vertex   -4.450378e+01 -5.030693e+00 -8.000000e-01
      vertex   -4.458554e+01 -5.150924e+00 0.000000e+00
      vertex   -4.458554e+01 -5.150924e+00 -8.000000e-01
    endloop
  endfacet
  facet normal 8.158775e-01 5.782248e-01 0.000000e+00
    outer loop
      vertex   -4.457838e+01 -4.121592e+00 0.000000e+00
      vertex   -4.449937e+01 -4.233066e+00 0.000000e+00
      vertex   -4.457838e+01 -4.121592e+00 -8.000000e-01
    endloop
  endfacet
  facet normal 8.158775e-01 5.782248e-01 0.000000e+00
    outer loop
      vertex   -4.457838e+01 -4.121592e+00 -8.000000e-01
      vertex   -4.449937e+01 -4.233066e+00 0.000000e+00
      vertex   -4.449937e+01 -4.233066e+00 -8.000000e-01
    endloop
  endfacet
  facet normal 8.673429e-01 4.977110e-01 -0.000000e+00
    outer loop
      vertex   -4.449937e+01 -4.233066e+00 -8.000000e-01
      vertex   -4.449937e+01 -4.233066e+00 0.000000e+00
      vertex   -4.446607e+01 -4.291095e+00 0.000000e+00
    endloop
  endfacet
  facet normal 8.673429e-01 4.977110e-01 0.000000e+00
    outer loop
      vertex   -4.449937e+01 -4.233066e+00 -8.000000e-01
      vertex   -4.446607e+01 -4.291095e+00 0.000000e+00
      vertex   -4.446607e+01 -4.291095e+00 -8.000000e-01
    endloop
  endfacet
  facet normal 9.201275e-01 3.916189e-01 -0.000000e+00
    outer loop
      vertex   -4.446607e+01 -4.291095e+00 -8.000000e-01
      vertex   -4.446607e+01 -4.291095e+00 0.000000e+00
      vertex   -4.444021e+01 -4.351871e+00 0.000000e+00
    endloop
  endfacet
  facet normal 9.201275e-01 3.916189e-01 0.000000e+00
    outer loop
      vertex   -4.446607e+01 -4.291095e+00 -8.000000e-01
      vertex   -4.444021e+01 -4.351871e+00 0.000000e+00
      vertex   -4.444021e+01 -4.351871e+00 -8.000000e-01
    endloop
  endfacet
  facet normal 9.648319e-01 2.628677e-01 -0.000000e+00
    outer loop
      vertex   -4.444021e+01 -4.351871e+00 -8.000000e-01
      vertex   -4.444021e+01 -4.351871e+00 0.000000e+00
      vertex   -4.442280e+01 -4.415774e+00 0.000000e+00
    endloop
  endfacet
  facet normal 9.648319e-01 2.628677e-01 0.000000e+00
    outer loop
      vertex   -4.444021e+01 -4.351871e+00 -8.000000e-01
      vertex   -4.442280e+01 -4.415774e+00 0.000000e+00
      vertex   -4.442280e+01 -4.415774e+00 -8.000000e-01
    endloop
  endfacet
  facet normal 9.869816e-01 1.608333e-01 -0.000000e+00
    outer loop
      vertex   -4.442280e+01 -4.415774e+00 -8.000000e-01
      vertex   -4.442280e+01 -4.415774e+00 0.000000e+00
      vertex   -4.441199e+01 -4.482115e+00 0.000000e+00
    endloop
  endfacet
  facet normal 9.869816e-01 1.608333e-01 0.000000e+00
    outer loop
      vertex   -4.442280e+01 -4.415774e+00 -8.000000e-01
      vertex   -4.441199e+01 -4.482115e+00 0.000000e+00
      vertex   -4.441199e+01 -4.482115e+00 -8.000000e-01
    endloop
  endfacet
  facet normal 9.969967e-01 7.744406e-02 -0.000000e+00
    outer loop
      vertex   -4.441199e+01 -4.482115e+00 -8.000000e-01
      vertex   -4.441199e+01 -4.482115e+00 0.000000e+00
      vertex   -4.440136e+01 -4.618864e+00 0.000000e+00
    endloop
  endfacet
  facet normal 9.969967e-01 7.744406e-02 0.000000e+00
    outer loop
      vertex   -4.441199e+01 -4.482115e+00 -8.000000e-01
      vertex   -4.440136e+01 -4.618864e+00 0.000000e+00
      vertex   -4.440136e+01 -4.618864e+00 -8.000000e-01
    endloop
  endfacet
  facet normal 9.539314e-02 9.954397e-01 0.000000e+00
    outer loop
      vertex   -4.504188e+01 -3.939464e+00 0.000000e+00
      vertex   -4.491270e+01 -3.951843e+00 0.000000e+00
      vertex   -4.504188e+01 -3.939464e+00 -8.000000e-01
    endloop
  endfacet
  facet normal 9.539314e-02 9.954397e-01 0.000000e+00
    outer loop
      vertex   -4.504188e+01 -3.939464e+00 -8.000000e-01
      vertex   -4.491270e+01 -3.951843e+00 0.000000e+00
      vertex   -4.491270e+01 -3.951843e+00 -8.000000e-01
    endloop
  endfacet
  facet normal 1.844625e-01 9.828395e-01 -0.000000e+00
    outer loop
      vertex   -4.491270e+01 -3.951843e+00 -8.000000e-01
      vertex   -4.491270e+01 -3.951843e+00 0.000000e+00
      vertex   -4.485033e+01 -3.963550e+00 0.000000e+00
    endloop
  endfacet
  facet normal 1.844625e-01 9.828395e-01 0.000000e+00
    outer loop
      vertex   -4.491270e+01 -3.951843e+00 -8.000000e-01
      vertex   -4.485033e+01 -3.963550e+00 0.000000e+00
      vertex   -4.485033e+01 -3.963550e+00 -8.000000e-01
    endloop
  endfacet
  facet normal 2.933898e-01 9.559929e-01 -0.000000e+00
    outer loop
      vertex   -4.485033e+01 -3.963550e+00 -8.000000e-01
      vertex   -4.485033e+01 -3.963550e+00 0.000000e+00
      vertex   -4.479061e+01 -3.981878e+00 0.000000e+00
    endloop
  endfacet
  facet normal 2.933898e-01 9.559929e-01 0.000000e+00
    outer loop
      vertex   -4.485033e+01 -3.963550e+00 -8.000000e-01
      vertex   -4.479061e+01 -3.981878e+00 0.000000e+00
      vertex   -4.479061e+01 -3.981878e+00 -8.000000e-01
    endloop
  endfacet
  facet normal 4.275587e-01 9.039876e-01 -0.000000e+00
    outer loop
      vertex   -4.479061e+01 -3.981878e+00 -8.000000e-01
      vertex   -4.479061e+01 -3.981878e+00 0.000000e+00
      vertex   -4.473424e+01 -4.008541e+00 0.000000e+00
    endloop
  endfacet
  facet normal 4.275587e-01 9.039876e-01 0.000000e+00
    outer loop
      vertex   -4.479061e+01 -3.981878e+00 -8.000000e-01
      vertex   -4.473424e+01 -4.008541e+00 0.000000e+00
      vertex   -4.473424e+01 -4.008541e+00 -8.000000e-01
    endloop
  endfacet
  facet normal 5.332845e-01 8.459359e-01 -0.000000e+00
    outer loop
      vertex   -4.473424e+01 -4.008541e+00 -8.000000e-01
      vertex   -4.473424e+01 -4.008541e+00 0.000000e+00
      vertex   -4.468070e+01 -4.042288e+00 0.000000e+00
    endloop
  endfacet
  facet normal 5.332845e-01 8.459359e-01 0.000000e+00
    outer loop
      vertex   -4.473424e+01 -4.008541e+00 -8.000000e-01
      vertex   -4.468070e+01 -4.042288e+00 0.000000e+00
      vertex   -4.468070e+01 -4.042288e+00 -8.000000e-01
    endloop
  endfacet
  facet normal 6.125755e-01 7.904121e-01 -0.000000e+00
    outer loop
      vertex   -4.468070e+01 -4.042288e+00 -8.000000e-01
      vertex   -4.468070e+01 -4.042288e+00 0.000000e+00
      vertex   -4.457838e+01 -4.121592e+00 0.000000e+00
    endloop
  endfacet
  facet normal 6.125755e-01 7.904121e-01 0.000000e+00
    outer loop
      vertex   -4.468070e+01 -4.042288e+00 -8.000000e-01
      vertex   -4.457838e+01 -4.121592e+00 0.000000e+00
      vertex   -4.457838e+01 -4.121592e+00 -8.000000e-01
    endloop
  endfacet
  facet normal -4.132258e-01 9.106286e-01 0.000000e+00
    outer loop
      vertex   -4.536316e+01 -4.020296e+00 0.000000e+00
      vertex   -4.528655e+01 -3.985530e+00 0.000000e+00
      vertex   -4.536316e+01 -4.020296e+00 -8.000000e-01
    endloop
  endfacet
  facet normal -4.132258e-01 9.106286e-01 0.000000e+00
    outer loop
      vertex   -4.536316e+01 -4.020296e+00 -8.000000e-01
      vertex   -4.528655e+01 -3.985530e+00 0.000000e+00
      vertex   -4.528655e+01 -3.985530e+00 -8.000000e-01
    endloop
  endfacet
  facet normal -3.214228e-01 9.469358e-01 0.000000e+00
    outer loop
      vertex   -4.528655e+01 -3.985530e+00 -8.000000e-01
      vertex   -4.528655e+01 -3.985530e+00 0.000000e+00
      vertex   -4.520788e+01 -3.958827e+00 0.000000e+00
    endloop
  endfacet
  facet normal -3.214228e-01 9.469358e-01 0.000000e+00
    outer loop
      vertex   -4.528655e+01 -3.985530e+00 -8.000000e-01
      vertex   -4.520788e+01 -3.958827e+00 0.000000e+00
      vertex   -4.520788e+01 -3.958827e+00 -8.000000e-01
    endloop
  endfacet
  facet normal -1.629963e-01 9.866267e-01 0.000000e+00
    outer loop
      vertex   -4.520788e+01 -3.958827e+00 -8.000000e-01
      vertex   -4.520788e+01 -3.958827e+00 0.000000e+00
      vertex   -4.512587e+01 -3.945278e+00 0.000000e+00
    endloop
  endfacet
  facet normal -1.629963e-01 9.866267e-01 0.000000e+00
    outer loop
      vertex   -4.520788e+01 -3.958827e+00 -8.000000e-01
      vertex   -4.512587e+01 -3.945278e+00 0.000000e+00
      vertex   -4.512587e+01 -3.945278e+00 -8.000000e-01
    endloop
  endfacet
  facet normal -6.905798e-02 9.976126e-01 0.000000e+00
    outer loop
      vertex   -4.512587e+01 -3.945278e+00 -8.000000e-01
      vertex   -4.512587e+01 -3.945278e+00 0.000000e+00
      vertex   -4.504188e+01 -3.939464e+00 0.000000e+00
    endloop
  endfacet
  facet normal -6.905798e-02 9.976126e-01 0.000000e+00
    outer loop
      vertex   -4.512587e+01 -3.945278e+00 -8.000000e-01
      vertex   -4.504188e+01 -3.939464e+00 0.000000e+00
      vertex   -4.504188e+01 -3.939464e+00 -8.000000e-01
    endloop
  endfacet
  facet normal -7.965652e-01 6.045526e-01 0.000000e+00
    outer loop
      vertex   -4.558827e+01 -4.230051e+00 0.000000e+00
      vertex   -4.554109e+01 -4.167893e+00 0.000000e+00
      vertex   -4.558827e+01 -4.230051e+00 -8.000000e-01
    endloop
  endfacet
  facet normal -7.965652e-01 6.045526e-01 0.000000e+00
    outer loop
      vertex   -4.558827e+01 -4.230051e+00 -8.000000e-01
      vertex   -4.554109e+01 -4.167893e+00 0.000000e+00
      vertex   -4.554109e+01 -4.167893e+00 -8.000000e-01
    endloop
  endfacet
  facet normal -7.361056e-01 6.768667e-01 0.000000e+00
    outer loop
      vertex   -4.554109e+01 -4.167893e+00 -8.000000e-01
      vertex   -4.554109e+01 -4.167893e+00 0.000000e+00
      vertex   -4.548888e+01 -4.111113e+00 0.000000e+00
    endloop
  endfacet
  facet normal -7.361056e-01 6.768667e-01 0.000000e+00
    outer loop
      vertex   -4.554109e+01 -4.167893e+00 -8.000000e-01
      vertex   -4.548888e+01 -4.111113e+00 0.000000e+00
      vertex   -4.548888e+01 -4.111113e+00 -8.000000e-01
    endloop
  endfacet
  facet normal -6.218921e-01 7.831029e-01 0.000000e+00
    outer loop
      vertex   -4.548888e+01 -4.111113e+00 -8.000000e-01
      vertex   -4.548888e+01 -4.111113e+00 0.000000e+00
      vertex   -4.542845e+01 -4.063118e+00 0.000000e+00
    endloop
  endfacet
  facet normal -6.218921e-01 7.831029e-01 0.000000e+00
    outer loop
      vertex   -4.548888e+01 -4.111113e+00 -8.000000e-01
      vertex   -4.542845e+01 -4.063118e+00 0.000000e+00
      vertex   -4.542845e+01 -4.063118e+00 -8.000000e-01
    endloop
  endfacet
  facet normal -5.484884e-01 8.361582e-01 0.000000e+00
    outer loop
      vertex   -4.542845e+01 -4.063118e+00 -8.000000e-01
      vertex   -4.542845e+01 -4.063118e+00 0.000000e+00
      vertex   -4.536316e+01 -4.020296e+00 0.000000e+00
    endloop
  endfacet
  facet normal -5.484884e-01 8.361582e-01 0.000000e+00
    outer loop
      vertex   -4.542845e+01 -4.063118e+00 -8.000000e-01
      vertex   -4.536316e+01 -4.020296e+00 0.000000e+00
      vertex   -4.536316e+01 -4.020296e+00 -8.000000e-01
    endloop
  endfacet
  facet normal 1.290887e-01 9.916331e-01 0.000000e+00
    outer loop
      vertex   -4.593411e+01 -4.185030e+00 0.000000e+00
      vertex   -4.558827e+01 -4.230051e+00 0.000000e+00
      vertex   -4.593411e+01 -4.185030e+00 -8.000000e-01
    endloop
  endfacet
  facet normal 1.290887e-01 9.916331e-01 0.000000e+00
    outer loop
      vertex   -4.593411e+01 -4.185030e+00 -8.000000e-01
      vertex   -4.558827e+01 -4.230051e+00 0.000000e+00
      vertex   -4.558827e+01 -4.230051e+00 -8.000000e-01
    endloop
  endfacet
  facet normal 9.826796e-01 -1.853128e-01 0.000000e+00
    outer loop
      vertex   -4.564352e+01 -2.644103e+00 0.000000e+00
      vertex   -4.593411e+01 -4.185030e+00 0.000000e+00
      vertex   -4.564352e+01 -2.644103e+00 -8.000000e-01
    endloop
  endfacet
  facet normal 9.826796e-01 -1.853128e-01 0.000000e+00
    outer loop
      vertex   -4.564352e+01 -2.644103e+00 -8.000000e-01
      vertex   -4.593411e+01 -4.185030e+00 0.000000e+00
      vertex   -4.593411e+01 -4.185030e+00 -8.000000e-01
    endloop
  endfacet
  facet normal 5.953678e-16 -1.000000e+00 0.000000e+00
    outer loop
      vertex   -4.415170e+01 -2.644103e+00 0.000000e+00
      vertex   -4.564352e+01 -2.644103e+00 0.000000e+00
      vertex   -4.415170e+01 -2.644103e+00 -8.000000e-01
    endloop
  endfacet
  facet normal 5.953678e-16 -1.000000e+00 0.000000e+00
    outer loop
      vertex   -4.415170e+01 -2.644103e+00 -8.000000e-01
      vertex   -4.564352e+01 -2.644103e+00 0.000000e+00
      vertex   -4.564352e+01 -2.644103e+00 -8.000000e-01
    endloop
  endfacet
  facet normal -1.000000e+00 0.000000e+00 0.000000e+00
    outer loop
      vertex   -4.415170e+01 -2.996081e+00 0.000000e+00
      vertex   -4.415170e+01 -2.644103e+00 0.000000e+00
      vertex   -4.415170e+01 -2.996081e+00 -8.000000e-01
    endloop
  endfacet
  facet normal -1.000000e+00 0.000000e+00 0.000000e+00
    outer loop
      vertex   -4.415170e+01 -2.996081e+00 -8.000000e-01
      vertex   -4.415170e+01 -2.644103e+00 0.000000e+00
      vertex   -4.415170e+01 -2.644103e+00 -8.000000e-01
    endloop
  endfacet
  facet normal -0.000000e+00 1.000000e+00 0.000000e+00
    outer loop
      vertex   -4.534884e+01 -2.996081e+00 0.000000e+00
      vertex   -4.415170e+01 -2.996081e+00 0.000000e+00
      vertex   -4.534884e+01 -2.996081e+00 -8.000000e-01
    endloop
  endfacet
  facet normal 0.000000e+00 1.000000e+00 0.000000e+00
    outer loop
      vertex   -4.534884e+01 -2.996081e+00 -8.000000e-01
      vertex   -4.415170e+01 -2.996081e+00 0.000000e+00
      vertex   -4.415170e+01 -2.996081e+00 -8.000000e-01
    endloop
  endfacet
  facet normal -9.804848e-01 1.965948e-01 0.000000e+00
    outer loop
      vertex   -4.551050e+01 -3.802357e+00 0.000000e+00
      vertex   -4.534884e+01 -2.996081e+00 0.000000e+00
      vertex   -4.551050e+01 -3.802357e+00 -8.000000e-01
    endloop
  endfacet
  facet normal -9.804848e-01 1.965948e-01 0.000000e+00
    outer loop
      vertex   -4.551050e+01 -3.802357e+00 -8.000000e-01
      vertex   -4.534884e+01 -2.996081e+00 0.000000e+00
      vertex   -4.534884e+01 -2.996081e+00 -8.000000e-01
    endloop
  endfacet
  facet normal 1.064914e-01 -9.943136e-01 0.000000e+00
    outer loop
      vertex   -4.494366e+01 -3.614089e+00 0.000000e+00
      vertex   -4.509545e+01 -3.630346e+00 0.000000e+00
      vertex   -4.494366e+01 -3.614089e+00 -8.000000e-01
    endloop
  endfacet
  facet normal 1.064914e-01 -9.943136e-01 0.000000e+00
    outer loop
      vertex   -4.494366e+01 -3.614089e+00 -8.000000e-01
      vertex   -4.509545e+01 -3.630346e+00 0.000000e+00
      vertex   -4.509545e+01 -3.630346e+00 -8.000000e-01
    endloop
  endfacet
  facet normal 1.790126e-01 -9.838468e-01 0.000000e+00
    outer loop
      vertex   -4.509545e+01 -3.630346e+00 -8.000000e-01
      vertex   -4.509545e+01 -3.630346e+00 0.000000e+00
      vertex   -4.516959e+01 -3.643837e+00 0.000000e+00
    endloop
  endfacet
  facet normal 1.790126e-01 -9.838468e-01 0.000000e+00
    outer loop
      vertex   -4.509545e+01 -3.630346e+00 -8.000000e-01
      vertex   -4.516959e+01 -3.643837e+00 0.000000e+00
      vertex   -4.516959e+01 -3.643837e+00 -8.000000e-01
    endloop
  endfacet
  facet normal 2.665653e-01 -9.638168e-01 0.000000e+00
    outer loop
      vertex   -4.516959e+01 -3.643837e+00 -8.000000e-01
      vertex   -4.516959e+01 -3.643837e+00 0.000000e+00
      vertex   -4.524163e+01 -3.663760e+00 0.000000e+00
    endloop
  endfacet
  facet normal 2.665653e-01 -9.638168e-01 0.000000e+00
    outer loop
      vertex   -4.516959e+01 -3.643837e+00 -8.000000e-01
      vertex   -4.524163e+01 -3.663760e+00 0.000000e+00
      vertex   -4.524163e+01 -3.663760e+00 -8.000000e-01
    endloop
  endfacet
  facet normal 4.075542e-01 -9.131810e-01 0.000000e+00
    outer loop
      vertex   -4.524163e+01 -3.663760e+00 -8.000000e-01
      vertex   -4.524163e+01 -3.663760e+00 0.000000e+00
      vertex   -4.537872e+01 -3.724945e+00 0.000000e+00
    endloop
  endfacet
  facet normal 4.075542e-01 -9.131810e-01 0.000000e+00
    outer loop
      vertex   -4.524163e+01 -3.663760e+00 -8.000000e-01
      vertex   -4.537872e+01 -3.724945e+00 0.000000e+00
      vertex   -4.537872e+01 -3.724945e+00 -8.000000e-01
    endloop
  endfacet
  facet normal 5.065042e-01 -8.622375e-01 0.000000e+00
    outer loop
      vertex   -4.537872e+01 -3.724945e+00 -8.000000e-01
      vertex   -4.537872e+01 -3.724945e+00 0.000000e+00
      vertex   -4.551050e+01 -3.802357e+00 0.000000e+00
    endloop
  endfacet
  facet normal 5.065042e-01 -8.622375e-01 0.000000e+00
    outer loop
      vertex   -4.537872e+01 -3.724945e+00 -8.000000e-01
      vertex   -4.551050e+01 -3.802357e+00 0.000000e+00
      vertex   -4.551050e+01 -3.802357e+00 -8.000000e-01
    endloop
  endfacet
  facet normal -6.201399e-01 -7.844913e-01 -0.000000e+00
    outer loop
      vertex   -4.428063e+01 -3.886258e+00 0.000000e+00
      vertex   -4.442680e+01 -3.770707e+00 0.000000e+00
      vertex   -4.428063e+01 -3.886258e+00 -8.000000e-01
    endloop
  endfacet
  facet normal -6.201399e-01 -7.844913e-01 0.000000e+00
    outer loop
      vertex   -4.428063e+01 -3.886258e+00 -8.000000e-01
      vertex   -4.442680e+01 -3.770707e+00 0.000000e+00
      vertex   -4.442680e+01 -3.770707e+00 -8.000000e-01
    endloop
  endfacet
  facet normal -5.445991e-01 -8.386965e-01 0.000000e+00
    outer loop
      vertex   -4.442680e+01 -3.770707e+00 -8.000000e-01
      vertex   -4.442680e+01 -3.770707e+00 0.000000e+00
      vertex   -4.450325e+01 -3.721070e+00 0.000000e+00
    endloop
  endfacet
  facet normal -5.445991e-01 -8.386965e-01 0.000000e+00
    outer loop
      vertex   -4.442680e+01 -3.770707e+00 -8.000000e-01
      vertex   -4.450325e+01 -3.721070e+00 0.000000e+00
      vertex   -4.450325e+01 -3.721070e+00 -8.000000e-01
    endloop
  endfacet
  facet normal -4.439736e-01 -8.960398e-01 0.000000e+00
    outer loop
      vertex   -4.450325e+01 -3.721070e+00 -8.000000e-01
      vertex   -4.450325e+01 -3.721070e+00 0.000000e+00
      vertex   -4.458371e+01 -3.681199e+00 0.000000e+00
    endloop
  endfacet
  facet normal -4.439736e-01 -8.960398e-01 0.000000e+00
    outer loop
      vertex   -4.450325e+01 -3.721070e+00 -8.000000e-01
      vertex   -4.458371e+01 -3.681199e+00 0.000000e+00
      vertex   -4.458371e+01 -3.681199e+00 -8.000000e-01
    endloop
  endfacet
  facet normal -3.118761e-01 -9.501228e-01 0.000000e+00
    outer loop
      vertex   -4.458371e+01 -3.681199e+00 -8.000000e-01
      vertex   -4.458371e+01 -3.681199e+00 0.000000e+00
      vertex   -4.466907e+01 -3.653182e+00 0.000000e+00
    endloop
  endfacet
  facet normal -3.118761e-01 -9.501228e-01 0.000000e+00
    outer loop
      vertex   -4.458371e+01 -3.681199e+00 -8.000000e-01
      vertex   -4.466907e+01 -3.653182e+00 0.000000e+00
      vertex   -4.466907e+01 -3.653182e+00 -8.000000e-01
    endloop
  endfacet
  facet normal -2.015786e-01 -9.794723e-01 0.000000e+00
    outer loop
      vertex   -4.466907e+01 -3.653182e+00 -8.000000e-01
      vertex   -4.466907e+01 -3.653182e+00 0.000000e+00
      vertex   -4.475839e+01 -3.634799e+00 0.000000e+00
    endloop
  endfacet
  facet normal -2.015786e-01 -9.794723e-01 0.000000e+00
    outer loop
      vertex   -4.466907e+01 -3.653182e+00 -8.000000e-01
      vertex   -4.475839e+01 -3.634799e+00 0.000000e+00
      vertex   -4.475839e+01 -3.634799e+00 -8.000000e-01
    endloop
  endfacet
  facet normal -1.110926e-01 -9.938101e-01 0.000000e+00
    outer loop
      vertex   -4.475839e+01 -3.634799e+00 -8.000000e-01
      vertex   -4.475839e+01 -3.634799e+00 0.000000e+00
      vertex   -4.494366e+01 -3.614089e+00 0.000000e+00
    endloop
  endfacet
  facet normal -1.110926e-01 -9.938101e-01 0.000000e+00
    outer loop
      vertex   -4.475839e+01 -3.634799e+00 -8.000000e-01
      vertex   -4.494366e+01 -3.614089e+00 0.000000e+00
      vertex   -4.494366e+01 -3.614089e+00 -8.000000e-01
    endloop
  endfacet
  facet normal -9.954285e-01 -9.551011e-02 -0.000000e+00
    outer loop
      vertex   -4.401050e+01 -4.586122e+00 0.000000e+00
      vertex   -4.402914e+01 -4.391929e+00 0.000000e+00
      vertex   -4.401050e+01 -4.586122e+00 -8.000000e-01
    endloop
  endfacet
  facet normal -9.954285e-01 -9.551011e-02 0.000000e+00
    outer loop
      vertex   -4.401050e+01 -4.586122e+00 -8.000000e-01
      vertex   -4.402914e+01 -4.391929e+00 0.000000e+00
      vertex   -4.402914e+01 -4.391929e+00 -8.000000e-01
    endloop
  endfacet
  facet normal -9.831211e-01 -1.829559e-01 0.000000e+00
    outer loop
      vertex   -4.402914e+01 -4.391929e+00 -8.000000e-01
      vertex   -4.402914e+01 -4.391929e+00 0.000000e+00
      vertex   -4.404661e+01 -4.298040e+00 0.000000e+00
    endloop
  endfacet
  facet normal -9.831211e-01 -1.829559e-01 0.000000e+00
    outer loop
      vertex   -4.402914e+01 -4.391929e+00 -8.000000e-01
      vertex   -4.404661e+01 -4.298040e+00 0.000000e+00
      vertex   -4.404661e+01 -4.298040e+00 -8.000000e-01
    endloop
  endfacet
  facet normal -9.570984e-01 -2.897632e-01 0.000000e+00
    outer loop
      vertex   -4.404661e+01 -4.298040e+00 -8.000000e-01
      vertex   -4.404661e+01 -4.298040e+00 0.000000e+00
      vertex   -4.407387e+01 -4.207999e+00 0.000000e+00
    endloop
  endfacet
  facet normal -9.570984e-01 -2.897632e-01 0.000000e+00
    outer loop
      vertex   -4.404661e+01 -4.298040e+00 -8.000000e-01
      vertex   -4.407387e+01 -4.207999e+00 0.000000e+00
      vertex   -4.407387e+01 -4.207999e+00 -8.000000e-01
    endloop
  endfacet
  facet normal -9.070459e-01 -4.210318e-01 0.000000e+00
    outer loop
      vertex   -4.407387e+01 -4.207999e+00 -8.000000e-01
      vertex   -4.407387e+01 -4.207999e+00 0.000000e+00
      vertex   -4.411342e+01 -4.122791e+00 0.000000e+00
    endloop
  endfacet
  facet normal -9.070459e-01 -4.210318e-01 0.000000e+00
    outer loop
      vertex   -4.407387e+01 -4.207999e+00 -8.000000e-01
      vertex   -4.411342e+01 -4.122791e+00 0.000000e+00
      vertex   -4.411342e+01 -4.122791e+00 -8.000000e-01
    endloop
  endfacet
  facet normal -8.514874e-01 -5.243750e-01 0.000000e+00
    outer loop
      vertex   -4.411342e+01 -4.122791e+00 -8.000000e-01
      vertex   -4.411342e+01 -4.122791e+00 0.000000e+00
      vertex   -4.416338e+01 -4.041674e+00 0.000000e+00
    endloop
  endfacet
  facet normal -8.514874e-01 -5.243750e-01 0.000000e+00
    outer loop
      vertex   -4.411342e+01 -4.122791e+00 -8.000000e-01
      vertex   -4.416338e+01 -4.041674e+00 0.000000e+00
      vertex   -4.416338e+01 -4.041674e+00 -8.000000e-01
    endloop
  endfacet
  facet normal -7.982961e-01 -6.022651e-01 0.000000e+00
    outer loop
      vertex   -4.416338e+01 -4.041674e+00 -8.000000e-01
      vertex   -4.416338e+01 -4.041674e+00 0.000000e+00
      vertex   -4.428063e+01 -3.886258e+00 0.000000e+00
    endloop
  endfacet
  facet normal -7.982961e-01 -6.022651e-01 0.000000e+00
    outer loop
      vertex   -4.416338e+01 -4.041674e+00 -8.000000e-01
      vertex   -4.428063e+01 -3.886258e+00 0.000000e+00
      vertex   -4.428063e+01 -3.886258e+00 -8.000000e-01
    endloop
  endfacet
  facet normal -8.456589e-01 5.337237e-01 0.000000e+00
    outer loop
      vertex   -4.424788e+01 -5.290078e+00 0.000000e+00
      vertex   -4.414597e+01 -5.128600e+00 0.000000e+00
      vertex   -4.424788e+01 -5.290078e+00 -8.000000e-01
    endloop
  endfacet
  facet normal -8.456589e-01 5.337237e-01 0.000000e+00
    outer loop
      vertex   -4.424788e+01 -5.290078e+00 -8.000000e-01
      vertex   -4.414597e+01 -5.128600e+00 0.000000e+00
      vertex   -4.414597e+01 -5.128600e+00 -8.000000e-01
    endloop
  endfacet
  facet normal -8.858598e-01 4.639529e-01 0.000000e+00
    outer loop
      vertex   -4.414597e+01 -5.128600e+00 -8.000000e-01
      vertex   -4.414597e+01 -5.128600e+00 0.000000e+00
      vertex   -4.410237e+01 -5.045353e+00 0.000000e+00
    endloop
  endfacet
  facet normal -8.858598e-01 4.639529e-01 0.000000e+00
    outer loop
      vertex   -4.414597e+01 -5.128600e+00 -8.000000e-01
      vertex   -4.410237e+01 -5.045353e+00 0.000000e+00
      vertex   -4.410237e+01 -5.045353e+00 -8.000000e-01
    endloop
  endfacet
  facet normal -9.274819e-01 3.738680e-01 0.000000e+00
    outer loop
      vertex   -4.410237e+01 -5.045353e+00 -8.000000e-01
      vertex   -4.410237e+01 -5.045353e+00 0.000000e+00
      vertex   -4.406760e+01 -4.959096e+00 0.000000e+00
    endloop
  endfacet
  facet normal -9.274819e-01 3.738680e-01 0.000000e+00
    outer loop
      vertex   -4.410237e+01 -5.045353e+00 -8.000000e-01
      vertex   -4.406760e+01 -4.959096e+00 0.000000e+00
      vertex   -4.406760e+01 -4.959096e+00 -8.000000e-01
    endloop
  endfacet
  facet normal -9.656141e-01 2.599795e-01 0.000000e+00
    outer loop
      vertex   -4.406760e+01 -4.959096e+00 -8.000000e-01
      vertex   -4.406760e+01 -4.959096e+00 0.000000e+00
      vertex   -4.404341e+01 -4.869234e+00 0.000000e+00
    endloop
  endfacet
  facet normal -9.656141e-01 2.599795e-01 0.000000e+00
    outer loop
      vertex   -4.406760e+01 -4.959096e+00 -8.000000e-01
      vertex   -4.404341e+01 -4.869234e+00 0.000000e+00
      vertex   -4.404341e+01 -4.869234e+00 -8.000000e-01
    endloop
  endfacet
  facet normal -9.859922e-01 1.667913e-01 0.000000e+00
    outer loop
      vertex   -4.404341e+01 -4.869234e+00 -8.000000e-01
      vertex   -4.404341e+01 -4.869234e+00 0.000000e+00
      vertex   -4.402772e+01 -4.776474e+00 0.000000e+00
    endloop
  endfacet
  facet normal -9.859922e-01 1.667913e-01 0.000000e+00
    outer loop
      vertex   -4.404341e+01 -4.869234e+00 -8.000000e-01
      vertex   -4.402772e+01 -4.776474e+00 0.000000e+00
      vertex   -4.402772e+01 -4.776474e+00 -8.000000e-01
    endloop
  endfacet
  facet normal -9.959370e-01 9.005261e-02 0.000000e+00
    outer loop
      vertex   -4.402772e+01 -4.776474e+00 -8.000000e-01
      vertex   -4.402772e+01 -4.776474e+00 0.000000e+00
      vertex   -4.401050e+01 -4.586122e+00 0.000000e+00
    endloop
  endfacet
  facet normal -9.959370e-01 9.005261e-02 0.000000e+00
    outer loop
      vertex   -4.402772e+01 -4.776474e+00 -8.000000e-01
      vertex   -4.401050e+01 -4.586122e+00 0.000000e+00
      vertex   -4.401050e+01 -4.586122e+00 -8.000000e-01
    endloop
  endfacet
  facet normal -1.144052e-01 9.934342e-01 0.000000e+00
    outer loop
      vertex   -4.503574e+01 -5.654335e+00 0.000000e+00
      vertex   -4.480838e+01 -5.628151e+00 0.000000e+00
      vertex   -4.503574e+01 -5.654335e+00 -8.000000e-01
    endloop
  endfacet
  facet normal -1.144052e-01 9.934342e-01 0.000000e+00
    outer loop
      vertex   -4.503574e+01 -5.654335e+00 -8.000000e-01
      vertex   -4.480838e+01 -5.628151e+00 0.000000e+00
      vertex   -4.480838e+01 -5.628151e+00 -8.000000e-01
    endloop
  endfacet
  facet normal -2.157194e-01 9.764554e-01 0.000000e+00
    outer loop
      vertex   -4.480838e+01 -5.628151e+00 -8.000000e-01
      vertex   -4.480838e+01 -5.628151e+00 0.000000e+00
      vertex   -4.469981e+01 -5.604165e+00 0.000000e+00
    endloop
  endfacet
  facet normal -2.157194e-01 9.764554e-01 0.000000e+00
    outer loop
      vertex   -4.480838e+01 -5.628151e+00 -8.000000e-01
      vertex   -4.469981e+01 -5.604165e+00 0.000000e+00
      vertex   -4.469981e+01 -5.604165e+00 -8.000000e-01
    endloop
  endfacet
  facet normal -3.401698e-01 9.403640e-01 0.000000e+00
    outer loop
      vertex   -4.469981e+01 -5.604165e+00 -8.000000e-01
      vertex   -4.469981e+01 -5.604165e+00 0.000000e+00
      vertex   -4.459736e+01 -5.567104e+00 0.000000e+00
    endloop
  endfacet
  facet normal -3.401698e-01 9.403640e-01 0.000000e+00
    outer loop
      vertex   -4.469981e+01 -5.604165e+00 -8.000000e-01
      vertex   -4.459736e+01 -5.567104e+00 0.000000e+00
      vertex   -4.459736e+01 -5.567104e+00 -8.000000e-01
    endloop
  endfacet
  facet normal -4.903736e-01 8.715123e-01 0.000000e+00
    outer loop
      vertex   -4.459736e+01 -5.567104e+00 -8.000000e-01
      vertex   -4.459736e+01 -5.567104e+00 0.000000e+00
      vertex   -4.450254e+01 -5.513752e+00 0.000000e+00
    endloop
  endfacet
  facet normal -4.903736e-01 8.715123e-01 0.000000e+00
    outer loop
      vertex   -4.459736e+01 -5.567104e+00 -8.000000e-01
      vertex   -4.450254e+01 -5.513752e+00 0.000000e+00
      vertex   -4.450254e+01 -5.513752e+00 -8.000000e-01
    endloop
  endfacet
  facet normal -6.037998e-01 7.971360e-01 0.000000e+00
    outer loop
      vertex   -4.450254e+01 -5.513752e+00 -8.000000e-01
      vertex   -4.450254e+01 -5.513752e+00 0.000000e+00
      vertex   -4.441410e+01 -5.446768e+00 0.000000e+00
    endloop
  endfacet
  facet normal -6.037998e-01 7.971360e-01 0.000000e+00
    outer loop
      vertex   -4.450254e+01 -5.513752e+00 -8.000000e-01
      vertex   -4.441410e+01 -5.446768e+00 0.000000e+00
      vertex   -4.441410e+01 -5.446768e+00 -8.000000e-01
    endloop
  endfacet
  facet normal -6.859405e-01 7.276576e-01 0.000000e+00
    outer loop
      vertex   -4.441410e+01 -5.446768e+00 -8.000000e-01
      vertex   -4.441410e+01 -5.446768e+00 0.000000e+00
      vertex   -4.424788e+01 -5.290078e+00 0.000000e+00
    endloop
  endfacet
  facet normal -6.859405e-01 7.276576e-01 0.000000e+00
    outer loop
      vertex   -4.441410e+01 -5.446768e+00 -8.000000e-01
      vertex   -4.424788e+01 -5.290078e+00 0.000000e+00
      vertex   -4.424788e+01 -5.290078e+00 -8.000000e-01
    endloop
  endfacet
  facet normal 5.543073e-01 8.323121e-01 0.000000e+00
    outer loop
      vertex   -4.570389e+01 -5.425139e+00 0.000000e+00
      vertex   -4.555226e+01 -5.526119e+00 0.000000e+00
      vertex   -4.570389e+01 -5.425139e+00 -8.000000e-01
    endloop
  endfacet
  facet normal 5.543073e-01 8.323121e-01 0.000000e+00
    outer loop
      vertex   -4.570389e+01 -5.425139e+00 -8.000000e-01
      vertex   -4.555226e+01 -5.526119e+00 0.000000e+00
      vertex   -4.555226e+01 -5.526119e+00 -8.000000e-01
    endloop
  endfacet
  facet normal 4.783476e-01 8.781706e-01 -0.000000e+00
    outer loop
      vertex   -4.555226e+01 -5.526119e+00 -8.000000e-01
      vertex   -4.555226e+01 -5.526119e+00 0.000000e+00
      vertex   -4.547373e+01 -5.568897e+00 0.000000e+00
    endloop
  endfacet
  facet normal 4.783476e-01 8.781706e-01 0.000000e+00
    outer loop
      vertex   -4.555226e+01 -5.526119e+00 -8.000000e-01
      vertex   -4.547373e+01 -5.568897e+00 0.000000e+00
      vertex   -4.547373e+01 -5.568897e+00 -8.000000e-01
    endloop
  endfacet
  facet normal 3.792876e-01 9.252788e-01 -0.000000e+00
    outer loop
      vertex   -4.547373e+01 -5.568897e+00 -8.000000e-01
      vertex   -4.547373e+01 -5.568897e+00 0.000000e+00
      vertex   -4.539193e+01 -5.602426e+00 0.000000e+00
    endloop
  endfacet
  facet normal 3.792876e-01 9.252788e-01 0.000000e+00
    outer loop
      vertex   -4.547373e+01 -5.568897e+00 -8.000000e-01
      vertex   -4.539193e+01 -5.602426e+00 0.000000e+00
      vertex   -4.539193e+01 -5.602426e+00 -8.000000e-01
    endloop
  endfacet
  facet normal 2.576155e-01 9.662475e-01 -0.000000e+00
    outer loop
      vertex   -4.539193e+01 -5.602426e+00 -8.000000e-01
      vertex   -4.539193e+01 -5.602426e+00 0.000000e+00
      vertex   -4.530636e+01 -5.625242e+00 0.000000e+00
    endloop
  endfacet
  facet normal 2.576155e-01 9.662475e-01 0.000000e+00
    outer loop
      vertex   -4.539193e+01 -5.602426e+00 -8.000000e-01
      vertex   -4.530636e+01 -5.625242e+00 0.000000e+00
      vertex   -4.530636e+01 -5.625242e+00 -8.000000e-01
    endloop
  endfacet
  facet normal 1.603195e-01 9.870652e-01 -0.000000e+00
    outer loop
      vertex   -4.530636e+01 -5.625242e+00 -8.000000e-01
      vertex   -4.530636e+01 -5.625242e+00 0.000000e+00
      vertex   -4.521781e+01 -5.639625e+00 0.000000e+00
    endloop
  endfacet
  facet normal 1.603195e-01 9.870652e-01 0.000000e+00
    outer loop
      vertex   -4.530636e+01 -5.625242e+00 -8.000000e-01
      vertex   -4.521781e+01 -5.639625e+00 0.000000e+00
      vertex   -4.521781e+01 -5.639625e+00 -8.000000e-01
    endloop
  endfacet
  facet normal 8.053283e-02 9.967520e-01 -0.000000e+00
    outer loop
      vertex   -4.521781e+01 -5.639625e+00 -8.000000e-01
      vertex   -4.521781e+01 -5.639625e+00 0.000000e+00
      vertex   -4.503574e+01 -5.654335e+00 0.000000e+00
    endloop
  endfacet
  facet normal 8.053283e-02 9.967520e-01 0.000000e+00
    outer loop
      vertex   -4.521781e+01 -5.639625e+00 -8.000000e-01
      vertex   -4.503574e+01 -5.654335e+00 0.000000e+00
      vertex   -4.503574e+01 -5.654335e+00 -8.000000e-01
    endloop
  endfacet
  facet normal 4.152823e-02 -9.991373e-01 -6.349375e-18
    outer loop
      vertex   -2.996095e+01 -8.202614e+00 -5.077401e+01
      vertex   -3.009128e+01 -8.208031e+00 -5.076960e+01
      vertex   -2.996095e+01 -8.202614e+00 -1.000000e+02
    endloop
  endfacet
  facet normal 4.152823e-02 -9.991373e-01 1.065047e-17
    outer loop
      vertex   -2.996095e+01 -8.202614e+00 -1.000000e+02
      vertex   -3.009128e+01 -8.208031e+00 -5.076960e+01
      vertex   -3.021903e+01 -8.213341e+00 -5.074335e+01
    endloop
  endfacet
  facet normal 4.152823e-02 -9.991373e-01 1.636256e-16
    outer loop
      vertex   -2.996095e+01 -8.202614e+00 -1.000000e+02
      vertex   -3.021903e+01 -8.213341e+00 -5.074335e+01
      vertex   -3.034057e+01 -8.218392e+00 -5.069602e+01
    endloop
  endfacet
  facet normal 4.152823e-02 -9.991373e-01 6.038632e-18
    outer loop
      vertex   -2.996095e+01 -8.202614e+00 -1.000000e+02
      vertex   -3.034057e+01 -8.218392e+00 -5.069602e+01
      vertex   -3.070028e+01 -8.233343e+00 -1.000000e+02
    endloop
  endfacet
  facet normal 4.152823e-02 -9.991373e-01 8.392310e-17
    outer loop
      vertex   -3.070028e+01 -8.233343e+00 -1.000000e+02
      vertex   -3.034057e+01 -8.218392e+00 -5.069602e+01
      vertex   -3.045245e+01 -8.223042e+00 -5.062894e+01
    endloop
  endfacet
  facet normal 4.152823e-02 -9.991373e-01 -1.354400e-17
    outer loop
      vertex   -3.070028e+01 -8.233343e+00 -1.000000e+02
      vertex   -3.045245e+01 -8.223042e+00 -5.062894e+01
      vertex   -3.055149e+01 -8.227159e+00 -5.054402e+01
    endloop
  endfacet
  facet normal 4.152823e-02 -9.991373e-01 3.229256e-17
    outer loop
      vertex   -3.055149e+01 -8.227159e+00 -5.054402e+01
      vertex   -3.063489e+01 -8.230625e+00 -5.044368e+01
      vertex   -3.070028e+01 -8.233343e+00 -1.000000e+02
    endloop
  endfacet
  facet normal 4.152823e-02 -9.991373e-01 -5.346732e-17
    outer loop
      vertex   -3.070028e+01 -8.233343e+00 -1.000000e+02
      vertex   -3.063489e+01 -8.230625e+00 -5.044368e+01
      vertex   -3.070028e+01 -8.233343e+00 -5.033074e+01
    endloop
  endfacet
  facet normal 4.459389e-02 -9.990052e-01 3.847366e-18
    outer loop
      vertex   -2.996095e+01 -8.202614e+00 -5.077401e+01
      vertex   -2.996095e+01 -8.202614e+00 -1.000000e+02
      vertex   -2.983917e+01 -8.197178e+00 -5.075810e+01
    endloop
  endfacet
  facet normal 4.459389e-02 -9.990052e-01 6.830252e-17
    outer loop
      vertex   -2.983917e+01 -8.197178e+00 -5.075810e+01
      vertex   -2.996095e+01 -8.202614e+00 -1.000000e+02
      vertex   -2.972145e+01 -8.191923e+00 -5.072311e+01
    endloop
  endfacet
  facet normal 4.459389e-02 -9.990052e-01 5.953750e-17
    outer loop
      vertex   -2.972145e+01 -8.191923e+00 -5.072311e+01
      vertex   -2.996095e+01 -8.202614e+00 -1.000000e+02
      vertex   -2.961073e+01 -8.186981e+00 -5.066992e+01
    endloop
  endfacet
  facet normal 4.459389e-02 -9.990052e-01 -9.839040e-18
    outer loop
      vertex   -2.961073e+01 -8.186981e+00 -5.066992e+01
      vertex   -2.996095e+01 -8.202614e+00 -1.000000e+02
      vertex   -2.922899e+01 -8.169940e+00 -1.000000e+02
    endloop
  endfacet
  facet normal 4.459389e-02 -9.990052e-01 3.224247e-17
    outer loop
      vertex   -2.961073e+01 -8.186981e+00 -5.066992e+01
      vertex   -2.922899e+01 -8.169940e+00 -1.000000e+02
      vertex   -2.950980e+01 -8.182475e+00 -5.059988e+01
    endloop
  endfacet
  facet normal 4.459389e-02 -9.990052e-01 1.427639e-18
    outer loop
      vertex   -2.950980e+01 -8.182475e+00 -5.059988e+01
      vertex   -2.922899e+01 -8.169940e+00 -1.000000e+02
      vertex   -2.942121e+01 -8.178521e+00 -5.051475e+01
    endloop
  endfacet
  facet normal 4.459389e-02 -9.990052e-01 -1.859016e-17
    outer loop
      vertex   -2.942121e+01 -8.178521e+00 -5.051475e+01
      vertex   -2.922899e+01 -8.169940e+00 -1.000000e+02
      vertex   -2.934718e+01 -8.175216e+00 -5.041667e+01
    endloop
  endfacet
  facet normal 4.459389e-02 -9.990052e-01 1.170293e-18
    outer loop
      vertex   -2.934718e+01 -8.175216e+00 -5.041667e+01
      vertex   -2.922899e+01 -8.169940e+00 -1.000000e+02
      vertex   -2.928958e+01 -8.172645e+00 -5.030810e+01
    endloop
  endfacet
  facet normal 4.459389e-02 -9.990052e-01 -9.074403e-18
    outer loop
      vertex   -2.928958e+01 -8.172645e+00 -5.030810e+01
      vertex   -2.922899e+01 -8.169940e+00 -1.000000e+02
      vertex   -2.924984e+01 -8.170871e+00 -5.019179e+01
    endloop
  endfacet
  facet normal 4.459389e-02 -9.990052e-01 -1.257795e-18
    outer loop
      vertex   -2.924984e+01 -8.170871e+00 -5.019179e+01
      vertex   -2.922899e+01 -8.169940e+00 -1.000000e+02
      vertex   -2.922899e+01 -8.169940e+00 -5.007064e+01
    endloop
  endfacet
  facet normal 4.774582e-02 -9.988595e-01 8.899229e-18
    outer loop
      vertex   -2.922899e+01 -8.169940e+00 -4.992936e+01
      vertex   -2.922612e+01 -8.169803e+00 -4.997642e+01
      vertex   -2.922899e+01 -8.169940e+00 0.000000e+00
    endloop
  endfacet
  facet normal 4.774582e-02 -9.988595e-01 7.687391e-18
    outer loop
      vertex   -2.922899e+01 -8.169940e+00 0.000000e+00
      vertex   -2.922612e+01 -8.169803e+00 -4.997642e+01
      vertex   -2.850447e+01 -8.135308e+00 0.000000e+00
    endloop
  endfacet
  facet normal 4.774582e-02 -9.988595e-01 -2.576582e-14
    outer loop
      vertex   -2.850447e+01 -8.135308e+00 0.000000e+00
      vertex   -2.922612e+01 -8.169803e+00 -4.997642e+01
      vertex   -2.922612e+01 -8.169803e+00 -5.002358e+01
    endloop
  endfacet
  facet normal 4.774582e-02 -9.988595e-01 -1.774331e-17
    outer loop
      vertex   -2.850447e+01 -8.135308e+00 0.000000e+00
      vertex   -2.922612e+01 -8.169803e+00 -5.002358e+01
      vertex   -2.850447e+01 -8.135308e+00 -1.000000e+02
    endloop
  endfacet
  facet normal 4.774582e-02 -9.988595e-01 1.636627e-17
    outer loop
      vertex   -2.850447e+01 -8.135308e+00 -1.000000e+02
      vertex   -2.922612e+01 -8.169803e+00 -5.002358e+01
      vertex   -2.922899e+01 -8.169940e+00 -1.000000e+02
    endloop
  endfacet
  facet normal 4.774582e-02 -9.988595e-01 -8.899229e-18
    outer loop
      vertex   -2.922899e+01 -8.169940e+00 -1.000000e+02
      vertex   -2.922612e+01 -8.169803e+00 -5.002358e+01
      vertex   -2.922899e+01 -8.169940e+00 -5.007064e+01
    endloop
  endfacet
  facet normal -4.152823e-02 9.991373e-01 -2.699863e-17
    outer loop
      vertex   -3.009013e+01 -5.205393e+00 -4.922577e+01
      vertex   -3.021832e+01 -5.210721e+00 -4.923070e+01
      vertex   -3.009013e+01 -5.205393e+00 -3.000000e+00
    endloop
  endfacet
  facet normal -4.152823e-02 9.991373e-01 -3.512521e-17
    outer loop
      vertex   -3.009013e+01 -5.205393e+00 -3.000000e+00
      vertex   -3.021832e+01 -5.210721e+00 -4.923070e+01
      vertex   -3.034394e+01 -5.215942e+00 -4.925675e+01
    endloop
  endfacet
  facet normal -4.152823e-02 9.991373e-01 -3.767588e-18
    outer loop
      vertex   -3.009013e+01 -5.205393e+00 -3.000000e+00
      vertex   -3.034394e+01 -5.215942e+00 -4.925675e+01
      vertex   -3.046354e+01 -5.220913e+00 -4.930320e+01
    endloop
  endfacet
  facet normal -4.152823e-02 9.991373e-01 -2.793599e-17
    outer loop
      vertex   -3.009013e+01 -5.205393e+00 -3.000000e+00
      vertex   -3.046354e+01 -5.220913e+00 -4.930320e+01
      vertex   -3.082039e+01 -5.235745e+00 -3.000000e+00
    endloop
  endfacet
  facet normal -4.152823e-02 9.991373e-01 7.457707e-17
    outer loop
      vertex   -3.082039e+01 -5.235745e+00 -3.000000e+00
      vertex   -3.046354e+01 -5.220913e+00 -4.930320e+01
      vertex   -3.057383e+01 -5.225498e+00 -4.936877e+01
    endloop
  endfacet
  facet normal -4.152823e-02 9.991373e-01 -6.818347e-17
    outer loop
      vertex   -3.082039e+01 -5.235745e+00 -3.000000e+00
      vertex   -3.057383e+01 -5.225498e+00 -4.936877e+01
      vertex   -3.067180e+01 -5.229569e+00 -4.945167e+01
    endloop
  endfacet
  facet normal -4.152823e-02 9.991373e-01 -1.058775e-17
    outer loop
      vertex   -3.067180e+01 -5.229569e+00 -4.945167e+01
      vertex   -3.075474e+01 -5.233017e+00 -4.954962e+01
      vertex   -3.082039e+01 -5.235745e+00 -3.000000e+00
    endloop
  endfacet
  facet normal -4.152823e-02 9.991373e-01 -3.333026e-17
    outer loop
      vertex   -3.082039e+01 -5.235745e+00 -3.000000e+00
      vertex   -3.075474e+01 -5.233017e+00 -4.954962e+01
      vertex   -3.082039e+01 -5.235745e+00 -4.965993e+01
    endloop
  endfacet
  facet normal -4.152823e-02 9.991373e-01 2.535323e-17
    outer loop
      vertex   -3.009013e+01 -5.205393e+00 -5.077423e+01
      vertex   -3.009013e+01 -5.205393e+00 -1.000000e+02
      vertex   -3.021832e+01 -5.210721e+00 -5.076930e+01
    endloop
  endfacet
  facet normal -4.152823e-02 9.991373e-01 8.445696e-17
    outer loop
      vertex   -3.021832e+01 -5.210721e+00 -5.076930e+01
      vertex   -3.009013e+01 -5.205393e+00 -1.000000e+02
      vertex   -3.034394e+01 -5.215942e+00 -5.074325e+01
    endloop
  endfacet
  facet normal -4.152823e-02 9.991373e-01 1.255133e-16
    outer loop
      vertex   -3.034394e+01 -5.215942e+00 -5.074325e+01
      vertex   -3.009013e+01 -5.205393e+00 -1.000000e+02
      vertex   -3.046354e+01 -5.220913e+00 -5.069680e+01
    endloop
  endfacet
  facet normal -4.152823e-02 9.991373e-01 8.746984e-17
    outer loop
      vertex   -3.046354e+01 -5.220913e+00 -5.069680e+01
      vertex   -3.009013e+01 -5.205393e+00 -1.000000e+02
      vertex   -3.082039e+01 -5.235745e+00 -1.000000e+02
    endloop
  endfacet
  facet normal -4.152823e-02 9.991373e-01 2.197763e-17
    outer loop
      vertex   -3.046354e+01 -5.220913e+00 -5.069680e+01
      vertex   -3.082039e+01 -5.235745e+00 -1.000000e+02
      vertex   -3.057383e+01 -5.225498e+00 -5.063123e+01
    endloop
  endfacet
  facet normal -4.152823e-02 9.991373e-01 1.635342e-16
    outer loop
      vertex   -3.057383e+01 -5.225498e+00 -5.063123e+01
      vertex   -3.082039e+01 -5.235745e+00 -1.000000e+02
      vertex   -3.067180e+01 -5.229569e+00 -5.054833e+01
    endloop
  endfacet
  facet normal -4.152823e-02 9.991373e-01 7.310779e-17
    outer loop
      vertex   -3.067180e+01 -5.229569e+00 -5.054833e+01
      vertex   -3.082039e+01 -5.235745e+00 -1.000000e+02
      vertex   -3.075474e+01 -5.233017e+00 -5.045038e+01
    endloop
  endfacet
  facet normal -4.152823e-02 9.991373e-01 8.181692e-17
    outer loop
      vertex   -3.075474e+01 -5.233017e+00 -5.045038e+01
      vertex   -3.082039e+01 -5.235745e+00 -1.000000e+02
      vertex   -3.082039e+01 -5.235745e+00 -5.034007e+01
    endloop
  endfacet
  facet normal -3.854635e-02 9.992568e-01 1.146751e-17
    outer loop
      vertex   -3.082039e+01 -5.235745e+00 -4.965993e+01
      vertex   -3.086368e+01 -5.237416e+00 -4.976887e+01
      vertex   -3.082039e+01 -5.235745e+00 -3.000000e+00
    endloop
  endfacet
  facet normal -3.854635e-02 9.992568e-01 8.413059e-17
    outer loop
      vertex   -3.082039e+01 -5.235745e+00 -3.000000e+00
      vertex   -3.086368e+01 -5.237416e+00 -4.976887e+01
      vertex   -3.089006e+01 -5.238433e+00 -4.988310e+01
    endloop
  endfacet
  facet normal -3.854635e-02 9.992568e-01 -1.556106e-17
    outer loop
      vertex   -3.082039e+01 -5.235745e+00 -3.000000e+00
      vertex   -3.089006e+01 -5.238433e+00 -4.988310e+01
      vertex   -3.089893e+01 -5.238775e+00 -5.000000e+01
    endloop
  endfacet
  facet normal -3.854635e-02 9.992568e-01 -5.385788e-17
    outer loop
      vertex   -3.089006e+01 -5.238433e+00 -5.011690e+01
      vertex   -3.082039e+01 -5.235745e+00 -1.000000e+02
      vertex   -3.089893e+01 -5.238775e+00 -5.000000e+01
    endloop
  endfacet
  facet normal -3.854635e-02 9.992568e-01 6.214333e-18
    outer loop
      vertex   -3.089893e+01 -5.238775e+00 -5.000000e+01
      vertex   -3.082039e+01 -5.235745e+00 -1.000000e+02
      vertex   -3.155819e+01 -5.264206e+00 -1.000000e+02
    endloop
  endfacet
  facet normal -3.854635e-02 9.992568e-01 0.000000e+00
    outer loop
      vertex   -3.089893e+01 -5.238775e+00 -5.000000e+01
      vertex   -3.155819e+01 -5.264206e+00 -1.000000e+02
      vertex   -3.155819e+01 -5.264206e+00 -3.000000e+00
    endloop
  endfacet
  facet normal -3.854635e-02 9.992568e-01 -1.276611e-17
    outer loop
      vertex   -3.089006e+01 -5.238433e+00 -5.011690e+01
      vertex   -3.086368e+01 -5.237416e+00 -5.023113e+01
      vertex   -3.082039e+01 -5.235745e+00 -1.000000e+02
    endloop
  endfacet
  facet normal -3.854635e-02 9.992568e-01 3.610510e-17
    outer loop
      vertex   -3.082039e+01 -5.235745e+00 -1.000000e+02
      vertex   -3.086368e+01 -5.237416e+00 -5.023113e+01
      vertex   -3.082039e+01 -5.235745e+00 -5.034007e+01
    endloop
  endfacet
  facet normal -3.854635e-02 9.992568e-01 2.719380e-17
    outer loop
      vertex   -3.155819e+01 -5.264206e+00 -3.000000e+00
      vertex   -3.082039e+01 -5.235745e+00 -3.000000e+00
      vertex   -3.089893e+01 -5.238775e+00 -5.000000e+01
    endloop
  endfacet
  facet normal -4.459389e-02 9.990052e-01 1.501934e-17
    outer loop
      vertex   -3.009013e+01 -5.205393e+00 -4.922577e+01
      vertex   -3.009013e+01 -5.205393e+00 -3.000000e+00
      vertex   -2.996399e+01 -5.199762e+00 -4.924186e+01
    endloop
  endfacet
  facet normal -4.459389e-02 9.990052e-01 2.330545e-17
    outer loop
      vertex   -2.996399e+01 -5.199762e+00 -4.924186e+01
      vertex   -3.009013e+01 -5.205393e+00 -3.000000e+00
      vertex   -2.984218e+01 -5.194325e+00 -4.927839e+01
    endloop
  endfacet
  facet normal -4.459389e-02 9.990052e-01 -1.689183e-17
    outer loop
      vertex   -2.984218e+01 -5.194325e+00 -4.927839e+01
      vertex   -3.009013e+01 -5.205393e+00 -3.000000e+00
      vertex   -2.972798e+01 -5.189227e+00 -4.933440e+01
    endloop
  endfacet
  facet normal -4.459389e-02 9.990052e-01 1.061036e-17
    outer loop
      vertex   -2.972798e+01 -5.189227e+00 -4.933440e+01
      vertex   -3.009013e+01 -5.205393e+00 -3.000000e+00
      vertex   -2.936750e+01 -5.173136e+00 -3.000000e+00
    endloop
  endfacet
  facet normal -4.459389e-02 9.990052e-01 7.677568e-17
    outer loop
      vertex   -2.972798e+01 -5.189227e+00 -4.933440e+01
      vertex   -2.936750e+01 -5.173136e+00 -3.000000e+00
      vertex   -2.962449e+01 -5.184608e+00 -4.940836e+01
    endloop
  endfacet
  facet normal -4.459389e-02 9.990052e-01 -1.408052e-17
    outer loop
      vertex   -2.962449e+01 -5.184608e+00 -4.940836e+01
      vertex   -2.936750e+01 -5.173136e+00 -3.000000e+00
      vertex   -2.953449e+01 -5.180590e+00 -4.949828e+01
    endloop
  endfacet
  facet normal -4.459389e-02 9.990052e-01 -1.417212e-17
    outer loop
      vertex   -2.953449e+01 -5.180590e+00 -4.949828e+01
      vertex   -2.936750e+01 -5.173136e+00 -3.000000e+00
      vertex   -2.946040e+01 -5.177283e+00 -4.960173e+01
    endloop
  endfacet
  facet normal -4.459389e-02 9.990052e-01 1.467157e-17
    outer loop
      vertex   -2.946040e+01 -5.177283e+00 -4.960173e+01
      vertex   -2.936750e+01 -5.173136e+00 -3.000000e+00
      vertex   -2.940423e+01 -5.174776e+00 -4.971593e+01
    endloop
  endfacet
  facet normal -4.459389e-02 9.990052e-01 -2.002543e-18
    outer loop
      vertex   -2.940423e+01 -5.174776e+00 -4.971593e+01
      vertex   -2.936750e+01 -5.173136e+00 -3.000000e+00
      vertex   -2.936750e+01 -5.173136e+00 -4.983779e+01
    endloop
  endfacet
  facet normal -4.459389e-02 9.990052e-01 -3.372542e-17
    outer loop
      vertex   -2.936750e+01 -5.173136e+00 -5.016221e+01
      vertex   -2.936750e+01 -5.173136e+00 -1.000000e+02
      vertex   -2.940423e+01 -5.174776e+00 -5.028407e+01
    endloop
  endfacet
  facet normal -4.459389e-02 9.990052e-01 -4.942322e-17
    outer loop
      vertex   -2.940423e+01 -5.174776e+00 -5.028407e+01
      vertex   -2.936750e+01 -5.173136e+00 -1.000000e+02
      vertex   -2.946040e+01 -5.177283e+00 -5.039827e+01
    endloop
  endfacet
  facet normal -4.459389e-02 9.990052e-01 -2.238642e-17
    outer loop
      vertex   -2.946040e+01 -5.177283e+00 -5.039827e+01
      vertex   -2.936750e+01 -5.173136e+00 -1.000000e+02
      vertex   -2.953449e+01 -5.180590e+00 -5.050172e+01
    endloop
  endfacet
  facet normal -4.459389e-02 9.990052e-01 -2.243767e-17
    outer loop
      vertex   -2.953449e+01 -5.180590e+00 -5.050172e+01
      vertex   -2.936750e+01 -5.173136e+00 -1.000000e+02
      vertex   -2.962449e+01 -5.184608e+00 -5.059164e+01
    endloop
  endfacet
  facet normal -4.459389e-02 9.990052e-01 -1.078803e-16
    outer loop
      vertex   -2.962449e+01 -5.184608e+00 -5.059164e+01
      vertex   -2.936750e+01 -5.173136e+00 -1.000000e+02
      vertex   -2.972798e+01 -5.189227e+00 -5.066560e+01
    endloop
  endfacet
  facet normal -4.459389e-02 9.990052e-01 -2.797534e-17
    outer loop
      vertex   -2.972798e+01 -5.189227e+00 -5.066560e+01
      vertex   -2.936750e+01 -5.173136e+00 -1.000000e+02
      vertex   -3.009013e+01 -5.205393e+00 -1.000000e+02
    endloop
  endfacet
  facet normal -4.459389e-02 9.990052e-01 1.586094e-17
    outer loop
      vertex   -2.972798e+01 -5.189227e+00 -5.066560e+01
      vertex   -3.009013e+01 -5.205393e+00 -1.000000e+02
      vertex   -2.984218e+01 -5.194325e+00 -5.072161e+01
    endloop
  endfacet
  facet normal -4.459389e-02 9.990052e-01 -2.186643e-17
    outer loop
      vertex   -2.984218e+01 -5.194325e+00 -5.072161e+01
      vertex   -3.009013e+01 -5.205393e+00 -1.000000e+02
      vertex   -2.996399e+01 -5.199762e+00 -5.075814e+01
    endloop
  endfacet
  facet normal -4.459389e-02 9.990052e-01 -1.409401e-17
    outer loop
      vertex   -2.996399e+01 -5.199762e+00 -5.075814e+01
      vertex   -3.009013e+01 -5.205393e+00 -1.000000e+02
      vertex   -3.009013e+01 -5.205393e+00 -5.077423e+01
    endloop
  endfacet
  facet normal -5.682107e-02 -9.983844e-01 -2.734450e-17
    outer loop
      vertex   -1.102859e+02 -6.127765e+00 -5.071967e+01
      vertex   -1.102859e+02 -6.127765e+00 -1.000000e+02
      vertex   -1.101658e+02 -6.134600e+00 -5.075673e+01
    endloop
  endfacet
  facet normal -5.682107e-02 -9.983844e-01 1.616847e-17
    outer loop
      vertex   -1.101658e+02 -6.134600e+00 -5.075673e+01
      vertex   -1.102859e+02 -6.127765e+00 -1.000000e+02
      vertex   -1.100413e+02 -6.141685e+00 -5.077383e+01
    endloop
  endfacet
  facet normal -5.682107e-02 -9.983844e-01 -4.975702e-17
    outer loop
      vertex   -1.100413e+02 -6.141685e+00 -5.077383e+01
      vertex   -1.102859e+02 -6.127765e+00 -1.000000e+02
      vertex   -1.099157e+02 -6.148834e+00 -5.077052e+01
    endloop
  endfacet
  facet normal -5.682107e-02 -9.983844e-01 1.227441e-17
    outer loop
      vertex   -1.099157e+02 -6.148834e+00 -5.077052e+01
      vertex   -1.102859e+02 -6.127765e+00 -1.000000e+02
      vertex   -1.097922e+02 -6.155858e+00 -5.074689e+01
    endloop
  endfacet
  facet normal -5.682107e-02 -9.983844e-01 2.304595e-17
    outer loop
      vertex   -1.097922e+02 -6.155858e+00 -5.074689e+01
      vertex   -1.102859e+02 -6.127765e+00 -1.000000e+02
      vertex   -1.092483e+02 -6.186815e+00 -1.000000e+02
    endloop
  endfacet
  facet normal -5.682107e-02 -9.983844e-01 3.547378e-17
    outer loop
      vertex   -1.097922e+02 -6.155858e+00 -5.074689e+01
      vertex   -1.092483e+02 -6.186815e+00 -1.000000e+02
      vertex   -1.096743e+02 -6.162573e+00 -5.070356e+01
    endloop
  endfacet
  facet normal -5.682107e-02 -9.983844e-01 -9.721486e-17
    outer loop
      vertex   -1.096743e+02 -6.162573e+00 -5.070356e+01
      vertex   -1.092483e+02 -6.186815e+00 -1.000000e+02
      vertex   -1.095648e+02 -6.168800e+00 -5.064168e+01
    endloop
  endfacet
  facet normal -5.682107e-02 -9.983844e-01 3.567451e-17
    outer loop
      vertex   -1.095648e+02 -6.168800e+00 -5.064168e+01
      vertex   -1.092483e+02 -6.186815e+00 -1.000000e+02
      vertex   -1.094669e+02 -6.174376e+00 -5.056287e+01
    endloop
  endfacet
  facet normal -5.682107e-02 -9.983844e-01 2.283972e-17
    outer loop
      vertex   -1.094669e+02 -6.174376e+00 -5.056287e+01
      vertex   -1.092483e+02 -6.186815e+00 -1.000000e+02
      vertex   -1.093829e+02 -6.179154e+00 -5.046922e+01
    endloop
  endfacet
  facet normal -5.682107e-02 -9.983844e-01 -3.214102e-17
    outer loop
      vertex   -1.093829e+02 -6.179154e+00 -5.046922e+01
      vertex   -1.092483e+02 -6.186815e+00 -1.000000e+02
      vertex   -1.093152e+02 -6.183007e+00 -5.036319e+01
    endloop
  endfacet
  facet normal -5.682107e-02 -9.983844e-01 0.000000e+00
    outer loop
      vertex   -1.093152e+02 -6.183007e+00 -5.036319e+01
      vertex   -1.092483e+02 -6.186815e+00 -1.000000e+02
      vertex   -1.092483e+02 -6.186815e+00 -5.077500e+01
    endloop
  endfacet
  facet normal -5.682107e-02 -9.983844e-01 1.399461e-15
    outer loop
      vertex   -1.093152e+02 -6.183007e+00 -5.036319e+01
      vertex   -1.092483e+02 -6.186815e+00 -5.077500e+01
      vertex   -1.092655e+02 -6.185835e+00 -5.024758e+01
    endloop
  endfacet
  facet normal -5.682107e-02 -9.983844e-01 7.790300e-16
    outer loop
      vertex   -1.092655e+02 -6.185835e+00 -5.024758e+01
      vertex   -1.092483e+02 -6.186815e+00 -5.077500e+01
      vertex   -1.092352e+02 -6.187562e+00 -5.012545e+01
    endloop
  endfacet
  facet normal -5.640989e-02 -9.984077e-01 -8.327716e-06
    outer loop
      vertex   -1.092352e+02 -6.187562e+00 -5.012545e+01
      vertex   -1.092483e+02 -6.186815e+00 -5.077500e+01
      vertex   -1.092250e+02 -6.188133e+00 -5.077500e+01
    endloop
  endfacet
  facet normal -5.588144e-02 -9.984374e-01 0.000000e+00
    outer loop
      vertex   -1.092352e+02 -6.187562e+00 -5.012545e+01
      vertex   -1.092250e+02 -6.188133e+00 -5.077500e+01
      vertex   -1.092250e+02 -6.188133e+00 -5.000000e+01
    endloop
  endfacet
  facet normal -5.640989e-02 -9.984077e-01 0.000000e+00
    outer loop
      vertex   -1.092483e+02 -6.186815e+00 -4.922500e+01
      vertex   -1.092250e+02 -6.188133e+00 -4.922500e+01
      vertex   -1.092483e+02 -6.186815e+00 0.000000e+00
    endloop
  endfacet
  facet normal -5.640989e-02 -9.984077e-01 -9.774703e-18
    outer loop
      vertex   -1.092483e+02 -6.186815e+00 0.000000e+00
      vertex   -1.092250e+02 -6.188133e+00 -4.922500e+01
      vertex   -1.082098e+02 -6.245489e+00 0.000000e+00
    endloop
  endfacet
  facet normal -5.640989e-02 -9.984077e-01 0.000000e+00
    outer loop
      vertex   -1.082098e+02 -6.245489e+00 0.000000e+00
      vertex   -1.092250e+02 -6.188133e+00 -4.922500e+01
      vertex   -1.092250e+02 -6.188133e+00 -5.000000e+01
    endloop
  endfacet
  facet normal -5.640989e-02 -9.984077e-01 -0.000000e+00
    outer loop
      vertex   -1.082098e+02 -6.245489e+00 0.000000e+00
      vertex   -1.092250e+02 -6.188133e+00 -5.000000e+01
      vertex   -1.082098e+02 -6.245489e+00 -1.000000e+02
    endloop
  endfacet
  facet normal -5.640989e-02 -9.984077e-01 0.000000e+00
    outer loop
      vertex   -1.082098e+02 -6.245489e+00 -1.000000e+02
      vertex   -1.092250e+02 -6.188133e+00 -5.000000e+01
      vertex   -1.092250e+02 -6.188133e+00 -5.077500e+01
    endloop
  endfacet
  facet normal -5.640989e-02 -9.984077e-01 9.757762e-18
    outer loop
      vertex   -1.082098e+02 -6.245489e+00 -1.000000e+02
      vertex   -1.092250e+02 -6.188133e+00 -5.077500e+01
      vertex   -1.092483e+02 -6.186815e+00 -1.000000e+02
    endloop
  endfacet
  facet normal -5.640989e-02 -9.984077e-01 0.000000e+00
    outer loop
      vertex   -1.092483e+02 -6.186815e+00 -1.000000e+02
      vertex   -1.092250e+02 -6.188133e+00 -5.077500e+01
      vertex   -1.092483e+02 -6.186815e+00 -5.077500e+01
    endloop
  endfacet
  facet normal 5.682107e-02 9.983844e-01 -3.728221e-17
    outer loop
      vertex   -1.101148e+02 -3.132646e+00 -5.071991e+01
      vertex   -1.099947e+02 -3.139479e+00 -5.075685e+01
      vertex   -1.101148e+02 -3.132646e+00 -1.000000e+02
    endloop
  endfacet
  facet normal 5.682107e-02 9.983844e-01 -2.648546e-17
    outer loop
      vertex   -1.101148e+02 -3.132646e+00 -1.000000e+02
      vertex   -1.099947e+02 -3.139479e+00 -5.075685e+01
      vertex   -1.098703e+02 -3.146562e+00 -5.077386e+01
    endloop
  endfacet
  facet normal 5.682107e-02 9.983844e-01 -5.016448e-17
    outer loop
      vertex   -1.101148e+02 -3.132646e+00 -1.000000e+02
      vertex   -1.098703e+02 -3.146562e+00 -5.077386e+01
      vertex   -1.097447e+02 -3.153708e+00 -5.077047e+01
    endloop
  endfacet
  facet normal 5.682107e-02 9.983844e-01 5.069490e-18
    outer loop
      vertex   -1.097447e+02 -3.153708e+00 -5.077047e+01
      vertex   -1.096214e+02 -3.160729e+00 -5.074678e+01
      vertex   -1.101148e+02 -3.132646e+00 -1.000000e+02
    endloop
  endfacet
  facet normal 5.682107e-02 9.983844e-01 -1.689746e-17
    outer loop
      vertex   -1.101148e+02 -3.132646e+00 -1.000000e+02
      vertex   -1.096214e+02 -3.160729e+00 -5.074678e+01
      vertex   -1.090785e+02 -3.191627e+00 -1.000000e+02
    endloop
  endfacet
  facet normal 5.682107e-02 9.983844e-01 2.376267e-18
    outer loop
      vertex   -1.090785e+02 -3.191627e+00 -1.000000e+02
      vertex   -1.096214e+02 -3.160729e+00 -5.074678e+01
      vertex   -1.095035e+02 -3.167439e+00 -5.070341e+01
    endloop
  endfacet
  facet normal 5.682107e-02 9.983844e-01 6.123021e-17
    outer loop
      vertex   -1.090785e+02 -3.191627e+00 -1.000000e+02
      vertex   -1.095035e+02 -3.167439e+00 -5.070341e+01
      vertex   -1.093941e+02 -3.173662e+00 -5.064150e+01
    endloop
  endfacet
  facet normal 5.682107e-02 9.983844e-01 -6.074918e-17
    outer loop
      vertex   -1.093941e+02 -3.173662e+00 -5.064150e+01
      vertex   -1.092962e+02 -3.179234e+00 -5.056269e+01
      vertex   -1.090785e+02 -3.191627e+00 -1.000000e+02
    endloop
  endfacet
  facet normal 5.682107e-02 9.983844e-01 2.784466e-17
    outer loop
      vertex   -1.090785e+02 -3.191627e+00 -1.000000e+02
      vertex   -1.092962e+02 -3.179234e+00 -5.056269e+01
      vertex   -1.092123e+02 -3.184008e+00 -5.046905e+01
    endloop
  endfacet
  facet normal 5.682107e-02 9.983844e-01 2.451151e-17
    outer loop
      vertex   -1.090785e+02 -3.191627e+00 -1.000000e+02
      vertex   -1.092123e+02 -3.184008e+00 -5.046905e+01
      vertex   -1.091447e+02 -3.187858e+00 -5.036305e+01
    endloop
  endfacet
  facet normal 5.682107e-02 9.983844e-01 9.007044e-18
    outer loop
      vertex   -1.090785e+02 -3.191627e+00 -1.000000e+02
      vertex   -1.091447e+02 -3.187858e+00 -5.036305e+01
      vertex   -1.090785e+02 -3.191627e+00 -5.077500e+01
    endloop
  endfacet
  facet normal 5.682107e-02 9.983844e-01 -2.350702e-15
    outer loop
      vertex   -1.090785e+02 -3.191627e+00 -5.077500e+01
      vertex   -1.091447e+02 -3.187858e+00 -5.036305e+01
      vertex   -1.090950e+02 -3.190684e+00 -5.024748e+01
    endloop
  endfacet
  facet normal 5.682107e-02 9.983844e-01 -1.716387e-15
    outer loop
      vertex   -1.090785e+02 -3.191627e+00 -5.077500e+01
      vertex   -1.090950e+02 -3.190684e+00 -5.024748e+01
      vertex   -1.090647e+02 -3.192409e+00 -5.012539e+01
    endloop
  endfacet
  facet normal 5.585577e-02 9.984388e-01 5.721238e-16
    outer loop
      vertex   -1.090545e+02 -3.192979e+00 -5.000000e+01
      vertex   -1.090545e+02 -3.192979e+00 -5.077500e+01
      vertex   -1.090647e+02 -3.192409e+00 -5.012539e+01
    endloop
  endfacet
  facet normal 5.640989e-02 9.984077e-01 8.724177e-06
    outer loop
      vertex   -1.090647e+02 -3.192409e+00 -5.012539e+01
      vertex   -1.090545e+02 -3.192979e+00 -5.077500e+01
      vertex   -1.090785e+02 -3.191627e+00 -5.077500e+01
    endloop
  endfacet
  facet normal 5.721748e-02 9.983617e-01 -2.065610e-18
    outer loop
      vertex   -1.101148e+02 -3.132646e+00 -4.928009e+01
      vertex   -1.102324e+02 -3.125906e+00 -4.933911e+01
      vertex   -1.101148e+02 -3.132646e+00 -3.000000e+00
    endloop
  endfacet
  facet normal 5.721748e-02 9.983617e-01 3.755957e-18
    outer loop
      vertex   -1.101148e+02 -3.132646e+00 -3.000000e+00
      vertex   -1.102324e+02 -3.125906e+00 -4.933911e+01
      vertex   -1.103383e+02 -3.119835e+00 -4.941723e+01
    endloop
  endfacet
  facet normal 5.721748e-02 9.983617e-01 3.968598e-17
    outer loop
      vertex   -1.101148e+02 -3.132646e+00 -3.000000e+00
      vertex   -1.103383e+02 -3.119835e+00 -4.941723e+01
      vertex   -1.104295e+02 -3.114609e+00 -4.951218e+01
    endloop
  endfacet
  facet normal 5.721748e-02 9.983617e-01 5.255128e-17
    outer loop
      vertex   -1.104295e+02 -3.114609e+00 -4.951218e+01
      vertex   -1.105033e+02 -3.110379e+00 -4.962124e+01
      vertex   -1.101148e+02 -3.132646e+00 -3.000000e+00
    endloop
  endfacet
  facet normal 5.721748e-02 9.983617e-01 -1.254583e-17
    outer loop
      vertex   -1.101148e+02 -3.132646e+00 -3.000000e+00
      vertex   -1.105033e+02 -3.110379e+00 -4.962124e+01
      vertex   -1.105576e+02 -3.107268e+00 -4.974124e+01
    endloop
  endfacet
  facet normal 5.721748e-02 9.983617e-01 -3.183058e-16
    outer loop
      vertex   -1.101148e+02 -3.132646e+00 -3.000000e+00
      vertex   -1.105576e+02 -3.107268e+00 -4.974124e+01
      vertex   -1.105908e+02 -3.105364e+00 -4.986872e+01
    endloop
  endfacet
  facet normal 5.721748e-02 9.983617e-01 1.341953e-17
    outer loop
      vertex   -1.101148e+02 -3.132646e+00 -3.000000e+00
      vertex   -1.105908e+02 -3.105364e+00 -4.986872e+01
      vertex   -1.111501e+02 -3.073309e+00 -3.000000e+00
    endloop
  endfacet
  facet normal 5.721748e-02 9.983617e-01 -8.464415e-16
    outer loop
      vertex   -1.111501e+02 -3.073309e+00 -3.000000e+00
      vertex   -1.105908e+02 -3.105364e+00 -4.986872e+01
      vertex   -1.106020e+02 -3.104723e+00 -5.000000e+01
    endloop
  endfacet
  facet normal 5.721748e-02 9.983617e-01 0.000000e+00
    outer loop
      vertex   -1.111501e+02 -3.073309e+00 -3.000000e+00
      vertex   -1.106020e+02 -3.104723e+00 -5.000000e+01
      vertex   -1.111501e+02 -3.073309e+00 -1.000000e+02
    endloop
  endfacet
  facet normal 5.721748e-02 9.983617e-01 1.097872e-15
    outer loop
      vertex   -1.111501e+02 -3.073309e+00 -1.000000e+02
      vertex   -1.106020e+02 -3.104723e+00 -5.000000e+01
      vertex   -1.105908e+02 -3.105364e+00 -5.013128e+01
    endloop
  endfacet
  facet normal 5.721748e-02 9.983617e-01 -1.932087e-17
    outer loop
      vertex   -1.111501e+02 -3.073309e+00 -1.000000e+02
      vertex   -1.105908e+02 -3.105364e+00 -5.013128e+01
      vertex   -1.101148e+02 -3.132646e+00 -1.000000e+02
    endloop
  endfacet
  facet normal 5.721748e-02 9.983617e-01 3.885003e-16
    outer loop
      vertex   -1.101148e+02 -3.132646e+00 -1.000000e+02
      vertex   -1.105908e+02 -3.105364e+00 -5.013128e+01
      vertex   -1.105576e+02 -3.107268e+00 -5.025876e+01
    endloop
  endfacet
  facet normal 5.721748e-02 9.983617e-01 6.606512e-17
    outer loop
      vertex   -1.101148e+02 -3.132646e+00 -1.000000e+02
      vertex   -1.105576e+02 -3.107268e+00 -5.025876e+01
      vertex   -1.105033e+02 -3.110379e+00 -5.037876e+01
    endloop
  endfacet
  facet normal 5.721748e-02 9.983617e-01 -1.608683e-17
    outer loop
      vertex   -1.105033e+02 -3.110379e+00 -5.037876e+01
      vertex   -1.104295e+02 -3.114609e+00 -5.048782e+01
      vertex   -1.101148e+02 -3.132646e+00 -1.000000e+02
    endloop
  endfacet
  facet normal 5.721748e-02 9.983617e-01 -3.282439e-18
    outer loop
      vertex   -1.101148e+02 -3.132646e+00 -1.000000e+02
      vertex   -1.104295e+02 -3.114609e+00 -5.048782e+01
      vertex   -1.103383e+02 -3.119835e+00 -5.058277e+01
    endloop
  endfacet
  facet normal 5.721748e-02 9.983617e-01 2.166103e-17
    outer loop
      vertex   -1.101148e+02 -3.132646e+00 -1.000000e+02
      vertex   -1.103383e+02 -3.119835e+00 -5.058277e+01
      vertex   -1.102324e+02 -3.125906e+00 -5.066089e+01
    endloop
  endfacet
  facet normal 5.721748e-02 9.983617e-01 1.942414e-18
    outer loop
      vertex   -1.102324e+02 -3.125906e+00 -5.066089e+01
      vertex   -1.101148e+02 -3.132646e+00 -5.071991e+01
      vertex   -1.101148e+02 -3.132646e+00 -1.000000e+02
    endloop
  endfacet
  facet normal 3.381132e-02 1.530240e-03 -9.994271e-01
    outer loop
      vertex   -3.009128e+01 -8.208031e+00 -4.923040e+01
      vertex   -3.009013e+01 -5.205393e+00 -4.922577e+01
      vertex   -2.996095e+01 -8.202614e+00 -4.922599e+01
    endloop
  endfacet
  facet normal -1.262729e-01 -5.370108e-03 -9.919810e-01
    outer loop
      vertex   -2.996095e+01 -8.202614e+00 -4.922599e+01
      vertex   -3.009013e+01 -5.205393e+00 -4.922577e+01
      vertex   -2.996399e+01 -5.199762e+00 -4.924186e+01
    endloop
  endfacet
  facet normal -1.293740e-01 -5.371136e-03 -9.915813e-01
    outer loop
      vertex   -2.996095e+01 -8.202614e+00 -4.922599e+01
      vertex   -2.996399e+01 -5.199762e+00 -4.924186e+01
      vertex   -2.983917e+01 -8.197178e+00 -4.924190e+01
    endloop
  endfacet
  facet normal -2.843975e-01 -1.182692e-02 -9.586335e-01
    outer loop
      vertex   -2.983917e+01 -8.197178e+00 -4.924190e+01
      vertex   -2.996399e+01 -5.199762e+00 -4.924186e+01
      vertex   -2.972145e+01 -8.191923e+00 -4.927689e+01
    endloop
  endfacet
  facet normal -2.868060e-01 -1.203058e-02 -9.579132e-01
    outer loop
      vertex   -2.972145e+01 -8.191923e+00 -4.927689e+01
      vertex   -2.996399e+01 -5.199762e+00 -4.924186e+01
      vertex   -2.984218e+01 -5.194325e+00 -4.927839e+01
    endloop
  endfacet
  facet normal -4.322712e-01 -1.786109e-02 -9.015667e-01
    outer loop
      vertex   -2.972145e+01 -8.191923e+00 -4.927689e+01
      vertex   -2.984218e+01 -5.194325e+00 -4.927839e+01
      vertex   -2.961073e+01 -8.186981e+00 -4.933008e+01
    endloop
  endfacet
  facet normal -4.395968e-01 -1.848915e-02 -8.980049e-01
    outer loop
      vertex   -2.961073e+01 -8.186981e+00 -4.933008e+01
      vertex   -2.984218e+01 -5.194325e+00 -4.927839e+01
      vertex   -2.972798e+01 -5.189227e+00 -4.933440e+01
    endloop
  endfacet
  facet normal -5.692688e-01 -2.345141e-02 -8.218169e-01
    outer loop
      vertex   -2.961073e+01 -8.186981e+00 -4.933008e+01
      vertex   -2.972798e+01 -5.189227e+00 -4.933440e+01
      vertex   -2.950980e+01 -8.182475e+00 -4.940012e+01
    endloop
  endfacet
  facet normal -5.805293e-01 -2.444663e-02 -8.138723e-01
    outer loop
      vertex   -2.950980e+01 -8.182475e+00 -4.940012e+01
      vertex   -2.972798e+01 -5.189227e+00 -4.933440e+01
      vertex   -2.962449e+01 -5.184608e+00 -4.940836e+01
    endloop
  endfacet
  facet normal -6.919436e-01 -2.845464e-02 -7.213906e-01
    outer loop
      vertex   -2.950980e+01 -8.182475e+00 -4.940012e+01
      vertex   -2.962449e+01 -5.184608e+00 -4.940836e+01
      vertex   -2.942121e+01 -8.178521e+00 -4.948525e+01
    endloop
  endfacet
  facet normal -7.058017e-01 -2.974499e-02 -7.077847e-01
    outer loop
      vertex   -2.942121e+01 -8.178521e+00 -4.948525e+01
      vertex   -2.962449e+01 -5.184608e+00 -4.940836e+01
      vertex   -2.953449e+01 -5.180590e+00 -4.949828e+01
    endloop
  endfacet
  facet normal -7.972094e-01 -3.274250e-02 -6.028144e-01
    outer loop
      vertex   -2.942121e+01 -8.178521e+00 -4.948525e+01
      vertex   -2.953449e+01 -5.180590e+00 -4.949828e+01
      vertex   -2.934718e+01 -8.175216e+00 -4.958333e+01
    endloop
  endfacet
  facet normal -8.120344e-01 -3.424376e-02 -5.826040e-01
    outer loop
      vertex   -2.934718e+01 -8.175216e+00 -4.958333e+01
      vertex   -2.953449e+01 -5.180590e+00 -4.949828e+01
      vertex   -2.946040e+01 -5.177283e+00 -4.960173e+01
    endloop
  endfacet
  facet normal -8.824176e-01 -3.620491e-02 -4.690718e-01
    outer loop
      vertex   -2.934718e+01 -8.175216e+00 -4.958333e+01
      vertex   -2.946040e+01 -5.177283e+00 -4.960173e+01
      vertex   -2.928958e+01 -8.172645e+00 -4.969190e+01
    endloop
  endfacet
  facet normal -8.963617e-01 -3.782383e-02 -4.417071e-01
    outer loop
      vertex   -2.928958e+01 -8.172645e+00 -4.969190e+01
      vertex   -2.946040e+01 -5.177283e+00 -4.960173e+01
      vertex   -2.940423e+01 -5.174776e+00 -4.971593e+01
    endloop
  endfacet
  facet normal -9.454248e-01 -3.875278e-02 -3.235276e-01
    outer loop
      vertex   -2.928958e+01 -8.172645e+00 -4.969190e+01
      vertex   -2.940423e+01 -5.174776e+00 -4.971593e+01
      vertex   -2.924984e+01 -8.170871e+00 -4.980821e+01
    endloop
  endfacet
  facet normal -9.565085e-01 -4.039063e-02 -2.888946e-01
    outer loop
      vertex   -2.924984e+01 -8.170871e+00 -4.980821e+01
      vertex   -2.940423e+01 -5.174776e+00 -4.971593e+01
      vertex   -2.936750e+01 -5.173136e+00 -4.983779e+01
    endloop
  endfacet
  facet normal -9.846458e-01 -4.032022e-02 -1.698438e-01
    outer loop
      vertex   -2.924984e+01 -8.170871e+00 -4.980821e+01
      vertex   -2.936750e+01 -5.173136e+00 -4.983779e+01
      vertex   -2.922899e+01 -8.169940e+00 -4.992936e+01
    endloop
  endfacet
  facet normal -9.892684e-01 -4.144236e-02 -1.401093e-01
    outer loop
      vertex   -2.922899e+01 -8.169940e+00 -4.992936e+01
      vertex   -2.936750e+01 -5.173136e+00 -4.983779e+01
      vertex   -2.935226e+01 -5.172408e+00 -4.994557e+01
    endloop
  endfacet
  facet normal -9.972924e-01 -4.134338e-02 -6.081527e-02
    outer loop
      vertex   -2.922899e+01 -8.169940e+00 -4.992936e+01
      vertex   -2.935226e+01 -5.172408e+00 -4.994557e+01
      vertex   -2.922612e+01 -8.169803e+00 -4.997642e+01
    endloop
  endfacet
  facet normal -9.991157e-01 -4.204603e-02 -6.563324e-12
    outer loop
      vertex   -2.922612e+01 -8.169803e+00 -4.997642e+01
      vertex   -2.935226e+01 -5.172408e+00 -4.994557e+01
      vertex   -2.922612e+01 -8.169803e+00 -5.002358e+01
    endloop
  endfacet
  facet normal -9.991157e-01 -4.204603e-02 6.502265e-12
    outer loop
      vertex   -2.922612e+01 -8.169803e+00 -5.002358e+01
      vertex   -2.935226e+01 -5.172408e+00 -4.994557e+01
      vertex   -2.935226e+01 -5.172408e+00 -5.005443e+01
    endloop
  endfacet
  facet normal -9.972924e-01 -4.134338e-02 6.081527e-02
    outer loop
      vertex   -2.922612e+01 -8.169803e+00 -5.002358e+01
      vertex   -2.935226e+01 -5.172408e+00 -5.005443e+01
      vertex   -2.922899e+01 -8.169940e+00 -5.007064e+01
    endloop
  endfacet
  facet normal -9.892684e-01 -4.144236e-02 1.401093e-01
    outer loop
      vertex   -2.922899e+01 -8.169940e+00 -5.007064e+01
      vertex   -2.935226e+01 -5.172408e+00 -5.005443e+01
      vertex   -2.936750e+01 -5.173136e+00 -5.016221e+01
    endloop
  endfacet
  facet normal -9.846458e-01 -4.032022e-02 1.698438e-01
    outer loop
      vertex   -2.922899e+01 -8.169940e+00 -5.007064e+01
      vertex   -2.936750e+01 -5.173136e+00 -5.016221e+01
      vertex   -2.924984e+01 -8.170871e+00 -5.019179e+01
    endloop
  endfacet
  facet normal -9.565085e-01 -4.039063e-02 2.888946e-01
    outer loop
      vertex   -2.924984e+01 -8.170871e+00 -5.019179e+01
      vertex   -2.936750e+01 -5.173136e+00 -5.016221e+01
      vertex   -2.940423e+01 -5.174776e+00 -5.028407e+01
    endloop
  endfacet
  facet normal -9.454248e-01 -3.875278e-02 3.235276e-01
    outer loop
      vertex   -2.924984e+01 -8.170871e+00 -5.019179e+01
      vertex   -2.940423e+01 -5.174776e+00 -5.028407e+01
      vertex   -2.928958e+01 -8.172645e+00 -5.030810e+01
    endloop
  endfacet
  facet normal -8.963617e-01 -3.782383e-02 4.417071e-01
    outer loop
      vertex   -2.928958e+01 -8.172645e+00 -5.030810e+01
      vertex   -2.940423e+01 -5.174776e+00 -5.028407e+01
      vertex   -2.946040e+01 -5.177283e+00 -5.039827e+01
    endloop
  endfacet
  facet normal -8.824176e-01 -3.620491e-02 4.690718e-01
    outer loop
      vertex   -2.928958e+01 -8.172645e+00 -5.030810e+01
      vertex   -2.946040e+01 -5.177283e+00 -5.039827e+01
      vertex   -2.934718e+01 -8.175216e+00 -5.041667e+01
    endloop
  endfacet
  facet normal -8.120344e-01 -3.424376e-02 5.826040e-01
    outer loop
      vertex   -2.934718e+01 -8.175216e+00 -5.041667e+01
      vertex   -2.946040e+01 -5.177283e+00 -5.039827e+01
      vertex   -2.953449e+01 -5.180590e+00 -5.050172e+01
    endloop
  endfacet
  facet normal -7.972094e-01 -3.274250e-02 6.028144e-01
    outer loop
      vertex   -2.934718e+01 -8.175216e+00 -5.041667e+01
      vertex   -2.953449e+01 -5.180590e+00 -5.050172e+01
      vertex   -2.942121e+01 -8.178521e+00 -5.051475e+01
    endloop
  endfacet
  facet normal -7.058017e-01 -2.974499e-02 7.077847e-01
    outer loop
      vertex   -2.942121e+01 -8.178521e+00 -5.051475e+01
      vertex   -2.953449e+01 -5.180590e+00 -5.050172e+01
      vertex   -2.962449e+01 -5.184608e+00 -5.059164e+01
    endloop
  endfacet
  facet normal -6.919436e-01 -2.845464e-02 7.213906e-01
    outer loop
      vertex   -2.942121e+01 -8.178521e+00 -5.051475e+01
      vertex   -2.962449e+01 -5.184608e+00 -5.059164e+01
      vertex   -2.950980e+01 -8.182475e+00 -5.059988e+01
    endloop
  endfacet
  facet normal -5.805293e-01 -2.444663e-02 8.138723e-01
    outer loop
      vertex   -2.950980e+01 -8.182475e+00 -5.059988e+01
      vertex   -2.962449e+01 -5.184608e+00 -5.059164e+01
      vertex   -2.972798e+01 -5.189227e+00 -5.066560e+01
    endloop
  endfacet
  facet normal -5.692688e-01 -2.345141e-02 8.218169e-01
    outer loop
      vertex   -2.950980e+01 -8.182475e+00 -5.059988e+01
      vertex   -2.972798e+01 -5.189227e+00 -5.066560e+01
      vertex   -2.961073e+01 -8.186981e+00 -5.066992e+01
    endloop
  endfacet
  facet normal -4.395968e-01 -1.848915e-02 8.980049e-01
    outer loop
      vertex   -2.961073e+01 -8.186981e+00 -5.066992e+01
      vertex   -2.972798e+01 -5.189227e+00 -5.066560e+01
      vertex   -2.984218e+01 -5.194325e+00 -5.072161e+01
    endloop
  endfacet
  facet normal -4.322712e-01 -1.786109e-02 9.015667e-01
    outer loop
      vertex   -2.961073e+01 -8.186981e+00 -5.066992e+01
      vertex   -2.984218e+01 -5.194325e+00 -5.072161e+01
      vertex   -2.972145e+01 -8.191923e+00 -5.072311e+01
    endloop
  endfacet
  facet normal -2.868060e-01 -1.203058e-02 9.579132e-01
    outer loop
      vertex   -2.972145e+01 -8.191923e+00 -5.072311e+01
      vertex   -2.984218e+01 -5.194325e+00 -5.072161e+01
      vertex   -2.996399e+01 -5.199762e+00 -5.075814e+01
    endloop
  endfacet
  facet normal -2.843975e-01 -1.182692e-02 9.586335e-01
    outer loop
      vertex   -2.972145e+01 -8.191923e+00 -5.072311e+01
      vertex   -2.996399e+01 -5.199762e+00 -5.075814e+01
      vertex   -2.983917e+01 -8.197178e+00 -5.075810e+01
    endloop
  endfacet
  facet normal -1.293740e-01 -5.371136e-03 9.915813e-01
    outer loop
      vertex   -2.983917e+01 -8.197178e+00 -5.075810e+01
      vertex   -2.996399e+01 -5.199762e+00 -5.075814e+01
      vertex   -2.996095e+01 -8.202614e+00 -5.077401e+01
    endloop
  endfacet
  facet normal -1.262729e-01 -5.370108e-03 9.919810e-01
    outer loop
      vertex   -2.996095e+01 -8.202614e+00 -5.077401e+01
      vertex   -2.996399e+01 -5.199762e+00 -5.075814e+01
      vertex   -3.009013e+01 -5.205393e+00 -5.077423e+01
    endloop
  endfacet
  facet normal 3.381132e-02 1.530240e-03 9.994271e-01
    outer loop
      vertex   -2.996095e+01 -8.202614e+00 -5.077401e+01
      vertex   -3.009013e+01 -5.205393e+00 -5.077423e+01
      vertex   -3.009128e+01 -8.208031e+00 -5.076960e+01
    endloop
  endfacet
  facet normal 3.838015e-02 1.528227e-03 9.992620e-01
    outer loop
      vertex   -3.009128e+01 -8.208031e+00 -5.076960e+01
      vertex   -3.009013e+01 -5.205393e+00 -5.077423e+01
      vertex   -3.021832e+01 -5.210721e+00 -5.076930e+01
    endloop
  endfacet
  facet normal 2.009153e-01 8.419002e-03 9.795724e-01
    outer loop
      vertex   -3.009128e+01 -8.208031e+00 -5.076960e+01
      vertex   -3.021832e+01 -5.210721e+00 -5.076930e+01
      vertex   -3.021903e+01 -8.213341e+00 -5.074335e+01
    endloop
  endfacet
  facet normal 2.026915e-01 8.415418e-03 9.792065e-01
    outer loop
      vertex   -3.021903e+01 -8.213341e+00 -5.074335e+01
      vertex   -3.021832e+01 -5.210721e+00 -5.076930e+01
      vertex   -3.034394e+01 -5.215942e+00 -5.074325e+01
    endloop
  endfacet
  facet normal 3.614410e-01 1.503228e-02 9.322738e-01
    outer loop
      vertex   -3.021903e+01 -8.213341e+00 -5.074335e+01
      vertex   -3.034394e+01 -5.215942e+00 -5.074325e+01
      vertex   -3.046354e+01 -5.220913e+00 -5.069680e+01
    endloop
  endfacet
  facet normal 3.838015e-02 1.528227e-03 -9.992620e-01
    outer loop
      vertex   -3.009013e+01 -5.205393e+00 -4.922577e+01
      vertex   -3.009128e+01 -8.208031e+00 -4.923040e+01
      vertex   -3.021832e+01 -5.210721e+00 -4.923070e+01
    endloop
  endfacet
  facet normal 2.009153e-01 8.419002e-03 -9.795724e-01
    outer loop
      vertex   -3.021832e+01 -5.210721e+00 -4.923070e+01
      vertex   -3.009128e+01 -8.208031e+00 -4.923040e+01
      vertex   -3.021903e+01 -8.213341e+00 -4.925665e+01
    endloop
  endfacet
  facet normal 2.026915e-01 8.415418e-03 -9.792065e-01
    outer loop
      vertex   -3.021832e+01 -5.210721e+00 -4.923070e+01
      vertex   -3.021903e+01 -8.213341e+00 -4.925665e+01
      vertex   -3.034394e+01 -5.215942e+00 -4.925675e+01
    endloop
  endfacet
  facet normal 3.614410e-01 1.503228e-02 -9.322738e-01
    outer loop
      vertex   -3.034394e+01 -5.215942e+00 -4.925675e+01
      vertex   -3.021903e+01 -8.213341e+00 -4.925665e+01
      vertex   -3.046354e+01 -5.220913e+00 -4.930320e+01
    endloop
  endfacet
  facet normal 3.623186e-01 1.510931e-02 -9.319318e-01
    outer loop
      vertex   -3.046354e+01 -5.220913e+00 -4.930320e+01
      vertex   -3.021903e+01 -8.213341e+00 -4.925665e+01
      vertex   -3.034057e+01 -8.218392e+00 -4.930398e+01
    endloop
  endfacet
  facet normal 5.102729e-01 2.115998e-02 -8.597522e-01
    outer loop
      vertex   -3.046354e+01 -5.220913e+00 -4.930320e+01
      vertex   -3.034057e+01 -8.218392e+00 -4.930398e+01
      vertex   -3.057383e+01 -5.225498e+00 -4.936877e+01
    endloop
  endfacet
  facet normal 5.134414e-01 2.144796e-02 -8.578566e-01
    outer loop
      vertex   -3.057383e+01 -5.225498e+00 -4.936877e+01
      vertex   -3.034057e+01 -8.218392e+00 -4.930398e+01
      vertex   -3.045245e+01 -8.223042e+00 -4.937106e+01
    endloop
  endfacet
  facet normal 6.450989e-01 2.670750e-02 -7.636322e-01
    outer loop
      vertex   -3.057383e+01 -5.225498e+00 -4.936877e+01
      vertex   -3.045245e+01 -8.223042e+00 -4.937106e+01
      vertex   -3.067180e+01 -5.229569e+00 -4.945167e+01
    endloop
  endfacet
  facet normal 6.500001e-01 2.717932e-02 -7.594479e-01
    outer loop
      vertex   -3.067180e+01 -5.229569e+00 -4.945167e+01
      vertex   -3.045245e+01 -8.223042e+00 -4.937106e+01
      vertex   -3.055149e+01 -8.227159e+00 -4.945598e+01
    endloop
  endfacet
  facet normal 7.622183e-01 3.152102e-02 -6.465521e-01
    outer loop
      vertex   -3.067180e+01 -5.229569e+00 -4.945167e+01
      vertex   -3.055149e+01 -8.227159e+00 -4.945598e+01
      vertex   -3.075474e+01 -5.233017e+00 -4.954962e+01
    endloop
  endfacet
  facet normal 7.681213e-01 3.214238e-02 -6.394972e-01
    outer loop
      vertex   -3.075474e+01 -5.233017e+00 -4.954962e+01
      vertex   -3.055149e+01 -8.227159e+00 -4.945598e+01
      vertex   -3.063489e+01 -8.230625e+00 -4.955632e+01
    endloop
  endfacet
  facet normal 8.584166e-01 3.546693e-02 -5.117256e-01
    outer loop
      vertex   -3.075474e+01 -5.233017e+00 -4.954962e+01
      vertex   -3.063489e+01 -8.230625e+00 -4.955632e+01
      vertex   -3.082039e+01 -5.235745e+00 -4.965993e+01
    endloop
  endfacet
  facet normal 8.644541e-01 3.619787e-02 -5.014068e-01
    outer loop
      vertex   -3.082039e+01 -5.235745e+00 -4.965993e+01
      vertex   -3.063489e+01 -8.230625e+00 -4.955632e+01
      vertex   -3.070028e+01 -8.233343e+00 -4.966926e+01
    endloop
  endfacet
  facet normal 9.284096e-01 3.835046e-02 -3.695738e-01
    outer loop
      vertex   -3.082039e+01 -5.235745e+00 -4.965993e+01
      vertex   -3.070028e+01 -8.233343e+00 -4.966926e+01
      vertex   -3.086368e+01 -5.237416e+00 -4.976887e+01
    endloop
  endfacet
  facet normal 9.324426e-01 3.891481e-02 -3.592164e-01
    outer loop
      vertex   -3.086368e+01 -5.237416e+00 -4.976887e+01
      vertex   -3.070028e+01 -8.233343e+00 -4.966926e+01
      vertex   -3.074112e+01 -8.234919e+00 -4.977546e+01
    endloop
  endfacet
  facet normal 9.734829e-01 4.029813e-02 -2.251823e-01
    outer loop
      vertex   -3.086368e+01 -5.237416e+00 -4.976887e+01
      vertex   -3.074112e+01 -8.234919e+00 -4.977546e+01
      vertex   -3.089006e+01 -5.238433e+00 -4.988310e+01
    endloop
  endfacet
  facet normal 9.749524e-01 4.060490e-02 -2.186755e-01
    outer loop
      vertex   -3.089006e+01 -5.238433e+00 -4.988310e+01
      vertex   -3.074112e+01 -8.234919e+00 -4.977546e+01
      vertex   -3.076599e+01 -8.235878e+00 -4.988651e+01
    endloop
  endfacet
  facet normal 9.962787e-01 4.132496e-02 -7.563772e-02
    outer loop
      vertex   -3.089006e+01 -5.238433e+00 -4.988310e+01
      vertex   -3.076599e+01 -8.235878e+00 -4.988651e+01
      vertex   -3.089893e+01 -5.238775e+00 -5.000000e+01
    endloop
  endfacet
  facet normal 9.964408e-01 4.141615e-02 -7.341955e-02
    outer loop
      vertex   -3.089893e+01 -5.238775e+00 -5.000000e+01
      vertex   -3.076599e+01 -8.235878e+00 -4.988651e+01
      vertex   -3.077434e+01 -8.236200e+00 -5.000000e+01
    endloop
  endfacet
  facet normal 9.964408e-01 4.141615e-02 7.341955e-02
    outer loop
      vertex   -3.089893e+01 -5.238775e+00 -5.000000e+01
      vertex   -3.077434e+01 -8.236200e+00 -5.000000e+01
      vertex   -3.076599e+01 -8.235878e+00 -5.011349e+01
    endloop
  endfacet
  facet normal 9.962787e-01 4.132496e-02 7.563772e-02
    outer loop
      vertex   -3.089893e+01 -5.238775e+00 -5.000000e+01
      vertex   -3.076599e+01 -8.235878e+00 -5.011349e+01
      vertex   -3.089006e+01 -5.238433e+00 -5.011690e+01
    endloop
  endfacet
  facet normal 9.749524e-01 4.060490e-02 2.186755e-01
    outer loop
      vertex   -3.089006e+01 -5.238433e+00 -5.011690e+01
      vertex   -3.076599e+01 -8.235878e+00 -5.011349e+01
      vertex   -3.074112e+01 -8.234919e+00 -5.022454e+01
    endloop
  endfacet
  facet normal 9.734829e-01 4.029813e-02 2.251823e-01
    outer loop
      vertex   -3.089006e+01 -5.238433e+00 -5.011690e+01
      vertex   -3.074112e+01 -8.234919e+00 -5.022454e+01
      vertex   -3.086368e+01 -5.237416e+00 -5.023113e+01
    endloop
  endfacet
  facet normal 9.324426e-01 3.891481e-02 3.592164e-01
    outer loop
      vertex   -3.086368e+01 -5.237416e+00 -5.023113e+01
      vertex   -3.074112e+01 -8.234919e+00 -5.022454e+01
      vertex   -3.070028e+01 -8.233343e+00 -5.033074e+01
    endloop
  endfacet
  facet normal 9.284096e-01 3.835046e-02 3.695738e-01
    outer loop
      vertex   -3.086368e+01 -5.237416e+00 -5.023113e+01
      vertex   -3.070028e+01 -8.233343e+00 -5.033074e+01
      vertex   -3.082039e+01 -5.235745e+00 -5.034007e+01
    endloop
  endfacet
  facet normal 8.644541e-01 3.619787e-02 5.014068e-01
    outer loop
      vertex   -3.082039e+01 -5.235745e+00 -5.034007e+01
      vertex   -3.070028e+01 -8.233343e+00 -5.033074e+01
      vertex   -3.063489e+01 -8.230625e+00 -5.044368e+01
    endloop
  endfacet
  facet normal 8.584166e-01 3.546693e-02 5.117256e-01
    outer loop
      vertex   -3.082039e+01 -5.235745e+00 -5.034007e+01
      vertex   -3.063489e+01 -8.230625e+00 -5.044368e+01
      vertex   -3.075474e+01 -5.233017e+00 -5.045038e+01
    endloop
  endfacet
  facet normal 7.681213e-01 3.214238e-02 6.394972e-01
    outer loop
      vertex   -3.075474e+01 -5.233017e+00 -5.045038e+01
      vertex   -3.063489e+01 -8.230625e+00 -5.044368e+01
      vertex   -3.055149e+01 -8.227159e+00 -5.054402e+01
    endloop
  endfacet
  facet normal 7.622183e-01 3.152102e-02 6.465521e-01
    outer loop
      vertex   -3.075474e+01 -5.233017e+00 -5.045038e+01
      vertex   -3.055149e+01 -8.227159e+00 -5.054402e+01
      vertex   -3.067180e+01 -5.229569e+00 -5.054833e+01
    endloop
  endfacet
  facet normal 6.500001e-01 2.717932e-02 7.594479e-01
    outer loop
      vertex   -3.067180e+01 -5.229569e+00 -5.054833e+01
      vertex   -3.055149e+01 -8.227159e+00 -5.054402e+01
      vertex   -3.045245e+01 -8.223042e+00 -5.062894e+01
    endloop
  endfacet
  facet normal 6.450989e-01 2.670750e-02 7.636322e-01
    outer loop
      vertex   -3.067180e+01 -5.229569e+00 -5.054833e+01
      vertex   -3.045245e+01 -8.223042e+00 -5.062894e+01
      vertex   -3.057383e+01 -5.225498e+00 -5.063123e+01
    endloop
  endfacet
  facet normal 5.134414e-01 2.144796e-02 8.578566e-01
    outer loop
      vertex   -3.057383e+01 -5.225498e+00 -5.063123e+01
      vertex   -3.045245e+01 -8.223042e+00 -5.062894e+01
      vertex   -3.034057e+01 -8.218392e+00 -5.069602e+01
    endloop
  endfacet
  facet normal 5.102729e-01 2.115998e-02 8.597522e-01
    outer loop
      vertex   -3.057383e+01 -5.225498e+00 -5.063123e+01
      vertex   -3.034057e+01 -8.218392e+00 -5.069602e+01
      vertex   -3.046354e+01 -5.220913e+00 -5.069680e+01
    endloop
  endfacet
  facet normal 3.623186e-01 1.510931e-02 9.319318e-01
    outer loop
      vertex   -3.046354e+01 -5.220913e+00 -5.069680e+01
      vertex   -3.034057e+01 -8.218392e+00 -5.069602e+01
      vertex   -3.021903e+01 -8.213341e+00 -5.074335e+01
    endloop
  endfacet
  facet normal 2.939710e-01 -1.671348e-02 9.556682e-01
    outer loop
      vertex   -1.101658e+02 -6.134600e+00 -5.075673e+01
      vertex   -1.101148e+02 -3.132646e+00 -5.071991e+01
      vertex   -1.102859e+02 -6.127765e+00 -5.071967e+01
    endloop
  endfacet
  facet normal 4.471995e-01 -2.546959e-02 8.940715e-01
    outer loop
      vertex   -1.102859e+02 -6.127765e+00 -5.071967e+01
      vertex   -1.101148e+02 -3.132646e+00 -5.071991e+01
      vertex   -1.102324e+02 -3.125906e+00 -5.066089e+01
    endloop
  endfacet
  facet normal 4.478872e-01 -2.547509e-02 8.937271e-01
    outer loop
      vertex   -1.102859e+02 -6.127765e+00 -5.071967e+01
      vertex   -1.102324e+02 -3.125906e+00 -5.066089e+01
      vertex   -1.104033e+02 -6.121032e+00 -5.066060e+01
    endloop
  endfacet
  facet normal 5.919374e-01 -3.370448e-02 8.052789e-01
    outer loop
      vertex   -1.104033e+02 -6.121032e+00 -5.066060e+01
      vertex   -1.102324e+02 -3.125906e+00 -5.066089e+01
      vertex   -1.103383e+02 -3.119835e+00 -5.058277e+01
    endloop
  endfacet
  facet normal 5.924616e-01 -3.370584e-02 8.048933e-01
    outer loop
      vertex   -1.104033e+02 -6.121032e+00 -5.066060e+01
      vertex   -1.103383e+02 -3.119835e+00 -5.058277e+01
      vertex   -1.105091e+02 -6.114969e+00 -5.058247e+01
    endloop
  endfacet
  facet normal 7.195677e-01 -4.096573e-02 6.932129e-01
    outer loop
      vertex   -1.105091e+02 -6.114969e+00 -5.058247e+01
      vertex   -1.103383e+02 -3.119835e+00 -5.058277e+01
      vertex   -1.104295e+02 -3.114609e+00 -5.048782e+01
    endloop
  endfacet
  facet normal 7.199370e-01 -4.096343e-02 6.928294e-01
    outer loop
      vertex   -1.105091e+02 -6.114969e+00 -5.058247e+01
      vertex   -1.104295e+02 -3.114609e+00 -5.048782e+01
      vertex   -1.106002e+02 -6.109750e+00 -5.048753e+01
    endloop
  endfacet
  facet normal 8.264017e-01 -4.704339e-02 5.611124e-01
    outer loop
      vertex   -1.106002e+02 -6.109750e+00 -5.048753e+01
      vertex   -1.104295e+02 -3.114609e+00 -5.048782e+01
      vertex   -1.105033e+02 -3.110379e+00 -5.037876e+01
    endloop
  endfacet
  facet normal 8.266344e-01 -4.703849e-02 5.607699e-01
    outer loop
      vertex   -1.106002e+02 -6.109750e+00 -5.048753e+01
      vertex   -1.105033e+02 -3.110379e+00 -5.037876e+01
      vertex   -1.106739e+02 -6.105525e+00 -5.037852e+01
    endloop
  endfacet
  facet normal 9.093519e-01 -5.176175e-02 4.127952e-01
    outer loop
      vertex   -1.106739e+02 -6.105525e+00 -5.037852e+01
      vertex   -1.105033e+02 -3.110379e+00 -5.037876e+01
      vertex   -1.105576e+02 -3.107268e+00 -5.025876e+01
    endloop
  endfacet
  facet normal 9.094744e-01 -5.175575e-02 4.125260e-01
    outer loop
      vertex   -1.106739e+02 -6.105525e+00 -5.037852e+01
      vertex   -1.105576e+02 -3.107268e+00 -5.025876e+01
      vertex   -1.107281e+02 -6.102417e+00 -5.025858e+01
    endloop
  endfacet
  facet normal 9.660209e-01 -5.498436e-02 2.525478e-01
    outer loop
      vertex   -1.107281e+02 -6.102417e+00 -5.025858e+01
      vertex   -1.105576e+02 -3.107268e+00 -5.025876e+01
      vertex   -1.105908e+02 -3.105364e+00 -5.013128e+01
    endloop
  endfacet
  facet normal 9.660660e-01 -5.497914e-02 2.523762e-01
    outer loop
      vertex   -1.107281e+02 -6.102417e+00 -5.025858e+01
      vertex   -1.105908e+02 -3.105364e+00 -5.013128e+01
      vertex   -1.107613e+02 -6.100516e+00 -5.013119e+01
    endloop
  endfacet
  facet normal 9.947709e-01 -5.661802e-02 8.500146e-02
    outer loop
      vertex   -1.107613e+02 -6.100516e+00 -5.013119e+01
      vertex   -1.105908e+02 -3.105364e+00 -5.013128e+01
      vertex   -1.106020e+02 -3.104723e+00 -5.000000e+01
    endloop
  endfacet
  facet normal 9.947761e-01 -5.661571e-02 8.494257e-02
    outer loop
      vertex   -1.107613e+02 -6.100516e+00 -5.013119e+01
      vertex   -1.106020e+02 -3.104723e+00 -5.000000e+01
      vertex   -1.107725e+02 -6.099876e+00 -5.000000e+01
    endloop
  endfacet
  facet normal 9.947761e-01 -5.661571e-02 -8.494257e-02
    outer loop
      vertex   -1.107725e+02 -6.099876e+00 -5.000000e+01
      vertex   -1.106020e+02 -3.104723e+00 -5.000000e+01
      vertex   -1.107613e+02 -6.100516e+00 -4.986881e+01
    endloop
  endfacet
  facet normal 9.947709e-01 -5.661802e-02 -8.500146e-02
    outer loop
      vertex   -1.107613e+02 -6.100516e+00 -4.986881e+01
      vertex   -1.106020e+02 -3.104723e+00 -5.000000e+01
      vertex   -1.105908e+02 -3.105364e+00 -4.986872e+01
    endloop
  endfacet
  facet normal 9.660660e-01 -5.497914e-02 -2.523762e-01
    outer loop
      vertex   -1.107613e+02 -6.100516e+00 -4.986881e+01
      vertex   -1.105908e+02 -3.105364e+00 -4.986872e+01
      vertex   -1.107281e+02 -6.102417e+00 -4.974142e+01
    endloop
  endfacet
  facet normal 9.660209e-01 -5.498436e-02 -2.525478e-01
    outer loop
      vertex   -1.107281e+02 -6.102417e+00 -4.974142e+01
      vertex   -1.105908e+02 -3.105364e+00 -4.986872e+01
      vertex   -1.105576e+02 -3.107268e+00 -4.974124e+01
    endloop
  endfacet
  facet normal 9.094744e-01 -5.175575e-02 -4.125260e-01
    outer loop
      vertex   -1.107281e+02 -6.102417e+00 -4.974142e+01
      vertex   -1.105576e+02 -3.107268e+00 -4.974124e+01
      vertex   -1.106739e+02 -6.105525e+00 -4.962148e+01
    endloop
  endfacet
  facet normal 9.093519e-01 -5.176175e-02 -4.127952e-01
    outer loop
      vertex   -1.106739e+02 -6.105525e+00 -4.962148e+01
      vertex   -1.105576e+02 -3.107268e+00 -4.974124e+01
      vertex   -1.105033e+02 -3.110379e+00 -4.962124e+01
    endloop
  endfacet
  facet normal 8.266344e-01 -4.703849e-02 -5.607699e-01
    outer loop
      vertex   -1.106739e+02 -6.105525e+00 -4.962148e+01
      vertex   -1.105033e+02 -3.110379e+00 -4.962124e+01
      vertex   -1.106002e+02 -6.109750e+00 -4.951247e+01
    endloop
  endfacet
  facet normal 8.264017e-01 -4.704339e-02 -5.611124e-01
    outer loop
      vertex   -1.106002e+02 -6.109750e+00 -4.951247e+01
      vertex   -1.105033e+02 -3.110379e+00 -4.962124e+01
      vertex   -1.104295e+02 -3.114609e+00 -4.951218e+01
    endloop
  endfacet
  facet normal 7.199370e-01 -4.096343e-02 -6.928294e-01
    outer loop
      vertex   -1.106002e+02 -6.109750e+00 -4.951247e+01
      vertex   -1.104295e+02 -3.114609e+00 -4.951218e+01
      vertex   -1.105091e+02 -6.114969e+00 -4.941753e+01
    endloop
  endfacet
  facet normal 7.195677e-01 -4.096573e-02 -6.932129e-01
    outer loop
      vertex   -1.105091e+02 -6.114969e+00 -4.941753e+01
      vertex   -1.104295e+02 -3.114609e+00 -4.951218e+01
      vertex   -1.103383e+02 -3.119835e+00 -4.941723e+01
    endloop
  endfacet
  facet normal 5.924616e-01 -3.370584e-02 -8.048933e-01
    outer loop
      vertex   -1.105091e+02 -6.114969e+00 -4.941753e+01
      vertex   -1.103383e+02 -3.119835e+00 -4.941723e+01
      vertex   -1.104033e+02 -6.121032e+00 -4.933940e+01
    endloop
  endfacet
  facet normal 5.919374e-01 -3.370448e-02 -8.052789e-01
    outer loop
      vertex   -1.104033e+02 -6.121032e+00 -4.933940e+01
      vertex   -1.103383e+02 -3.119835e+00 -4.941723e+01
      vertex   -1.102324e+02 -3.125906e+00 -4.933911e+01
    endloop
  endfacet
  facet normal 4.478872e-01 -2.547509e-02 -8.937271e-01
    outer loop
      vertex   -1.104033e+02 -6.121032e+00 -4.933940e+01
      vertex   -1.102324e+02 -3.125906e+00 -4.933911e+01
      vertex   -1.102859e+02 -6.127765e+00 -4.928033e+01
    endloop
  endfacet
  facet normal 4.471995e-01 -2.546959e-02 -8.940715e-01
    outer loop
      vertex   -1.102859e+02 -6.127765e+00 -4.928033e+01
      vertex   -1.102324e+02 -3.125906e+00 -4.933911e+01
      vertex   -1.101148e+02 -3.132646e+00 -4.928009e+01
    endloop
  endfacet
  facet normal 2.939710e-01 -1.671348e-02 -9.556682e-01
    outer loop
      vertex   -1.102859e+02 -6.127765e+00 -4.928033e+01
      vertex   -1.101148e+02 -3.132646e+00 -4.928009e+01
      vertex   -1.101658e+02 -6.134600e+00 -4.924327e+01
    endloop
  endfacet
  facet normal 2.932125e-01 -1.670346e-02 -9.559014e-01
    outer loop
      vertex   -1.101658e+02 -6.134600e+00 -4.924327e+01
      vertex   -1.101148e+02 -3.132646e+00 -4.928009e+01
      vertex   -1.099947e+02 -3.139479e+00 -4.924315e+01
    endloop
  endfacet
  facet normal 1.356551e-01 -7.704681e-03 -9.907262e-01
    outer loop
      vertex   -1.101658e+02 -6.134600e+00 -4.924327e+01
      vertex   -1.099947e+02 -3.139479e+00 -4.924315e+01
      vertex   -1.100413e+02 -6.141685e+00 -4.922617e+01
    endloop
  endfacet
  facet normal 1.349372e-01 -7.694107e-03 -9.908243e-01
    outer loop
      vertex   -1.100413e+02 -6.141685e+00 -4.922617e+01
      vertex   -1.099947e+02 -3.139479e+00 -4.924315e+01
      vertex   -1.098703e+02 -3.146562e+00 -4.922614e+01
    endloop
  endfacet
  facet normal -2.623852e-02 1.507740e-03 -9.996546e-01
    outer loop
      vertex   -1.100413e+02 -6.141685e+00 -4.922617e+01
      vertex   -1.098703e+02 -3.146562e+00 -4.922614e+01
      vertex   -1.099157e+02 -6.148834e+00 -4.922948e+01
    endloop
  endfacet
  facet normal -2.689383e-02 1.517626e-03 -9.996371e-01
    outer loop
      vertex   -1.099157e+02 -6.148834e+00 -4.922948e+01
      vertex   -1.098703e+02 -3.146562e+00 -4.922614e+01
      vertex   -1.097447e+02 -3.153708e+00 -4.922953e+01
    endloop
  endfacet
  facet normal -1.874401e-01 1.068077e-02 -9.822180e-01
    outer loop
      vertex   -1.099157e+02 -6.148834e+00 -4.922948e+01
      vertex   -1.097447e+02 -3.153708e+00 -4.922953e+01
      vertex   -1.097922e+02 -6.155858e+00 -4.925311e+01
    endloop
  endfacet
  facet normal -1.880162e-01 1.068903e-02 -9.821078e-01
    outer loop
      vertex   -1.097922e+02 -6.155858e+00 -4.925311e+01
      vertex   -1.097447e+02 -3.153708e+00 -4.922953e+01
      vertex   -1.096214e+02 -3.160729e+00 -4.925322e+01
    endloop
  endfacet
  facet normal -3.436981e-01 1.957245e-02 -9.388762e-01
    outer loop
      vertex   -1.097922e+02 -6.155858e+00 -4.925311e+01
      vertex   -1.096214e+02 -3.160729e+00 -4.925322e+01
      vertex   -1.096743e+02 -6.162573e+00 -4.929644e+01
    endloop
  endfacet
  facet normal -3.441841e-01 1.957845e-02 -9.386980e-01
    outer loop
      vertex   -1.096743e+02 -6.162573e+00 -4.929644e+01
      vertex   -1.096214e+02 -3.160729e+00 -4.925322e+01
      vertex   -1.095035e+02 -3.167439e+00 -4.929659e+01
    endloop
  endfacet
  facet normal -4.908914e-01 2.794822e-02 -8.707724e-01
    outer loop
      vertex   -1.096743e+02 -6.162573e+00 -4.929644e+01
      vertex   -1.095035e+02 -3.167439e+00 -4.929659e+01
      vertex   -1.095648e+02 -6.168800e+00 -4.935832e+01
    endloop
  endfacet
  facet normal -4.912820e-01 2.795168e-02 -8.705519e-01
    outer loop
      vertex   -1.095648e+02 -6.168800e+00 -4.935832e+01
      vertex   -1.095035e+02 -3.167439e+00 -4.929659e+01
      vertex   -1.093941e+02 -3.173662e+00 -4.935850e+01
    endloop
  endfacet
  facet normal -6.251378e-01 3.558715e-02 -7.797027e-01
    outer loop
      vertex   -1.095648e+02 -6.168800e+00 -4.935832e+01
      vertex   -1.093941e+02 -3.173662e+00 -4.935850e+01
      vertex   -1.094669e+02 -6.174376e+00 -4.943713e+01
    endloop
  endfacet
  facet normal -6.254339e-01 3.558811e-02 -7.794652e-01
    outer loop
      vertex   -1.094669e+02 -6.174376e+00 -4.943713e+01
      vertex   -1.093941e+02 -3.173662e+00 -4.935850e+01
      vertex   -1.092962e+02 -3.179234e+00 -4.943731e+01
    endloop
  endfacet
  facet normal -7.428967e-01 4.228773e-02 -6.680690e-01
    outer loop
      vertex   -1.094669e+02 -6.174376e+00 -4.943713e+01
      vertex   -1.092962e+02 -3.179234e+00 -4.943731e+01
      vertex   -1.093829e+02 -6.179154e+00 -4.953078e+01
    endloop
  endfacet
  facet normal -7.431044e-01 4.228653e-02 -6.678381e-01
    outer loop
      vertex   -1.093829e+02 -6.179154e+00 -4.953078e+01
      vertex   -1.092962e+02 -3.179234e+00 -4.943731e+01
      vertex   -1.092123e+02 -3.184008e+00 -4.953095e+01
    endloop
  endfacet
  facet normal -8.410624e-01 4.787319e-02 -5.388156e-01
    outer loop
      vertex   -1.093829e+02 -6.179154e+00 -4.953078e+01
      vertex   -1.092123e+02 -3.184008e+00 -4.953095e+01
      vertex   -1.093152e+02 -6.183007e+00 -4.963681e+01
    endloop
  endfacet
  facet normal -8.411927e-01 4.787048e-02 -5.386123e-01
    outer loop
      vertex   -1.093152e+02 -6.183007e+00 -4.963681e+01
      vertex   -1.092123e+02 -3.184008e+00 -4.953095e+01
      vertex   -1.091447e+02 -3.187858e+00 -4.963695e+01
    endloop
  endfacet
  facet normal -9.170457e-01 5.219619e-02 -3.953514e-01
    outer loop
      vertex   -1.093152e+02 -6.183007e+00 -4.963681e+01
      vertex   -1.091447e+02 -3.187858e+00 -4.963695e+01
      vertex   -1.092655e+02 -6.185835e+00 -4.975242e+01
    endloop
  endfacet
  facet normal -9.171141e-01 5.219285e-02 -3.951931e-01
    outer loop
      vertex   -1.092655e+02 -6.185835e+00 -4.975242e+01
      vertex   -1.091447e+02 -3.187858e+00 -4.963695e+01
      vertex   -1.090950e+02 -3.190684e+00 -4.975252e+01
    endloop
  endfacet
  facet normal -9.688428e-01 5.514267e-02 -2.414601e-01
    outer loop
      vertex   -1.092655e+02 -6.185835e+00 -4.975242e+01
      vertex   -1.090950e+02 -3.190684e+00 -4.975252e+01
      vertex   -1.092352e+02 -6.187562e+00 -4.987455e+01
    endloop
  endfacet
  facet normal -9.688679e-01 5.513976e-02 -2.413598e-01
    outer loop
      vertex   -1.092352e+02 -6.187562e+00 -4.987455e+01
      vertex   -1.090950e+02 -3.190684e+00 -4.975252e+01
      vertex   -1.090647e+02 -3.192409e+00 -4.987461e+01
    endloop
  endfacet
  facet normal -9.950874e-01 5.663488e-02 -8.120058e-02
    outer loop
      vertex   -1.092352e+02 -6.187562e+00 -4.987455e+01
      vertex   -1.090647e+02 -3.192409e+00 -4.987461e+01
      vertex   -1.092250e+02 -6.188133e+00 -5.000000e+01
    endloop
  endfacet
  facet normal -9.950903e-01 5.663360e-02 -8.116622e-02
    outer loop
      vertex   -1.092250e+02 -6.188133e+00 -5.000000e+01
      vertex   -1.090647e+02 -3.192409e+00 -4.987461e+01
      vertex   -1.090545e+02 -3.192979e+00 -5.000000e+01
    endloop
  endfacet
  facet normal -9.950903e-01 5.663360e-02 8.116622e-02
    outer loop
      vertex   -1.092250e+02 -6.188133e+00 -5.000000e+01
      vertex   -1.090545e+02 -3.192979e+00 -5.000000e+01
      vertex   -1.090647e+02 -3.192409e+00 -5.012539e+01
    endloop
  endfacet
  facet normal 2.932125e-01 -1.670346e-02 9.559014e-01
    outer loop
      vertex   -1.101148e+02 -3.132646e+00 -5.071991e+01
      vertex   -1.101658e+02 -6.134600e+00 -5.075673e+01
      vertex   -1.099947e+02 -3.139479e+00 -5.075685e+01
    endloop
  endfacet
  facet normal 1.356551e-01 -7.704681e-03 9.907262e-01
    outer loop
      vertex   -1.099947e+02 -3.139479e+00 -5.075685e+01
      vertex   -1.101658e+02 -6.134600e+00 -5.075673e+01
      vertex   -1.100413e+02 -6.141685e+00 -5.077383e+01
    endloop
  endfacet
  facet normal 1.349372e-01 -7.694107e-03 9.908243e-01
    outer loop
      vertex   -1.099947e+02 -3.139479e+00 -5.075685e+01
      vertex   -1.100413e+02 -6.141685e+00 -5.077383e+01
      vertex   -1.098703e+02 -3.146562e+00 -5.077386e+01
    endloop
  endfacet
  facet normal -2.623852e-02 1.507740e-03 9.996546e-01
    outer loop
      vertex   -1.098703e+02 -3.146562e+00 -5.077386e+01
      vertex   -1.100413e+02 -6.141685e+00 -5.077383e+01
      vertex   -1.099157e+02 -6.148834e+00 -5.077052e+01
    endloop
  endfacet
  facet normal -2.689383e-02 1.517626e-03 9.996371e-01
    outer loop
      vertex   -1.098703e+02 -3.146562e+00 -5.077386e+01
      vertex   -1.099157e+02 -6.148834e+00 -5.077052e+01
      vertex   -1.097447e+02 -3.153708e+00 -5.077047e+01
    endloop
  endfacet
  facet normal -1.874401e-01 1.068077e-02 9.822180e-01
    outer loop
      vertex   -1.097447e+02 -3.153708e+00 -5.077047e+01
      vertex   -1.099157e+02 -6.148834e+00 -5.077052e+01
      vertex   -1.097922e+02 -6.155858e+00 -5.074689e+01
    endloop
  endfacet
  facet normal -1.880162e-01 1.068903e-02 9.821078e-01
    outer loop
      vertex   -1.097447e+02 -3.153708e+00 -5.077047e+01
      vertex   -1.097922e+02 -6.155858e+00 -5.074689e+01
      vertex   -1.096214e+02 -3.160729e+00 -5.074678e+01
    endloop
  endfacet
  facet normal -3.436981e-01 1.957245e-02 9.388762e-01
    outer loop
      vertex   -1.096214e+02 -3.160729e+00 -5.074678e+01
      vertex   -1.097922e+02 -6.155858e+00 -5.074689e+01
      vertex   -1.096743e+02 -6.162573e+00 -5.070356e+01
    endloop
  endfacet
  facet normal -3.441841e-01 1.957845e-02 9.386980e-01
    outer loop
      vertex   -1.096214e+02 -3.160729e+00 -5.074678e+01
      vertex   -1.096743e+02 -6.162573e+00 -5.070356e+01
      vertex   -1.095035e+02 -3.167439e+00 -5.070341e+01
    endloop
  endfacet
  facet normal -4.908914e-01 2.794822e-02 8.707724e-01
    outer loop
      vertex   -1.095035e+02 -3.167439e+00 -5.070341e+01
      vertex   -1.096743e+02 -6.162573e+00 -5.070356e+01
      vertex   -1.095648e+02 -6.168800e+00 -5.064168e+01
    endloop
  endfacet
  facet normal -4.912820e-01 2.795168e-02 8.705519e-01
    outer loop
      vertex   -1.095035e+02 -3.167439e+00 -5.070341e+01
      vertex   -1.095648e+02 -6.168800e+00 -5.064168e+01
      vertex   -1.093941e+02 -3.173662e+00 -5.064150e+01
    endloop
  endfacet
  facet normal -6.251378e-01 3.558715e-02 7.797027e-01
    outer loop
      vertex   -1.093941e+02 -3.173662e+00 -5.064150e+01
      vertex   -1.095648e+02 -6.168800e+00 -5.064168e+01
      vertex   -1.094669e+02 -6.174376e+00 -5.056287e+01
    endloop
  endfacet
  facet normal -6.254339e-01 3.558811e-02 7.794652e-01
    outer loop
      vertex   -1.093941e+02 -3.173662e+00 -5.064150e+01
      vertex   -1.094669e+02 -6.174376e+00 -5.056287e+01
      vertex   -1.092962e+02 -3.179234e+00 -5.056269e+01
    endloop
  endfacet
  facet normal -7.428967e-01 4.228773e-02 6.680690e-01
    outer loop
      vertex   -1.092962e+02 -3.179234e+00 -5.056269e+01
      vertex   -1.094669e+02 -6.174376e+00 -5.056287e+01
      vertex   -1.093829e+02 -6.179154e+00 -5.046922e+01
    endloop
  endfacet
  facet normal -7.431044e-01 4.228653e-02 6.678381e-01
    outer loop
      vertex   -1.092962e+02 -3.179234e+00 -5.056269e+01
      vertex   -1.093829e+02 -6.179154e+00 -5.046922e+01
      vertex   -1.092123e+02 -3.184008e+00 -5.046905e+01
    endloop
  endfacet
  facet normal -8.410624e-01 4.787319e-02 5.388156e-01
    outer loop
      vertex   -1.092123e+02 -3.184008e+00 -5.046905e+01
      vertex   -1.093829e+02 -6.179154e+00 -5.046922e+01
      vertex   -1.093152e+02 -6.183007e+00 -5.036319e+01
    endloop
  endfacet
  facet normal -8.411927e-01 4.787048e-02 5.386123e-01
    outer loop
      vertex   -1.092123e+02 -3.184008e+00 -5.046905e+01
      vertex   -1.093152e+02 -6.183007e+00 -5.036319e+01
      vertex   -1.091447e+02 -3.187858e+00 -5.036305e+01
    endloop
  endfacet
  facet normal -9.170457e-01 5.219619e-02 3.953514e-01
    outer loop
      vertex   -1.091447e+02 -3.187858e+00 -5.036305e+01
      vertex   -1.093152e+02 -6.183007e+00 -5.036319e+01
      vertex   -1.092655e+02 -6.185835e+00 -5.024758e+01
    endloop
  endfacet
  facet normal -9.171141e-01 5.219285e-02 3.951931e-01
    outer loop
      vertex   -1.091447e+02 -3.187858e+00 -5.036305e+01
      vertex   -1.092655e+02 -6.185835e+00 -5.024758e+01
      vertex   -1.090950e+02 -3.190684e+00 -5.024748e+01
    endloop
  endfacet
  facet normal -9.688428e-01 5.514267e-02 2.414601e-01
    outer loop
      vertex   -1.090950e+02 -3.190684e+00 -5.024748e+01
      vertex   -1.092655e+02 -6.185835e+00 -5.024758e+01
      vertex   -1.092352e+02 -6.187562e+00 -5.012545e+01
    endloop
  endfacet
  facet normal -9.688679e-01 5.513976e-02 2.413598e-01
    outer loop
      vertex   -1.090950e+02 -3.190684e+00 -5.024748e+01
      vertex   -1.092352e+02 -6.187562e+00 -5.012545e+01
      vertex   -1.090647e+02 -3.192409e+00 -5.012539e+01
    endloop
  endfacet
  facet normal -9.950874e-01 5.663488e-02 8.120058e-02
    outer loop
      vertex   -1.090647e+02 -3.192409e+00 -5.012539e+01
      vertex   -1.092352e+02 -6.187562e+00 -5.012545e+01
      vertex   -1.092250e+02 -6.188133e+00 -5.000000e+01
    endloop
  endfacet
  facet normal 0.000000e+00 0.000000e+00 1.000000e+00
    outer loop
      vertex   -1.999833e+02 -2.500000e-01 0.000000e+00
      vertex   -1.993145e+02 -2.999815e-01 0.000000e+00
      vertex   -9.818274e+01 -2.500000e-01 0.000000e+00
    endloop
  endfacet
  facet normal 0.000000e+00 0.000000e+00 1.000000e+00
    outer loop
      vertex   -9.818274e+01 -2.500000e-01 0.000000e+00
      vertex   -1.993145e+02 -2.999815e-01 0.000000e+00
      vertex   -1.991875e+02 -3.091812e-01 0.000000e+00
    endloop
  endfacet
  facet normal 0.000000e+00 0.000000e+00 1.000000e+00
    outer loop
      vertex   -9.818274e+01 -2.500000e-01 0.000000e+00
      vertex   -1.991875e+02 -3.091812e-01 0.000000e+00
      vertex   -1.990496e+02 -3.191712e-01 0.000000e+00
    endloop
  endfacet
  facet normal -0.000000e+00 -0.000000e+00 1.000000e+00
    outer loop
      vertex   -1.999832e+02 -2.514419e-01 0.000000e+00
      vertex   -1.999777e+02 -2.518440e-01 0.000000e+00
      vertex   -1.999833e+02 -2.500000e-01 0.000000e+00
    endloop
  endfacet
  facet normal 0.000000e+00 0.000000e+00 1.000000e+00
    outer loop
      vertex   -1.999833e+02 -2.500000e-01 0.000000e+00
      vertex   -1.999777e+02 -2.518440e-01 0.000000e+00
      vertex   -1.999611e+02 -2.530503e-01 0.000000e+00
    endloop
  endfacet
  facet normal 0.000000e+00 0.000000e+00 1.000000e+00
    outer loop
      vertex   -1.999833e+02 -2.500000e-01 0.000000e+00
      vertex   -1.999611e+02 -2.530503e-01 0.000000e+00
      vertex   -1.999334e+02 -2.550605e-01 0.000000e+00
    endloop
  endfacet
  facet normal -0.000000e+00 -0.000000e+00 1.000000e+00
    outer loop
      vertex   -1.999334e+02 -2.550605e-01 0.000000e+00
      vertex   -1.998947e+02 -2.578740e-01 0.000000e+00
      vertex   -1.999833e+02 -2.500000e-01 0.000000e+00
    endloop
  endfacet
  facet normal 0.000000e+00 0.000000e+00 1.000000e+00
    outer loop
      vertex   -1.999833e+02 -2.500000e-01 0.000000e+00
      vertex   -1.998947e+02 -2.578740e-01 0.000000e+00
      vertex   -1.998449e+02 -2.614903e-01 0.000000e+00
    endloop
  endfacet
  facet normal 0.000000e+00 0.000000e+00 1.000000e+00
    outer loop
      vertex   -1.999833e+02 -2.500000e-01 0.000000e+00
      vertex   -1.998449e+02 -2.614903e-01 0.000000e+00
      vertex   -1.997841e+02 -2.659083e-01 0.000000e+00
    endloop
  endfacet
  facet normal -0.000000e+00 -0.000000e+00 1.000000e+00
    outer loop
      vertex   -1.997841e+02 -2.659083e-01 0.000000e+00
      vertex   -1.997122e+02 -2.711271e-01 0.000000e+00
      vertex   -1.999833e+02 -2.500000e-01 0.000000e+00
    endloop
  endfacet
  facet normal 0.000000e+00 0.000000e+00 1.000000e+00
    outer loop
      vertex   -1.999833e+02 -2.500000e-01 0.000000e+00
      vertex   -1.997122e+02 -2.711271e-01 0.000000e+00
      vertex   -1.996293e+02 -2.771454e-01 0.000000e+00
    endloop
  endfacet
  facet normal 0.000000e+00 0.000000e+00 1.000000e+00
    outer loop
      vertex   -1.999833e+02 -2.500000e-01 0.000000e+00
      vertex   -1.996293e+02 -2.771454e-01 0.000000e+00
      vertex   -1.995354e+02 -2.839617e-01 0.000000e+00
    endloop
  endfacet
  facet normal -0.000000e+00 -0.000000e+00 1.000000e+00
    outer loop
      vertex   -1.995354e+02 -2.839617e-01 0.000000e+00
      vertex   -1.994304e+02 -2.915743e-01 0.000000e+00
      vertex   -1.999833e+02 -2.500000e-01 0.000000e+00
    endloop
  endfacet
  facet normal 0.000000e+00 0.000000e+00 1.000000e+00
    outer loop
      vertex   -1.999833e+02 -2.500000e-01 0.000000e+00
      vertex   -1.994304e+02 -2.915743e-01 0.000000e+00
      vertex   -1.993145e+02 -2.999815e-01 0.000000e+00
    endloop
  endfacet
  facet normal -0.000000e+00 0.000000e+00 1.000000e+00
    outer loop
      vertex   -1.990496e+02 -3.191712e-01 0.000000e+00
      vertex   -1.989007e+02 -3.299491e-01 0.000000e+00
      vertex   -9.818274e+01 -2.500000e-01 0.000000e+00
    endloop
  endfacet
  facet normal 0.000000e+00 0.000000e+00 1.000000e+00
    outer loop
      vertex   -9.818274e+01 -2.500000e-01 0.000000e+00
      vertex   -1.989007e+02 -3.299491e-01 0.000000e+00
      vertex   -1.987409e+02 -3.415124e-01 0.000000e+00
    endloop
  endfacet
  facet normal 0.000000e+00 0.000000e+00 1.000000e+00
    outer loop
      vertex   -9.818274e+01 -2.500000e-01 0.000000e+00
      vertex   -1.987409e+02 -3.415124e-01 0.000000e+00
      vertex   -1.985702e+02 -3.538583e-01 0.000000e+00
    endloop
  endfacet
  facet normal -0.000000e+00 0.000000e+00 1.000000e+00
    outer loop
      vertex   -1.985702e+02 -3.538583e-01 0.000000e+00
      vertex   -1.983885e+02 -3.669840e-01 0.000000e+00
      vertex   -9.818274e+01 -2.500000e-01 0.000000e+00
    endloop
  endfacet
  facet normal 0.000000e+00 0.000000e+00 1.000000e+00
    outer loop
      vertex   -9.818274e+01 -2.500000e-01 0.000000e+00
      vertex   -1.983885e+02 -3.669840e-01 0.000000e+00
      vertex   -1.981960e+02 -3.808863e-01 0.000000e+00
    endloop
  endfacet
  facet normal 0.000000e+00 0.000000e+00 1.000000e+00
    outer loop
      vertex   -9.818274e+01 -2.500000e-01 0.000000e+00
      vertex   -1.981960e+02 -3.808863e-01 0.000000e+00
      vertex   -1.979926e+02 -3.955621e-01 0.000000e+00
    endloop
  endfacet
  facet normal -0.000000e+00 0.000000e+00 1.000000e+00
    outer loop
      vertex   -1.979926e+02 -3.955621e-01 0.000000e+00
      vertex   -1.977784e+02 -4.110079e-01 0.000000e+00
      vertex   -9.818274e+01 -2.500000e-01 0.000000e+00
    endloop
  endfacet
  facet normal 0.000000e+00 0.000000e+00 1.000000e+00
    outer loop
      vertex   -9.818274e+01 -2.500000e-01 0.000000e+00
      vertex   -1.977784e+02 -4.110079e-01 0.000000e+00
      vertex   -1.975534e+02 -4.272202e-01 0.000000e+00
    endloop
  endfacet
  facet normal 0.000000e+00 0.000000e+00 1.000000e+00
    outer loop
      vertex   -9.818274e+01 -2.500000e-01 0.000000e+00
      vertex   -1.975534e+02 -4.272202e-01 0.000000e+00
      vertex   -1.973176e+02 -4.441953e-01 0.000000e+00
    endloop
  endfacet
  facet normal -0.000000e+00 0.000000e+00 1.000000e+00
    outer loop
      vertex   -1.973176e+02 -4.441953e-01 0.000000e+00
      vertex   -1.970710e+02 -4.619294e-01 0.000000e+00
      vertex   -9.818274e+01 -2.500000e-01 0.000000e+00
    endloop
  endfacet
  facet normal 0.000000e+00 0.000000e+00 1.000000e+00
    outer loop
      vertex   -9.818274e+01 -2.500000e-01 0.000000e+00
      vertex   -1.970710e+02 -4.619294e-01 0.000000e+00
      vertex   -1.968137e+02 -4.804185e-01 0.000000e+00
    endloop
  endfacet
  facet normal 0.000000e+00 0.000000e+00 1.000000e+00
    outer loop
      vertex   -9.818274e+01 -2.500000e-01 0.000000e+00
      vertex   -1.968137e+02 -4.804185e-01 0.000000e+00
      vertex   -1.965457e+02 -4.996584e-01 0.000000e+00
    endloop
  endfacet
  facet normal -0.000000e+00 0.000000e+00 1.000000e+00
    outer loop
      vertex   -1.965457e+02 -4.996584e-01 0.000000e+00
      vertex   -1.962671e+02 -5.196449e-01 0.000000e+00
      vertex   -9.818274e+01 -2.500000e-01 0.000000e+00
    endloop
  endfacet
  facet normal 0.000000e+00 0.000000e+00 1.000000e+00
    outer loop
      vertex   -9.818274e+01 -2.500000e-01 0.000000e+00
      vertex   -1.962671e+02 -5.196449e-01 0.000000e+00
      vertex   -1.959778e+02 -5.403736e-01 0.000000e+00
    endloop
  endfacet
  facet normal 0.000000e+00 0.000000e+00 1.000000e+00
    outer loop
      vertex   -9.818274e+01 -2.500000e-01 0.000000e+00
      vertex   -1.959778e+02 -5.403736e-01 0.000000e+00
      vertex   -1.956779e+02 -5.618400e-01 0.000000e+00
    endloop
  endfacet
  facet normal -0.000000e+00 0.000000e+00 1.000000e+00
    outer loop
      vertex   -1.956779e+02 -5.618400e-01 0.000000e+00
      vertex   -1.953674e+02 -5.840395e-01 0.000000e+00
      vertex   -9.818274e+01 -2.500000e-01 0.000000e+00
    endloop
  endfacet
  facet normal 0.000000e+00 0.000000e+00 1.000000e+00
    outer loop
      vertex   -9.818274e+01 -2.500000e-01 0.000000e+00
      vertex   -1.953674e+02 -5.840395e-01 0.000000e+00
      vertex   -1.950464e+02 -6.069673e-01 0.000000e+00
    endloop
  endfacet
  facet normal 0.000000e+00 0.000000e+00 1.000000e+00
    outer loop
      vertex   -9.818274e+01 -2.500000e-01 0.000000e+00
      vertex   -1.950464e+02 -6.069673e-01 0.000000e+00
      vertex   -1.947149e+02 -6.306185e-01 0.000000e+00
    endloop
  endfacet
  facet normal -0.000000e+00 0.000000e+00 1.000000e+00
    outer loop
      vertex   -1.947149e+02 -6.306185e-01 0.000000e+00
      vertex   -1.943730e+02 -6.549883e-01 0.000000e+00
      vertex   -9.818274e+01 -2.500000e-01 0.000000e+00
    endloop
  endfacet
  facet normal 0.000000e+00 0.000000e+00 1.000000e+00
    outer loop
      vertex   -9.818274e+01 -2.500000e-01 0.000000e+00
      vertex   -1.943730e+02 -6.549883e-01 0.000000e+00
      vertex   -1.940206e+02 -6.800716e-01 0.000000e+00
    endloop
  endfacet
  facet normal 0.000000e+00 0.000000e+00 1.000000e+00
    outer loop
      vertex   -9.818274e+01 -2.500000e-01 0.000000e+00
      vertex   -1.940206e+02 -6.800716e-01 0.000000e+00
      vertex   -1.936579e+02 -7.058631e-01 0.000000e+00
    endloop
  endfacet
  facet normal -0.000000e+00 0.000000e+00 1.000000e+00
    outer loop
      vertex   -1.936579e+02 -7.058631e-01 0.000000e+00
      vertex   -1.932848e+02 -7.323577e-01 0.000000e+00
      vertex   -9.818274e+01 -2.500000e-01 0.000000e+00
    endloop
  endfacet
  facet normal 0.000000e+00 0.000000e+00 1.000000e+00
    outer loop
      vertex   -9.818274e+01 -2.500000e-01 0.000000e+00
      vertex   -1.932848e+02 -7.323577e-01 0.000000e+00
      vertex   -1.929015e+02 -7.595501e-01 0.000000e+00
    endloop
  endfacet
  facet normal 0.000000e+00 0.000000e+00 1.000000e+00
    outer loop
      vertex   -9.818274e+01 -2.500000e-01 0.000000e+00
      vertex   -1.929015e+02 -7.595501e-01 0.000000e+00
      vertex   -1.925078e+02 -7.874348e-01 0.000000e+00
    endloop
  endfacet
  facet normal -0.000000e+00 0.000000e+00 1.000000e+00
    outer loop
      vertex   -1.925078e+02 -7.874348e-01 0.000000e+00
      vertex   -1.921040e+02 -8.160063e-01 0.000000e+00
      vertex   -9.818274e+01 -2.500000e-01 0.000000e+00
    endloop
  endfacet
  facet normal 0.000000e+00 0.000000e+00 1.000000e+00
    outer loop
      vertex   -9.818274e+01 -2.500000e-01 0.000000e+00
      vertex   -1.921040e+02 -8.160063e-01 0.000000e+00
      vertex   -1.916901e+02 -8.452591e-01 0.000000e+00
    endloop
  endfacet
  facet normal 0.000000e+00 0.000000e+00 1.000000e+00
    outer loop
      vertex   -9.818274e+01 -2.500000e-01 0.000000e+00
      vertex   -1.916901e+02 -8.452591e-01 0.000000e+00
      vertex   -1.912660e+02 -8.751877e-01 0.000000e+00
    endloop
  endfacet
  facet normal -0.000000e+00 0.000000e+00 1.000000e+00
    outer loop
      vertex   -1.912660e+02 -8.751877e-01 0.000000e+00
      vertex   -1.908319e+02 -9.057862e-01 0.000000e+00
      vertex   -9.818274e+01 -2.500000e-01 0.000000e+00
    endloop
  endfacet
  facet normal 0.000000e+00 0.000000e+00 1.000000e+00
    outer loop
      vertex   -9.818274e+01 -2.500000e-01 0.000000e+00
      vertex   -1.908319e+02 -9.057862e-01 0.000000e+00
      vertex   -1.903878e+02 -9.370490e-01 0.000000e+00
    endloop
  endfacet
  facet normal 0.000000e+00 0.000000e+00 1.000000e+00
    outer loop
      vertex   -9.818274e+01 -2.500000e-01 0.000000e+00
      vertex   -1.903878e+02 -9.370490e-01 0.000000e+00
      vertex   -1.899337e+02 -9.689703e-01 0.000000e+00
    endloop
  endfacet
  facet normal -0.000000e+00 0.000000e+00 1.000000e+00
    outer loop
      vertex   -1.899337e+02 -9.689703e-01 0.000000e+00
      vertex   -1.894697e+02 -1.001544e+00 0.000000e+00
      vertex   -9.818274e+01 -2.500000e-01 0.000000e+00
    endloop
  endfacet
  facet normal 0.000000e+00 0.000000e+00 1.000000e+00
    outer loop
      vertex   -9.818274e+01 -2.500000e-01 0.000000e+00
      vertex   -1.894697e+02 -1.001544e+00 0.000000e+00
      vertex   -1.889959e+02 -1.034765e+00 0.000000e+00
    endloop
  endfacet
  facet normal 0.000000e+00 0.000000e+00 1.000000e+00
    outer loop
      vertex   -9.818274e+01 -2.500000e-01 0.000000e+00
      vertex   -1.889959e+02 -1.034765e+00 0.000000e+00
      vertex   -1.885123e+02 -1.068626e+00 0.000000e+00
    endloop
  endfacet
  facet normal -0.000000e+00 0.000000e+00 1.000000e+00
    outer loop
      vertex   -1.885123e+02 -1.068626e+00 0.000000e+00
      vertex   -1.880189e+02 -1.103123e+00 0.000000e+00
      vertex   -9.818274e+01 -2.500000e-01 0.000000e+00
    endloop
  endfacet
  facet normal 0.000000e+00 0.000000e+00 1.000000e+00
    outer loop
      vertex   -9.818274e+01 -2.500000e-01 0.000000e+00
      vertex   -1.880189e+02 -1.103123e+00 0.000000e+00
      vertex   -1.875158e+02 -1.138248e+00 0.000000e+00
    endloop
  endfacet
  facet normal 0.000000e+00 0.000000e+00 1.000000e+00
    outer loop
      vertex   -9.818274e+01 -2.500000e-01 0.000000e+00
      vertex   -1.875158e+02 -1.138248e+00 0.000000e+00
      vertex   -1.870032e+02 -1.173997e+00 0.000000e+00
    endloop
  endfacet
  facet normal -0.000000e+00 0.000000e+00 1.000000e+00
    outer loop
      vertex   -1.870032e+02 -1.173997e+00 0.000000e+00
      vertex   -1.864809e+02 -1.210362e+00 0.000000e+00
      vertex   -9.818274e+01 -2.500000e-01 0.000000e+00
    endloop
  endfacet
  facet normal 0.000000e+00 0.000000e+00 1.000000e+00
    outer loop
      vertex   -9.818274e+01 -2.500000e-01 0.000000e+00
      vertex   -1.864809e+02 -1.210362e+00 0.000000e+00
      vertex   -1.859492e+02 -1.247338e+00 0.000000e+00
    endloop
  endfacet
  facet normal 0.000000e+00 0.000000e+00 1.000000e+00
    outer loop
      vertex   -9.818274e+01 -2.500000e-01 0.000000e+00
      vertex   -1.859492e+02 -1.247338e+00 0.000000e+00
      vertex   -1.854080e+02 -1.284919e+00 0.000000e+00
    endloop
  endfacet
  facet normal -0.000000e+00 0.000000e+00 1.000000e+00
    outer loop
      vertex   -1.854080e+02 -1.284919e+00 0.000000e+00
      vertex   -1.848574e+02 -1.323098e+00 0.000000e+00
      vertex   -9.818274e+01 -2.500000e-01 0.000000e+00
    endloop
  endfacet
  facet normal 0.000000e+00 0.000000e+00 1.000000e+00
    outer loop
      vertex   -9.818274e+01 -2.500000e-01 0.000000e+00
      vertex   -1.848574e+02 -1.323098e+00 0.000000e+00
      vertex   -1.842975e+02 -1.361870e+00 0.000000e+00
    endloop
  endfacet
  facet normal 0.000000e+00 0.000000e+00 1.000000e+00
    outer loop
      vertex   -9.818274e+01 -2.500000e-01 0.000000e+00
      vertex   -1.842975e+02 -1.361870e+00 0.000000e+00
      vertex   -1.837283e+02 -1.401228e+00 0.000000e+00
    endloop
  endfacet
  facet normal -0.000000e+00 0.000000e+00 1.000000e+00
    outer loop
      vertex   -1.837283e+02 -1.401228e+00 0.000000e+00
      vertex   -1.831500e+02 -1.441167e+00 0.000000e+00
      vertex   -9.818274e+01 -2.500000e-01 0.000000e+00
    endloop
  endfacet
  facet normal 0.000000e+00 0.000000e+00 1.000000e+00
    outer loop
      vertex   -9.818274e+01 -2.500000e-01 0.000000e+00
      vertex   -1.831500e+02 -1.441167e+00 0.000000e+00
      vertex   -1.825625e+02 -1.481679e+00 0.000000e+00
    endloop
  endfacet
  facet normal 0.000000e+00 0.000000e+00 1.000000e+00
    outer loop
      vertex   -9.818274e+01 -2.500000e-01 0.000000e+00
      vertex   -1.825625e+02 -1.481679e+00 0.000000e+00
      vertex   -1.819659e+02 -1.522760e+00 0.000000e+00
    endloop
  endfacet
  facet normal 0.000000e+00 0.000000e+00 1.000000e+00
    outer loop
      vertex   -9.818274e+01 -2.500000e-01 0.000000e+00
      vertex   -1.819659e+02 -1.522760e+00 0.000000e+00
      vertex   -9.810584e+01 -8.189055e-01 0.000000e+00
    endloop
  endfacet
  facet normal 0.000000e+00 0.000000e+00 1.000000e+00
    outer loop
      vertex   -9.810584e+01 -8.189055e-01 0.000000e+00
      vertex   -1.819659e+02 -1.522760e+00 0.000000e+00
      vertex   -1.813604e+02 -1.564402e+00 0.000000e+00
    endloop
  endfacet
  facet normal 0.000000e+00 0.000000e+00 1.000000e+00
    outer loop
      vertex   -9.810584e+01 -8.189055e-01 0.000000e+00
      vertex   -1.813604e+02 -1.564402e+00 0.000000e+00
      vertex   -1.807459e+02 -1.606600e+00 0.000000e+00
    endloop
  endfacet
  facet normal -0.000000e+00 0.000000e+00 1.000000e+00
    outer loop
      vertex   -1.807459e+02 -1.606600e+00 0.000000e+00
      vertex   -1.801226e+02 -1.649348e+00 0.000000e+00
      vertex   -9.810584e+01 -8.189055e-01 0.000000e+00
    endloop
  endfacet
  facet normal 0.000000e+00 0.000000e+00 1.000000e+00
    outer loop
      vertex   -9.810584e+01 -8.189055e-01 0.000000e+00
      vertex   -1.801226e+02 -1.649348e+00 0.000000e+00
      vertex   -1.794906e+02 -1.692639e+00 0.000000e+00
    endloop
  endfacet
  facet normal 0.000000e+00 0.000000e+00 1.000000e+00
    outer loop
      vertex   -9.810584e+01 -8.189055e-01 0.000000e+00
      vertex   -1.794906e+02 -1.692639e+00 0.000000e+00
      vertex   -1.788498e+02 -1.736466e+00 0.000000e+00
    endloop
  endfacet
  facet normal -0.000000e+00 0.000000e+00 1.000000e+00
    outer loop
      vertex   -1.788498e+02 -1.736466e+00 0.000000e+00
      vertex   -1.782003e+02 -1.780825e+00 0.000000e+00
      vertex   -9.810584e+01 -8.189055e-01 0.000000e+00
    endloop
  endfacet
  facet normal 0.000000e+00 0.000000e+00 1.000000e+00
    outer loop
      vertex   -9.810584e+01 -8.189055e-01 0.000000e+00
      vertex   -1.782003e+02 -1.780825e+00 0.000000e+00
      vertex   -1.775423e+02 -1.825709e+00 0.000000e+00
    endloop
  endfacet
  facet normal 0.000000e+00 0.000000e+00 1.000000e+00
    outer loop
      vertex   -9.810584e+01 -8.189055e-01 0.000000e+00
      vertex   -1.775423e+02 -1.825709e+00 0.000000e+00
      vertex   -1.768758e+02 -1.871111e+00 0.000000e+00
    endloop
  endfacet
  facet normal -0.000000e+00 0.000000e+00 1.000000e+00
    outer loop
      vertex   -1.768758e+02 -1.871111e+00 0.000000e+00
      vertex   -1.762009e+02 -1.917025e+00 0.000000e+00
      vertex   -9.810584e+01 -8.189055e-01 0.000000e+00
    endloop
  endfacet
  facet normal 0.000000e+00 0.000000e+00 1.000000e+00
    outer loop
      vertex   -9.810584e+01 -8.189055e-01 0.000000e+00
      vertex   -1.762009e+02 -1.917025e+00 0.000000e+00
      vertex   -1.755177e+02 -1.963445e+00 0.000000e+00
    endloop
  endfacet
  facet normal 0.000000e+00 0.000000e+00 1.000000e+00
    outer loop
      vertex   -9.810584e+01 -8.189055e-01 0.000000e+00
      vertex   -1.755177e+02 -1.963445e+00 0.000000e+00
      vertex   -1.748262e+02 -2.010366e+00 0.000000e+00
    endloop
  endfacet
  facet normal 0.000000e+00 0.000000e+00 1.000000e+00
    outer loop
      vertex   -9.810584e+01 -8.189055e-01 0.000000e+00
      vertex   -1.748262e+02 -2.010366e+00 0.000000e+00
      vertex   -9.794829e+01 -1.370943e+00 0.000000e+00
    endloop
  endfacet
  facet normal 0.000000e+00 0.000000e+00 1.000000e+00
    outer loop
      vertex   -9.794829e+01 -1.370943e+00 0.000000e+00
      vertex   -1.748262e+02 -2.010366e+00 0.000000e+00
      vertex   -1.741265e+02 -2.057779e+00 0.000000e+00
    endloop
  endfacet
  facet normal 0.000000e+00 0.000000e+00 1.000000e+00
    outer loop
      vertex   -9.794829e+01 -1.370943e+00 0.000000e+00
      vertex   -1.741265e+02 -2.057779e+00 0.000000e+00
      vertex   -1.734188e+02 -2.105680e+00 0.000000e+00
    endloop
  endfacet
  facet normal -0.000000e+00 0.000000e+00 1.000000e+00
    outer loop
      vertex   -1.734188e+02 -2.105680e+00 0.000000e+00
      vertex   -1.727030e+02 -2.154063e+00 0.000000e+00
      vertex   -9.794829e+01 -1.370943e+00 0.000000e+00
    endloop
  endfacet
  facet normal 0.000000e+00 0.000000e+00 1.000000e+00
    outer loop
      vertex   -9.794829e+01 -1.370943e+00 0.000000e+00
      vertex   -1.727030e+02 -2.154063e+00 0.000000e+00
      vertex   -1.719792e+02 -2.202919e+00 0.000000e+00
    endloop
  endfacet
  facet normal 0.000000e+00 0.000000e+00 1.000000e+00
    outer loop
      vertex   -9.794829e+01 -1.370943e+00 0.000000e+00
      vertex   -1.719792e+02 -2.202919e+00 0.000000e+00
      vertex   -1.712476e+02 -2.252245e+00 0.000000e+00
    endloop
  endfacet
  facet normal -0.000000e+00 0.000000e+00 1.000000e+00
    outer loop
      vertex   -1.712476e+02 -2.252245e+00 0.000000e+00
      vertex   -1.705083e+02 -2.302032e+00 0.000000e+00
      vertex   -9.794829e+01 -1.370943e+00 0.000000e+00
    endloop
  endfacet
  facet normal 0.000000e+00 0.000000e+00 1.000000e+00
    outer loop
      vertex   -9.794829e+01 -1.370943e+00 0.000000e+00
      vertex   -1.705083e+02 -2.302032e+00 0.000000e+00
      vertex   -1.697612e+02 -2.352275e+00 0.000000e+00
    endloop
  endfacet
  facet normal 0.000000e+00 0.000000e+00 1.000000e+00
    outer loop
      vertex   -9.794829e+01 -1.370943e+00 0.000000e+00
      vertex   -1.697612e+02 -2.352275e+00 0.000000e+00
      vertex   -1.690065e+02 -2.402966e+00 0.000000e+00
    endloop
  endfacet
  facet normal -0.000000e+00 0.000000e+00 1.000000e+00
    outer loop
      vertex   -1.690065e+02 -2.402966e+00 0.000000e+00
      vertex   -1.682444e+02 -2.454101e+00 0.000000e+00
      vertex   -9.794829e+01 -1.370943e+00 0.000000e+00
    endloop
  endfacet
  facet normal 0.000000e+00 0.000000e+00 1.000000e+00
    outer loop
      vertex   -9.794829e+01 -1.370943e+00 0.000000e+00
      vertex   -1.682444e+02 -2.454101e+00 0.000000e+00
      vertex   -1.674747e+02 -2.505672e+00 0.000000e+00
    endloop
  endfacet
  facet normal 0.000000e+00 0.000000e+00 1.000000e+00
    outer loop
      vertex   -9.794829e+01 -1.370943e+00 0.000000e+00
      vertex   -1.674747e+02 -2.505672e+00 0.000000e+00
      vertex   -9.771333e+01 -1.894742e+00 0.000000e+00
    endloop
  endfacet
  facet normal 0.000000e+00 0.000000e+00 1.000000e+00
    outer loop
      vertex   -9.771333e+01 -1.894742e+00 0.000000e+00
      vertex   -1.674747e+02 -2.505672e+00 0.000000e+00
      vertex   -1.666977e+02 -2.557672e+00 0.000000e+00
    endloop
  endfacet
  facet normal 0.000000e+00 0.000000e+00 1.000000e+00
    outer loop
      vertex   -9.771333e+01 -1.894742e+00 0.000000e+00
      vertex   -1.666977e+02 -2.557672e+00 0.000000e+00
      vertex   -1.659135e+02 -2.610095e+00 0.000000e+00
    endloop
  endfacet
  facet normal -0.000000e+00 0.000000e+00 1.000000e+00
    outer loop
      vertex   -1.659135e+02 -2.610095e+00 0.000000e+00
      vertex   -1.651221e+02 -2.662934e+00 0.000000e+00
      vertex   -9.771333e+01 -1.894742e+00 0.000000e+00
    endloop
  endfacet
  facet normal 0.000000e+00 0.000000e+00 1.000000e+00
    outer loop
      vertex   -9.771333e+01 -1.894742e+00 0.000000e+00
      vertex   -1.651221e+02 -2.662934e+00 0.000000e+00
      vertex   -1.643236e+02 -2.716182e+00 0.000000e+00
    endloop
  endfacet
  facet normal 0.000000e+00 0.000000e+00 1.000000e+00
    outer loop
      vertex   -9.771333e+01 -1.894742e+00 0.000000e+00
      vertex   -1.643236e+02 -2.716182e+00 0.000000e+00
      vertex   -1.635181e+02 -2.769833e+00 0.000000e+00
    endloop
  endfacet
  facet normal -0.000000e+00 0.000000e+00 1.000000e+00
    outer loop
      vertex   -1.635181e+02 -2.769833e+00 0.000000e+00
      vertex   -1.627057e+02 -2.823879e+00 0.000000e+00
      vertex   -9.771333e+01 -1.894742e+00 0.000000e+00
    endloop
  endfacet
  facet normal 0.000000e+00 0.000000e+00 1.000000e+00
    outer loop
      vertex   -9.771333e+01 -1.894742e+00 0.000000e+00
      vertex   -1.627057e+02 -2.823879e+00 0.000000e+00
      vertex   -1.618864e+02 -2.878314e+00 0.000000e+00
    endloop
  endfacet
  facet normal 0.000000e+00 0.000000e+00 1.000000e+00
    outer loop
      vertex   -9.771333e+01 -1.894742e+00 0.000000e+00
      vertex   -1.618864e+02 -2.878314e+00 0.000000e+00
      vertex   -1.610605e+02 -2.933129e+00 0.000000e+00
    endloop
  endfacet
  facet normal 0.000000e+00 0.000000e+00 1.000000e+00
    outer loop
      vertex   -9.771333e+01 -1.894742e+00 0.000000e+00
      vertex   -1.610605e+02 -2.933129e+00 0.000000e+00
      vertex   -9.740582e+01 -2.379513e+00 0.000000e+00
    endloop
  endfacet
  facet normal 0.000000e+00 0.000000e+00 1.000000e+00
    outer loop
      vertex   -9.740582e+01 -2.379513e+00 0.000000e+00
      vertex   -1.610605e+02 -2.933129e+00 0.000000e+00
      vertex   -1.602279e+02 -2.988319e+00 0.000000e+00
    endloop
  endfacet
  facet normal 0.000000e+00 0.000000e+00 1.000000e+00
    outer loop
      vertex   -9.740582e+01 -2.379513e+00 0.000000e+00
      vertex   -1.602279e+02 -2.988319e+00 0.000000e+00
      vertex   -1.593888e+02 -3.043876e+00 0.000000e+00
    endloop
  endfacet
  facet normal -0.000000e+00 0.000000e+00 1.000000e+00
    outer loop
      vertex   -1.593888e+02 -3.043876e+00 0.000000e+00
      vertex   -1.585432e+02 -3.099791e+00 0.000000e+00
      vertex   -9.740582e+01 -2.379513e+00 0.000000e+00
    endloop
  endfacet
  facet normal 0.000000e+00 0.000000e+00 1.000000e+00
    outer loop
      vertex   -9.740582e+01 -2.379513e+00 0.000000e+00
      vertex   -1.585432e+02 -3.099791e+00 0.000000e+00
      vertex   -1.576913e+02 -3.156059e+00 0.000000e+00
    endloop
  endfacet
  facet normal 0.000000e+00 0.000000e+00 1.000000e+00
    outer loop
      vertex   -9.740582e+01 -2.379513e+00 0.000000e+00
      vertex   -1.576913e+02 -3.156059e+00 0.000000e+00
      vertex   -1.568332e+02 -3.212669e+00 0.000000e+00
    endloop
  endfacet
  facet normal -0.000000e+00 0.000000e+00 1.000000e+00
    outer loop
      vertex   -1.568332e+02 -3.212669e+00 0.000000e+00
      vertex   -1.559689e+02 -3.269616e+00 0.000000e+00
      vertex   -9.740582e+01 -2.379513e+00 0.000000e+00
    endloop
  endfacet
  facet normal 0.000000e+00 0.000000e+00 1.000000e+00
    outer loop
      vertex   -9.740582e+01 -2.379513e+00 0.000000e+00
      vertex   -1.559689e+02 -3.269616e+00 0.000000e+00
      vertex   -1.550985e+02 -3.326891e+00 0.000000e+00
    endloop
  endfacet
  facet normal 0.000000e+00 0.000000e+00 1.000000e+00
    outer loop
      vertex   -9.740582e+01 -2.379513e+00 0.000000e+00
      vertex   -1.550985e+02 -3.326891e+00 0.000000e+00
      vertex   -9.703208e+01 -2.815271e+00 0.000000e+00
    endloop
  endfacet
  facet normal 0.000000e+00 0.000000e+00 1.000000e+00
    outer loop
      vertex   -9.703208e+01 -2.815271e+00 0.000000e+00
      vertex   -1.550985e+02 -3.326891e+00 0.000000e+00
      vertex   -1.542221e+02 -3.384485e+00 0.000000e+00
    endloop
  endfacet
  facet normal 0.000000e+00 0.000000e+00 1.000000e+00
    outer loop
      vertex   -9.703208e+01 -2.815271e+00 0.000000e+00
      vertex   -1.542221e+02 -3.384485e+00 0.000000e+00
      vertex   -1.533399e+02 -3.442390e+00 0.000000e+00
    endloop
  endfacet
  facet normal -0.000000e+00 0.000000e+00 1.000000e+00
    outer loop
      vertex   -1.533399e+02 -3.442390e+00 0.000000e+00
      vertex   -1.524519e+02 -3.500598e+00 0.000000e+00
      vertex   -9.703208e+01 -2.815271e+00 0.000000e+00
    endloop
  endfacet
  facet normal 0.000000e+00 0.000000e+00 1.000000e+00
    outer loop
      vertex   -9.703208e+01 -2.815271e+00 0.000000e+00
      vertex   -1.524519e+02 -3.500598e+00 0.000000e+00
      vertex   -1.515583e+02 -3.559100e+00 0.000000e+00
    endloop
  endfacet
  facet normal 0.000000e+00 0.000000e+00 1.000000e+00
    outer loop
      vertex   -9.703208e+01 -2.815271e+00 0.000000e+00
      vertex   -1.515583e+02 -3.559100e+00 0.000000e+00
      vertex   -1.506591e+02 -3.617887e+00 0.000000e+00
    endloop
  endfacet
  facet normal -0.000000e+00 0.000000e+00 1.000000e+00
    outer loop
      vertex   -1.506591e+02 -3.617887e+00 0.000000e+00
      vertex   -1.497544e+02 -3.676950e+00 0.000000e+00
      vertex   -9.703208e+01 -2.815271e+00 0.000000e+00
    endloop
  endfacet
  facet normal 0.000000e+00 0.000000e+00 1.000000e+00
    outer loop
      vertex   -9.703208e+01 -2.815271e+00 0.000000e+00
      vertex   -1.497544e+02 -3.676950e+00 0.000000e+00
      vertex   -9.659981e+01 -3.193041e+00 0.000000e+00
    endloop
  endfacet
  facet normal 0.000000e+00 0.000000e+00 1.000000e+00
    outer loop
      vertex   -9.659981e+01 -3.193041e+00 0.000000e+00
      vertex   -1.497544e+02 -3.676950e+00 0.000000e+00
      vertex   -1.488443e+02 -3.736279e+00 0.000000e+00
    endloop
  endfacet
  facet normal 0.000000e+00 0.000000e+00 1.000000e+00
    outer loop
      vertex   -9.659981e+01 -3.193041e+00 0.000000e+00
      vertex   -1.488443e+02 -3.736279e+00 0.000000e+00
      vertex   -1.479290e+02 -3.795865e+00 0.000000e+00
    endloop
  endfacet
  facet normal -0.000000e+00 0.000000e+00 1.000000e+00
    outer loop
      vertex   -1.479290e+02 -3.795865e+00 0.000000e+00
      vertex   -1.470085e+02 -3.855698e+00 0.000000e+00
      vertex   -9.659981e+01 -3.193041e+00 0.000000e+00
    endloop
  endfacet
  facet normal 0.000000e+00 0.000000e+00 1.000000e+00
    outer loop
      vertex   -9.659981e+01 -3.193041e+00 0.000000e+00
      vertex   -1.470085e+02 -3.855698e+00 0.000000e+00
      vertex   -1.460829e+02 -3.915768e+00 0.000000e+00
    endloop
  endfacet
  facet normal 0.000000e+00 0.000000e+00 1.000000e+00
    outer loop
      vertex   -9.659981e+01 -3.193041e+00 0.000000e+00
      vertex   -1.460829e+02 -3.915768e+00 0.000000e+00
      vertex   -1.451524e+02 -3.976065e+00 0.000000e+00
    endloop
  endfacet
  facet normal 0.000000e+00 0.000000e+00 1.000000e+00
    outer loop
      vertex   -9.659981e+01 -3.193041e+00 0.000000e+00
      vertex   -1.451524e+02 -3.976065e+00 0.000000e+00
      vertex   -9.611791e+01 -3.505040e+00 0.000000e+00
    endloop
  endfacet
  facet normal 0.000000e+00 0.000000e+00 1.000000e+00
    outer loop
      vertex   -9.611791e+01 -3.505040e+00 0.000000e+00
      vertex   -1.451524e+02 -3.976065e+00 0.000000e+00
      vertex   -1.442170e+02 -4.036579e+00 0.000000e+00
    endloop
  endfacet
  facet normal 0.000000e+00 0.000000e+00 1.000000e+00
    outer loop
      vertex   -9.611791e+01 -3.505040e+00 0.000000e+00
      vertex   -1.442170e+02 -4.036579e+00 0.000000e+00
      vertex   -1.432769e+02 -4.097298e+00 0.000000e+00
    endloop
  endfacet
  facet normal -0.000000e+00 0.000000e+00 1.000000e+00
    outer loop
      vertex   -1.432769e+02 -4.097298e+00 0.000000e+00
      vertex   -1.423321e+02 -4.158211e+00 0.000000e+00
      vertex   -9.611791e+01 -3.505040e+00 0.000000e+00
    endloop
  endfacet
  facet normal 0.000000e+00 0.000000e+00 1.000000e+00
    outer loop
      vertex   -9.611791e+01 -3.505040e+00 0.000000e+00
      vertex   -1.423321e+02 -4.158211e+00 0.000000e+00
      vertex   -1.413828e+02 -4.219308e+00 0.000000e+00
    endloop
  endfacet
  facet normal 0.000000e+00 0.000000e+00 1.000000e+00
    outer loop
      vertex   -9.611791e+01 -3.505040e+00 0.000000e+00
      vertex   -1.413828e+02 -4.219308e+00 0.000000e+00
      vertex   -1.404290e+02 -4.280576e+00 0.000000e+00
    endloop
  endfacet
  facet normal 0.000000e+00 0.000000e+00 1.000000e+00
    outer loop
      vertex   -9.611791e+01 -3.505040e+00 0.000000e+00
      vertex   -1.404290e+02 -4.280576e+00 0.000000e+00
      vertex   -9.559632e+01 -3.744842e+00 0.000000e+00
    endloop
  endfacet
  facet normal 0.000000e+00 0.000000e+00 1.000000e+00
    outer loop
      vertex   -9.559632e+01 -3.744842e+00 0.000000e+00
      vertex   -1.404290e+02 -4.280576e+00 0.000000e+00
      vertex   -1.394709e+02 -4.342004e+00 0.000000e+00
    endloop
  endfacet
  facet normal 0.000000e+00 0.000000e+00 1.000000e+00
    outer loop
      vertex   -9.559632e+01 -3.744842e+00 0.000000e+00
      vertex   -1.394709e+02 -4.342004e+00 0.000000e+00
      vertex   -1.385086e+02 -4.403579e+00 0.000000e+00
    endloop
  endfacet
  facet normal -0.000000e+00 0.000000e+00 1.000000e+00
    outer loop
      vertex   -1.385086e+02 -4.403579e+00 0.000000e+00
      vertex   -1.375421e+02 -4.465289e+00 0.000000e+00
      vertex   -9.559632e+01 -3.744842e+00 0.000000e+00
    endloop
  endfacet
  facet normal 0.000000e+00 0.000000e+00 1.000000e+00
    outer loop
      vertex   -9.559632e+01 -3.744842e+00 0.000000e+00
      vertex   -1.375421e+02 -4.465289e+00 0.000000e+00
      vertex   -9.504577e+01 -3.907508e+00 0.000000e+00
    endloop
  endfacet
  facet normal 0.000000e+00 0.000000e+00 1.000000e+00
    outer loop
      vertex   -9.504577e+01 -3.907508e+00 0.000000e+00
      vertex   -1.375421e+02 -4.465289e+00 0.000000e+00
      vertex   -1.365716e+02 -4.527122e+00 0.000000e+00
    endloop
  endfacet
  facet normal 0.000000e+00 0.000000e+00 1.000000e+00
    outer loop
      vertex   -9.504577e+01 -3.907508e+00 0.000000e+00
      vertex   -1.365716e+02 -4.527122e+00 0.000000e+00
      vertex   -1.355972e+02 -4.589064e+00 0.000000e+00
    endloop
  endfacet
  facet normal -0.000000e+00 0.000000e+00 1.000000e+00
    outer loop
      vertex   -1.355972e+02 -4.589064e+00 0.000000e+00
      vertex   -1.346190e+02 -4.651102e+00 0.000000e+00
      vertex   -9.504577e+01 -3.907508e+00 0.000000e+00
    endloop
  endfacet
  facet normal 0.000000e+00 0.000000e+00 1.000000e+00
    outer loop
      vertex   -9.504577e+01 -3.907508e+00 0.000000e+00
      vertex   -1.346190e+02 -4.651102e+00 0.000000e+00
      vertex   -1.336371e+02 -4.713221e+00 0.000000e+00
    endloop
  endfacet
  facet normal 0.000000e+00 0.000000e+00 1.000000e+00
    outer loop
      vertex   -9.504577e+01 -3.907508e+00 0.000000e+00
      vertex   -1.336371e+02 -4.713221e+00 0.000000e+00
      vertex   -9.447760e+01 -3.989688e+00 0.000000e+00
    endloop
  endfacet
  facet normal 0.000000e+00 0.000000e+00 1.000000e+00
    outer loop
      vertex   -9.447760e+01 -3.989688e+00 0.000000e+00
      vertex   -1.336371e+02 -4.713221e+00 0.000000e+00
      vertex   -1.326517e+02 -4.775408e+00 0.000000e+00
    endloop
  endfacet
  facet normal 0.000000e+00 0.000000e+00 1.000000e+00
    outer loop
      vertex   -9.447760e+01 -3.989688e+00 0.000000e+00
      vertex   -1.326517e+02 -4.775408e+00 0.000000e+00
      vertex   -1.316627e+02 -4.837649e+00 0.000000e+00
    endloop
  endfacet
  facet normal -0.000000e+00 0.000000e+00 1.000000e+00
    outer loop
      vertex   -1.316627e+02 -4.837649e+00 0.000000e+00
      vertex   -1.306704e+02 -4.899929e+00 0.000000e+00
      vertex   -9.447760e+01 -3.989688e+00 0.000000e+00
    endloop
  endfacet
  facet normal 0.000000e+00 0.000000e+00 1.000000e+00
    outer loop
      vertex   -9.447760e+01 -3.989688e+00 0.000000e+00
      vertex   -1.306704e+02 -4.899929e+00 0.000000e+00
      vertex   -1.296748e+02 -4.962232e+00 0.000000e+00
    endloop
  endfacet
  facet normal 0.000000e+00 0.000000e+00 1.000000e+00
    outer loop
      vertex   -9.447760e+01 -3.989688e+00 0.000000e+00
      vertex   -1.296748e+02 -4.962232e+00 0.000000e+00
      vertex   -1.286760e+02 -5.024543e+00 0.000000e+00
    endloop
  endfacet
  facet normal -0.000000e+00 0.000000e+00 1.000000e+00
    outer loop
      vertex   -1.286760e+02 -5.024543e+00 0.000000e+00
      vertex   -1.276743e+02 -5.086847e+00 0.000000e+00
      vertex   -9.447760e+01 -3.989688e+00 0.000000e+00
    endloop
  endfacet
  facet normal 0.000000e+00 0.000000e+00 1.000000e+00
    outer loop
      vertex   -9.447760e+01 -3.989688e+00 0.000000e+00
      vertex   -1.276743e+02 -5.086847e+00 0.000000e+00
      vertex   -1.266695e+02 -5.149127e+00 0.000000e+00
    endloop
  endfacet
  facet normal 0.000000e+00 0.000000e+00 1.000000e+00
    outer loop
      vertex   -9.447760e+01 -3.989688e+00 0.000000e+00
      vertex   -1.266695e+02 -5.149127e+00 0.000000e+00
      vertex   -1.256620e+02 -5.211366e+00 0.000000e+00
    endloop
  endfacet
  facet normal -0.000000e+00 0.000000e+00 1.000000e+00
    outer loop
      vertex   -1.256620e+02 -5.211366e+00 0.000000e+00
      vertex   -1.246518e+02 -5.273548e+00 0.000000e+00
      vertex   -9.447760e+01 -3.989688e+00 0.000000e+00
    endloop
  endfacet
  facet normal 0.000000e+00 0.000000e+00 1.000000e+00
    outer loop
      vertex   -9.447760e+01 -3.989688e+00 0.000000e+00
      vertex   -1.246518e+02 -5.273548e+00 0.000000e+00
      vertex   -1.236389e+02 -5.335656e+00 0.000000e+00
    endloop
  endfacet
  facet normal 0.000000e+00 0.000000e+00 1.000000e+00
    outer loop
      vertex   -9.447760e+01 -3.989688e+00 0.000000e+00
      vertex   -1.236389e+02 -5.335656e+00 0.000000e+00
      vertex   -1.226236e+02 -5.397671e+00 0.000000e+00
    endloop
  endfacet
  facet normal -0.000000e+00 0.000000e+00 1.000000e+00
    outer loop
      vertex   -1.226236e+02 -5.397671e+00 0.000000e+00
      vertex   -1.216059e+02 -5.459577e+00 0.000000e+00
      vertex   -9.447760e+01 -3.989688e+00 0.000000e+00
    endloop
  endfacet
  facet normal 0.000000e+00 0.000000e+00 1.000000e+00
    outer loop
      vertex   -9.447760e+01 -3.989688e+00 0.000000e+00
      vertex   -1.216059e+02 -5.459577e+00 0.000000e+00
      vertex   -1.205859e+02 -5.521354e+00 0.000000e+00
    endloop
  endfacet
  facet normal 0.000000e+00 0.000000e+00 1.000000e+00
    outer loop
      vertex   -9.447760e+01 -3.989688e+00 0.000000e+00
      vertex   -1.205859e+02 -5.521354e+00 0.000000e+00
      vertex   -1.195637e+02 -5.582984e+00 0.000000e+00
    endloop
  endfacet
  facet normal -0.000000e+00 0.000000e+00 1.000000e+00
    outer loop
      vertex   -1.195637e+02 -5.582984e+00 0.000000e+00
      vertex   -1.185395e+02 -5.644448e+00 0.000000e+00
      vertex   -9.447760e+01 -3.989688e+00 0.000000e+00
    endloop
  endfacet
  facet normal 0.000000e+00 0.000000e+00 1.000000e+00
    outer loop
      vertex   -9.447760e+01 -3.989688e+00 0.000000e+00
      vertex   -1.185395e+02 -5.644448e+00 0.000000e+00
      vertex   -1.175134e+02 -5.705726e+00 0.000000e+00
    endloop
  endfacet
  facet normal 0.000000e+00 0.000000e+00 1.000000e+00
    outer loop
      vertex   -9.447760e+01 -3.989688e+00 0.000000e+00
      vertex   -1.175134e+02 -5.705726e+00 0.000000e+00
      vertex   -1.164855e+02 -5.766798e+00 0.000000e+00
    endloop
  endfacet
  facet normal -0.000000e+00 0.000000e+00 1.000000e+00
    outer loop
      vertex   -9.447760e+01 -3.989688e+00 0.000000e+00
      vertex   -1.164855e+02 -5.766798e+00 0.000000e+00
      vertex   -9.390352e+01 -3.989688e+00 0.000000e+00
    endloop
  endfacet
  facet normal 0.000000e+00 0.000000e+00 1.000000e+00
    outer loop
      vertex   -9.390352e+01 -3.989688e+00 0.000000e+00
      vertex   -1.164855e+02 -5.766798e+00 0.000000e+00
      vertex   -1.154558e+02 -5.827645e+00 0.000000e+00
    endloop
  endfacet
  facet normal 0.000000e+00 0.000000e+00 1.000000e+00
    outer loop
      vertex   -9.390352e+01 -3.989688e+00 0.000000e+00
      vertex   -1.154558e+02 -5.827645e+00 0.000000e+00
      vertex   -1.144246e+02 -5.888246e+00 0.000000e+00
    endloop
  endfacet
  facet normal -0.000000e+00 0.000000e+00 1.000000e+00
    outer loop
      vertex   -1.144246e+02 -5.888246e+00 0.000000e+00
      vertex   -1.133918e+02 -5.948580e+00 0.000000e+00
      vertex   -9.390352e+01 -3.989688e+00 0.000000e+00
    endloop
  endfacet
  facet normal 0.000000e+00 0.000000e+00 1.000000e+00
    outer loop
      vertex   -9.390352e+01 -3.989688e+00 0.000000e+00
      vertex   -1.133918e+02 -5.948580e+00 0.000000e+00
      vertex   -1.123577e+02 -6.008625e+00 0.000000e+00
    endloop
  endfacet
  facet normal 0.000000e+00 0.000000e+00 1.000000e+00
    outer loop
      vertex   -9.390352e+01 -3.989688e+00 0.000000e+00
      vertex   -1.123577e+02 -6.008625e+00 0.000000e+00
      vertex   -1.113224e+02 -6.068361e+00 0.000000e+00
    endloop
  endfacet
  facet normal -0.000000e+00 0.000000e+00 1.000000e+00
    outer loop
      vertex   -1.113224e+02 -6.068361e+00 0.000000e+00
      vertex   -1.102859e+02 -6.127765e+00 0.000000e+00
      vertex   -9.390352e+01 -3.989688e+00 0.000000e+00
    endloop
  endfacet
  facet normal 0.000000e+00 0.000000e+00 1.000000e+00
    outer loop
      vertex   -9.390352e+01 -3.989688e+00 0.000000e+00
      vertex   -1.102859e+02 -6.127765e+00 0.000000e+00
      vertex   -1.092483e+02 -6.186815e+00 0.000000e+00
    endloop
  endfacet
  facet normal 0.000000e+00 0.000000e+00 1.000000e+00
    outer loop
      vertex   -9.390352e+01 -3.989688e+00 0.000000e+00
      vertex   -1.092483e+02 -6.186815e+00 0.000000e+00
      vertex   -1.082098e+02 -6.245489e+00 0.000000e+00
    endloop
  endfacet
  facet normal -0.000000e+00 0.000000e+00 1.000000e+00
    outer loop
      vertex   -1.082098e+02 -6.245489e+00 0.000000e+00
      vertex   -1.071706e+02 -6.303763e+00 0.000000e+00
      vertex   -9.390352e+01 -3.989688e+00 0.000000e+00
    endloop
  endfacet
  facet normal 0.000000e+00 0.000000e+00 1.000000e+00
    outer loop
      vertex   -9.390352e+01 -3.989688e+00 0.000000e+00
      vertex   -1.071706e+02 -6.303763e+00 0.000000e+00
      vertex   -1.061306e+02 -6.361614e+00 0.000000e+00
    endloop
  endfacet
  facet normal 0.000000e+00 0.000000e+00 1.000000e+00
    outer loop
      vertex   -9.390352e+01 -3.989688e+00 0.000000e+00
      vertex   -1.061306e+02 -6.361614e+00 0.000000e+00
      vertex   -1.050900e+02 -6.419019e+00 0.000000e+00
    endloop
  endfacet
  facet normal -0.000000e+00 0.000000e+00 1.000000e+00
    outer loop
      vertex   -1.050900e+02 -6.419019e+00 0.000000e+00
      vertex   -1.040490e+02 -6.475954e+00 0.000000e+00
      vertex   -9.390352e+01 -3.989688e+00 0.000000e+00
    endloop
  endfacet
  facet normal 0.000000e+00 0.000000e+00 1.000000e+00
    outer loop
      vertex   -9.390352e+01 -3.989688e+00 0.000000e+00
      vertex   -1.040490e+02 -6.475954e+00 0.000000e+00
      vertex   -1.030076e+02 -6.532395e+00 0.000000e+00
    endloop
  endfacet
  facet normal 0.000000e+00 0.000000e+00 1.000000e+00
    outer loop
      vertex   -9.390352e+01 -3.989688e+00 0.000000e+00
      vertex   -1.030076e+02 -6.532395e+00 0.000000e+00
      vertex   -1.019659e+02 -6.588318e+00 0.000000e+00
    endloop
  endfacet
  facet normal -0.000000e+00 0.000000e+00 1.000000e+00
    outer loop
      vertex   -1.019659e+02 -6.588318e+00 0.000000e+00
      vertex   -1.009242e+02 -6.643697e+00 0.000000e+00
      vertex   -9.390352e+01 -3.989688e+00 0.000000e+00
    endloop
  endfacet
  facet normal 0.000000e+00 0.000000e+00 1.000000e+00
    outer loop
      vertex   -9.390352e+01 -3.989688e+00 0.000000e+00
      vertex   -1.009242e+02 -6.643697e+00 0.000000e+00
      vertex   -9.988236e+01 -6.698508e+00 0.000000e+00
    endloop
  endfacet
  facet normal 0.000000e+00 0.000000e+00 1.000000e+00
    outer loop
      vertex   -9.390352e+01 -3.989688e+00 0.000000e+00
      vertex   -9.988236e+01 -6.698508e+00 0.000000e+00
      vertex   -9.884065e+01 -6.752726e+00 0.000000e+00
    endloop
  endfacet
  facet normal -0.000000e+00 0.000000e+00 1.000000e+00
    outer loop
      vertex   -9.884065e+01 -6.752726e+00 0.000000e+00
      vertex   -9.779915e+01 -6.806324e+00 0.000000e+00
      vertex   -9.390352e+01 -3.989688e+00 0.000000e+00
    endloop
  endfacet
  facet normal 0.000000e+00 0.000000e+00 1.000000e+00
    outer loop
      vertex   -9.390352e+01 -3.989688e+00 0.000000e+00
      vertex   -9.779915e+01 -6.806324e+00 0.000000e+00
      vertex   -9.675795e+01 -6.859279e+00 0.000000e+00
    endloop
  endfacet
  facet normal 0.000000e+00 0.000000e+00 1.000000e+00
    outer loop
      vertex   -9.390352e+01 -3.989688e+00 0.000000e+00
      vertex   -9.675795e+01 -6.859279e+00 0.000000e+00
      vertex   -9.571719e+01 -6.911563e+00 0.000000e+00
    endloop
  endfacet
  facet normal -0.000000e+00 0.000000e+00 1.000000e+00
    outer loop
      vertex   -9.571719e+01 -6.911563e+00 0.000000e+00
      vertex   -9.467696e+01 -6.963150e+00 0.000000e+00
      vertex   -9.390352e+01 -3.989688e+00 0.000000e+00
    endloop
  endfacet
  facet normal 0.000000e+00 0.000000e+00 1.000000e+00
    outer loop
      vertex   -9.390352e+01 -3.989688e+00 0.000000e+00
      vertex   -9.467696e+01 -6.963150e+00 0.000000e+00
      vertex   -9.363739e+01 -7.014015e+00 0.000000e+00
    endloop
  endfacet
  facet normal 0.000000e+00 0.000000e+00 1.000000e+00
    outer loop
      vertex   -9.390352e+01 -3.989688e+00 0.000000e+00
      vertex   -9.363739e+01 -7.014015e+00 0.000000e+00
      vertex   -9.259858e+01 -7.064130e+00 0.000000e+00
    endloop
  endfacet
  facet normal -0.000000e+00 -0.000000e+00 1.000000e+00
    outer loop
      vertex   -9.259858e+01 -7.064130e+00 0.000000e+00
      vertex   -9.156064e+01 -7.113470e+00 0.000000e+00
      vertex   -9.390352e+01 -3.989688e+00 0.000000e+00
    endloop
  endfacet
  facet normal 0.000000e+00 0.000000e+00 1.000000e+00
    outer loop
      vertex   -9.390352e+01 -3.989688e+00 0.000000e+00
      vertex   -9.156064e+01 -7.113470e+00 0.000000e+00
      vertex   -9.052369e+01 -7.162007e+00 0.000000e+00
    endloop
  endfacet
  facet normal 0.000000e+00 0.000000e+00 1.000000e+00
    outer loop
      vertex   -9.390352e+01 -3.989688e+00 0.000000e+00
      vertex   -9.052369e+01 -7.162007e+00 0.000000e+00
      vertex   -8.948783e+01 -7.209714e+00 0.000000e+00
    endloop
  endfacet
  facet normal -0.000000e+00 -0.000000e+00 1.000000e+00
    outer loop
      vertex   -8.948783e+01 -7.209714e+00 0.000000e+00
      vertex   -8.845318e+01 -7.256566e+00 0.000000e+00
      vertex   -9.390352e+01 -3.989688e+00 0.000000e+00
    endloop
  endfacet
  facet normal 0.000000e+00 0.000000e+00 1.000000e+00
    outer loop
      vertex   -9.390352e+01 -3.989688e+00 0.000000e+00
      vertex   -8.845318e+01 -7.256566e+00 0.000000e+00
      vertex   -4.967210e+01 -8.103662e+00 0.000000e+00
    endloop
  endfacet
  facet normal -0.000000e+00 0.000000e+00 1.000000e+00
    outer loop
      vertex   -9.390352e+01 -3.989688e+00 0.000000e+00
      vertex   -4.967210e+01 -8.103662e+00 0.000000e+00
      vertex   -9.333535e+01 -3.907508e+00 0.000000e+00
    endloop
  endfacet
  facet normal -0.000000e+00 0.000000e+00 1.000000e+00
    outer loop
      vertex   -9.333535e+01 -3.907508e+00 0.000000e+00
      vertex   -4.967210e+01 -8.103662e+00 0.000000e+00
      vertex   -9.278480e+01 -3.744842e+00 0.000000e+00
    endloop
  endfacet
  facet normal -0.000000e+00 0.000000e+00 1.000000e+00
    outer loop
      vertex   -9.278480e+01 -3.744842e+00 0.000000e+00
      vertex   -4.967210e+01 -8.103662e+00 0.000000e+00
      vertex   -9.226320e+01 -3.505040e+00 0.000000e+00
    endloop
  endfacet
  facet normal -0.000000e+00 0.000000e+00 1.000000e+00
    outer loop
      vertex   -9.226320e+01 -3.505040e+00 0.000000e+00
      vertex   -4.967210e+01 -8.103662e+00 0.000000e+00
      vertex   -9.178131e+01 -3.193041e+00 0.000000e+00
    endloop
  endfacet
  facet normal -0.000000e+00 0.000000e+00 1.000000e+00
    outer loop
      vertex   -9.178131e+01 -3.193041e+00 0.000000e+00
      vertex   -4.967210e+01 -8.103662e+00 0.000000e+00
      vertex   -9.134904e+01 -2.815271e+00 0.000000e+00
    endloop
  endfacet
  facet normal -0.000000e+00 0.000000e+00 1.000000e+00
    outer loop
      vertex   -9.134904e+01 -2.815271e+00 0.000000e+00
      vertex   -4.967210e+01 -8.103662e+00 0.000000e+00
      vertex   -8.759108e+01 -1.417523e+00 0.000000e+00
    endloop
  endfacet
  facet normal 0.000000e+00 0.000000e+00 1.000000e+00
    outer loop
      vertex   -9.134904e+01 -2.815271e+00 0.000000e+00
      vertex   -8.759108e+01 -1.417523e+00 0.000000e+00
      vertex   -9.097530e+01 -2.379513e+00 0.000000e+00
    endloop
  endfacet
  facet normal 0.000000e+00 0.000000e+00 1.000000e+00
    outer loop
      vertex   -9.097530e+01 -2.379513e+00 0.000000e+00
      vertex   -8.759108e+01 -1.417523e+00 0.000000e+00
      vertex   -9.066778e+01 -1.894742e+00 0.000000e+00
    endloop
  endfacet
  facet normal 0.000000e+00 0.000000e+00 1.000000e+00
    outer loop
      vertex   -9.066778e+01 -1.894742e+00 0.000000e+00
      vertex   -8.759108e+01 -1.417523e+00 0.000000e+00
      vertex   -9.043283e+01 -1.370943e+00 0.000000e+00
    endloop
  endfacet
  facet normal -0.000000e+00 0.000000e+00 1.000000e+00
    outer loop
      vertex   -9.043283e+01 -1.370943e+00 0.000000e+00
      vertex   -8.759108e+01 -1.417523e+00 0.000000e+00
      vertex   -8.755809e+01 -1.254120e+00 0.000000e+00
    endloop
  endfacet
  facet normal 0.000000e+00 0.000000e+00 1.000000e+00
    outer loop
      vertex   -9.043283e+01 -1.370943e+00 0.000000e+00
      vertex   -8.755809e+01 -1.254120e+00 0.000000e+00
      vertex   -8.752914e+01 -1.089952e+00 0.000000e+00
    endloop
  endfacet
  facet normal 0.000000e+00 0.000000e+00 1.000000e+00
    outer loop
      vertex   -8.845318e+01 -7.256566e+00 0.000000e+00
      vertex   -8.741986e+01 -7.302533e+00 0.000000e+00
      vertex   -4.967210e+01 -8.103662e+00 0.000000e+00
    endloop
  endfacet
  facet normal 0.000000e+00 0.000000e+00 1.000000e+00
    outer loop
      vertex   -4.967210e+01 -8.103662e+00 0.000000e+00
      vertex   -8.741986e+01 -7.302533e+00 0.000000e+00
      vertex   -8.638796e+01 -7.347589e+00 0.000000e+00
    endloop
  endfacet
  facet normal 0.000000e+00 0.000000e+00 1.000000e+00
    outer loop
      vertex   -4.967210e+01 -8.103662e+00 0.000000e+00
      vertex   -8.638796e+01 -7.347589e+00 0.000000e+00
      vertex   -8.535760e+01 -7.391708e+00 0.000000e+00
    endloop
  endfacet
  facet normal 0.000000e+00 0.000000e+00 1.000000e+00
    outer loop
      vertex   -8.535760e+01 -7.391708e+00 0.000000e+00
      vertex   -8.432889e+01 -7.434861e+00 0.000000e+00
      vertex   -4.967210e+01 -8.103662e+00 0.000000e+00
    endloop
  endfacet
  facet normal 0.000000e+00 0.000000e+00 1.000000e+00
    outer loop
      vertex   -4.967210e+01 -8.103662e+00 0.000000e+00
      vertex   -8.432889e+01 -7.434861e+00 0.000000e+00
      vertex   -8.330194e+01 -7.477020e+00 0.000000e+00
    endloop
  endfacet
  facet normal 0.000000e+00 0.000000e+00 1.000000e+00
    outer loop
      vertex   -4.967210e+01 -8.103662e+00 0.000000e+00
      vertex   -8.330194e+01 -7.477020e+00 0.000000e+00
      vertex   -8.227686e+01 -7.518160e+00 0.000000e+00
    endloop
  endfacet
  facet normal 0.000000e+00 0.000000e+00 1.000000e+00
    outer loop
      vertex   -8.227686e+01 -7.518160e+00 0.000000e+00
      vertex   -8.125377e+01 -7.558252e+00 0.000000e+00
      vertex   -4.967210e+01 -8.103662e+00 0.000000e+00
    endloop
  endfacet
  facet normal 0.000000e+00 0.000000e+00 1.000000e+00
    outer loop
      vertex   -4.967210e+01 -8.103662e+00 0.000000e+00
      vertex   -8.125377e+01 -7.558252e+00 0.000000e+00
      vertex   -8.023276e+01 -7.597269e+00 0.000000e+00
    endloop
  endfacet
  facet normal 0.000000e+00 0.000000e+00 1.000000e+00
    outer loop
      vertex   -4.967210e+01 -8.103662e+00 0.000000e+00
      vertex   -8.023276e+01 -7.597269e+00 0.000000e+00
      vertex   -7.922034e+01 -7.635396e+00 0.000000e+00
    endloop
  endfacet
  facet normal 0.000000e+00 0.000000e+00 1.000000e+00
    outer loop
      vertex   -7.922034e+01 -7.635396e+00 0.000000e+00
      vertex   -7.821214e+01 -7.673087e+00 0.000000e+00
      vertex   -4.967210e+01 -8.103662e+00 0.000000e+00
    endloop
  endfacet
  facet normal 0.000000e+00 0.000000e+00 1.000000e+00
    outer loop
      vertex   -4.967210e+01 -8.103662e+00 0.000000e+00
      vertex   -7.821214e+01 -7.673087e+00 0.000000e+00
      vertex   -7.720639e+01 -7.710328e+00 0.000000e+00
    endloop
  endfacet
  facet normal 0.000000e+00 0.000000e+00 1.000000e+00
    outer loop
      vertex   -4.967210e+01 -8.103662e+00 0.000000e+00
      vertex   -7.720639e+01 -7.710328e+00 0.000000e+00
      vertex   -7.620319e+01 -7.747086e+00 0.000000e+00
    endloop
  endfacet
  facet normal 0.000000e+00 0.000000e+00 1.000000e+00
    outer loop
      vertex   -7.620319e+01 -7.747086e+00 0.000000e+00
      vertex   -7.520264e+01 -7.783329e+00 0.000000e+00
      vertex   -4.967210e+01 -8.103662e+00 0.000000e+00
    endloop
  endfacet
  facet normal 0.000000e+00 0.000000e+00 1.000000e+00
    outer loop
      vertex   -4.967210e+01 -8.103662e+00 0.000000e+00
      vertex   -7.520264e+01 -7.783329e+00 0.000000e+00
      vertex   -7.420483e+01 -7.819024e+00 0.000000e+00
    endloop
  endfacet
  facet normal 0.000000e+00 0.000000e+00 1.000000e+00
    outer loop
      vertex   -4.967210e+01 -8.103662e+00 0.000000e+00
      vertex   -7.420483e+01 -7.819024e+00 0.000000e+00
      vertex   -7.320989e+01 -7.854137e+00 0.000000e+00
    endloop
  endfacet
  facet normal 0.000000e+00 0.000000e+00 1.000000e+00
    outer loop
      vertex   -7.320989e+01 -7.854137e+00 0.000000e+00
      vertex   -7.221789e+01 -7.888637e+00 0.000000e+00
      vertex   -4.967210e+01 -8.103662e+00 0.000000e+00
    endloop
  endfacet
  facet normal 0.000000e+00 0.000000e+00 1.000000e+00
    outer loop
      vertex   -4.967210e+01 -8.103662e+00 0.000000e+00
      vertex   -7.221789e+01 -7.888637e+00 0.000000e+00
      vertex   -7.122895e+01 -7.922488e+00 0.000000e+00
    endloop
  endfacet
  facet normal 0.000000e+00 0.000000e+00 1.000000e+00
    outer loop
      vertex   -4.967210e+01 -8.103662e+00 0.000000e+00
      vertex   -7.122895e+01 -7.922488e+00 0.000000e+00
      vertex   -7.024317e+01 -7.955660e+00 0.000000e+00
    endloop
  endfacet
  facet normal 0.000000e+00 0.000000e+00 1.000000e+00
    outer loop
      vertex   -7.024317e+01 -7.955660e+00 0.000000e+00
      vertex   -6.926065e+01 -7.988117e+00 0.000000e+00
      vertex   -4.967210e+01 -8.103662e+00 0.000000e+00
    endloop
  endfacet
  facet normal 0.000000e+00 0.000000e+00 1.000000e+00
    outer loop
      vertex   -4.967210e+01 -8.103662e+00 0.000000e+00
      vertex   -6.926065e+01 -7.988117e+00 0.000000e+00
      vertex   -6.828149e+01 -8.019826e+00 0.000000e+00
    endloop
  endfacet
  facet normal 0.000000e+00 0.000000e+00 1.000000e+00
    outer loop
      vertex   -4.967210e+01 -8.103662e+00 0.000000e+00
      vertex   -6.828149e+01 -8.019826e+00 0.000000e+00
      vertex   -6.730578e+01 -8.050756e+00 0.000000e+00
    endloop
  endfacet
  facet normal 0.000000e+00 0.000000e+00 1.000000e+00
    outer loop
      vertex   -6.730578e+01 -8.050756e+00 0.000000e+00
      vertex   -6.633363e+01 -8.080871e+00 0.000000e+00
      vertex   -4.967210e+01 -8.103662e+00 0.000000e+00
    endloop
  endfacet
  facet normal 0.000000e+00 0.000000e+00 1.000000e+00
    outer loop
      vertex   -4.967210e+01 -8.103662e+00 0.000000e+00
      vertex   -6.633363e+01 -8.080871e+00 0.000000e+00
      vertex   -6.536514e+01 -8.110139e+00 0.000000e+00
    endloop
  endfacet
  facet normal 0.000000e+00 0.000000e+00 1.000000e+00
    outer loop
      vertex   -4.967210e+01 -8.103662e+00 0.000000e+00
      vertex   -6.536514e+01 -8.110139e+00 0.000000e+00
      vertex   -6.440040e+01 -8.138527e+00 0.000000e+00
    endloop
  endfacet
  facet normal -0.000000e+00 0.000000e+00 1.000000e+00
    outer loop
      vertex   -6.440040e+01 -8.138527e+00 0.000000e+00
      vertex   -6.343951e+01 -8.166002e+00 0.000000e+00
      vertex   -4.967210e+01 -8.103662e+00 0.000000e+00
    endloop
  endfacet
  facet normal 0.000000e+00 0.000000e+00 1.000000e+00
    outer loop
      vertex   -4.967210e+01 -8.103662e+00 0.000000e+00
      vertex   -6.343951e+01 -8.166002e+00 0.000000e+00
      vertex   -6.248257e+01 -8.192530e+00 0.000000e+00
    endloop
  endfacet
  facet normal 0.000000e+00 0.000000e+00 1.000000e+00
    outer loop
      vertex   -4.967210e+01 -8.103662e+00 0.000000e+00
      vertex   -6.248257e+01 -8.192530e+00 0.000000e+00
      vertex   -6.152968e+01 -8.218079e+00 0.000000e+00
    endloop
  endfacet
  facet normal -0.000000e+00 0.000000e+00 1.000000e+00
    outer loop
      vertex   -6.152968e+01 -8.218079e+00 0.000000e+00
      vertex   -6.058093e+01 -8.242617e+00 0.000000e+00
      vertex   -4.967210e+01 -8.103662e+00 0.000000e+00
    endloop
  endfacet
  facet normal 0.000000e+00 0.000000e+00 1.000000e+00
    outer loop
      vertex   -4.967210e+01 -8.103662e+00 0.000000e+00
      vertex   -6.058093e+01 -8.242617e+00 0.000000e+00
      vertex   -5.963641e+01 -8.266110e+00 0.000000e+00
    endloop
  endfacet
  facet normal 0.000000e+00 0.000000e+00 1.000000e+00
    outer loop
      vertex   -4.967210e+01 -8.103662e+00 0.000000e+00
      vertex   -5.963641e+01 -8.266110e+00 0.000000e+00
      vertex   -5.869624e+01 -8.288527e+00 0.000000e+00
    endloop
  endfacet
  facet normal -0.000000e+00 0.000000e+00 1.000000e+00
    outer loop
      vertex   -5.869624e+01 -8.288527e+00 0.000000e+00
      vertex   -5.776049e+01 -8.309835e+00 0.000000e+00
      vertex   -4.967210e+01 -8.103662e+00 0.000000e+00
    endloop
  endfacet
  facet normal 0.000000e+00 0.000000e+00 1.000000e+00
    outer loop
      vertex   -4.967210e+01 -8.103662e+00 0.000000e+00
      vertex   -5.776049e+01 -8.309835e+00 0.000000e+00
      vertex   -5.682927e+01 -8.330003e+00 0.000000e+00
    endloop
  endfacet
  facet normal 0.000000e+00 0.000000e+00 1.000000e+00
    outer loop
      vertex   -4.967210e+01 -8.103662e+00 0.000000e+00
      vertex   -5.682927e+01 -8.330003e+00 0.000000e+00
      vertex   -5.590267e+01 -8.348999e+00 0.000000e+00
    endloop
  endfacet
  facet normal -0.000000e+00 0.000000e+00 1.000000e+00
    outer loop
      vertex   -5.590267e+01 -8.348999e+00 0.000000e+00
      vertex   -5.498078e+01 -8.366792e+00 0.000000e+00
      vertex   -4.967210e+01 -8.103662e+00 0.000000e+00
    endloop
  endfacet
  facet normal 0.000000e+00 0.000000e+00 1.000000e+00
    outer loop
      vertex   -4.967210e+01 -8.103662e+00 0.000000e+00
      vertex   -5.498078e+01 -8.366792e+00 0.000000e+00
      vertex   -5.406370e+01 -8.383351e+00 0.000000e+00
    endloop
  endfacet
  facet normal 0.000000e+00 0.000000e+00 1.000000e+00
    outer loop
      vertex   -4.967210e+01 -8.103662e+00 0.000000e+00
      vertex   -5.406370e+01 -8.383351e+00 0.000000e+00
      vertex   -5.315151e+01 -8.398645e+00 0.000000e+00
    endloop
  endfacet
  facet normal -0.000000e+00 0.000000e+00 1.000000e+00
    outer loop
      vertex   -5.315151e+01 -8.398645e+00 0.000000e+00
      vertex   -5.224432e+01 -8.412644e+00 0.000000e+00
      vertex   -4.967210e+01 -8.103662e+00 0.000000e+00
    endloop
  endfacet
  facet normal 0.000000e+00 0.000000e+00 1.000000e+00
    outer loop
      vertex   -4.967210e+01 -8.103662e+00 0.000000e+00
      vertex   -5.224432e+01 -8.412644e+00 0.000000e+00
      vertex   -5.134221e+01 -8.425318e+00 0.000000e+00
    endloop
  endfacet
  facet normal 0.000000e+00 0.000000e+00 1.000000e+00
    outer loop
      vertex   -4.967210e+01 -8.103662e+00 0.000000e+00
      vertex   -5.134221e+01 -8.425318e+00 0.000000e+00
      vertex   -5.044528e+01 -8.436638e+00 0.000000e+00
    endloop
  endfacet
  facet normal -0.000000e+00 0.000000e+00 1.000000e+00
    outer loop
      vertex   -5.044528e+01 -8.436638e+00 0.000000e+00
      vertex   -4.955361e+01 -8.446575e+00 0.000000e+00
      vertex   -4.967210e+01 -8.103662e+00 0.000000e+00
    endloop
  endfacet
  facet normal 0.000000e+00 0.000000e+00 1.000000e+00
    outer loop
      vertex   -4.967210e+01 -8.103662e+00 0.000000e+00
      vertex   -4.955361e+01 -8.446575e+00 0.000000e+00
      vertex   -4.866730e+01 -8.455098e+00 0.000000e+00
    endloop
  endfacet
  facet normal 0.000000e+00 0.000000e+00 1.000000e+00
    outer loop
      vertex   -4.967210e+01 -8.103662e+00 0.000000e+00
      vertex   -4.866730e+01 -8.455098e+00 0.000000e+00
      vertex   -4.778644e+01 -8.462182e+00 0.000000e+00
    endloop
  endfacet
  facet normal -0.000000e+00 -0.000000e+00 1.000000e+00
    outer loop
      vertex   -4.778644e+01 -8.462182e+00 0.000000e+00
      vertex   -4.691111e+01 -8.467797e+00 0.000000e+00
      vertex   -4.967210e+01 -8.103662e+00 0.000000e+00
    endloop
  endfacet
  facet normal 0.000000e+00 0.000000e+00 1.000000e+00
    outer loop
      vertex   -4.967210e+01 -8.103662e+00 0.000000e+00
      vertex   -4.691111e+01 -8.467797e+00 0.000000e+00
      vertex   -4.604140e+01 -8.471916e+00 0.000000e+00
    endloop
  endfacet
  facet normal 0.000000e+00 0.000000e+00 1.000000e+00
    outer loop
      vertex   -4.967210e+01 -8.103662e+00 0.000000e+00
      vertex   -4.604140e+01 -8.471916e+00 0.000000e+00
      vertex   -4.517741e+01 -8.474512e+00 0.000000e+00
    endloop
  endfacet
  facet normal -0.000000e+00 -0.000000e+00 1.000000e+00
    outer loop
      vertex   -4.517741e+01 -8.474512e+00 0.000000e+00
      vertex   -4.431922e+01 -8.475559e+00 0.000000e+00
      vertex   -4.967210e+01 -8.103662e+00 0.000000e+00
    endloop
  endfacet
  facet normal 0.000000e+00 0.000000e+00 1.000000e+00
    outer loop
      vertex   -4.967210e+01 -8.103662e+00 0.000000e+00
      vertex   -4.431922e+01 -8.475559e+00 0.000000e+00
      vertex   -4.346692e+01 -8.475031e+00 0.000000e+00
    endloop
  endfacet
  facet normal 0.000000e+00 0.000000e+00 1.000000e+00
    outer loop
      vertex   -4.967210e+01 -8.103662e+00 0.000000e+00
      vertex   -4.346692e+01 -8.475031e+00 0.000000e+00
      vertex   -4.262060e+01 -8.472902e+00 0.000000e+00
    endloop
  endfacet
  facet normal 0.000000e+00 -0.000000e+00 1.000000e+00
    outer loop
      vertex   -4.262060e+01 -8.472902e+00 0.000000e+00
      vertex   -4.178034e+01 -8.469148e+00 0.000000e+00
      vertex   -4.967210e+01 -8.103662e+00 0.000000e+00
    endloop
  endfacet
  facet normal 0.000000e+00 0.000000e+00 1.000000e+00
    outer loop
      vertex   -4.967210e+01 -8.103662e+00 0.000000e+00
      vertex   -4.178034e+01 -8.469148e+00 0.000000e+00
      vertex   -4.094622e+01 -8.463744e+00 0.000000e+00
    endloop
  endfacet
  facet normal 0.000000e+00 0.000000e+00 1.000000e+00
    outer loop
      vertex   -4.967210e+01 -8.103662e+00 0.000000e+00
      vertex   -4.094622e+01 -8.463744e+00 0.000000e+00
      vertex   -4.011834e+01 -8.456667e+00 0.000000e+00
    endloop
  endfacet
  facet normal 0.000000e+00 -0.000000e+00 1.000000e+00
    outer loop
      vertex   -4.011834e+01 -8.456667e+00 0.000000e+00
      vertex   -3.929677e+01 -8.447893e+00 0.000000e+00
      vertex   -4.967210e+01 -8.103662e+00 0.000000e+00
    endloop
  endfacet
  facet normal 0.000000e+00 0.000000e+00 1.000000e+00
    outer loop
      vertex   -4.967210e+01 -8.103662e+00 0.000000e+00
      vertex   -3.929677e+01 -8.447893e+00 0.000000e+00
      vertex   -3.848161e+01 -8.437399e+00 0.000000e+00
    endloop
  endfacet
  facet normal 0.000000e+00 0.000000e+00 1.000000e+00
    outer loop
      vertex   -4.967210e+01 -8.103662e+00 0.000000e+00
      vertex   -3.848161e+01 -8.437399e+00 0.000000e+00
      vertex   -3.767294e+01 -8.425164e+00 0.000000e+00
    endloop
  endfacet
  facet normal 0.000000e+00 -0.000000e+00 1.000000e+00
    outer loop
      vertex   -3.767294e+01 -8.425164e+00 0.000000e+00
      vertex   -3.687083e+01 -8.411167e+00 0.000000e+00
      vertex   -4.967210e+01 -8.103662e+00 0.000000e+00
    endloop
  endfacet
  facet normal 0.000000e+00 0.000000e+00 1.000000e+00
    outer loop
      vertex   -4.967210e+01 -8.103662e+00 0.000000e+00
      vertex   -3.687083e+01 -8.411167e+00 0.000000e+00
      vertex   -3.607538e+01 -8.395385e+00 0.000000e+00
    endloop
  endfacet
  facet normal 0.000000e+00 0.000000e+00 1.000000e+00
    outer loop
      vertex   -4.967210e+01 -8.103662e+00 0.000000e+00
      vertex   -3.607538e+01 -8.395385e+00 0.000000e+00
      vertex   -3.528666e+01 -8.377799e+00 0.000000e+00
    endloop
  endfacet
  facet normal 0.000000e+00 -0.000000e+00 1.000000e+00
    outer loop
      vertex   -3.528666e+01 -8.377799e+00 0.000000e+00
      vertex   -3.450475e+01 -8.358390e+00 0.000000e+00
      vertex   -4.967210e+01 -8.103662e+00 0.000000e+00
    endloop
  endfacet
  facet normal 0.000000e+00 0.000000e+00 1.000000e+00
    outer loop
      vertex   -4.967210e+01 -8.103662e+00 0.000000e+00
      vertex   -3.450475e+01 -8.358390e+00 0.000000e+00
      vertex   -3.372974e+01 -8.337138e+00 0.000000e+00
    endloop
  endfacet
  facet normal 0.000000e+00 0.000000e+00 1.000000e+00
    outer loop
      vertex   -4.967210e+01 -8.103662e+00 0.000000e+00
      vertex   -3.372974e+01 -8.337138e+00 0.000000e+00
      vertex   -3.296171e+01 -8.314025e+00 0.000000e+00
    endloop
  endfacet
  facet normal 0.000000e+00 -0.000000e+00 1.000000e+00
    outer loop
      vertex   -3.296171e+01 -8.314025e+00 0.000000e+00
      vertex   -3.220074e+01 -8.289033e+00 0.000000e+00
      vertex   -4.967210e+01 -8.103662e+00 0.000000e+00
    endloop
  endfacet
  facet normal 0.000000e+00 0.000000e+00 1.000000e+00
    outer loop
      vertex   -4.967210e+01 -8.103662e+00 0.000000e+00
      vertex   -3.220074e+01 -8.289033e+00 0.000000e+00
      vertex   -3.144690e+01 -8.262144e+00 0.000000e+00
    endloop
  endfacet
  facet normal 0.000000e+00 0.000000e+00 1.000000e+00
    outer loop
      vertex   -4.967210e+01 -8.103662e+00 0.000000e+00
      vertex   -3.144690e+01 -8.262144e+00 0.000000e+00
      vertex   -3.070028e+01 -8.233343e+00 0.000000e+00
    endloop
  endfacet
  facet normal 0.000000e+00 -0.000000e+00 1.000000e+00
    outer loop
      vertex   -3.070028e+01 -8.233343e+00 0.000000e+00
      vertex   -2.996095e+01 -8.202614e+00 0.000000e+00
      vertex   -4.967210e+01 -8.103662e+00 0.000000e+00
    endloop
  endfacet
  facet normal 0.000000e+00 0.000000e+00 1.000000e+00
    outer loop
      vertex   -4.967210e+01 -8.103662e+00 0.000000e+00
      vertex   -2.996095e+01 -8.202614e+00 0.000000e+00
      vertex   -2.922899e+01 -8.169940e+00 0.000000e+00
    endloop
  endfacet
  facet normal 0.000000e+00 0.000000e+00 1.000000e+00
    outer loop
      vertex   -4.967210e+01 -8.103662e+00 0.000000e+00
      vertex   -2.922899e+01 -8.169940e+00 0.000000e+00
      vertex   -2.850447e+01 -8.135308e+00 0.000000e+00
    endloop
  endfacet
  facet normal 0.000000e+00 -0.000000e+00 1.000000e+00
    outer loop
      vertex   -2.850447e+01 -8.135308e+00 0.000000e+00
      vertex   -2.778748e+01 -8.098704e+00 0.000000e+00
      vertex   -4.967210e+01 -8.103662e+00 0.000000e+00
    endloop
  endfacet
  facet normal 0.000000e+00 0.000000e+00 1.000000e+00
    outer loop
      vertex   -4.967210e+01 -8.103662e+00 0.000000e+00
      vertex   -2.778748e+01 -8.098704e+00 0.000000e+00
      vertex   -2.707809e+01 -8.060114e+00 0.000000e+00
    endloop
  endfacet
  facet normal 0.000000e+00 0.000000e+00 1.000000e+00
    outer loop
      vertex   -4.967210e+01 -8.103662e+00 0.000000e+00
      vertex   -2.707809e+01 -8.060114e+00 0.000000e+00
      vertex   -2.637638e+01 -8.019525e+00 0.000000e+00
    endloop
  endfacet
  facet normal 0.000000e+00 -0.000000e+00 1.000000e+00
    outer loop
      vertex   -2.637638e+01 -8.019525e+00 0.000000e+00
      vertex   -2.568241e+01 -7.976925e+00 0.000000e+00
      vertex   -4.967210e+01 -8.103662e+00 0.000000e+00
    endloop
  endfacet
  facet normal 0.000000e+00 0.000000e+00 1.000000e+00
    outer loop
      vertex   -4.967210e+01 -8.103662e+00 0.000000e+00
      vertex   -2.568241e+01 -7.976925e+00 0.000000e+00
      vertex   -2.499627e+01 -7.932303e+00 0.000000e+00
    endloop
  endfacet
  facet normal 0.000000e+00 0.000000e+00 1.000000e+00
    outer loop
      vertex   -4.967210e+01 -8.103662e+00 0.000000e+00
      vertex   -2.499627e+01 -7.932303e+00 0.000000e+00
      vertex   -2.431802e+01 -7.885648e+00 0.000000e+00
    endloop
  endfacet
  facet normal 0.000000e+00 -0.000000e+00 1.000000e+00
    outer loop
      vertex   -2.431802e+01 -7.885648e+00 0.000000e+00
      vertex   -2.364774e+01 -7.836950e+00 0.000000e+00
      vertex   -4.967210e+01 -8.103662e+00 0.000000e+00
    endloop
  endfacet
  facet normal 0.000000e+00 0.000000e+00 1.000000e+00
    outer loop
      vertex   -4.967210e+01 -8.103662e+00 0.000000e+00
      vertex   -2.364774e+01 -7.836950e+00 0.000000e+00
      vertex   -2.298551e+01 -7.786198e+00 0.000000e+00
    endloop
  endfacet
  facet normal 0.000000e+00 0.000000e+00 1.000000e+00
    outer loop
      vertex   -4.967210e+01 -8.103662e+00 0.000000e+00
      vertex   -2.298551e+01 -7.786198e+00 0.000000e+00
      vertex   -2.233138e+01 -7.733385e+00 0.000000e+00
    endloop
  endfacet
  facet normal 0.000000e+00 -0.000000e+00 1.000000e+00
    outer loop
      vertex   -2.233138e+01 -7.733385e+00 0.000000e+00
      vertex   -2.168544e+01 -7.678501e+00 0.000000e+00
      vertex   -4.967210e+01 -8.103662e+00 0.000000e+00
    endloop
  endfacet
  facet normal 0.000000e+00 0.000000e+00 1.000000e+00
    outer loop
      vertex   -4.967210e+01 -8.103662e+00 0.000000e+00
      vertex   -2.168544e+01 -7.678501e+00 0.000000e+00
      vertex   -2.104774e+01 -7.621539e+00 0.000000e+00
    endloop
  endfacet
  facet normal 0.000000e+00 0.000000e+00 1.000000e+00
    outer loop
      vertex   -4.967210e+01 -8.103662e+00 0.000000e+00
      vertex   -2.104774e+01 -7.621539e+00 0.000000e+00
      vertex   -2.041837e+01 -7.562491e+00 0.000000e+00
    endloop
  endfacet
  facet normal 0.000000e+00 -0.000000e+00 1.000000e+00
    outer loop
      vertex   -2.041837e+01 -7.562491e+00 0.000000e+00
      vertex   -1.979739e+01 -7.501351e+00 0.000000e+00
      vertex   -4.967210e+01 -8.103662e+00 0.000000e+00
    endloop
  endfacet
  facet normal 0.000000e+00 0.000000e+00 1.000000e+00
    outer loop
      vertex   -4.967210e+01 -8.103662e+00 0.000000e+00
      vertex   -1.979739e+01 -7.501351e+00 0.000000e+00
      vertex   -4.936099e+01 -6.154081e+00 0.000000e+00
    endloop
  endfacet
  facet normal 0.000000e+00 0.000000e+00 1.000000e+00
    outer loop
      vertex   -4.936099e+01 -6.154081e+00 0.000000e+00
      vertex   -1.979739e+01 -7.501351e+00 0.000000e+00
      vertex   -1.918487e+01 -7.438112e+00 0.000000e+00
    endloop
  endfacet
  facet normal 0.000000e+00 0.000000e+00 1.000000e+00
    outer loop
      vertex   -4.936099e+01 -6.154081e+00 0.000000e+00
      vertex   -1.918487e+01 -7.438112e+00 0.000000e+00
      vertex   -1.858087e+01 -7.372770e+00 0.000000e+00
    endloop
  endfacet
  facet normal 0.000000e+00 -0.000000e+00 1.000000e+00
    outer loop
      vertex   -1.858087e+01 -7.372770e+00 0.000000e+00
      vertex   -1.798546e+01 -7.305318e+00 0.000000e+00
      vertex   -4.936099e+01 -6.154081e+00 0.000000e+00
    endloop
  endfacet
  facet normal 0.000000e+00 0.000000e+00 1.000000e+00
    outer loop
      vertex   -4.936099e+01 -6.154081e+00 0.000000e+00
      vertex   -1.798546e+01 -7.305318e+00 0.000000e+00
      vertex   -1.739872e+01 -7.235753e+00 0.000000e+00
    endloop
  endfacet
  facet normal 0.000000e+00 0.000000e+00 1.000000e+00
    outer loop
      vertex   -4.936099e+01 -6.154081e+00 0.000000e+00
      vertex   -1.739872e+01 -7.235753e+00 0.000000e+00
      vertex   -1.682069e+01 -7.164071e+00 0.000000e+00
    endloop
  endfacet
  facet normal 0.000000e+00 -0.000000e+00 1.000000e+00
    outer loop
      vertex   -1.682069e+01 -7.164071e+00 0.000000e+00
      vertex   -1.625145e+01 -7.090267e+00 0.000000e+00
      vertex   -4.936099e+01 -6.154081e+00 0.000000e+00
    endloop
  endfacet
  facet normal 0.000000e+00 0.000000e+00 1.000000e+00
    outer loop
      vertex   -4.936099e+01 -6.154081e+00 0.000000e+00
      vertex   -1.625145e+01 -7.090267e+00 0.000000e+00
      vertex   -1.569105e+01 -7.014340e+00 0.000000e+00
    endloop
  endfacet
  facet normal 0.000000e+00 0.000000e+00 1.000000e+00
    outer loop
      vertex   -4.936099e+01 -6.154081e+00 0.000000e+00
      vertex   -1.569105e+01 -7.014340e+00 0.000000e+00
      vertex   -1.513957e+01 -6.936287e+00 0.000000e+00
    endloop
  endfacet
  facet normal 0.000000e+00 -0.000000e+00 1.000000e+00
    outer loop
      vertex   -1.513957e+01 -6.936287e+00 0.000000e+00
      vertex   -1.459707e+01 -6.856105e+00 0.000000e+00
      vertex   -4.936099e+01 -6.154081e+00 0.000000e+00
    endloop
  endfacet
  facet normal 0.000000e+00 0.000000e+00 1.000000e+00
    outer loop
      vertex   -4.936099e+01 -6.154081e+00 0.000000e+00
      vertex   -1.459707e+01 -6.856105e+00 0.000000e+00
      vertex   -1.406360e+01 -6.773794e+00 0.000000e+00
    endloop
  endfacet
  facet normal 0.000000e+00 0.000000e+00 1.000000e+00
    outer loop
      vertex   -4.936099e+01 -6.154081e+00 0.000000e+00
      vertex   -1.406360e+01 -6.773794e+00 0.000000e+00
      vertex   -1.353922e+01 -6.689352e+00 0.000000e+00
    endloop
  endfacet
  facet normal 0.000000e+00 -0.000000e+00 1.000000e+00
    outer loop
      vertex   -1.353922e+01 -6.689352e+00 0.000000e+00
      vertex   -1.302400e+01 -6.602778e+00 0.000000e+00
      vertex   -4.936099e+01 -6.154081e+00 0.000000e+00
    endloop
  endfacet
  facet normal 0.000000e+00 0.000000e+00 1.000000e+00
    outer loop
      vertex   -4.936099e+01 -6.154081e+00 0.000000e+00
      vertex   -1.302400e+01 -6.602778e+00 0.000000e+00
      vertex   -1.251800e+01 -6.514073e+00 0.000000e+00
    endloop
  endfacet
  facet normal 0.000000e+00 0.000000e+00 1.000000e+00
    outer loop
      vertex   -4.936099e+01 -6.154081e+00 0.000000e+00
      vertex   -1.251800e+01 -6.514073e+00 0.000000e+00
      vertex   -1.202127e+01 -6.423237e+00 0.000000e+00
    endloop
  endfacet
  facet normal 0.000000e+00 -0.000000e+00 1.000000e+00
    outer loop
      vertex   -1.202127e+01 -6.423237e+00 0.000000e+00
      vertex   -1.153386e+01 -6.330269e+00 0.000000e+00
      vertex   -4.936099e+01 -6.154081e+00 0.000000e+00
    endloop
  endfacet
  facet normal -0.000000e+00 0.000000e+00 1.000000e+00
    outer loop
      vertex   -4.936099e+01 -6.154081e+00 0.000000e+00
      vertex   -1.153386e+01 -6.330269e+00 0.000000e+00
      vertex   -4.503574e+01 -5.654335e+00 0.000000e+00
    endloop
  endfacet
  facet normal 0.000000e+00 0.000000e+00 1.000000e+00
    outer loop
      vertex   -4.936099e+01 -6.154081e+00 0.000000e+00
      vertex   -4.503574e+01 -5.654335e+00 0.000000e+00
      vertex   -4.521781e+01 -5.639625e+00 0.000000e+00
    endloop
  endfacet
  facet normal 0.000000e+00 -0.000000e+00 1.000000e+00
    outer loop
      vertex   -1.153386e+01 -6.330269e+00 0.000000e+00
      vertex   -1.105584e+01 -6.235172e+00 0.000000e+00
      vertex   -4.503574e+01 -5.654335e+00 0.000000e+00
    endloop
  endfacet
  facet normal 0.000000e+00 0.000000e+00 1.000000e+00
    outer loop
      vertex   -4.503574e+01 -5.654335e+00 0.000000e+00
      vertex   -1.105584e+01 -6.235172e+00 0.000000e+00
      vertex   -1.058726e+01 -6.137947e+00 0.000000e+00
    endloop
  endfacet
  facet normal 0.000000e+00 0.000000e+00 1.000000e+00
    outer loop
      vertex   -4.503574e+01 -5.654335e+00 0.000000e+00
      vertex   -1.058726e+01 -6.137947e+00 0.000000e+00
      vertex   -1.012818e+01 -6.038595e+00 0.000000e+00
    endloop
  endfacet
  facet normal -0.000000e+00 0.000000e+00 1.000000e+00
    outer loop
      vertex   -4.503574e+01 -5.654335e+00 0.000000e+00
      vertex   -1.012818e+01 -6.038595e+00 0.000000e+00
      vertex   -4.480838e+01 -5.628151e+00 0.000000e+00
    endloop
  endfacet
  facet normal 0.000000e+00 0.000000e+00 1.000000e+00
    outer loop
      vertex   -4.480838e+01 -5.628151e+00 0.000000e+00
      vertex   -1.012818e+01 -6.038595e+00 0.000000e+00
      vertex   -9.678643e+00 -5.937118e+00 0.000000e+00
    endloop
  endfacet
  facet normal 0.000000e+00 0.000000e+00 1.000000e+00
    outer loop
      vertex   -4.480838e+01 -5.628151e+00 0.000000e+00
      vertex   -9.678643e+00 -5.937118e+00 0.000000e+00
      vertex   -9.238709e+00 -5.833519e+00 0.000000e+00
    endloop
  endfacet
  facet normal 0.000000e+00 0.000000e+00 1.000000e+00
    outer loop
      vertex   -8.808429e+00 -5.727801e+00 0.000000e+00
      vertex   -4.459736e+01 -5.567104e+00 0.000000e+00
      vertex   -9.238709e+00 -5.833519e+00 0.000000e+00
    endloop
  endfacet
  facet normal 0.000000e+00 0.000000e+00 1.000000e+00
    outer loop
      vertex   -9.238709e+00 -5.833519e+00 0.000000e+00
      vertex   -4.459736e+01 -5.567104e+00 0.000000e+00
      vertex   -4.469981e+01 -5.604165e+00 0.000000e+00
    endloop
  endfacet
  facet normal 0.000000e+00 0.000000e+00 1.000000e+00
    outer loop
      vertex   -9.238709e+00 -5.833519e+00 0.000000e+00
      vertex   -4.469981e+01 -5.604165e+00 0.000000e+00
      vertex   -4.480838e+01 -5.628151e+00 0.000000e+00
    endloop
  endfacet
  facet normal -0.000000e+00 0.000000e+00 1.000000e+00
    outer loop
      vertex   -4.459736e+01 -5.567104e+00 0.000000e+00
      vertex   -8.808429e+00 -5.727801e+00 0.000000e+00
      vertex   -4.450254e+01 -5.513752e+00 0.000000e+00
    endloop
  endfacet
  facet normal 0.000000e+00 0.000000e+00 1.000000e+00
    outer loop
      vertex   -4.450254e+01 -5.513752e+00 0.000000e+00
      vertex   -8.808429e+00 -5.727801e+00 0.000000e+00
      vertex   -8.387853e+00 -5.619966e+00 0.000000e+00
    endloop
  endfacet
  facet normal -0.000000e+00 0.000000e+00 1.000000e+00
    outer loop
      vertex   -4.450254e+01 -5.513752e+00 0.000000e+00
      vertex   -8.387853e+00 -5.619966e+00 0.000000e+00
      vertex   -4.441410e+01 -5.446768e+00 0.000000e+00
    endloop
  endfacet
  facet normal 0.000000e+00 0.000000e+00 1.000000e+00
    outer loop
      vertex   -4.441410e+01 -5.446768e+00 0.000000e+00
      vertex   -8.387853e+00 -5.619966e+00 0.000000e+00
      vertex   -7.977031e+00 -5.510017e+00 0.000000e+00
    endloop
  endfacet
  facet normal -0.000000e+00 0.000000e+00 1.000000e+00
    outer loop
      vertex   -4.441410e+01 -5.446768e+00 0.000000e+00
      vertex   -7.977031e+00 -5.510017e+00 0.000000e+00
      vertex   -4.424788e+01 -5.290078e+00 0.000000e+00
    endloop
  endfacet
  facet normal 0.000000e+00 0.000000e+00 1.000000e+00
    outer loop
      vertex   -4.424788e+01 -5.290078e+00 0.000000e+00
      vertex   -7.977031e+00 -5.510017e+00 0.000000e+00
      vertex   -7.576012e+00 -5.397959e+00 0.000000e+00
    endloop
  endfacet
  facet normal -0.000000e+00 0.000000e+00 1.000000e+00
    outer loop
      vertex   -4.424788e+01 -5.290078e+00 0.000000e+00
      vertex   -7.576012e+00 -5.397959e+00 0.000000e+00
      vertex   -7.184845e+00 -5.283795e+00 0.000000e+00
    endloop
  endfacet
  facet normal 0.000000e+00 0.000000e+00 1.000000e+00
    outer loop
      vertex   -4.424788e+01 -5.290078e+00 0.000000e+00
      vertex   -7.184845e+00 -5.283795e+00 0.000000e+00
      vertex   -4.414597e+01 -5.128600e+00 0.000000e+00
    endloop
  endfacet
  facet normal 0.000000e+00 0.000000e+00 1.000000e+00
    outer loop
      vertex   -4.414597e+01 -5.128600e+00 0.000000e+00
      vertex   -7.184845e+00 -5.283795e+00 0.000000e+00
      vertex   -6.803577e+00 -5.167528e+00 0.000000e+00
    endloop
  endfacet
  facet normal -0.000000e+00 0.000000e+00 1.000000e+00
    outer loop
      vertex   -4.414597e+01 -5.128600e+00 0.000000e+00
      vertex   -6.803577e+00 -5.167528e+00 0.000000e+00
      vertex   -4.410237e+01 -5.045353e+00 0.000000e+00
    endloop
  endfacet
  facet normal -0.000000e+00 0.000000e+00 1.000000e+00
    outer loop
      vertex   -4.410237e+01 -5.045353e+00 0.000000e+00
      vertex   -6.803577e+00 -5.167528e+00 0.000000e+00
      vertex   -4.406760e+01 -4.959096e+00 0.000000e+00
    endloop
  endfacet
  facet normal 0.000000e+00 0.000000e+00 1.000000e+00
    outer loop
      vertex   -4.406760e+01 -4.959096e+00 0.000000e+00
      vertex   -6.803577e+00 -5.167528e+00 0.000000e+00
      vertex   -6.432254e+00 -5.049164e+00 0.000000e+00
    endloop
  endfacet
  facet normal -0.000000e+00 0.000000e+00 1.000000e+00
    outer loop
      vertex   -4.406760e+01 -4.959096e+00 0.000000e+00
      vertex   -6.432254e+00 -5.049164e+00 0.000000e+00
      vertex   -4.404341e+01 -4.869234e+00 0.000000e+00
    endloop
  endfacet
  facet normal 0.000000e+00 0.000000e+00 1.000000e+00
    outer loop
      vertex   -4.404341e+01 -4.869234e+00 0.000000e+00
      vertex   -6.432254e+00 -5.049164e+00 0.000000e+00
      vertex   -6.070921e+00 -4.928706e+00 0.000000e+00
    endloop
  endfacet
  facet normal -0.000000e+00 0.000000e+00 1.000000e+00
    outer loop
      vertex   -4.404341e+01 -4.869234e+00 0.000000e+00
      vertex   -6.070921e+00 -4.928706e+00 0.000000e+00
      vertex   -4.402772e+01 -4.776474e+00 0.000000e+00
    endloop
  endfacet
  facet normal 0.000000e+00 0.000000e+00 1.000000e+00
    outer loop
      vertex   -4.402772e+01 -4.776474e+00 0.000000e+00
      vertex   -6.070921e+00 -4.928706e+00 0.000000e+00
      vertex   -5.719623e+00 -4.806159e+00 0.000000e+00
    endloop
  endfacet
  facet normal -0.000000e+00 0.000000e+00 1.000000e+00
    outer loop
      vertex   -4.402772e+01 -4.776474e+00 0.000000e+00
      vertex   -5.719623e+00 -4.806159e+00 0.000000e+00
      vertex   -4.401050e+01 -4.586122e+00 0.000000e+00
    endloop
  endfacet
  facet normal 0.000000e+00 0.000000e+00 1.000000e+00
    outer loop
      vertex   -4.401050e+01 -4.586122e+00 0.000000e+00
      vertex   -5.719623e+00 -4.806159e+00 0.000000e+00
      vertex   -5.378403e+00 -4.681527e+00 0.000000e+00
    endloop
  endfacet
  facet normal -0.000000e+00 0.000000e+00 1.000000e+00
    outer loop
      vertex   -4.401050e+01 -4.586122e+00 0.000000e+00
      vertex   -5.378403e+00 -4.681527e+00 0.000000e+00
      vertex   -5.047304e+00 -4.554817e+00 0.000000e+00
    endloop
  endfacet
  facet normal 0.000000e+00 -0.000000e+00 1.000000e+00
    outer loop
      vertex   -4.401050e+01 -4.586122e+00 0.000000e+00
      vertex   -5.047304e+00 -4.554817e+00 0.000000e+00
      vertex   -4.402914e+01 -4.391929e+00 0.000000e+00
    endloop
  endfacet
  facet normal 0.000000e+00 0.000000e+00 1.000000e+00
    outer loop
      vertex   -4.402914e+01 -4.391929e+00 0.000000e+00
      vertex   -5.047304e+00 -4.554817e+00 0.000000e+00
      vertex   -4.726366e+00 -4.426031e+00 0.000000e+00
    endloop
  endfacet
  facet normal -0.000000e+00 -0.000000e+00 1.000000e+00
    outer loop
      vertex   -4.402914e+01 -4.391929e+00 0.000000e+00
      vertex   -4.726366e+00 -4.426031e+00 0.000000e+00
      vertex   -4.404661e+01 -4.298040e+00 0.000000e+00
    endloop
  endfacet
  facet normal -0.000000e+00 0.000000e+00 1.000000e+00
    outer loop
      vertex   -4.404661e+01 -4.298040e+00 0.000000e+00
      vertex   -4.726366e+00 -4.426031e+00 0.000000e+00
      vertex   -4.415630e+00 -4.295177e+00 0.000000e+00
    endloop
  endfacet
  facet normal 0.000000e+00 -0.000000e+00 1.000000e+00
    outer loop
      vertex   -4.404661e+01 -4.298040e+00 0.000000e+00
      vertex   -4.415630e+00 -4.295177e+00 0.000000e+00
      vertex   -4.407387e+01 -4.207999e+00 0.000000e+00
    endloop
  endfacet
  facet normal -0.000000e+00 0.000000e+00 1.000000e+00
    outer loop
      vertex   -4.407387e+01 -4.207999e+00 0.000000e+00
      vertex   -4.415630e+00 -4.295177e+00 0.000000e+00
      vertex   -4.115135e+00 -4.162259e+00 0.000000e+00
    endloop
  endfacet
  facet normal 0.000000e+00 -0.000000e+00 1.000000e+00
    outer loop
      vertex   -4.407387e+01 -4.207999e+00 0.000000e+00
      vertex   -4.115135e+00 -4.162259e+00 0.000000e+00
      vertex   -4.411342e+01 -4.122791e+00 0.000000e+00
    endloop
  endfacet
  facet normal -0.000000e+00 -0.000000e+00 1.000000e+00
    outer loop
      vertex   -4.411342e+01 -4.122791e+00 0.000000e+00
      vertex   -4.115135e+00 -4.162259e+00 0.000000e+00
      vertex   -4.416338e+01 -4.041674e+00 0.000000e+00
    endloop
  endfacet
  facet normal -0.000000e+00 0.000000e+00 1.000000e+00
    outer loop
      vertex   -4.416338e+01 -4.041674e+00 0.000000e+00
      vertex   -4.115135e+00 -4.162259e+00 0.000000e+00
      vertex   -3.824920e+00 -4.027282e+00 0.000000e+00
    endloop
  endfacet
  facet normal 0.000000e+00 -0.000000e+00 1.000000e+00
    outer loop
      vertex   -4.416338e+01 -4.041674e+00 0.000000e+00
      vertex   -3.824920e+00 -4.027282e+00 0.000000e+00
      vertex   -4.428063e+01 -3.886258e+00 0.000000e+00
    endloop
  endfacet
  facet normal 0.000000e+00 0.000000e+00 1.000000e+00
    outer loop
      vertex   -4.428063e+01 -3.886258e+00 0.000000e+00
      vertex   -3.824920e+00 -4.027282e+00 0.000000e+00
      vertex   -3.545022e+00 -3.890252e+00 0.000000e+00
    endloop
  endfacet
  facet normal -0.000000e+00 -0.000000e+00 1.000000e+00
    outer loop
      vertex   -4.428063e+01 -3.886258e+00 0.000000e+00
      vertex   -3.545022e+00 -3.890252e+00 0.000000e+00
      vertex   -4.442680e+01 -3.770707e+00 0.000000e+00
    endloop
  endfacet
  facet normal -0.000000e+00 0.000000e+00 1.000000e+00
    outer loop
      vertex   -4.442680e+01 -3.770707e+00 0.000000e+00
      vertex   -3.545022e+00 -3.890252e+00 0.000000e+00
      vertex   -3.275477e+00 -3.751174e+00 0.000000e+00
    endloop
  endfacet
  facet normal 0.000000e+00 -0.000000e+00 1.000000e+00
    outer loop
      vertex   -4.442680e+01 -3.770707e+00 0.000000e+00
      vertex   -3.275477e+00 -3.751174e+00 0.000000e+00
      vertex   -4.450325e+01 -3.721070e+00 0.000000e+00
    endloop
  endfacet
  facet normal -0.000000e+00 -0.000000e+00 1.000000e+00
    outer loop
      vertex   -4.450325e+01 -3.721070e+00 0.000000e+00
      vertex   -3.275477e+00 -3.751174e+00 0.000000e+00
      vertex   -4.458371e+01 -3.681199e+00 0.000000e+00
    endloop
  endfacet
  facet normal -0.000000e+00 0.000000e+00 1.000000e+00
    outer loop
      vertex   -4.458371e+01 -3.681199e+00 0.000000e+00
      vertex   -3.275477e+00 -3.751174e+00 0.000000e+00
      vertex   -3.016319e+00 -3.610054e+00 0.000000e+00
    endloop
  endfacet
  facet normal 0.000000e+00 -0.000000e+00 1.000000e+00
    outer loop
      vertex   -4.458371e+01 -3.681199e+00 0.000000e+00
      vertex   -3.016319e+00 -3.610054e+00 0.000000e+00
      vertex   -4.466907e+01 -3.653182e+00 0.000000e+00
    endloop
  endfacet
  facet normal 0.000000e+00 0.000000e+00 1.000000e+00
    outer loop
      vertex   -4.466907e+01 -3.653182e+00 0.000000e+00
      vertex   -3.016319e+00 -3.610054e+00 0.000000e+00
      vertex   -2.767583e+00 -3.466897e+00 0.000000e+00
    endloop
  endfacet
  facet normal 0.000000e+00 -0.000000e+00 1.000000e+00
    outer loop
      vertex   -4.466907e+01 -3.653182e+00 0.000000e+00
      vertex   -2.767583e+00 -3.466897e+00 0.000000e+00
      vertex   -4.475839e+01 -3.634799e+00 0.000000e+00
    endloop
  endfacet
  facet normal 0.000000e+00 0.000000e+00 1.000000e+00
    outer loop
      vertex   -4.475839e+01 -3.634799e+00 0.000000e+00
      vertex   -2.767583e+00 -3.466897e+00 0.000000e+00
      vertex   -4.415170e+01 -2.996081e+00 0.000000e+00
    endloop
  endfacet
  facet normal 0.000000e+00 -0.000000e+00 1.000000e+00
    outer loop
      vertex   -4.475839e+01 -3.634799e+00 0.000000e+00
      vertex   -4.415170e+01 -2.996081e+00 0.000000e+00
      vertex   -4.494366e+01 -3.614089e+00 0.000000e+00
    endloop
  endfacet
  facet normal 0.000000e+00 -0.000000e+00 1.000000e+00
    outer loop
      vertex   -4.494366e+01 -3.614089e+00 0.000000e+00
      vertex   -4.415170e+01 -2.996081e+00 0.000000e+00
      vertex   -4.534884e+01 -2.996081e+00 0.000000e+00
    endloop
  endfacet
  facet normal 0.000000e+00 0.000000e+00 1.000000e+00
    outer loop
      vertex   -4.494366e+01 -3.614089e+00 0.000000e+00
      vertex   -4.534884e+01 -2.996081e+00 0.000000e+00
      vertex   -4.509545e+01 -3.630346e+00 0.000000e+00
    endloop
  endfacet
  facet normal 0.000000e+00 0.000000e+00 1.000000e+00
    outer loop
      vertex   -4.509545e+01 -3.630346e+00 0.000000e+00
      vertex   -4.534884e+01 -2.996081e+00 0.000000e+00
      vertex   -4.516959e+01 -3.643837e+00 0.000000e+00
    endloop
  endfacet
  facet normal 0.000000e+00 0.000000e+00 1.000000e+00
    outer loop
      vertex   -4.516959e+01 -3.643837e+00 0.000000e+00
      vertex   -4.534884e+01 -2.996081e+00 0.000000e+00
      vertex   -4.524163e+01 -3.663760e+00 0.000000e+00
    endloop
  endfacet
  facet normal 0.000000e+00 0.000000e+00 1.000000e+00
    outer loop
      vertex   -4.524163e+01 -3.663760e+00 0.000000e+00
      vertex   -4.534884e+01 -2.996081e+00 0.000000e+00
      vertex   -4.537872e+01 -3.724945e+00 0.000000e+00
    endloop
  endfacet
  facet normal 0.000000e+00 -0.000000e+00 1.000000e+00
    outer loop
      vertex   -4.537872e+01 -3.724945e+00 0.000000e+00
      vertex   -4.534884e+01 -2.996081e+00 0.000000e+00
      vertex   -4.551050e+01 -3.802357e+00 0.000000e+00
    endloop
  endfacet
  facet normal 0.000000e+00 -0.000000e+00 1.000000e+00
    outer loop
      vertex   -2.767583e+00 -3.466897e+00 0.000000e+00
      vertex   -2.529303e+00 -3.321710e+00 0.000000e+00
      vertex   -4.415170e+01 -2.996081e+00 0.000000e+00
    endloop
  endfacet
  facet normal 0.000000e+00 0.000000e+00 1.000000e+00
    outer loop
      vertex   -4.415170e+01 -2.996081e+00 0.000000e+00
      vertex   -2.529303e+00 -3.321710e+00 0.000000e+00
      vertex   -2.301509e+00 -3.174497e+00 0.000000e+00
    endloop
  endfacet
  facet normal 0.000000e+00 0.000000e+00 1.000000e+00
    outer loop
      vertex   -4.415170e+01 -2.996081e+00 0.000000e+00
      vertex   -2.301509e+00 -3.174497e+00 0.000000e+00
      vertex   -2.084232e+00 -3.025265e+00 0.000000e+00
    endloop
  endfacet
  facet normal 0.000000e+00 -0.000000e+00 1.000000e+00
    outer loop
      vertex   -2.084232e+00 -3.025265e+00 0.000000e+00
      vertex   -1.877502e+00 -2.874019e+00 0.000000e+00
      vertex   -4.415170e+01 -2.996081e+00 0.000000e+00
    endloop
  endfacet
  facet normal 0.000000e+00 0.000000e+00 1.000000e+00
    outer loop
      vertex   -4.415170e+01 -2.996081e+00 0.000000e+00
      vertex   -1.877502e+00 -2.874019e+00 0.000000e+00
      vertex   -4.415170e+01 -2.644103e+00 0.000000e+00
    endloop
  endfacet
  facet normal 0.000000e+00 0.000000e+00 1.000000e+00
    outer loop
      vertex   -4.415170e+01 -2.644103e+00 0.000000e+00
      vertex   -1.877502e+00 -2.874019e+00 0.000000e+00
      vertex   -1.681348e+00 -2.720765e+00 0.000000e+00
    endloop
  endfacet
  facet normal -0.000000e+00 0.000000e+00 1.000000e+00
    outer loop
      vertex   -4.415170e+01 -2.644103e+00 0.000000e+00
      vertex   -1.681348e+00 -2.720765e+00 0.000000e+00
      vertex   -1.495797e+00 -2.565508e+00 0.000000e+00
    endloop
  endfacet
  facet normal 0.000000e+00 -0.000000e+00 1.000000e+00
    outer loop
      vertex   -1.495797e+00 -2.565508e+00 0.000000e+00
      vertex   -1.320876e+00 -2.408254e+00 0.000000e+00
      vertex   -4.415170e+01 -2.644103e+00 0.000000e+00
    endloop
  endfacet
  facet normal 0.000000e+00 0.000000e+00 1.000000e+00
    outer loop
      vertex   -4.415170e+01 -2.644103e+00 0.000000e+00
      vertex   -1.320876e+00 -2.408254e+00 0.000000e+00
      vertex   -1.156608e+00 -2.249008e+00 0.000000e+00
    endloop
  endfacet
  facet normal 0.000000e+00 0.000000e+00 1.000000e+00
    outer loop
      vertex   -4.415170e+01 -2.644103e+00 0.000000e+00
      vertex   -1.156608e+00 -2.249008e+00 0.000000e+00
      vertex   -1.003019e+00 -2.087777e+00 0.000000e+00
    endloop
  endfacet
  facet normal 0.000000e+00 -0.000000e+00 1.000000e+00
    outer loop
      vertex   -4.415170e+01 -2.644103e+00 0.000000e+00
      vertex   -1.003019e+00 -2.087777e+00 0.000000e+00
      vertex   -4.899522e+01 -2.223509e+00 0.000000e+00
    endloop
  endfacet
  facet normal 0.000000e+00 0.000000e+00 1.000000e+00
    outer loop
      vertex   -4.899522e+01 -2.223509e+00 0.000000e+00
      vertex   -1.003019e+00 -2.087777e+00 0.000000e+00
      vertex   -8.601307e-01 -1.924565e+00 0.000000e+00
    endloop
  endfacet
  facet normal 0.000000e+00 0.000000e+00 1.000000e+00
    outer loop
      vertex   -4.899522e+01 -2.223509e+00 0.000000e+00
      vertex   -8.601307e-01 -1.924565e+00 0.000000e+00
      vertex   -7.279654e-01 -1.759378e+00 0.000000e+00
    endloop
  endfacet
  facet normal 0.000000e+00 -0.000000e+00 1.000000e+00
    outer loop
      vertex   -7.279654e-01 -1.759378e+00 0.000000e+00
      vertex   -6.065435e-01 -1.592220e+00 0.000000e+00
      vertex   -4.899522e+01 -2.223509e+00 0.000000e+00
    endloop
  endfacet
  facet normal 0.000000e+00 0.000000e+00 1.000000e+00
    outer loop
      vertex   -4.899522e+01 -2.223509e+00 0.000000e+00
      vertex   -6.065435e-01 -1.592220e+00 0.000000e+00
      vertex   -4.958842e-01 -1.423099e+00 0.000000e+00
    endloop
  endfacet
  facet normal 0.000000e+00 0.000000e+00 1.000000e+00
    outer loop
      vertex   -4.899522e+01 -2.223509e+00 0.000000e+00
      vertex   -4.958842e-01 -1.423099e+00 0.000000e+00
      vertex   -3.960058e-01 -1.252018e+00 0.000000e+00
    endloop
  endfacet
  facet normal 0.000000e+00 0.000000e+00 1.000000e+00
    outer loop
      vertex   -4.899522e+01 -2.223509e+00 0.000000e+00
      vertex   -3.960058e-01 -1.252018e+00 0.000000e+00
      vertex   -4.894125e+01 -2.500000e-01 0.000000e+00
    endloop
  endfacet
  facet normal 0.000000e+00 0.000000e+00 1.000000e+00
    outer loop
      vertex   -4.894125e+01 -2.500000e-01 0.000000e+00
      vertex   -3.960058e-01 -1.252018e+00 0.000000e+00
      vertex   -3.069252e-01 -1.078982e+00 0.000000e+00
    endloop
  endfacet
  facet normal 0.000000e+00 0.000000e+00 1.000000e+00
    outer loop
      vertex   -4.894125e+01 -2.500000e-01 0.000000e+00
      vertex   -3.069252e-01 -1.078982e+00 0.000000e+00
      vertex   -2.286584e-01 -9.039975e-01 0.000000e+00
    endloop
  endfacet
  facet normal 0.000000e+00 -0.000000e+00 1.000000e+00
    outer loop
      vertex   -2.286584e-01 -9.039975e-01 0.000000e+00
      vertex   -1.612198e-01 -7.270681e-01 0.000000e+00
      vertex   -4.894125e+01 -2.500000e-01 0.000000e+00
    endloop
  endfacet
  facet normal 0.000000e+00 0.000000e+00 1.000000e+00
    outer loop
      vertex   -4.894125e+01 -2.500000e-01 0.000000e+00
      vertex   -1.612198e-01 -7.270681e-01 0.000000e+00
      vertex   -1.046230e-01 -5.481991e-01 0.000000e+00
    endloop
  endfacet
  facet normal 0.000000e+00 0.000000e+00 1.000000e+00
    outer loop
      vertex   -4.894125e+01 -2.500000e-01 0.000000e+00
      vertex   -1.046230e-01 -5.481991e-01 0.000000e+00
      vertex   -5.888031e-02 -3.673950e-01 0.000000e+00
    endloop
  endfacet
  facet normal 0.000000e+00 -0.000000e+00 1.000000e+00
    outer loop
      vertex   -5.888031e-02 -3.673950e-01 0.000000e+00
      vertex   -3.647370e-02 -2.500000e-01 0.000000e+00
      vertex   -4.894125e+01 -2.500000e-01 0.000000e+00
    endloop
  endfacet
  facet normal 0.000000e+00 0.000000e+00 1.000000e+00
    outer loop
      vertex   -4.415170e+01 -2.644103e+00 0.000000e+00
      vertex   -4.899522e+01 -2.223509e+00 0.000000e+00
      vertex   -4.564352e+01 -2.644103e+00 0.000000e+00
    endloop
  endfacet
  facet normal 0.000000e+00 0.000000e+00 1.000000e+00
    outer loop
      vertex   -4.564352e+01 -2.644103e+00 0.000000e+00
      vertex   -4.899522e+01 -2.223509e+00 0.000000e+00
      vertex   -4.913522e+01 -4.192786e+00 0.000000e+00
    endloop
  endfacet
  facet normal 0.000000e+00 0.000000e+00 1.000000e+00
    outer loop
      vertex   -4.564352e+01 -2.644103e+00 0.000000e+00
      vertex   -4.913522e+01 -4.192786e+00 0.000000e+00
      vertex   -4.593411e+01 -4.185030e+00 0.000000e+00
    endloop
  endfacet
  facet normal 0.000000e+00 0.000000e+00 1.000000e+00
    outer loop
      vertex   -4.593411e+01 -4.185030e+00 0.000000e+00
      vertex   -4.913522e+01 -4.192786e+00 0.000000e+00
      vertex   -4.558827e+01 -4.230051e+00 0.000000e+00
    endloop
  endfacet
  facet normal 0.000000e+00 0.000000e+00 1.000000e+00
    outer loop
      vertex   -4.558827e+01 -4.230051e+00 0.000000e+00
      vertex   -4.913522e+01 -4.192786e+00 0.000000e+00
      vertex   -4.799113e+01 -4.332370e+00 0.000000e+00
    endloop
  endfacet
  facet normal 0.000000e+00 0.000000e+00 1.000000e+00
    outer loop
      vertex   -4.558827e+01 -4.230051e+00 0.000000e+00
      vertex   -4.799113e+01 -4.332370e+00 0.000000e+00
      vertex   -4.685948e+01 -4.332370e+00 0.000000e+00
    endloop
  endfacet
  facet normal 0.000000e+00 0.000000e+00 1.000000e+00
    outer loop
      vertex   -4.799113e+01 -4.332370e+00 0.000000e+00
      vertex   -4.913522e+01 -4.192786e+00 0.000000e+00
      vertex   -4.799113e+01 -4.702766e+00 0.000000e+00
    endloop
  endfacet
  facet normal 0.000000e+00 0.000000e+00 1.000000e+00
    outer loop
      vertex   -4.799113e+01 -4.702766e+00 0.000000e+00
      vertex   -4.913522e+01 -4.192786e+00 0.000000e+00
      vertex   -4.936099e+01 -6.154081e+00 0.000000e+00
    endloop
  endfacet
  facet normal 0.000000e+00 0.000000e+00 1.000000e+00
    outer loop
      vertex   -4.799113e+01 -4.702766e+00 0.000000e+00
      vertex   -4.936099e+01 -6.154081e+00 0.000000e+00
      vertex   -4.581899e+01 -5.293494e+00 0.000000e+00
    endloop
  endfacet
  facet normal 0.000000e+00 0.000000e+00 1.000000e+00
    outer loop
      vertex   -4.581899e+01 -5.293494e+00 0.000000e+00
      vertex   -4.936099e+01 -6.154081e+00 0.000000e+00
      vertex   -4.570389e+01 -5.425139e+00 0.000000e+00
    endloop
  endfacet
  facet normal 0.000000e+00 0.000000e+00 1.000000e+00
    outer loop
      vertex   -4.570389e+01 -5.425139e+00 0.000000e+00
      vertex   -4.936099e+01 -6.154081e+00 0.000000e+00
      vertex   -4.555226e+01 -5.526119e+00 0.000000e+00
    endloop
  endfacet
  facet normal 0.000000e+00 0.000000e+00 1.000000e+00
    outer loop
      vertex   -4.555226e+01 -5.526119e+00 0.000000e+00
      vertex   -4.936099e+01 -6.154081e+00 0.000000e+00
      vertex   -4.547373e+01 -5.568897e+00 0.000000e+00
    endloop
  endfacet
  facet normal 0.000000e+00 0.000000e+00 1.000000e+00
    outer loop
      vertex   -4.547373e+01 -5.568897e+00 0.000000e+00
      vertex   -4.936099e+01 -6.154081e+00 0.000000e+00
      vertex   -4.539193e+01 -5.602426e+00 0.000000e+00
    endloop
  endfacet
  facet normal 0.000000e+00 0.000000e+00 1.000000e+00
    outer loop
      vertex   -4.539193e+01 -5.602426e+00 0.000000e+00
      vertex   -4.936099e+01 -6.154081e+00 0.000000e+00
      vertex   -4.530636e+01 -5.625242e+00 0.000000e+00
    endloop
  endfacet
  facet normal 0.000000e+00 0.000000e+00 1.000000e+00
    outer loop
      vertex   -4.530636e+01 -5.625242e+00 0.000000e+00
      vertex   -4.936099e+01 -6.154081e+00 0.000000e+00
      vertex   -4.521781e+01 -5.639625e+00 0.000000e+00
    endloop
  endfacet
  facet normal 0.000000e+00 0.000000e+00 1.000000e+00
    outer loop
      vertex   -9.043283e+01 -1.370943e+00 0.000000e+00
      vertex   -8.752914e+01 -1.089952e+00 0.000000e+00
      vertex   -9.027528e+01 -8.189055e-01 0.000000e+00
    endloop
  endfacet
  facet normal 0.000000e+00 0.000000e+00 1.000000e+00
    outer loop
      vertex   -9.027528e+01 -8.189055e-01 0.000000e+00
      vertex   -8.752914e+01 -1.089952e+00 0.000000e+00
      vertex   -8.750425e+01 -9.251191e-01 0.000000e+00
    endloop
  endfacet
  facet normal 0.000000e+00 0.000000e+00 1.000000e+00
    outer loop
      vertex   -9.027528e+01 -8.189055e-01 0.000000e+00
      vertex   -8.750425e+01 -9.251191e-01 0.000000e+00
      vertex   -8.749265e+01 -8.369463e-01 0.000000e+00
    endloop
  endfacet
  facet normal 0.000000e+00 0.000000e+00 1.000000e+00
    outer loop
      vertex   -8.749265e+01 -8.369463e-01 0.000000e+00
      vertex   -8.750425e+01 -9.251191e-01 0.000000e+00
      vertex   -4.963333e+01 -4.149207e+00 0.000000e+00
    endloop
  endfacet
  facet normal 0.000000e+00 0.000000e+00 1.000000e+00
    outer loop
      vertex   -4.963333e+01 -4.149207e+00 0.000000e+00
      vertex   -8.750425e+01 -9.251191e-01 0.000000e+00
      vertex   -5.450013e+01 -4.973186e+00 0.000000e+00
    endloop
  endfacet
  facet normal 0.000000e+00 0.000000e+00 1.000000e+00
    outer loop
      vertex   -4.963333e+01 -4.149207e+00 0.000000e+00
      vertex   -5.450013e+01 -4.973186e+00 0.000000e+00
      vertex   -4.968083e+01 -4.631064e+00 0.000000e+00
    endloop
  endfacet
  facet normal 0.000000e+00 0.000000e+00 1.000000e+00
    outer loop
      vertex   -4.968083e+01 -4.631064e+00 0.000000e+00
      vertex   -5.450013e+01 -4.973186e+00 0.000000e+00
      vertex   -4.973354e+01 -5.112379e+00 0.000000e+00
    endloop
  endfacet
  facet normal 0.000000e+00 0.000000e+00 1.000000e+00
    outer loop
      vertex   -4.973354e+01 -5.112379e+00 0.000000e+00
      vertex   -5.450013e+01 -4.973186e+00 0.000000e+00
      vertex   -4.979146e+01 -5.593095e+00 0.000000e+00
    endloop
  endfacet
  facet normal 0.000000e+00 0.000000e+00 1.000000e+00
    outer loop
      vertex   -5.450013e+01 -4.973186e+00 0.000000e+00
      vertex   -8.750425e+01 -9.251191e-01 0.000000e+00
      vertex   -5.456540e+01 -5.468909e+00 0.000000e+00
    endloop
  endfacet
  facet normal 0.000000e+00 0.000000e+00 1.000000e+00
    outer loop
      vertex   -5.456540e+01 -5.468909e+00 0.000000e+00
      vertex   -8.750425e+01 -9.251191e-01 0.000000e+00
      vertex   -5.007769e+01 -7.524433e+00 0.000000e+00
    endloop
  endfacet
  facet normal 0.000000e+00 0.000000e+00 1.000000e+00
    outer loop
      vertex   -5.456540e+01 -5.468909e+00 0.000000e+00
      vertex   -5.007769e+01 -7.524433e+00 0.000000e+00
      vertex   -4.999886e+01 -7.046701e+00 0.000000e+00
    endloop
  endfacet
  facet normal 0.000000e+00 -0.000000e+00 1.000000e+00
    outer loop
      vertex   -4.999886e+01 -7.046701e+00 0.000000e+00
      vertex   -4.992520e+01 -6.568143e+00 0.000000e+00
      vertex   -5.456540e+01 -5.468909e+00 0.000000e+00
    endloop
  endfacet
  facet normal 0.000000e+00 0.000000e+00 1.000000e+00
    outer loop
      vertex   -5.456540e+01 -5.468909e+00 0.000000e+00
      vertex   -4.992520e+01 -6.568143e+00 0.000000e+00
      vertex   -4.985672e+01 -6.088817e+00 0.000000e+00
    endloop
  endfacet
  facet normal 0.000000e+00 -0.000000e+00 1.000000e+00
    outer loop
      vertex   -8.749265e+01 -8.369463e-01 0.000000e+00
      vertex   -8.747402e+01 -6.712895e-01 0.000000e+00
      vertex   -9.027528e+01 -8.189055e-01 0.000000e+00
    endloop
  endfacet
  facet normal 0.000000e+00 0.000000e+00 1.000000e+00
    outer loop
      vertex   -9.027528e+01 -8.189055e-01 0.000000e+00
      vertex   -8.747402e+01 -6.712895e-01 0.000000e+00
      vertex   -8.745949e+01 -5.052233e-01 0.000000e+00
    endloop
  endfacet
  facet normal 0.000000e+00 0.000000e+00 1.000000e+00
    outer loop
      vertex   -9.027528e+01 -8.189055e-01 0.000000e+00
      vertex   -8.745949e+01 -5.052233e-01 0.000000e+00
      vertex   -9.019838e+01 -2.500000e-01 0.000000e+00
    endloop
  endfacet
  facet normal 0.000000e+00 0.000000e+00 1.000000e+00
    outer loop
      vertex   -9.019838e+01 -2.500000e-01 0.000000e+00
      vertex   -8.745949e+01 -5.052233e-01 0.000000e+00
      vertex   -8.744907e+01 -3.388490e-01 0.000000e+00
    endloop
  endfacet
  facet normal -0.000000e+00 0.000000e+00 1.000000e+00
    outer loop
      vertex   -9.019838e+01 -2.500000e-01 0.000000e+00
      vertex   -8.744907e+01 -3.388490e-01 0.000000e+00
      vertex   -4.944126e+01 -2.500000e-01 0.000000e+00
    endloop
  endfacet
  facet normal 0.000000e+00 0.000000e+00 1.000000e+00
    outer loop
      vertex   -4.944126e+01 -2.500000e-01 0.000000e+00
      vertex   -8.744907e+01 -3.388490e-01 0.000000e+00
      vertex   -4.944658e+01 -7.341632e-01 0.000000e+00
    endloop
  endfacet
  facet normal 0.000000e+00 0.000000e+00 1.000000e+00
    outer loop
      vertex   -4.944658e+01 -7.341632e-01 0.000000e+00
      vertex   -8.744907e+01 -3.388490e-01 0.000000e+00
      vertex   -5.421772e+01 -1.495013e+00 0.000000e+00
    endloop
  endfacet
  facet normal 0.000000e+00 0.000000e+00 1.000000e+00
    outer loop
      vertex   -4.944658e+01 -7.341632e-01 0.000000e+00
      vertex   -5.421772e+01 -1.495013e+00 0.000000e+00
      vertex   -4.945714e+01 -1.218240e+00 0.000000e+00
    endloop
  endfacet
  facet normal 0.000000e+00 0.000000e+00 1.000000e+00
    outer loop
      vertex   -4.945714e+01 -1.218240e+00 0.000000e+00
      vertex   -5.421772e+01 -1.495013e+00 0.000000e+00
      vertex   -4.947294e+01 -1.702175e+00 0.000000e+00
    endloop
  endfacet
  facet normal 0.000000e+00 -0.000000e+00 1.000000e+00
    outer loop
      vertex   -4.958975e+01 -3.651110e+00 0.000000e+00
      vertex   -4.955286e+01 -3.168325e+00 0.000000e+00
      vertex   -8.744907e+01 -3.388490e-01 0.000000e+00
    endloop
  endfacet
  facet normal 0.000000e+00 0.000000e+00 1.000000e+00
    outer loop
      vertex   -8.744907e+01 -3.388490e-01 0.000000e+00
      vertex   -4.955286e+01 -3.168325e+00 0.000000e+00
      vertex   -5.423953e+01 -1.994538e+00 0.000000e+00
    endloop
  endfacet
  facet normal 0.000000e+00 0.000000e+00 1.000000e+00
    outer loop
      vertex   -8.744907e+01 -3.388490e-01 0.000000e+00
      vertex   -5.423953e+01 -1.994538e+00 0.000000e+00
      vertex   -5.421772e+01 -1.495013e+00 0.000000e+00
    endloop
  endfacet
  facet normal 0.000000e+00 -0.000000e+00 1.000000e+00
    outer loop
      vertex   -4.955286e+01 -3.168325e+00 0.000000e+00
      vertex   -4.952119e+01 -2.685169e+00 0.000000e+00
      vertex   -5.423953e+01 -1.994538e+00 0.000000e+00
    endloop
  endfacet
  facet normal 0.000000e+00 0.000000e+00 1.000000e+00
    outer loop
      vertex   -5.423953e+01 -1.994538e+00 0.000000e+00
      vertex   -4.952119e+01 -2.685169e+00 0.000000e+00
      vertex   -4.949475e+01 -2.201699e+00 0.000000e+00
    endloop
  endfacet
  facet normal 0.000000e+00 0.000000e+00 1.000000e+00
    outer loop
      vertex   -4.685948e+01 -4.702766e+00 0.000000e+00
      vertex   -4.441199e+01 -4.482115e+00 0.000000e+00
      vertex   -4.685948e+01 -4.332370e+00 0.000000e+00
    endloop
  endfacet
  facet normal 0.000000e+00 0.000000e+00 1.000000e+00
    outer loop
      vertex   -4.685948e+01 -4.332370e+00 0.000000e+00
      vertex   -4.441199e+01 -4.482115e+00 0.000000e+00
      vertex   -4.442280e+01 -4.415774e+00 0.000000e+00
    endloop
  endfacet
  facet normal 0.000000e+00 0.000000e+00 1.000000e+00
    outer loop
      vertex   -4.685948e+01 -4.332370e+00 0.000000e+00
      vertex   -4.442280e+01 -4.415774e+00 0.000000e+00
      vertex   -4.444021e+01 -4.351871e+00 0.000000e+00
    endloop
  endfacet
  facet normal -0.000000e+00 0.000000e+00 1.000000e+00
    outer loop
      vertex   -4.799113e+01 -4.702766e+00 0.000000e+00
      vertex   -4.561282e+01 -4.784621e+00 0.000000e+00
      vertex   -4.685948e+01 -4.702766e+00 0.000000e+00
    endloop
  endfacet
  facet normal 0.000000e+00 0.000000e+00 1.000000e+00
    outer loop
      vertex   -4.685948e+01 -4.702766e+00 0.000000e+00
      vertex   -4.561282e+01 -4.784621e+00 0.000000e+00
      vertex   -4.441274e+01 -4.764290e+00 0.000000e+00
    endloop
  endfacet
  facet normal -0.000000e+00 0.000000e+00 1.000000e+00
    outer loop
      vertex   -4.685948e+01 -4.702766e+00 0.000000e+00
      vertex   -4.441274e+01 -4.764290e+00 0.000000e+00
      vertex   -4.440136e+01 -4.618864e+00 0.000000e+00
    endloop
  endfacet
  facet normal 0.000000e+00 0.000000e+00 1.000000e+00
    outer loop
      vertex   -4.581899e+01 -5.293494e+00 0.000000e+00
      vertex   -4.586938e+01 -5.224143e+00 0.000000e+00
      vertex   -4.799113e+01 -4.702766e+00 0.000000e+00
    endloop
  endfacet
  facet normal 0.000000e+00 0.000000e+00 1.000000e+00
    outer loop
      vertex   -4.799113e+01 -4.702766e+00 0.000000e+00
      vertex   -4.586938e+01 -5.224143e+00 0.000000e+00
      vertex   -4.591119e+01 -5.150557e+00 0.000000e+00
    endloop
  endfacet
  facet normal 0.000000e+00 0.000000e+00 1.000000e+00
    outer loop
      vertex   -4.799113e+01 -4.702766e+00 0.000000e+00
      vertex   -4.591119e+01 -5.150557e+00 0.000000e+00
      vertex   -4.594279e+01 -5.071944e+00 0.000000e+00
    endloop
  endfacet
  facet normal 0.000000e+00 0.000000e+00 1.000000e+00
    outer loop
      vertex   -4.594279e+01 -5.071944e+00 0.000000e+00
      vertex   -4.596625e+01 -4.989315e+00 0.000000e+00
      vertex   -4.799113e+01 -4.702766e+00 0.000000e+00
    endloop
  endfacet
  facet normal 0.000000e+00 0.000000e+00 1.000000e+00
    outer loop
      vertex   -4.799113e+01 -4.702766e+00 0.000000e+00
      vertex   -4.596625e+01 -4.989315e+00 0.000000e+00
      vertex   -4.599959e+01 -4.817363e+00 0.000000e+00
    endloop
  endfacet
  facet normal 0.000000e+00 0.000000e+00 1.000000e+00
    outer loop
      vertex   -4.799113e+01 -4.702766e+00 0.000000e+00
      vertex   -4.599959e+01 -4.817363e+00 0.000000e+00
      vertex   -4.561282e+01 -4.784621e+00 0.000000e+00
    endloop
  endfacet
  facet normal 0.000000e+00 0.000000e+00 1.000000e+00
    outer loop
      vertex   -4.441274e+01 -4.764290e+00 0.000000e+00
      vertex   -4.561282e+01 -4.784621e+00 0.000000e+00
      vertex   -4.442411e+01 -4.834966e+00 0.000000e+00
    endloop
  endfacet
  facet normal 0.000000e+00 0.000000e+00 1.000000e+00
    outer loop
      vertex   -4.442411e+01 -4.834966e+00 0.000000e+00
      vertex   -4.561282e+01 -4.784621e+00 0.000000e+00
      vertex   -4.558763e+01 -4.902808e+00 0.000000e+00
    endloop
  endfacet
  facet normal 0.000000e+00 0.000000e+00 1.000000e+00
    outer loop
      vertex   -4.442411e+01 -4.834966e+00 0.000000e+00
      vertex   -4.558763e+01 -4.902808e+00 0.000000e+00
      vertex   -4.444232e+01 -4.903197e+00 0.000000e+00
    endloop
  endfacet
  facet normal 0.000000e+00 0.000000e+00 1.000000e+00
    outer loop
      vertex   -4.444232e+01 -4.903197e+00 0.000000e+00
      vertex   -4.558763e+01 -4.902808e+00 0.000000e+00
      vertex   -4.557105e+01 -4.959960e+00 0.000000e+00
    endloop
  endfacet
  facet normal 0.000000e+00 0.000000e+00 1.000000e+00
    outer loop
      vertex   -4.444232e+01 -4.903197e+00 0.000000e+00
      vertex   -4.557105e+01 -4.959960e+00 0.000000e+00
      vertex   -4.446925e+01 -4.968307e+00 0.000000e+00
    endloop
  endfacet
  facet normal 0.000000e+00 0.000000e+00 1.000000e+00
    outer loop
      vertex   -4.446925e+01 -4.968307e+00 0.000000e+00
      vertex   -4.557105e+01 -4.959960e+00 0.000000e+00
      vertex   -4.554970e+01 -5.014784e+00 0.000000e+00
    endloop
  endfacet
  facet normal 0.000000e+00 0.000000e+00 1.000000e+00
    outer loop
      vertex   -4.446925e+01 -4.968307e+00 0.000000e+00
      vertex   -4.554970e+01 -5.014784e+00 0.000000e+00
      vertex   -4.450378e+01 -5.030693e+00 0.000000e+00
    endloop
  endfacet
  facet normal 0.000000e+00 0.000000e+00 1.000000e+00
    outer loop
      vertex   -4.450378e+01 -5.030693e+00 0.000000e+00
      vertex   -4.554970e+01 -5.014784e+00 0.000000e+00
      vertex   -4.552214e+01 -5.066590e+00 0.000000e+00
    endloop
  endfacet
  facet normal 0.000000e+00 0.000000e+00 1.000000e+00
    outer loop
      vertex   -4.450378e+01 -5.030693e+00 0.000000e+00
      vertex   -4.552214e+01 -5.066590e+00 0.000000e+00
      vertex   -4.548899e+01 -5.115665e+00 0.000000e+00
    endloop
  endfacet
  facet normal 0.000000e+00 0.000000e+00 1.000000e+00
    outer loop
      vertex   -4.450378e+01 -5.030693e+00 0.000000e+00
      vertex   -4.548899e+01 -5.115665e+00 0.000000e+00
      vertex   -4.458554e+01 -5.150924e+00 0.000000e+00
    endloop
  endfacet
  facet normal 0.000000e+00 0.000000e+00 1.000000e+00
    outer loop
      vertex   -4.458554e+01 -5.150924e+00 0.000000e+00
      vertex   -4.548899e+01 -5.115665e+00 0.000000e+00
      vertex   -4.541330e+01 -5.209246e+00 0.000000e+00
    endloop
  endfacet
  facet normal 0.000000e+00 0.000000e+00 1.000000e+00
    outer loop
      vertex   -4.458554e+01 -5.150924e+00 0.000000e+00
      vertex   -4.541330e+01 -5.209246e+00 0.000000e+00
      vertex   -4.468302e+01 -5.235013e+00 0.000000e+00
    endloop
  endfacet
  facet normal 0.000000e+00 0.000000e+00 1.000000e+00
    outer loop
      vertex   -4.468302e+01 -5.235013e+00 0.000000e+00
      vertex   -4.541330e+01 -5.209246e+00 0.000000e+00
      vertex   -4.532844e+01 -5.269928e+00 0.000000e+00
    endloop
  endfacet
  facet normal 0.000000e+00 0.000000e+00 1.000000e+00
    outer loop
      vertex   -4.468302e+01 -5.235013e+00 0.000000e+00
      vertex   -4.532844e+01 -5.269928e+00 0.000000e+00
      vertex   -4.473432e+01 -5.271298e+00 0.000000e+00
    endloop
  endfacet
  facet normal 0.000000e+00 0.000000e+00 1.000000e+00
    outer loop
      vertex   -4.473432e+01 -5.271298e+00 0.000000e+00
      vertex   -4.532844e+01 -5.269928e+00 0.000000e+00
      vertex   -4.528438e+01 -5.295948e+00 0.000000e+00
    endloop
  endfacet
  facet normal 0.000000e+00 0.000000e+00 1.000000e+00
    outer loop
      vertex   -4.473432e+01 -5.271298e+00 0.000000e+00
      vertex   -4.528438e+01 -5.295948e+00 0.000000e+00
      vertex   -4.478869e+01 -5.300671e+00 0.000000e+00
    endloop
  endfacet
  facet normal 0.000000e+00 0.000000e+00 1.000000e+00
    outer loop
      vertex   -4.478869e+01 -5.300671e+00 0.000000e+00
      vertex   -4.528438e+01 -5.295948e+00 0.000000e+00
      vertex   -4.523834e+01 -5.316782e+00 0.000000e+00
    endloop
  endfacet
  facet normal 0.000000e+00 0.000000e+00 1.000000e+00
    outer loop
      vertex   -4.478869e+01 -5.300671e+00 0.000000e+00
      vertex   -4.523834e+01 -5.316782e+00 0.000000e+00
      vertex   -4.484683e+01 -5.321542e+00 0.000000e+00
    endloop
  endfacet
  facet normal 0.000000e+00 0.000000e+00 1.000000e+00
    outer loop
      vertex   -4.484683e+01 -5.321542e+00 0.000000e+00
      vertex   -4.523834e+01 -5.316782e+00 0.000000e+00
      vertex   -4.518993e+01 -5.331359e+00 0.000000e+00
    endloop
  endfacet
  facet normal 0.000000e+00 0.000000e+00 1.000000e+00
    outer loop
      vertex   -4.484683e+01 -5.321542e+00 0.000000e+00
      vertex   -4.518993e+01 -5.331359e+00 0.000000e+00
      vertex   -4.490807e+01 -5.335409e+00 0.000000e+00
    endloop
  endfacet
  facet normal 0.000000e+00 0.000000e+00 1.000000e+00
    outer loop
      vertex   -4.490807e+01 -5.335409e+00 0.000000e+00
      vertex   -4.518993e+01 -5.331359e+00 0.000000e+00
      vertex   -4.513960e+01 -5.340874e+00 0.000000e+00
    endloop
  endfacet
  facet normal 0.000000e+00 0.000000e+00 1.000000e+00
    outer loop
      vertex   -4.490807e+01 -5.335409e+00 0.000000e+00
      vertex   -4.513960e+01 -5.340874e+00 0.000000e+00
      vertex   -4.503574e+01 -5.351470e+00 0.000000e+00
    endloop
  endfacet
  facet normal 0.000000e+00 0.000000e+00 1.000000e+00
    outer loop
      vertex   -4.440136e+01 -4.618864e+00 0.000000e+00
      vertex   -4.441199e+01 -4.482115e+00 0.000000e+00
      vertex   -4.685948e+01 -4.702766e+00 0.000000e+00
    endloop
  endfacet
  facet normal 0.000000e+00 0.000000e+00 1.000000e+00
    outer loop
      vertex   -4.444021e+01 -4.351871e+00 0.000000e+00
      vertex   -4.446607e+01 -4.291095e+00 0.000000e+00
      vertex   -4.685948e+01 -4.332370e+00 0.000000e+00
    endloop
  endfacet
  facet normal 0.000000e+00 0.000000e+00 1.000000e+00
    outer loop
      vertex   -4.685948e+01 -4.332370e+00 0.000000e+00
      vertex   -4.446607e+01 -4.291095e+00 0.000000e+00
      vertex   -4.558827e+01 -4.230051e+00 0.000000e+00
    endloop
  endfacet
  facet normal 0.000000e+00 0.000000e+00 1.000000e+00
    outer loop
      vertex   -4.446607e+01 -4.291095e+00 0.000000e+00
      vertex   -4.449937e+01 -4.233066e+00 0.000000e+00
      vertex   -4.558827e+01 -4.230051e+00 0.000000e+00
    endloop
  endfacet
  facet normal -0.000000e+00 0.000000e+00 1.000000e+00
    outer loop
      vertex   -4.558827e+01 -4.230051e+00 0.000000e+00
      vertex   -4.449937e+01 -4.233066e+00 0.000000e+00
      vertex   -4.554109e+01 -4.167893e+00 0.000000e+00
    endloop
  endfacet
  facet normal -0.000000e+00 0.000000e+00 1.000000e+00
    outer loop
      vertex   -4.554109e+01 -4.167893e+00 0.000000e+00
      vertex   -4.449937e+01 -4.233066e+00 0.000000e+00
      vertex   -4.457838e+01 -4.121592e+00 0.000000e+00
    endloop
  endfacet
  facet normal 0.000000e+00 0.000000e+00 1.000000e+00
    outer loop
      vertex   -4.554109e+01 -4.167893e+00 0.000000e+00
      vertex   -4.457838e+01 -4.121592e+00 0.000000e+00
      vertex   -4.548888e+01 -4.111113e+00 0.000000e+00
    endloop
  endfacet
  facet normal -0.000000e+00 0.000000e+00 1.000000e+00
    outer loop
      vertex   -4.548888e+01 -4.111113e+00 0.000000e+00
      vertex   -4.457838e+01 -4.121592e+00 0.000000e+00
      vertex   -4.542845e+01 -4.063118e+00 0.000000e+00
    endloop
  endfacet
  facet normal -0.000000e+00 0.000000e+00 1.000000e+00
    outer loop
      vertex   -4.542845e+01 -4.063118e+00 0.000000e+00
      vertex   -4.457838e+01 -4.121592e+00 0.000000e+00
      vertex   -4.468070e+01 -4.042288e+00 0.000000e+00
    endloop
  endfacet
  facet normal 0.000000e+00 0.000000e+00 1.000000e+00
    outer loop
      vertex   -4.542845e+01 -4.063118e+00 0.000000e+00
      vertex   -4.468070e+01 -4.042288e+00 0.000000e+00
      vertex   -4.536316e+01 -4.020296e+00 0.000000e+00
    endloop
  endfacet
  facet normal -0.000000e+00 0.000000e+00 1.000000e+00
    outer loop
      vertex   -4.536316e+01 -4.020296e+00 0.000000e+00
      vertex   -4.468070e+01 -4.042288e+00 0.000000e+00
      vertex   -4.473424e+01 -4.008541e+00 0.000000e+00
    endloop
  endfacet
  facet normal 0.000000e+00 0.000000e+00 1.000000e+00
    outer loop
      vertex   -4.536316e+01 -4.020296e+00 0.000000e+00
      vertex   -4.473424e+01 -4.008541e+00 0.000000e+00
      vertex   -4.528655e+01 -3.985530e+00 0.000000e+00
    endloop
  endfacet
  facet normal -0.000000e+00 0.000000e+00 1.000000e+00
    outer loop
      vertex   -4.528655e+01 -3.985530e+00 0.000000e+00
      vertex   -4.473424e+01 -4.008541e+00 0.000000e+00
      vertex   -4.479061e+01 -3.981878e+00 0.000000e+00
    endloop
  endfacet
  facet normal 0.000000e+00 0.000000e+00 1.000000e+00
    outer loop
      vertex   -4.528655e+01 -3.985530e+00 0.000000e+00
      vertex   -4.479061e+01 -3.981878e+00 0.000000e+00
      vertex   -4.485033e+01 -3.963550e+00 0.000000e+00
    endloop
  endfacet
  facet normal 0.000000e+00 0.000000e+00 1.000000e+00
    outer loop
      vertex   -4.528655e+01 -3.985530e+00 0.000000e+00
      vertex   -4.485033e+01 -3.963550e+00 0.000000e+00
      vertex   -4.520788e+01 -3.958827e+00 0.000000e+00
    endloop
  endfacet
  facet normal -0.000000e+00 0.000000e+00 1.000000e+00
    outer loop
      vertex   -4.520788e+01 -3.958827e+00 0.000000e+00
      vertex   -4.485033e+01 -3.963550e+00 0.000000e+00
      vertex   -4.491270e+01 -3.951843e+00 0.000000e+00
    endloop
  endfacet
  facet normal 0.000000e+00 0.000000e+00 1.000000e+00
    outer loop
      vertex   -4.520788e+01 -3.958827e+00 0.000000e+00
      vertex   -4.491270e+01 -3.951843e+00 0.000000e+00
      vertex   -4.512587e+01 -3.945278e+00 0.000000e+00
    endloop
  endfacet
  facet normal -0.000000e+00 0.000000e+00 1.000000e+00
    outer loop
      vertex   -4.512587e+01 -3.945278e+00 0.000000e+00
      vertex   -4.491270e+01 -3.951843e+00 0.000000e+00
      vertex   -4.504188e+01 -3.939464e+00 0.000000e+00
    endloop
  endfacet
  facet normal -0.000000e+00 0.000000e+00 1.000000e+00
    outer loop
      vertex   -4.944126e+01 -2.500000e-01 -8.000000e-01
      vertex   -4.944658e+01 -7.341632e-01 -8.000000e-01
      vertex   -4.894125e+01 -2.500000e-01 -8.000000e-01
    endloop
  endfacet
  facet normal 0.000000e+00 0.000000e+00 1.000000e+00
    outer loop
      vertex   -4.894125e+01 -2.500000e-01 -8.000000e-01
      vertex   -4.944658e+01 -7.341632e-01 -8.000000e-01
      vertex   -4.945714e+01 -1.218240e+00 -8.000000e-01
    endloop
  endfacet
  facet normal 0.000000e+00 0.000000e+00 1.000000e+00
    outer loop
      vertex   -4.894125e+01 -2.500000e-01 -8.000000e-01
      vertex   -4.945714e+01 -1.218240e+00 -8.000000e-01
      vertex   -4.899522e+01 -2.223509e+00 -8.000000e-01
    endloop
  endfacet
  facet normal 0.000000e+00 0.000000e+00 1.000000e+00
    outer loop
      vertex   -4.899522e+01 -2.223509e+00 -8.000000e-01
      vertex   -4.945714e+01 -1.218240e+00 -8.000000e-01
      vertex   -4.947294e+01 -1.702175e+00 -8.000000e-01
    endloop
  endfacet
  facet normal 0.000000e+00 0.000000e+00 1.000000e+00
    outer loop
      vertex   -4.899522e+01 -2.223509e+00 -8.000000e-01
      vertex   -4.947294e+01 -1.702175e+00 -8.000000e-01
      vertex   -4.949475e+01 -2.201699e+00 -8.000000e-01
    endloop
  endfacet
  facet normal 0.000000e+00 -0.000000e+00 1.000000e+00
    outer loop
      vertex   -4.949475e+01 -2.201699e+00 -8.000000e-01
      vertex   -4.947294e+01 -1.702175e+00 -8.000000e-01
      vertex   -5.423953e+01 -1.994538e+00 -8.000000e-01
    endloop
  endfacet
  facet normal 0.000000e+00 0.000000e+00 1.000000e+00
    outer loop
      vertex   -5.423953e+01 -1.994538e+00 -8.000000e-01
      vertex   -4.947294e+01 -1.702175e+00 -8.000000e-01
      vertex   -5.421772e+01 -1.495013e+00 -8.000000e-01
    endloop
  endfacet
  facet normal 0.000000e+00 0.000000e+00 1.000000e+00
    outer loop
      vertex   -4.949475e+01 -2.201699e+00 -8.000000e-01
      vertex   -4.952119e+01 -2.685169e+00 -8.000000e-01
      vertex   -4.899522e+01 -2.223509e+00 -8.000000e-01
    endloop
  endfacet
  facet normal 0.000000e+00 0.000000e+00 1.000000e+00
    outer loop
      vertex   -4.899522e+01 -2.223509e+00 -8.000000e-01
      vertex   -4.952119e+01 -2.685169e+00 -8.000000e-01
      vertex   -4.955286e+01 -3.168325e+00 -8.000000e-01
    endloop
  endfacet
  facet normal 0.000000e+00 0.000000e+00 1.000000e+00
    outer loop
      vertex   -4.899522e+01 -2.223509e+00 -8.000000e-01
      vertex   -4.955286e+01 -3.168325e+00 -8.000000e-01
      vertex   -4.913522e+01 -4.192786e+00 -8.000000e-01
    endloop
  endfacet
  facet normal 0.000000e+00 0.000000e+00 1.000000e+00
    outer loop
      vertex   -4.913522e+01 -4.192786e+00 -8.000000e-01
      vertex   -4.955286e+01 -3.168325e+00 -8.000000e-01
      vertex   -4.958975e+01 -3.651110e+00 -8.000000e-01
    endloop
  endfacet
  facet normal 0.000000e+00 0.000000e+00 1.000000e+00
    outer loop
      vertex   -4.913522e+01 -4.192786e+00 -8.000000e-01
      vertex   -4.958975e+01 -3.651110e+00 -8.000000e-01
      vertex   -4.963333e+01 -4.149207e+00 -8.000000e-01
    endloop
  endfacet
  facet normal 0.000000e+00 -0.000000e+00 1.000000e+00
    outer loop
      vertex   -4.963333e+01 -4.149207e+00 -8.000000e-01
      vertex   -4.958975e+01 -3.651110e+00 -8.000000e-01
      vertex   -8.749265e+01 -8.369463e-01 -8.000000e-01
    endloop
  endfacet
  facet normal -0.000000e+00 0.000000e+00 1.000000e+00
    outer loop
      vertex   -8.749265e+01 -8.369463e-01 -8.000000e-01
      vertex   -4.958975e+01 -3.651110e+00 -8.000000e-01
      vertex   -8.747402e+01 -6.712895e-01 -8.000000e-01
    endloop
  endfacet
  facet normal -0.000000e+00 0.000000e+00 1.000000e+00
    outer loop
      vertex   -8.747402e+01 -6.712895e-01 -8.000000e-01
      vertex   -4.958975e+01 -3.651110e+00 -8.000000e-01
      vertex   -8.745949e+01 -5.052233e-01 -8.000000e-01
    endloop
  endfacet
  facet normal -0.000000e+00 0.000000e+00 1.000000e+00
    outer loop
      vertex   -8.745949e+01 -5.052233e-01 -8.000000e-01
      vertex   -4.958975e+01 -3.651110e+00 -8.000000e-01
      vertex   -8.744907e+01 -3.388490e-01 -8.000000e-01
    endloop
  endfacet
  facet normal 0.000000e+00 0.000000e+00 1.000000e+00
    outer loop
      vertex   -4.963333e+01 -4.149207e+00 -8.000000e-01
      vertex   -4.968083e+01 -4.631064e+00 -8.000000e-01
      vertex   -4.913522e+01 -4.192786e+00 -8.000000e-01
    endloop
  endfacet
  facet normal 0.000000e+00 0.000000e+00 1.000000e+00
    outer loop
      vertex   -4.913522e+01 -4.192786e+00 -8.000000e-01
      vertex   -4.968083e+01 -4.631064e+00 -8.000000e-01
      vertex   -4.973354e+01 -5.112379e+00 -8.000000e-01
    endloop
  endfacet
  facet normal 0.000000e+00 0.000000e+00 1.000000e+00
    outer loop
      vertex   -4.913522e+01 -4.192786e+00 -8.000000e-01
      vertex   -4.973354e+01 -5.112379e+00 -8.000000e-01
      vertex   -4.936099e+01 -6.154081e+00 -8.000000e-01
    endloop
  endfacet
  facet normal 0.000000e+00 0.000000e+00 1.000000e+00
    outer loop
      vertex   -4.936099e+01 -6.154081e+00 -8.000000e-01
      vertex   -4.973354e+01 -5.112379e+00 -8.000000e-01
      vertex   -4.979146e+01 -5.593095e+00 -8.000000e-01
    endloop
  endfacet
  facet normal 0.000000e+00 0.000000e+00 1.000000e+00
    outer loop
      vertex   -4.936099e+01 -6.154081e+00 -8.000000e-01
      vertex   -4.979146e+01 -5.593095e+00 -8.000000e-01
      vertex   -4.985672e+01 -6.088817e+00 -8.000000e-01
    endloop
  endfacet
  facet normal 0.000000e+00 -0.000000e+00 1.000000e+00
    outer loop
      vertex   -4.985672e+01 -6.088817e+00 -8.000000e-01
      vertex   -4.979146e+01 -5.593095e+00 -8.000000e-01
      vertex   -5.456540e+01 -5.468909e+00 -8.000000e-01
    endloop
  endfacet
  facet normal -0.000000e+00 0.000000e+00 1.000000e+00
    outer loop
      vertex   -5.456540e+01 -5.468909e+00 -8.000000e-01
      vertex   -4.979146e+01 -5.593095e+00 -8.000000e-01
      vertex   -5.450013e+01 -4.973186e+00 -8.000000e-01
    endloop
  endfacet
  facet normal 0.000000e+00 0.000000e+00 1.000000e+00
    outer loop
      vertex   -4.985672e+01 -6.088817e+00 -8.000000e-01
      vertex   -4.992520e+01 -6.568143e+00 -8.000000e-01
      vertex   -4.936099e+01 -6.154081e+00 -8.000000e-01
    endloop
  endfacet
  facet normal 0.000000e+00 0.000000e+00 1.000000e+00
    outer loop
      vertex   -4.936099e+01 -6.154081e+00 -8.000000e-01
      vertex   -4.992520e+01 -6.568143e+00 -8.000000e-01
      vertex   -4.999886e+01 -7.046701e+00 -8.000000e-01
    endloop
  endfacet
  facet normal 0.000000e+00 0.000000e+00 1.000000e+00
    outer loop
      vertex   -4.936099e+01 -6.154081e+00 -8.000000e-01
      vertex   -4.999886e+01 -7.046701e+00 -8.000000e-01
      vertex   -4.967210e+01 -8.103662e+00 -8.000000e-01
    endloop
  endfacet
  facet normal 0.000000e+00 0.000000e+00 1.000000e+00
    outer loop
      vertex   -4.967210e+01 -8.103662e+00 -8.000000e-01
      vertex   -4.999886e+01 -7.046701e+00 -8.000000e-01
      vertex   -5.007769e+01 -7.524433e+00 -8.000000e-01
    endloop
  endfacet
  facet normal 0.000000e+00 0.000000e+00 1.000000e+00
    outer loop
      vertex   -4.967210e+01 -8.103662e+00 -8.000000e-01
      vertex   -5.007769e+01 -7.524433e+00 -8.000000e-01
      vertex   -8.759108e+01 -1.417523e+00 -8.000000e-01
    endloop
  endfacet
  facet normal -0.000000e+00 0.000000e+00 1.000000e+00
    outer loop
      vertex   -8.759108e+01 -1.417523e+00 -8.000000e-01
      vertex   -5.007769e+01 -7.524433e+00 -8.000000e-01
      vertex   -8.755809e+01 -1.254120e+00 -8.000000e-01
    endloop
  endfacet
  facet normal -0.000000e+00 0.000000e+00 1.000000e+00
    outer loop
      vertex   -8.755809e+01 -1.254120e+00 -8.000000e-01
      vertex   -5.007769e+01 -7.524433e+00 -8.000000e-01
      vertex   -8.752914e+01 -1.089952e+00 -8.000000e-01
    endloop
  endfacet
  facet normal -0.000000e+00 0.000000e+00 1.000000e+00
    outer loop
      vertex   -8.752914e+01 -1.089952e+00 -8.000000e-01
      vertex   -5.007769e+01 -7.524433e+00 -8.000000e-01
      vertex   -8.750425e+01 -9.251191e-01 -8.000000e-01
    endloop
  endfacet
  facet normal 9.915212e-01 1.299447e-01 -0.000000e+00
    outer loop
      vertex   -9.818274e+01 -2.500000e-01 -1.000000e+02
      vertex   -9.818274e+01 -2.500000e-01 0.000000e+00
      vertex   -9.811234e+01 -7.871709e-01 -1.000000e+02
    endloop
  endfacet
  facet normal 9.882347e-01 1.529451e-01 -1.258655e-04
    outer loop
      vertex   -9.811234e+01 -7.871709e-01 -1.000000e+02
      vertex   -9.818274e+01 -2.500000e-01 0.000000e+00
      vertex   -9.810584e+01 -8.189055e-01 -8.750000e+01
    endloop
  endfacet
  facet normal 9.648674e-01 2.627372e-01 1.650288e-04
    outer loop
      vertex   -9.811234e+01 -7.871709e-01 -1.000000e+02
      vertex   -9.810584e+01 -8.189055e-01 -8.750000e+01
      vertex   -9.797000e+01 -1.309902e+00 -1.000000e+02
    endloop
  endfacet
  facet normal 9.616046e-01 2.744386e-01 -3.300549e-04
    outer loop
      vertex   -9.797000e+01 -1.309902e+00 -1.000000e+02
      vertex   -9.810584e+01 -8.189055e-01 -8.750000e+01
      vertex   -9.794829e+01 -1.370943e+00 -8.750000e+01
    endloop
  endfacet
  facet normal 9.205138e-01 3.907100e-01 3.091074e-04
    outer loop
      vertex   -9.797000e+01 -1.309902e+00 -1.000000e+02
      vertex   -9.794829e+01 -1.370943e+00 -8.750000e+01
      vertex   -9.775832e+01 -1.808603e+00 -1.000000e+02
    endloop
  endfacet
  facet normal 9.124151e-01 4.092657e-01 -4.636547e-04
    outer loop
      vertex   -9.775832e+01 -1.808603e+00 -1.000000e+02
      vertex   -9.794829e+01 -1.370943e+00 -8.750000e+01
      vertex   -9.771333e+01 -1.894742e+00 -8.750000e+01
    endloop
  endfacet
  facet normal 8.592739e-01 5.115155e-01 4.322262e-04
    outer loop
      vertex   -9.775832e+01 -1.808603e+00 -1.000000e+02
      vertex   -9.771333e+01 -1.894742e+00 -8.750000e+01
      vertex   -9.748120e+01 -2.274127e+00 -1.000000e+02
    endloop
  endfacet
  facet normal 8.444318e-01 5.356628e-01 -5.762905e-04
    outer loop
      vertex   -9.748120e+01 -2.274127e+00 -1.000000e+02
      vertex   -9.771333e+01 -1.894742e+00 -8.750000e+01
      vertex   -9.740582e+01 -2.379513e+00 -8.750000e+01
    endloop
  endfacet
  facet normal 7.822713e-01 6.229376e-01 5.343772e-04
    outer loop
      vertex   -9.748120e+01 -2.274127e+00 -1.000000e+02
      vertex   -9.740582e+01 -2.379513e+00 -8.750000e+01
      vertex   -9.714372e+01 -2.697934e+00 -1.000000e+02
    endloop
  endfacet
  facet normal 7.590548e-01 6.510264e-01 -6.679550e-04
    outer loop
      vertex   -9.714372e+01 -2.697934e+00 -1.000000e+02
      vertex   -9.740582e+01 -2.379513e+00 -8.750000e+01
      vertex   -9.703208e+01 -2.815271e+00 -8.750000e+01
    endloop
  endfacet
  facet normal 6.909185e-01 7.229324e-01 6.155537e-04
    outer loop
      vertex   -9.714372e+01 -2.697934e+00 -1.000000e+02
      vertex   -9.703208e+01 -2.815271e+00 -8.750000e+01
      vertex   -9.675206e+01 -3.072249e+00 -1.000000e+02
    endloop
  endfacet
  facet normal 6.580429e-01 7.529801e-01 -7.386422e-04
    outer loop
      vertex   -9.675206e+01 -3.072249e+00 -1.000000e+02
      vertex   -9.703208e+01 -2.815271e+00 -8.750000e+01
      vertex   -9.659981e+01 -3.193041e+00 -8.750000e+01
    endloop
  endfacet
  facet normal 5.868913e-01 8.096654e-01 6.757504e-04
    outer loop
      vertex   -9.675206e+01 -3.072249e+00 -1.000000e+02
      vertex   -9.659981e+01 -3.193041e+00 -8.750000e+01
      vertex   -9.631341e+01 -3.390206e+00 -1.000000e+02
    endloop
  endfacet
  facet normal 5.434767e-01 8.394239e-01 -7.883474e-04
    outer loop
      vertex   -9.631341e+01 -3.390206e+00 -1.000000e+02
      vertex   -9.659981e+01 -3.193041e+00 -8.750000e+01
      vertex   -9.611791e+01 -3.505040e+00 -8.750000e+01
    endloop
  endfacet
  facet normal 4.720981e-01 8.815458e-01 7.149633e-04
    outer loop
      vertex   -9.631341e+01 -3.390206e+00 -1.000000e+02
      vertex   -9.611791e+01 -3.505040e+00 -8.750000e+01
      vertex   -9.583582e+01 -3.645972e+00 -1.000000e+02
    endloop
  endfacet
  facet normal 4.177160e-01 9.085773e-01 -8.170674e-04
    outer loop
      vertex   -9.583582e+01 -3.645972e+00 -1.000000e+02
      vertex   -9.611791e+01 -3.505040e+00 -8.750000e+01
      vertex   -9.559632e+01 -3.744842e+00 -8.750000e+01
    endloop
  endfacet
  facet normal 3.486445e-01 9.372548e-01 7.331899e-04
    outer loop
      vertex   -9.583582e+01 -3.645972e+00 -1.000000e+02
      vertex   -9.559632e+01 -3.744842e+00 -8.750000e+01
      vertex   -9.532805e+01 -3.834855e+00 -1.000000e+02
    endloop
  endfacet
  facet normal 2.833511e-01 9.590159e-01 -8.248003e-04
    outer loop
      vertex   -9.532805e+01 -3.834855e+00 -1.000000e+02
      vertex   -9.559632e+01 -3.744842e+00 -8.750000e+01
      vertex   -9.504577e+01 -3.907508e+00 -8.750000e+01
    endloop
  endfacet
  facet normal 2.187953e-01 9.757705e-01 7.304290e-04
    outer loop
      vertex   -9.532805e+01 -3.834855e+00 -1.000000e+02
      vertex   -9.504577e+01 -3.907508e+00 -8.750000e+01
      vertex   -9.479941e+01 -3.953391e+00 -1.000000e+02
    endloop
  endfacet
  facet normal 1.830974e-01 9.830948e-01 -3.488967e-17
    outer loop
      vertex   -9.479941e+01 -3.953391e+00 -1.000000e+02
      vertex   -9.504577e+01 -3.907508e+00 -8.750000e+01
      vertex   -9.504577e+01 -3.907508e+00 -7.500000e+01
    endloop
  endfacet
  facet normal 1.830974e-01 9.830948e-01 0.000000e+00
    outer loop
      vertex   -9.479941e+01 -3.953391e+00 -1.000000e+02
      vertex   -9.504577e+01 -3.907508e+00 -7.500000e+01
      vertex   -9.504577e+01 -3.907508e+00 -6.250000e+01
    endloop
  endfacet
  facet normal 2.833512e-01 9.590162e-01 0.000000e+00
    outer loop
      vertex   -9.504577e+01 -3.907508e+00 -6.250000e+01
      vertex   -9.504577e+01 -3.907508e+00 -7.500000e+01
      vertex   -9.559632e+01 -3.744842e+00 -6.250000e+01
    endloop
  endfacet
  facet normal 2.833512e-01 9.590162e-01 0.000000e+00
    outer loop
      vertex   -9.504577e+01 -3.907508e+00 -6.250000e+01
      vertex   -9.559632e+01 -3.744842e+00 -6.250000e+01
      vertex   -9.559632e+01 -3.744842e+00 -5.000000e+01
    endloop
  endfacet
  facet normal 4.177161e-01 9.085776e-01 0.000000e+00
    outer loop
      vertex   -9.559632e+01 -3.744842e+00 -5.000000e+01
      vertex   -9.559632e+01 -3.744842e+00 -6.250000e+01
      vertex   -9.611791e+01 -3.505040e+00 -5.000000e+01
    endloop
  endfacet
  facet normal 4.177161e-01 9.085776e-01 0.000000e+00
    outer loop
      vertex   -9.559632e+01 -3.744842e+00 -5.000000e+01
      vertex   -9.611791e+01 -3.505040e+00 -5.000000e+01
      vertex   -9.611791e+01 -3.505040e+00 -3.750000e+01
    endloop
  endfacet
  facet normal 5.434769e-01 8.394241e-01 0.000000e+00
    outer loop
      vertex   -9.611791e+01 -3.505040e+00 -3.750000e+01
      vertex   -9.611791e+01 -3.505040e+00 -5.000000e+01
      vertex   -9.659981e+01 -3.193041e+00 -3.750000e+01
    endloop
  endfacet
  facet normal 5.434769e-01 8.394241e-01 0.000000e+00
    outer loop
      vertex   -9.611791e+01 -3.505040e+00 -3.750000e+01
      vertex   -9.659981e+01 -3.193041e+00 -3.750000e+01
      vertex   -9.659981e+01 -3.193041e+00 -2.500000e+01
    endloop
  endfacet
  facet normal 6.580431e-01 7.529803e-01 0.000000e+00
    outer loop
      vertex   -9.659981e+01 -3.193041e+00 -2.500000e+01
      vertex   -9.659981e+01 -3.193041e+00 -3.750000e+01
      vertex   -9.703208e+01 -2.815271e+00 -2.500000e+01
    endloop
  endfacet
  facet normal 6.580431e-01 7.529803e-01 0.000000e+00
    outer loop
      vertex   -9.659981e+01 -3.193041e+00 -2.500000e+01
      vertex   -9.703208e+01 -2.815271e+00 -2.500000e+01
      vertex   -9.703208e+01 -2.815271e+00 -1.250000e+01
    endloop
  endfacet
  facet normal 7.590550e-01 6.510265e-01 0.000000e+00
    outer loop
      vertex   -9.703208e+01 -2.815271e+00 -1.250000e+01
      vertex   -9.703208e+01 -2.815271e+00 -2.500000e+01
      vertex   -9.740582e+01 -2.379513e+00 -1.250000e+01
    endloop
  endfacet
  facet normal 7.590550e-01 6.510265e-01 6.962105e-17
    outer loop
      vertex   -9.703208e+01 -2.815271e+00 -1.250000e+01
      vertex   -9.740582e+01 -2.379513e+00 -1.250000e+01
      vertex   -9.740582e+01 -2.379513e+00 0.000000e+00
    endloop
  endfacet
  facet normal 8.444319e-01 5.356629e-01 5.709171e-17
    outer loop
      vertex   -9.740582e+01 -2.379513e+00 0.000000e+00
      vertex   -9.740582e+01 -2.379513e+00 -1.250000e+01
      vertex   -9.771333e+01 -1.894742e+00 0.000000e+00
    endloop
  endfacet
  facet normal 8.444319e-01 5.356629e-01 9.515285e-17
    outer loop
      vertex   -9.771333e+01 -1.894742e+00 0.000000e+00
      vertex   -9.740582e+01 -2.379513e+00 -1.250000e+01
      vertex   -9.771333e+01 -1.894742e+00 -1.250000e+01
    endloop
  endfacet
  facet normal 9.124152e-01 4.092658e-01 7.270021e-17
    outer loop
      vertex   -9.771333e+01 -1.894742e+00 0.000000e+00
      vertex   -9.771333e+01 -1.894742e+00 -1.250000e+01
      vertex   -9.794829e+01 -1.370943e+00 0.000000e+00
    endloop
  endfacet
  facet normal 9.124152e-01 4.092658e-01 1.454004e-17
    outer loop
      vertex   -9.794829e+01 -1.370943e+00 0.000000e+00
      vertex   -9.771333e+01 -1.894742e+00 -1.250000e+01
      vertex   -9.794829e+01 -1.370943e+00 -1.250000e+01
    endloop
  endfacet
  facet normal 9.616046e-01 2.744386e-01 9.750018e-18
    outer loop
      vertex   -9.794829e+01 -1.370943e+00 0.000000e+00
      vertex   -9.794829e+01 -1.370943e+00 -1.250000e+01
      vertex   -9.810584e+01 -8.189055e-01 0.000000e+00
    endloop
  endfacet
  facet normal 9.616046e-01 2.744386e-01 1.950004e-17
    outer loop
      vertex   -9.810584e+01 -8.189055e-01 0.000000e+00
      vertex   -9.794829e+01 -1.370943e+00 -1.250000e+01
      vertex   -9.810584e+01 -8.189055e-01 -1.250000e+01
    endloop
  endfacet
  facet normal 9.909869e-01 1.339585e-01 9.518327e-18
    outer loop
      vertex   -9.810584e+01 -8.189055e-01 0.000000e+00
      vertex   -9.810584e+01 -8.189055e-01 -1.250000e+01
      vertex   -9.818274e+01 -2.500000e-01 0.000000e+00
    endloop
  endfacet
  facet normal 9.909869e-01 1.339585e-01 0.000000e+00
    outer loop
      vertex   -9.818274e+01 -2.500000e-01 0.000000e+00
      vertex   -9.810584e+01 -8.189055e-01 -1.250000e+01
      vertex   -9.810584e+01 -8.189055e-01 -2.500000e+01
    endloop
  endfacet
  facet normal 9.909869e-01 1.339585e-01 0.000000e+00
    outer loop
      vertex   -9.818274e+01 -2.500000e-01 0.000000e+00
      vertex   -9.810584e+01 -8.189055e-01 -2.500000e+01
      vertex   -9.810584e+01 -8.189055e-01 -3.750000e+01
    endloop
  endfacet
  facet normal 9.616046e-01 2.744386e-01 -0.000000e+00
    outer loop
      vertex   -9.810584e+01 -8.189055e-01 -3.750000e+01
      vertex   -9.810584e+01 -8.189055e-01 -2.500000e+01
      vertex   -9.794829e+01 -1.370943e+00 -3.750000e+01
    endloop
  endfacet
  facet normal 9.616046e-01 2.744386e-01 0.000000e+00
    outer loop
      vertex   -9.810584e+01 -8.189055e-01 -3.750000e+01
      vertex   -9.794829e+01 -1.370943e+00 -3.750000e+01
      vertex   -9.794829e+01 -1.370943e+00 -5.000000e+01
    endloop
  endfacet
  facet normal 9.124152e-01 4.092658e-01 -0.000000e+00
    outer loop
      vertex   -9.794829e+01 -1.370943e+00 -5.000000e+01
      vertex   -9.794829e+01 -1.370943e+00 -3.750000e+01
      vertex   -9.771333e+01 -1.894742e+00 -5.000000e+01
    endloop
  endfacet
  facet normal 9.124152e-01 4.092658e-01 0.000000e+00
    outer loop
      vertex   -9.794829e+01 -1.370943e+00 -5.000000e+01
      vertex   -9.771333e+01 -1.894742e+00 -5.000000e+01
      vertex   -9.771333e+01 -1.894742e+00 -6.250000e+01
    endloop
  endfacet
  facet normal 8.444319e-01 5.356629e-01 -0.000000e+00
    outer loop
      vertex   -9.771333e+01 -1.894742e+00 -6.250000e+01
      vertex   -9.771333e+01 -1.894742e+00 -5.000000e+01
      vertex   -9.740582e+01 -2.379513e+00 -6.250000e+01
    endloop
  endfacet
  facet normal 8.444319e-01 5.356629e-01 0.000000e+00
    outer loop
      vertex   -9.771333e+01 -1.894742e+00 -6.250000e+01
      vertex   -9.740582e+01 -2.379513e+00 -6.250000e+01
      vertex   -9.740582e+01 -2.379513e+00 -7.500000e+01
    endloop
  endfacet
  facet normal 7.590550e-01 6.510265e-01 -0.000000e+00
    outer loop
      vertex   -9.740582e+01 -2.379513e+00 -7.500000e+01
      vertex   -9.740582e+01 -2.379513e+00 -6.250000e+01
      vertex   -9.703208e+01 -2.815271e+00 -7.500000e+01
    endloop
  endfacet
  facet normal 7.590550e-01 6.510265e-01 4.641403e-17
    outer loop
      vertex   -9.740582e+01 -2.379513e+00 -7.500000e+01
      vertex   -9.703208e+01 -2.815271e+00 -7.500000e+01
      vertex   -9.703208e+01 -2.815271e+00 -8.750000e+01
    endloop
  endfacet
  facet normal 6.580431e-01 7.529803e-01 5.350247e-17
    outer loop
      vertex   -9.703208e+01 -2.815271e+00 -8.750000e+01
      vertex   -9.703208e+01 -2.815271e+00 -7.500000e+01
      vertex   -9.659981e+01 -3.193041e+00 -8.750000e+01
    endloop
  endfacet
  facet normal 7.590550e-01 6.510265e-01 -1.160351e-16
    outer loop
      vertex   -9.740582e+01 -2.379513e+00 0.000000e+00
      vertex   -9.703208e+01 -2.815271e+00 0.000000e+00
      vertex   -9.703208e+01 -2.815271e+00 -1.250000e+01
    endloop
  endfacet
  facet normal 6.580431e-01 7.529803e-01 -1.337562e-16
    outer loop
      vertex   -9.703208e+01 -2.815271e+00 -1.250000e+01
      vertex   -9.703208e+01 -2.815271e+00 0.000000e+00
      vertex   -9.659981e+01 -3.193041e+00 -1.250000e+01
    endloop
  endfacet
  facet normal 6.580431e-01 7.529803e-01 0.000000e+00
    outer loop
      vertex   -9.703208e+01 -2.815271e+00 -1.250000e+01
      vertex   -9.659981e+01 -3.193041e+00 -1.250000e+01
      vertex   -9.659981e+01 -3.193041e+00 -2.500000e+01
    endloop
  endfacet
  facet normal 5.434769e-01 8.394241e-01 -0.000000e+00
    outer loop
      vertex   -9.659981e+01 -3.193041e+00 -2.500000e+01
      vertex   -9.659981e+01 -3.193041e+00 -1.250000e+01
      vertex   -9.611791e+01 -3.505040e+00 -2.500000e+01
    endloop
  endfacet
  facet normal 5.434769e-01 8.394241e-01 0.000000e+00
    outer loop
      vertex   -9.659981e+01 -3.193041e+00 -2.500000e+01
      vertex   -9.611791e+01 -3.505040e+00 -2.500000e+01
      vertex   -9.611791e+01 -3.505040e+00 -3.750000e+01
    endloop
  endfacet
  facet normal 4.177161e-01 9.085776e-01 -0.000000e+00
    outer loop
      vertex   -9.611791e+01 -3.505040e+00 -3.750000e+01
      vertex   -9.611791e+01 -3.505040e+00 -2.500000e+01
      vertex   -9.559632e+01 -3.744842e+00 -3.750000e+01
    endloop
  endfacet
  facet normal 4.177161e-01 9.085776e-01 0.000000e+00
    outer loop
      vertex   -9.611791e+01 -3.505040e+00 -3.750000e+01
      vertex   -9.559632e+01 -3.744842e+00 -3.750000e+01
      vertex   -9.559632e+01 -3.744842e+00 -5.000000e+01
    endloop
  endfacet
  facet normal 2.833512e-01 9.590162e-01 -0.000000e+00
    outer loop
      vertex   -9.559632e+01 -3.744842e+00 -5.000000e+01
      vertex   -9.559632e+01 -3.744842e+00 -3.750000e+01
      vertex   -9.504577e+01 -3.907508e+00 -5.000000e+01
    endloop
  endfacet
  facet normal 2.833512e-01 9.590162e-01 0.000000e+00
    outer loop
      vertex   -9.559632e+01 -3.744842e+00 -5.000000e+01
      vertex   -9.504577e+01 -3.907508e+00 -5.000000e+01
      vertex   -9.504577e+01 -3.907508e+00 -6.250000e+01
    endloop
  endfacet
  facet normal 1.830974e-01 9.830948e-01 -0.000000e+00
    outer loop
      vertex   -9.504577e+01 -3.907508e+00 -6.250000e+01
      vertex   -9.504577e+01 -3.907508e+00 -5.000000e+01
      vertex   -9.479941e+01 -3.953391e+00 -1.000000e+02
    endloop
  endfacet
  facet normal 6.580431e-01 7.529803e-01 1.082994e-16
    outer loop
      vertex   -9.703208e+01 -2.815271e+00 0.000000e+00
      vertex   -9.659981e+01 -3.193041e+00 0.000000e+00
      vertex   -9.659981e+01 -3.193041e+00 -1.250000e+01
    endloop
  endfacet
  facet normal 5.434769e-01 8.394241e-01 1.192893e-16
    outer loop
      vertex   -9.659981e+01 -3.193041e+00 -1.250000e+01
      vertex   -9.659981e+01 -3.193041e+00 0.000000e+00
      vertex   -9.611791e+01 -3.505040e+00 -1.250000e+01
    endloop
  endfacet
  facet normal 5.434769e-01 8.394241e-01 0.000000e+00
    outer loop
      vertex   -9.659981e+01 -3.193041e+00 -1.250000e+01
      vertex   -9.611791e+01 -3.505040e+00 -1.250000e+01
      vertex   -9.611791e+01 -3.505040e+00 -2.500000e+01
    endloop
  endfacet
  facet normal 4.177161e-01 9.085776e-01 -0.000000e+00
    outer loop
      vertex   -9.611791e+01 -3.505040e+00 -2.500000e+01
      vertex   -9.611791e+01 -3.505040e+00 -1.250000e+01
      vertex   -9.559632e+01 -3.744842e+00 -2.500000e+01
    endloop
  endfacet
  facet normal 4.177161e-01 9.085776e-01 0.000000e+00
    outer loop
      vertex   -9.611791e+01 -3.505040e+00 -2.500000e+01
      vertex   -9.559632e+01 -3.744842e+00 -2.500000e+01
      vertex   -9.559632e+01 -3.744842e+00 -3.750000e+01
    endloop
  endfacet
  facet normal 2.833512e-01 9.590162e-01 -0.000000e+00
    outer loop
      vertex   -9.559632e+01 -3.744842e+00 -3.750000e+01
      vertex   -9.559632e+01 -3.744842e+00 -2.500000e+01
      vertex   -9.504577e+01 -3.907508e+00 -3.750000e+01
    endloop
  endfacet
  facet normal 2.833512e-01 9.590162e-01 0.000000e+00
    outer loop
      vertex   -9.559632e+01 -3.744842e+00 -3.750000e+01
      vertex   -9.504577e+01 -3.907508e+00 -3.750000e+01
      vertex   -9.504577e+01 -3.907508e+00 -5.000000e+01
    endloop
  endfacet
  facet normal 1.830974e-01 9.830948e-01 -0.000000e+00
    outer loop
      vertex   -9.504577e+01 -3.907508e+00 -5.000000e+01
      vertex   -9.504577e+01 -3.907508e+00 -3.750000e+01
      vertex   -9.479941e+01 -3.953391e+00 -3.000000e+00
    endloop
  endfacet
  facet normal 1.830974e-01 9.830948e-01 -8.778084e-18
    outer loop
      vertex   -9.504577e+01 -3.907508e+00 -5.000000e+01
      vertex   -9.479941e+01 -3.953391e+00 -3.000000e+00
      vertex   -9.479941e+01 -3.953391e+00 -1.000000e+02
    endloop
  endfacet
  facet normal 5.434769e-01 8.394241e-01 1.508456e-16
    outer loop
      vertex   -9.659981e+01 -3.193041e+00 0.000000e+00
      vertex   -9.611791e+01 -3.505040e+00 0.000000e+00
      vertex   -9.611791e+01 -3.505040e+00 -1.250000e+01
    endloop
  endfacet
  facet normal 4.177161e-01 9.085776e-01 1.613958e-16
    outer loop
      vertex   -9.611791e+01 -3.505040e+00 -1.250000e+01
      vertex   -9.611791e+01 -3.505040e+00 0.000000e+00
      vertex   -9.559632e+01 -3.744842e+00 -1.250000e+01
    endloop
  endfacet
  facet normal 4.177161e-01 9.085776e-01 0.000000e+00
    outer loop
      vertex   -9.611791e+01 -3.505040e+00 -1.250000e+01
      vertex   -9.559632e+01 -3.744842e+00 -1.250000e+01
      vertex   -9.559632e+01 -3.744842e+00 -2.500000e+01
    endloop
  endfacet
  facet normal 2.833512e-01 9.590162e-01 -0.000000e+00
    outer loop
      vertex   -9.559632e+01 -3.744842e+00 -2.500000e+01
      vertex   -9.559632e+01 -3.744842e+00 -1.250000e+01
      vertex   -9.504577e+01 -3.907508e+00 -2.500000e+01
    endloop
  endfacet
  facet normal 2.833512e-01 9.590162e-01 -3.287660e-17
    outer loop
      vertex   -9.559632e+01 -3.744842e+00 -2.500000e+01
      vertex   -9.504577e+01 -3.907508e+00 -2.500000e+01
      vertex   -9.504577e+01 -3.907508e+00 -3.750000e+01
    endloop
  endfacet
  facet normal 1.830974e-01 9.830948e-01 -3.492654e-17
    outer loop
      vertex   -9.504577e+01 -3.907508e+00 -3.750000e+01
      vertex   -9.504577e+01 -3.907508e+00 -2.500000e+01
      vertex   -9.479941e+01 -3.953391e+00 -3.000000e+00
    endloop
  endfacet
  facet normal 4.177161e-01 9.085776e-01 -3.481052e-17
    outer loop
      vertex   -9.611791e+01 -3.505040e+00 0.000000e+00
      vertex   -9.559632e+01 -3.744842e+00 0.000000e+00
      vertex   -9.559632e+01 -3.744842e+00 -1.250000e+01
    endloop
  endfacet
  facet normal 2.833512e-01 9.590162e-01 -3.407110e-17
    outer loop
      vertex   -9.559632e+01 -3.744842e+00 -1.250000e+01
      vertex   -9.559632e+01 -3.744842e+00 0.000000e+00
      vertex   -9.504577e+01 -3.907508e+00 -1.250000e+01
    endloop
  endfacet
  facet normal 2.833512e-01 9.590162e-01 0.000000e+00
    outer loop
      vertex   -9.559632e+01 -3.744842e+00 -1.250000e+01
      vertex   -9.504577e+01 -3.907508e+00 -1.250000e+01
      vertex   -9.504577e+01 -3.907508e+00 -2.500000e+01
    endloop
  endfacet
  facet normal 1.830974e-01 9.830948e-01 -0.000000e+00
    outer loop
      vertex   -9.504577e+01 -3.907508e+00 -2.500000e+01
      vertex   -9.504577e+01 -3.907508e+00 -1.250000e+01
      vertex   -9.479941e+01 -3.953391e+00 -3.000000e+00
    endloop
  endfacet
  facet normal 2.833512e-01 9.590162e-01 6.962105e-17
    outer loop
      vertex   -9.559632e+01 -3.744842e+00 0.000000e+00
      vertex   -9.504577e+01 -3.907508e+00 0.000000e+00
      vertex   -9.504577e+01 -3.907508e+00 -1.250000e+01
    endloop
  endfacet
  facet normal 1.830974e-01 9.830948e-01 6.985309e-17
    outer loop
      vertex   -9.504577e+01 -3.907508e+00 -1.250000e+01
      vertex   -9.504577e+01 -3.907508e+00 0.000000e+00
      vertex   -9.479941e+01 -3.953391e+00 -3.000000e+00
    endloop
  endfacet
  facet normal 1.431491e-01 9.896954e-01 -3.381422e-03
    outer loop
      vertex   -9.504577e+01 -3.907508e+00 0.000000e+00
      vertex   -9.447760e+01 -3.989688e+00 0.000000e+00
      vertex   -9.479941e+01 -3.953391e+00 -3.000000e+00
    endloop
  endfacet
  facet normal 1.179648e-01 9.930176e-01 -6.396732e-04
    outer loop
      vertex   -9.479941e+01 -3.953391e+00 -3.000000e+00
      vertex   -9.447760e+01 -3.989688e+00 0.000000e+00
      vertex   -9.452486e+01 -3.986006e+00 -3.000000e+00
    endloop
  endfacet
  facet normal 4.908597e-02 9.987945e-01 4.525190e-04
    outer loop
      vertex   -9.452486e+01 -3.986006e+00 -3.000000e+00
      vertex   -9.447760e+01 -3.989688e+00 0.000000e+00
      vertex   -9.424871e+01 -3.999577e+00 -3.000000e+00
    endloop
  endfacet
  facet normal -7.735630e-16 9.999946e-01 -3.296498e-03
    outer loop
      vertex   -9.424871e+01 -3.999577e+00 -3.000000e+00
      vertex   -9.447760e+01 -3.989688e+00 0.000000e+00
      vertex   -9.390352e+01 -3.989688e+00 0.000000e+00
    endloop
  endfacet
  facet normal -2.002735e-02 9.997989e-01 -9.914278e-04
    outer loop
      vertex   -9.424871e+01 -3.999577e+00 -3.000000e+00
      vertex   -9.390352e+01 -3.989688e+00 0.000000e+00
      vertex   -9.397228e+01 -3.994040e+00 -3.000000e+00
    endloop
  endfacet
  facet normal -6.316671e-02 9.980030e-01 0.000000e+00
    outer loop
      vertex   -9.397228e+01 -3.994040e+00 -3.000000e+00
      vertex   -9.390352e+01 -3.989688e+00 0.000000e+00
      vertex   -9.390352e+01 -3.989688e+00 -1.250000e+01
    endloop
  endfacet
  facet normal -6.316671e-02 9.980030e-01 0.000000e+00
    outer loop
      vertex   -9.397228e+01 -3.994040e+00 -3.000000e+00
      vertex   -9.390352e+01 -3.989688e+00 -1.250000e+01
      vertex   -9.390352e+01 -3.989688e+00 -2.500000e+01
    endloop
  endfacet
  facet normal -1.431499e-01 9.897010e-01 0.000000e+00
    outer loop
      vertex   -9.390352e+01 -3.989688e+00 -2.500000e+01
      vertex   -9.390352e+01 -3.989688e+00 -1.250000e+01
      vertex   -9.333535e+01 -3.907508e+00 -2.500000e+01
    endloop
  endfacet
  facet normal -1.431499e-01 9.897010e-01 0.000000e+00
    outer loop
      vertex   -9.390352e+01 -3.989688e+00 -2.500000e+01
      vertex   -9.333535e+01 -3.907508e+00 -2.500000e+01
      vertex   -9.333535e+01 -3.907508e+00 -3.750000e+01
    endloop
  endfacet
  facet normal -2.833512e-01 9.590162e-01 0.000000e+00
    outer loop
      vertex   -9.333535e+01 -3.907508e+00 -3.750000e+01
      vertex   -9.333535e+01 -3.907508e+00 -2.500000e+01
      vertex   -9.278480e+01 -3.744842e+00 -3.750000e+01
    endloop
  endfacet
  facet normal -2.833512e-01 9.590162e-01 0.000000e+00
    outer loop
      vertex   -9.333535e+01 -3.907508e+00 -3.750000e+01
      vertex   -9.278480e+01 -3.744842e+00 -3.750000e+01
      vertex   -9.278480e+01 -3.744842e+00 -5.000000e+01
    endloop
  endfacet
  facet normal -4.177161e-01 9.085776e-01 0.000000e+00
    outer loop
      vertex   -9.278480e+01 -3.744842e+00 -5.000000e+01
      vertex   -9.278480e+01 -3.744842e+00 -3.750000e+01
      vertex   -9.226320e+01 -3.505040e+00 -5.000000e+01
    endloop
  endfacet
  facet normal -4.177161e-01 9.085776e-01 0.000000e+00
    outer loop
      vertex   -9.278480e+01 -3.744842e+00 -5.000000e+01
      vertex   -9.226320e+01 -3.505040e+00 -5.000000e+01
      vertex   -9.226320e+01 -3.505040e+00 -6.250000e+01
    endloop
  endfacet
  facet normal -5.434769e-01 8.394241e-01 0.000000e+00
    outer loop
      vertex   -9.226320e+01 -3.505040e+00 -6.250000e+01
      vertex   -9.226320e+01 -3.505040e+00 -5.000000e+01
      vertex   -9.178131e+01 -3.193041e+00 -6.250000e+01
    endloop
  endfacet
  facet normal -5.434769e-01 8.394241e-01 0.000000e+00
    outer loop
      vertex   -9.226320e+01 -3.505040e+00 -6.250000e+01
      vertex   -9.178131e+01 -3.193041e+00 -6.250000e+01
      vertex   -9.178131e+01 -3.193041e+00 -7.500000e+01
    endloop
  endfacet
  facet normal -6.580431e-01 7.529803e-01 0.000000e+00
    outer loop
      vertex   -9.178131e+01 -3.193041e+00 -7.500000e+01
      vertex   -9.178131e+01 -3.193041e+00 -6.250000e+01
      vertex   -9.134904e+01 -2.815271e+00 -7.500000e+01
    endloop
  endfacet
  facet normal -6.580431e-01 7.529803e-01 2.707485e-17
    outer loop
      vertex   -9.178131e+01 -3.193041e+00 -7.500000e+01
      vertex   -9.134904e+01 -2.815271e+00 -7.500000e+01
      vertex   -9.134904e+01 -2.815271e+00 -8.750000e+01
    endloop
  endfacet
  facet normal -7.590550e-01 6.510265e-01 2.312911e-17
    outer loop
      vertex   -9.134904e+01 -2.815271e+00 -8.750000e+01
      vertex   -9.134904e+01 -2.815271e+00 -7.500000e+01
      vertex   -9.097530e+01 -2.379513e+00 -8.750000e+01
    endloop
  endfacet
  facet normal -7.590550e-01 6.510265e-01 -1.506458e-04
    outer loop
      vertex   -9.134904e+01 -2.815271e+00 -8.750000e+01
      vertex   -9.097530e+01 -2.379513e+00 -8.750000e+01
      vertex   -9.099177e+01 -2.401611e+00 -1.000000e+02
    endloop
  endfacet
  facet normal -8.411870e-01 5.407443e-01 1.525404e-04
    outer loop
      vertex   -9.099177e+01 -2.401611e+00 -1.000000e+02
      vertex   -9.097530e+01 -2.379513e+00 -8.750000e+01
      vertex   -9.067762e+01 -1.912922e+00 -1.000000e+02
    endloop
  endfacet
  facet normal -8.444319e-01 5.356629e-01 -1.144054e-04
    outer loop
      vertex   -9.067762e+01 -1.912922e+00 -1.000000e+02
      vertex   -9.097530e+01 -2.379513e+00 -8.750000e+01
      vertex   -9.066778e+01 -1.894742e+00 -8.750000e+01
    endloop
  endfacet
  facet normal -9.106443e-01 4.131913e-01 1.158262e-04
    outer loop
      vertex   -9.067762e+01 -1.912922e+00 -1.000000e+02
      vertex   -9.066778e+01 -1.894742e+00 -8.750000e+01
      vertex   -9.043758e+01 -1.383881e+00 -1.000000e+02
    endloop
  endfacet
  facet normal -9.124152e-01 4.092658e-01 -7.721752e-05
    outer loop
      vertex   -9.043758e+01 -1.383881e+00 -1.000000e+02
      vertex   -9.066778e+01 -1.894742e+00 -8.750000e+01
      vertex   -9.043283e+01 -1.370943e+00 -8.750000e+01
    endloop
  endfacet
  facet normal -9.608923e-01 2.769223e-01 7.816469e-05
    outer loop
      vertex   -9.043758e+01 -1.383881e+00 -1.000000e+02
      vertex   -9.043283e+01 -1.370943e+00 -8.750000e+01
      vertex   -9.027670e+01 -8.256486e-01 -1.000000e+02
    endloop
  endfacet
  facet normal -9.616046e-01 2.744386e-01 -3.908236e-05
    outer loop
      vertex   -9.027670e+01 -8.256486e-01 -1.000000e+02
      vertex   -9.043283e+01 -1.370943e+00 -8.750000e+01
      vertex   -9.027528e+01 -8.189055e-01 -8.750000e+01
    endloop
  endfacet
  facet normal -9.908712e-01 1.348120e-01 3.955591e-05
    outer loop
      vertex   -9.027670e+01 -8.256486e-01 -1.000000e+02
      vertex   -9.027528e+01 -8.189055e-01 -8.750000e+01
      vertex   -9.019838e+01 -2.500000e-01 -1.000000e+02
    endloop
  endfacet
  facet normal -9.909869e-01 1.339585e-01 0.000000e+00
    outer loop
      vertex   -9.019838e+01 -2.500000e-01 -1.000000e+02
      vertex   -9.027528e+01 -8.189055e-01 -8.750000e+01
      vertex   -9.027528e+01 -8.189055e-01 -7.500000e+01
    endloop
  endfacet
  facet normal -9.909869e-01 1.339585e-01 -9.669590e-19
    outer loop
      vertex   -9.019838e+01 -2.500000e-01 -1.000000e+02
      vertex   -9.027528e+01 -8.189055e-01 -7.500000e+01
      vertex   -9.027528e+01 -8.189055e-01 -6.250000e+01
    endloop
  endfacet
  facet normal -9.616046e-01 2.744386e-01 -2.437504e-18
    outer loop
      vertex   -9.027528e+01 -8.189055e-01 -6.250000e+01
      vertex   -9.027528e+01 -8.189055e-01 -7.500000e+01
      vertex   -9.043283e+01 -1.370943e+00 -6.250000e+01
    endloop
  endfacet
  facet normal -9.616046e-01 2.744386e-01 0.000000e+00
    outer loop
      vertex   -9.027528e+01 -8.189055e-01 -6.250000e+01
      vertex   -9.043283e+01 -1.370943e+00 -6.250000e+01
      vertex   -9.043283e+01 -1.370943e+00 -5.000000e+01
    endloop
  endfacet
  facet normal -9.124152e-01 4.092658e-01 0.000000e+00
    outer loop
      vertex   -9.043283e+01 -1.370943e+00 -5.000000e+01
      vertex   -9.043283e+01 -1.370943e+00 -6.250000e+01
      vertex   -9.066778e+01 -1.894742e+00 -5.000000e+01
    endloop
  endfacet
  facet normal -9.124152e-01 4.092658e-01 -1.353743e-17
    outer loop
      vertex   -9.043283e+01 -1.370943e+00 -5.000000e+01
      vertex   -9.066778e+01 -1.894742e+00 -5.000000e+01
      vertex   -9.066778e+01 -1.894742e+00 -3.750000e+01
    endloop
  endfacet
  facet normal -8.444319e-01 5.356629e-01 -1.903057e-17
    outer loop
      vertex   -9.066778e+01 -1.894742e+00 -3.750000e+01
      vertex   -9.066778e+01 -1.894742e+00 -5.000000e+01
      vertex   -9.097530e+01 -2.379513e+00 -3.750000e+01
    endloop
  endfacet
  facet normal -8.444319e-01 5.356629e-01 -1.547134e-17
    outer loop
      vertex   -9.066778e+01 -1.894742e+00 -3.750000e+01
      vertex   -9.097530e+01 -2.379513e+00 -3.750000e+01
      vertex   -9.097530e+01 -2.379513e+00 -2.500000e+01
    endloop
  endfacet
  facet normal -7.590550e-01 6.510265e-01 -2.312911e-17
    outer loop
      vertex   -9.097530e+01 -2.379513e+00 -2.500000e+01
      vertex   -9.097530e+01 -2.379513e+00 -3.750000e+01
      vertex   -9.134904e+01 -2.815271e+00 -2.500000e+01
    endloop
  endfacet
  facet normal -7.590550e-01 6.510265e-01 2.320702e-17
    outer loop
      vertex   -9.097530e+01 -2.379513e+00 -2.500000e+01
      vertex   -9.134904e+01 -2.815271e+00 -2.500000e+01
      vertex   -9.134904e+01 -2.815271e+00 -1.250000e+01
    endloop
  endfacet
  facet normal -6.580431e-01 7.529803e-01 2.675123e-17
    outer loop
      vertex   -9.134904e+01 -2.815271e+00 -1.250000e+01
      vertex   -9.134904e+01 -2.815271e+00 -2.500000e+01
      vertex   -9.178131e+01 -3.193041e+00 -1.250000e+01
    endloop
  endfacet
  facet normal -6.580431e-01 7.529803e-01 5.414970e-17
    outer loop
      vertex   -9.134904e+01 -2.815271e+00 -1.250000e+01
      vertex   -9.178131e+01 -3.193041e+00 -1.250000e+01
      vertex   -9.178131e+01 -3.193041e+00 0.000000e+00
    endloop
  endfacet
  facet normal -5.434769e-01 8.394241e-01 5.964467e-17
    outer loop
      vertex   -9.178131e+01 -3.193041e+00 0.000000e+00
      vertex   -9.178131e+01 -3.193041e+00 -1.250000e+01
      vertex   -9.226320e+01 -3.505040e+00 0.000000e+00
    endloop
  endfacet
  facet normal -5.434769e-01 8.394241e-01 1.491117e-16
    outer loop
      vertex   -9.226320e+01 -3.505040e+00 0.000000e+00
      vertex   -9.178131e+01 -3.193041e+00 -1.250000e+01
      vertex   -9.226320e+01 -3.505040e+00 -1.250000e+01
    endloop
  endfacet
  facet normal -4.177161e-01 9.085776e-01 1.613958e-16
    outer loop
      vertex   -9.226320e+01 -3.505040e+00 0.000000e+00
      vertex   -9.226320e+01 -3.505040e+00 -1.250000e+01
      vertex   -9.278480e+01 -3.744842e+00 0.000000e+00
    endloop
  endfacet
  facet normal -4.177161e-01 9.085776e-01 0.000000e+00
    outer loop
      vertex   -9.278480e+01 -3.744842e+00 0.000000e+00
      vertex   -9.226320e+01 -3.505040e+00 -1.250000e+01
      vertex   -9.278480e+01 -3.744842e+00 -1.250000e+01
    endloop
  endfacet
  facet normal -2.833512e-01 9.590162e-01 0.000000e+00
    outer loop
      vertex   -9.278480e+01 -3.744842e+00 0.000000e+00
      vertex   -9.278480e+01 -3.744842e+00 -1.250000e+01
      vertex   -9.333535e+01 -3.907508e+00 0.000000e+00
    endloop
  endfacet
  facet normal -2.833512e-01 9.590162e-01 -1.362844e-16
    outer loop
      vertex   -9.333535e+01 -3.907508e+00 0.000000e+00
      vertex   -9.278480e+01 -3.744842e+00 -1.250000e+01
      vertex   -9.333535e+01 -3.907508e+00 -1.250000e+01
    endloop
  endfacet
  facet normal -1.431499e-01 9.897010e-01 -1.406450e-16
    outer loop
      vertex   -9.333535e+01 -3.907508e+00 0.000000e+00
      vertex   -9.333535e+01 -3.907508e+00 -1.250000e+01
      vertex   -9.390352e+01 -3.989688e+00 0.000000e+00
    endloop
  endfacet
  facet normal -1.431499e-01 9.897010e-01 0.000000e+00
    outer loop
      vertex   -9.390352e+01 -3.989688e+00 0.000000e+00
      vertex   -9.333535e+01 -3.907508e+00 -1.250000e+01
      vertex   -9.390352e+01 -3.989688e+00 -1.250000e+01
    endloop
  endfacet
  facet normal -6.580431e-01 7.529803e-01 -1.082994e-16
    outer loop
      vertex   -9.178131e+01 -3.193041e+00 0.000000e+00
      vertex   -9.134904e+01 -2.815271e+00 0.000000e+00
      vertex   -9.134904e+01 -2.815271e+00 -1.250000e+01
    endloop
  endfacet
  facet normal -7.590550e-01 6.510265e-01 -9.251643e-17
    outer loop
      vertex   -9.134904e+01 -2.815271e+00 -1.250000e+01
      vertex   -9.134904e+01 -2.815271e+00 0.000000e+00
      vertex   -9.097530e+01 -2.379513e+00 -1.250000e+01
    endloop
  endfacet
  facet normal -7.590550e-01 6.510265e-01 -2.320702e-17
    outer loop
      vertex   -9.134904e+01 -2.815271e+00 -1.250000e+01
      vertex   -9.097530e+01 -2.379513e+00 -1.250000e+01
      vertex   -9.097530e+01 -2.379513e+00 -2.500000e+01
    endloop
  endfacet
  facet normal -8.444319e-01 5.356629e-01 -1.903057e-17
    outer loop
      vertex   -9.097530e+01 -2.379513e+00 -2.500000e+01
      vertex   -9.097530e+01 -2.379513e+00 -1.250000e+01
      vertex   -9.066778e+01 -1.894742e+00 -2.500000e+01
    endloop
  endfacet
  facet normal -8.444319e-01 5.356629e-01 -7.735672e-18
    outer loop
      vertex   -9.097530e+01 -2.379513e+00 -2.500000e+01
      vertex   -9.066778e+01 -1.894742e+00 -2.500000e+01
      vertex   -9.066778e+01 -1.894742e+00 -3.750000e+01
    endloop
  endfacet
  facet normal -9.124152e-01 4.092658e-01 -7.270021e-18
    outer loop
      vertex   -9.066778e+01 -1.894742e+00 -3.750000e+01
      vertex   -9.066778e+01 -1.894742e+00 -2.500000e+01
      vertex   -9.043283e+01 -1.370943e+00 -3.750000e+01
    endloop
  endfacet
  facet normal -9.124152e-01 4.092658e-01 0.000000e+00
    outer loop
      vertex   -9.066778e+01 -1.894742e+00 -3.750000e+01
      vertex   -9.043283e+01 -1.370943e+00 -3.750000e+01
      vertex   -9.043283e+01 -1.370943e+00 -5.000000e+01
    endloop
  endfacet
  facet normal -9.616046e-01 2.744386e-01 0.000000e+00
    outer loop
      vertex   -9.043283e+01 -1.370943e+00 -5.000000e+01
      vertex   -9.043283e+01 -1.370943e+00 -3.750000e+01
      vertex   -9.027528e+01 -8.189055e-01 -5.000000e+01
    endloop
  endfacet
  facet normal -9.616046e-01 2.744386e-01 0.000000e+00
    outer loop
      vertex   -9.043283e+01 -1.370943e+00 -5.000000e+01
      vertex   -9.027528e+01 -8.189055e-01 -5.000000e+01
      vertex   -9.027528e+01 -8.189055e-01 -6.250000e+01
    endloop
  endfacet
  facet normal -9.909869e-01 1.339585e-01 0.000000e+00
    outer loop
      vertex   -9.027528e+01 -8.189055e-01 -6.250000e+01
      vertex   -9.027528e+01 -8.189055e-01 -5.000000e+01
      vertex   -9.019838e+01 -2.500000e-01 -1.000000e+02
    endloop
  endfacet
  facet normal -7.590550e-01 6.510265e-01 6.962105e-17
    outer loop
      vertex   -9.134904e+01 -2.815271e+00 0.000000e+00
      vertex   -9.097530e+01 -2.379513e+00 0.000000e+00
      vertex   -9.097530e+01 -2.379513e+00 -1.250000e+01
    endloop
  endfacet
  facet normal -8.444319e-01 5.356629e-01 5.709171e-17
    outer loop
      vertex   -9.097530e+01 -2.379513e+00 -1.250000e+01
      vertex   -9.097530e+01 -2.379513e+00 0.000000e+00
      vertex   -9.066778e+01 -1.894742e+00 -1.250000e+01
    endloop
  endfacet
  facet normal -8.444319e-01 5.356629e-01 -2.707485e-17
    outer loop
      vertex   -9.097530e+01 -2.379513e+00 -1.250000e+01
      vertex   -9.066778e+01 -1.894742e+00 -1.250000e+01
      vertex   -9.066778e+01 -1.894742e+00 -2.500000e+01
    endloop
  endfacet
  facet normal -9.124152e-01 4.092658e-01 -2.181006e-17
    outer loop
      vertex   -9.066778e+01 -1.894742e+00 -2.500000e+01
      vertex   -9.066778e+01 -1.894742e+00 -1.250000e+01
      vertex   -9.043283e+01 -1.370943e+00 -2.500000e+01
    endloop
  endfacet
  facet normal -9.124152e-01 4.092658e-01 0.000000e+00
    outer loop
      vertex   -9.066778e+01 -1.894742e+00 -2.500000e+01
      vertex   -9.043283e+01 -1.370943e+00 -2.500000e+01
      vertex   -9.043283e+01 -1.370943e+00 -3.750000e+01
    endloop
  endfacet
  facet normal -9.616046e-01 2.744386e-01 0.000000e+00
    outer loop
      vertex   -9.043283e+01 -1.370943e+00 -3.750000e+01
      vertex   -9.043283e+01 -1.370943e+00 -2.500000e+01
      vertex   -9.027528e+01 -8.189055e-01 -3.750000e+01
    endloop
  endfacet
  facet normal -9.616046e-01 2.744386e-01 0.000000e+00
    outer loop
      vertex   -9.043283e+01 -1.370943e+00 -3.750000e+01
      vertex   -9.027528e+01 -8.189055e-01 -3.750000e+01
      vertex   -9.027528e+01 -8.189055e-01 -5.000000e+01
    endloop
  endfacet
  facet normal -9.909869e-01 1.339585e-01 0.000000e+00
    outer loop
      vertex   -9.027528e+01 -8.189055e-01 -5.000000e+01
      vertex   -9.027528e+01 -8.189055e-01 -3.750000e+01
      vertex   -9.019838e+01 -2.500000e-01 0.000000e+00
    endloop
  endfacet
  facet normal -9.909869e-01 1.339585e-01 0.000000e+00
    outer loop
      vertex   -9.027528e+01 -8.189055e-01 -5.000000e+01
      vertex   -9.019838e+01 -2.500000e-01 0.000000e+00
      vertex   -9.019838e+01 -2.500000e-01 -1.000000e+02
    endloop
  endfacet
  facet normal -8.444319e-01 5.356629e-01 3.867836e-17
    outer loop
      vertex   -9.097530e+01 -2.379513e+00 0.000000e+00
      vertex   -9.066778e+01 -1.894742e+00 0.000000e+00
      vertex   -9.066778e+01 -1.894742e+00 -1.250000e+01
    endloop
  endfacet
  facet normal -9.124152e-01 4.092658e-01 2.908008e-17
    outer loop
      vertex   -9.066778e+01 -1.894742e+00 -1.250000e+01
      vertex   -9.066778e+01 -1.894742e+00 0.000000e+00
      vertex   -9.043283e+01 -1.370943e+00 -1.250000e+01
    endloop
  endfacet
  facet normal -9.124152e-01 4.092658e-01 0.000000e+00
    outer loop
      vertex   -9.066778e+01 -1.894742e+00 -1.250000e+01
      vertex   -9.043283e+01 -1.370943e+00 -1.250000e+01
      vertex   -9.043283e+01 -1.370943e+00 -2.500000e+01
    endloop
  endfacet
  facet normal -9.616046e-01 2.744386e-01 0.000000e+00
    outer loop
      vertex   -9.043283e+01 -1.370943e+00 -2.500000e+01
      vertex   -9.043283e+01 -1.370943e+00 -1.250000e+01
      vertex   -9.027528e+01 -8.189055e-01 -2.500000e+01
    endloop
  endfacet
  facet normal -9.616046e-01 2.744386e-01 -3.867836e-18
    outer loop
      vertex   -9.043283e+01 -1.370943e+00 -2.500000e+01
      vertex   -9.027528e+01 -8.189055e-01 -2.500000e+01
      vertex   -9.027528e+01 -8.189055e-01 -3.750000e+01
    endloop
  endfacet
  facet normal -9.909869e-01 1.339585e-01 -2.379582e-18
    outer loop
      vertex   -9.027528e+01 -8.189055e-01 -3.750000e+01
      vertex   -9.027528e+01 -8.189055e-01 -2.500000e+01
      vertex   -9.019838e+01 -2.500000e-01 0.000000e+00
    endloop
  endfacet
  facet normal -9.124152e-01 4.092658e-01 3.674444e-17
    outer loop
      vertex   -9.066778e+01 -1.894742e+00 0.000000e+00
      vertex   -9.043283e+01 -1.370943e+00 0.000000e+00
      vertex   -9.043283e+01 -1.370943e+00 -1.250000e+01
    endloop
  endfacet
  facet normal -9.616046e-01 2.744386e-01 2.437504e-17
    outer loop
      vertex   -9.043283e+01 -1.370943e+00 -1.250000e+01
      vertex   -9.043283e+01 -1.370943e+00 0.000000e+00
      vertex   -9.027528e+01 -8.189055e-01 -1.250000e+01
    endloop
  endfacet
  facet normal -9.616046e-01 2.744386e-01 -3.867836e-18
    outer loop
      vertex   -9.043283e+01 -1.370943e+00 -1.250000e+01
      vertex   -9.027528e+01 -8.189055e-01 -1.250000e+01
      vertex   -9.027528e+01 -8.189055e-01 -2.500000e+01
    endloop
  endfacet
  facet normal -9.909869e-01 1.339585e-01 -1.189791e-18
    outer loop
      vertex   -9.027528e+01 -8.189055e-01 -2.500000e+01
      vertex   -9.027528e+01 -8.189055e-01 -1.250000e+01
      vertex   -9.019838e+01 -2.500000e-01 0.000000e+00
    endloop
  endfacet
  facet normal -9.616046e-01 2.744386e-01 2.127310e-17
    outer loop
      vertex   -9.043283e+01 -1.370943e+00 0.000000e+00
      vertex   -9.027528e+01 -8.189055e-01 0.000000e+00
      vertex   -9.027528e+01 -8.189055e-01 -1.250000e+01
    endloop
  endfacet
  facet normal -9.909869e-01 1.339585e-01 1.070812e-17
    outer loop
      vertex   -9.027528e+01 -8.189055e-01 -1.250000e+01
      vertex   -9.027528e+01 -8.189055e-01 0.000000e+00
      vertex   -9.019838e+01 -2.500000e-01 0.000000e+00
    endloop
  endfacet
  facet normal -7.539857e-01 6.568908e-01 1.883070e-04
    outer loop
      vertex   -9.099177e+01 -2.401611e+00 -1.000000e+02
      vertex   -9.137339e+01 -2.839641e+00 -1.000000e+02
      vertex   -9.134904e+01 -2.815271e+00 -8.750000e+01
    endloop
  endfacet
  facet normal -6.580431e-01 7.529802e-01 -1.859387e-04
    outer loop
      vertex   -9.134904e+01 -2.815271e+00 -8.750000e+01
      vertex   -9.137339e+01 -2.839641e+00 -1.000000e+02
      vertex   -9.178131e+01 -3.193041e+00 -8.750000e+01
    endloop
  endfacet
  facet normal -6.580431e-01 7.529803e-01 0.000000e+00
    outer loop
      vertex   -9.134904e+01 -2.815271e+00 -8.750000e+01
      vertex   -9.178131e+01 -3.193041e+00 -8.750000e+01
      vertex   -9.178131e+01 -3.193041e+00 -7.500000e+01
    endloop
  endfacet
  facet normal -5.434769e-01 8.394241e-01 0.000000e+00
    outer loop
      vertex   -9.178131e+01 -3.193041e+00 -7.500000e+01
      vertex   -9.178131e+01 -3.193041e+00 -8.750000e+01
      vertex   -9.226320e+01 -3.505040e+00 -7.500000e+01
    endloop
  endfacet
  facet normal -5.434769e-01 8.394241e-01 -2.707485e-17
    outer loop
      vertex   -9.178131e+01 -3.193041e+00 -7.500000e+01
      vertex   -9.226320e+01 -3.505040e+00 -7.500000e+01
      vertex   -9.226320e+01 -3.505040e+00 -6.250000e+01
    endloop
  endfacet
  facet normal -4.177161e-01 9.085776e-01 -3.227916e-17
    outer loop
      vertex   -9.226320e+01 -3.505040e+00 -6.250000e+01
      vertex   -9.226320e+01 -3.505040e+00 -7.500000e+01
      vertex   -9.278480e+01 -3.744842e+00 -6.250000e+01
    endloop
  endfacet
  facet normal -4.177161e-01 9.085776e-01 0.000000e+00
    outer loop
      vertex   -9.226320e+01 -3.505040e+00 -6.250000e+01
      vertex   -9.278480e+01 -3.744842e+00 -6.250000e+01
      vertex   -9.278480e+01 -3.744842e+00 -5.000000e+01
    endloop
  endfacet
  facet normal -2.833512e-01 9.590162e-01 0.000000e+00
    outer loop
      vertex   -9.278480e+01 -3.744842e+00 -5.000000e+01
      vertex   -9.278480e+01 -3.744842e+00 -6.250000e+01
      vertex   -9.333535e+01 -3.907508e+00 -5.000000e+01
    endloop
  endfacet
  facet normal -2.833512e-01 9.590162e-01 3.481052e-17
    outer loop
      vertex   -9.278480e+01 -3.744842e+00 -5.000000e+01
      vertex   -9.333535e+01 -3.907508e+00 -5.000000e+01
      vertex   -9.333535e+01 -3.907508e+00 -3.750000e+01
    endloop
  endfacet
  facet normal -1.431499e-01 9.897010e-01 3.516124e-17
    outer loop
      vertex   -9.333535e+01 -3.907508e+00 -3.750000e+01
      vertex   -9.333535e+01 -3.907508e+00 -5.000000e+01
      vertex   -9.390352e+01 -3.989688e+00 -3.750000e+01
    endloop
  endfacet
  facet normal -1.431499e-01 9.897010e-01 0.000000e+00
    outer loop
      vertex   -9.333535e+01 -3.907508e+00 -3.750000e+01
      vertex   -9.390352e+01 -3.989688e+00 -3.750000e+01
      vertex   -9.390352e+01 -3.989688e+00 -2.500000e+01
    endloop
  endfacet
  facet normal -6.316671e-02 9.980030e-01 0.000000e+00
    outer loop
      vertex   -9.390352e+01 -3.989688e+00 -2.500000e+01
      vertex   -9.390352e+01 -3.989688e+00 -3.750000e+01
      vertex   -9.397228e+01 -3.994040e+00 -3.000000e+00
    endloop
  endfacet
  facet normal -6.508798e-01 7.591808e-01 2.231261e-04
    outer loop
      vertex   -9.137339e+01 -2.839641e+00 -1.000000e+02
      vertex   -9.181444e+01 -3.217770e+00 -1.000000e+02
      vertex   -9.178131e+01 -3.193041e+00 -8.750000e+01
    endloop
  endfacet
  facet normal -5.434769e-01 8.394241e-01 -2.202840e-04
    outer loop
      vertex   -9.178131e+01 -3.193041e+00 -8.750000e+01
      vertex   -9.181444e+01 -3.217770e+00 -1.000000e+02
      vertex   -9.226320e+01 -3.505040e+00 -8.750000e+01
    endloop
  endfacet
  facet normal -5.434769e-01 8.394241e-01 0.000000e+00
    outer loop
      vertex   -9.178131e+01 -3.193041e+00 -8.750000e+01
      vertex   -9.226320e+01 -3.505040e+00 -8.750000e+01
      vertex   -9.226320e+01 -3.505040e+00 -7.500000e+01
    endloop
  endfacet
  facet normal -4.177161e-01 9.085776e-01 0.000000e+00
    outer loop
      vertex   -9.226320e+01 -3.505040e+00 -7.500000e+01
      vertex   -9.226320e+01 -3.505040e+00 -8.750000e+01
      vertex   -9.278480e+01 -3.744842e+00 -7.500000e+01
    endloop
  endfacet
  facet normal -4.177161e-01 9.085776e-01 0.000000e+00
    outer loop
      vertex   -9.226320e+01 -3.505040e+00 -7.500000e+01
      vertex   -9.278480e+01 -3.744842e+00 -7.500000e+01
      vertex   -9.278480e+01 -3.744842e+00 -6.250000e+01
    endloop
  endfacet
  facet normal -2.833512e-01 9.590162e-01 0.000000e+00
    outer loop
      vertex   -9.278480e+01 -3.744842e+00 -6.250000e+01
      vertex   -9.278480e+01 -3.744842e+00 -7.500000e+01
      vertex   -9.333535e+01 -3.907508e+00 -6.250000e+01
    endloop
  endfacet
  facet normal -2.833512e-01 9.590162e-01 0.000000e+00
    outer loop
      vertex   -9.278480e+01 -3.744842e+00 -6.250000e+01
      vertex   -9.333535e+01 -3.907508e+00 -6.250000e+01
      vertex   -9.333535e+01 -3.907508e+00 -5.000000e+01
    endloop
  endfacet
  facet normal -1.431499e-01 9.897010e-01 0.000000e+00
    outer loop
      vertex   -9.333535e+01 -3.907508e+00 -5.000000e+01
      vertex   -9.333535e+01 -3.907508e+00 -6.250000e+01
      vertex   -9.390352e+01 -3.989688e+00 -5.000000e+01
    endloop
  endfacet
  facet normal -1.431499e-01 9.897010e-01 0.000000e+00
    outer loop
      vertex   -9.333535e+01 -3.907508e+00 -5.000000e+01
      vertex   -9.390352e+01 -3.989688e+00 -5.000000e+01
      vertex   -9.390352e+01 -3.989688e+00 -3.750000e+01
    endloop
  endfacet
  facet normal -6.316671e-02 9.980030e-01 0.000000e+00
    outer loop
      vertex   -9.390352e+01 -3.989688e+00 -3.750000e+01
      vertex   -9.390352e+01 -3.989688e+00 -5.000000e+01
      vertex   -9.397228e+01 -3.994040e+00 -3.000000e+00
    endloop
  endfacet
  facet normal -5.340441e-01 8.454566e-01 2.569975e-04
    outer loop
      vertex   -9.181444e+01 -3.217770e+00 -1.000000e+02
      vertex   -9.230561e+01 -3.528025e+00 -1.000000e+02
      vertex   -9.226320e+01 -3.505040e+00 -8.750000e+01
    endloop
  endfacet
  facet normal -4.177161e-01 9.085776e-01 -2.536815e-04
    outer loop
      vertex   -9.226320e+01 -3.505040e+00 -8.750000e+01
      vertex   -9.230561e+01 -3.528025e+00 -1.000000e+02
      vertex   -9.278480e+01 -3.744842e+00 -8.750000e+01
    endloop
  endfacet
  facet normal -4.177161e-01 9.085776e-01 0.000000e+00
    outer loop
      vertex   -9.226320e+01 -3.505040e+00 -8.750000e+01
      vertex   -9.278480e+01 -3.744842e+00 -8.750000e+01
      vertex   -9.278480e+01 -3.744842e+00 -7.500000e+01
    endloop
  endfacet
  facet normal -2.833512e-01 9.590162e-01 0.000000e+00
    outer loop
      vertex   -9.278480e+01 -3.744842e+00 -7.500000e+01
      vertex   -9.278480e+01 -3.744842e+00 -8.750000e+01
      vertex   -9.333535e+01 -3.907508e+00 -7.500000e+01
    endloop
  endfacet
  facet normal -2.833512e-01 9.590162e-01 3.287660e-17
    outer loop
      vertex   -9.278480e+01 -3.744842e+00 -7.500000e+01
      vertex   -9.333535e+01 -3.907508e+00 -7.500000e+01
      vertex   -9.333535e+01 -3.907508e+00 -6.250000e+01
    endloop
  endfacet
  facet normal -1.431499e-01 9.897010e-01 3.516124e-17
    outer loop
      vertex   -9.333535e+01 -3.907508e+00 -6.250000e+01
      vertex   -9.333535e+01 -3.907508e+00 -7.500000e+01
      vertex   -9.390352e+01 -3.989688e+00 -6.250000e+01
    endloop
  endfacet
  facet normal -1.431499e-01 9.897010e-01 0.000000e+00
    outer loop
      vertex   -9.333535e+01 -3.907508e+00 -6.250000e+01
      vertex   -9.390352e+01 -3.989688e+00 -6.250000e+01
      vertex   -9.390352e+01 -3.989688e+00 -5.000000e+01
    endloop
  endfacet
  facet normal -6.316671e-02 9.980030e-01 0.000000e+00
    outer loop
      vertex   -9.390352e+01 -3.989688e+00 -5.000000e+01
      vertex   -9.390352e+01 -3.989688e+00 -6.250000e+01
      vertex   -9.397228e+01 -3.994040e+00 -1.000000e+02
    endloop
  endfacet
  facet normal -6.316671e-02 9.980030e-01 0.000000e+00
    outer loop
      vertex   -9.390352e+01 -3.989688e+00 -5.000000e+01
      vertex   -9.397228e+01 -3.994040e+00 -1.000000e+02
      vertex   -9.397228e+01 -3.994040e+00 -3.000000e+00
    endloop
  endfacet
  facet normal -4.059433e-01 9.138982e-01 2.899212e-04
    outer loop
      vertex   -9.230561e+01 -3.528025e+00 -1.000000e+02
      vertex   -9.283654e+01 -3.763858e+00 -1.000000e+02
      vertex   -9.278480e+01 -3.744842e+00 -8.750000e+01
    endloop
  endfacet
  facet normal -2.833512e-01 9.590162e-01 -2.861312e-04
    outer loop
      vertex   -9.278480e+01 -3.744842e+00 -8.750000e+01
      vertex   -9.283654e+01 -3.763858e+00 -1.000000e+02
      vertex   -9.333535e+01 -3.907508e+00 -8.750000e+01
    endloop
  endfacet
  facet normal -2.833512e-01 9.590162e-01 -2.552772e-16
    outer loop
      vertex   -9.278480e+01 -3.744842e+00 -8.750000e+01
      vertex   -9.333535e+01 -3.907508e+00 -8.750000e+01
      vertex   -9.333535e+01 -3.907508e+00 -7.500000e+01
    endloop
  endfacet
  facet normal -1.431499e-01 9.897010e-01 -9.242013e-17
    outer loop
      vertex   -9.333535e+01 -3.907508e+00 -7.500000e+01
      vertex   -9.333535e+01 -3.907508e+00 -8.750000e+01
      vertex   -9.390352e+01 -3.989688e+00 -7.500000e+01
    endloop
  endfacet
  facet normal -1.431499e-01 9.897010e-01 0.000000e+00
    outer loop
      vertex   -9.333535e+01 -3.907508e+00 -7.500000e+01
      vertex   -9.390352e+01 -3.989688e+00 -7.500000e+01
      vertex   -9.390352e+01 -3.989688e+00 -6.250000e+01
    endloop
  endfacet
  facet normal -6.316671e-02 9.980030e-01 0.000000e+00
    outer loop
      vertex   -9.390352e+01 -3.989688e+00 -6.250000e+01
      vertex   -9.390352e+01 -3.989688e+00 -7.500000e+01
      vertex   -9.397228e+01 -3.994040e+00 -1.000000e+02
    endloop
  endfacet
  facet normal -2.692795e-01 9.630620e-01 3.218969e-04
    outer loop
      vertex   -9.283654e+01 -3.763858e+00 -1.000000e+02
      vertex   -9.339603e+01 -3.920297e+00 -1.000000e+02
      vertex   -9.333535e+01 -3.907508e+00 -8.750000e+01
    endloop
  endfacet
  facet normal -1.431499e-01 9.897010e-01 -3.176329e-04
    outer loop
      vertex   -9.333535e+01 -3.907508e+00 -8.750000e+01
      vertex   -9.339603e+01 -3.920297e+00 -1.000000e+02
      vertex   -9.390352e+01 -3.989688e+00 -8.750000e+01
    endloop
  endfacet
  facet normal -1.431499e-01 9.897010e-01 0.000000e+00
    outer loop
      vertex   -9.333535e+01 -3.907508e+00 -8.750000e+01
      vertex   -9.390352e+01 -3.989688e+00 -8.750000e+01
      vertex   -9.390352e+01 -3.989688e+00 -7.500000e+01
    endloop
  endfacet
  facet normal -6.316671e-02 9.980030e-01 0.000000e+00
    outer loop
      vertex   -9.390352e+01 -3.989688e+00 -7.500000e+01
      vertex   -9.390352e+01 -3.989688e+00 -8.750000e+01
      vertex   -9.397228e+01 -3.994040e+00 -1.000000e+02
    endloop
  endfacet
  facet normal -1.269355e-01 9.919109e-01 3.529247e-04
    outer loop
      vertex   -9.339603e+01 -3.920297e+00 -1.000000e+02
      vertex   -9.397228e+01 -3.994040e+00 -1.000000e+02
      vertex   -9.390352e+01 -3.989688e+00 -8.750000e+01
    endloop
  endfacet
  facet normal 9.616046e-01 2.744386e-01 -0.000000e+00
    outer loop
      vertex   -9.810584e+01 -8.189055e-01 -2.500000e+01
      vertex   -9.810584e+01 -8.189055e-01 -1.250000e+01
      vertex   -9.794829e+01 -1.370943e+00 -2.500000e+01
    endloop
  endfacet
  facet normal 9.616046e-01 2.744386e-01 -0.000000e+00
    outer loop
      vertex   -9.794829e+01 -1.370943e+00 -2.500000e+01
      vertex   -9.810584e+01 -8.189055e-01 -1.250000e+01
      vertex   -9.794829e+01 -1.370943e+00 -1.250000e+01
    endloop
  endfacet
  facet normal 9.124152e-01 4.092658e-01 -0.000000e+00
    outer loop
      vertex   -9.794829e+01 -1.370943e+00 -2.500000e+01
      vertex   -9.794829e+01 -1.370943e+00 -1.250000e+01
      vertex   -9.771333e+01 -1.894742e+00 -2.500000e+01
    endloop
  endfacet
  facet normal 9.124152e-01 4.092658e-01 -0.000000e+00
    outer loop
      vertex   -9.771333e+01 -1.894742e+00 -2.500000e+01
      vertex   -9.794829e+01 -1.370943e+00 -1.250000e+01
      vertex   -9.771333e+01 -1.894742e+00 -1.250000e+01
    endloop
  endfacet
  facet normal 8.444319e-01 5.356629e-01 -0.000000e+00
    outer loop
      vertex   -9.771333e+01 -1.894742e+00 -2.500000e+01
      vertex   -9.771333e+01 -1.894742e+00 -1.250000e+01
      vertex   -9.740582e+01 -2.379513e+00 -2.500000e+01
    endloop
  endfacet
  facet normal 8.444319e-01 5.356629e-01 -0.000000e+00
    outer loop
      vertex   -9.740582e+01 -2.379513e+00 -2.500000e+01
      vertex   -9.771333e+01 -1.894742e+00 -1.250000e+01
      vertex   -9.740582e+01 -2.379513e+00 -1.250000e+01
    endloop
  endfacet
  facet normal 7.590550e-01 6.510265e-01 -0.000000e+00
    outer loop
      vertex   -9.740582e+01 -2.379513e+00 -2.500000e+01
      vertex   -9.740582e+01 -2.379513e+00 -1.250000e+01
      vertex   -9.703208e+01 -2.815271e+00 -2.500000e+01
    endloop
  endfacet
  facet normal 9.909869e-01 1.339585e-01 0.000000e+00
    outer loop
      vertex   -9.810584e+01 -8.189055e-01 -3.750000e+01
      vertex   -9.810584e+01 -8.189055e-01 -5.000000e+01
      vertex   -9.818274e+01 -2.500000e-01 0.000000e+00
    endloop
  endfacet
  facet normal 9.909869e-01 1.339585e-01 0.000000e+00
    outer loop
      vertex   -9.818274e+01 -2.500000e-01 0.000000e+00
      vertex   -9.810584e+01 -8.189055e-01 -5.000000e+01
      vertex   -9.810584e+01 -8.189055e-01 -6.250000e+01
    endloop
  endfacet
  facet normal 9.909869e-01 1.339585e-01 0.000000e+00
    outer loop
      vertex   -9.818274e+01 -2.500000e-01 0.000000e+00
      vertex   -9.810584e+01 -8.189055e-01 -6.250000e+01
      vertex   -9.810584e+01 -8.189055e-01 -7.500000e+01
    endloop
  endfacet
  facet normal 9.616046e-01 2.744386e-01 -0.000000e+00
    outer loop
      vertex   -9.810584e+01 -8.189055e-01 -7.500000e+01
      vertex   -9.810584e+01 -8.189055e-01 -6.250000e+01
      vertex   -9.794829e+01 -1.370943e+00 -7.500000e+01
    endloop
  endfacet
  facet normal 9.616046e-01 2.744386e-01 0.000000e+00
    outer loop
      vertex   -9.810584e+01 -8.189055e-01 -7.500000e+01
      vertex   -9.794829e+01 -1.370943e+00 -7.500000e+01
      vertex   -9.794829e+01 -1.370943e+00 -8.750000e+01
    endloop
  endfacet
  facet normal 9.124152e-01 4.092658e-01 -0.000000e+00
    outer loop
      vertex   -9.794829e+01 -1.370943e+00 -8.750000e+01
      vertex   -9.794829e+01 -1.370943e+00 -7.500000e+01
      vertex   -9.771333e+01 -1.894742e+00 -8.750000e+01
    endloop
  endfacet
  facet normal 9.616046e-01 2.744386e-01 0.000000e+00
    outer loop
      vertex   -9.810584e+01 -8.189055e-01 -3.750000e+01
      vertex   -9.794829e+01 -1.370943e+00 -5.000000e+01
      vertex   -9.810584e+01 -8.189055e-01 -5.000000e+01
    endloop
  endfacet
  facet normal 9.616046e-01 2.744386e-01 0.000000e+00
    outer loop
      vertex   -9.810584e+01 -8.189055e-01 -5.000000e+01
      vertex   -9.794829e+01 -1.370943e+00 -5.000000e+01
      vertex   -9.794829e+01 -1.370943e+00 -6.250000e+01
    endloop
  endfacet
  facet normal 9.616046e-01 2.744386e-01 0.000000e+00
    outer loop
      vertex   -9.810584e+01 -8.189055e-01 -5.000000e+01
      vertex   -9.794829e+01 -1.370943e+00 -6.250000e+01
      vertex   -9.810584e+01 -8.189055e-01 -6.250000e+01
    endloop
  endfacet
  facet normal 9.616046e-01 2.744386e-01 0.000000e+00
    outer loop
      vertex   -9.810584e+01 -8.189055e-01 -6.250000e+01
      vertex   -9.794829e+01 -1.370943e+00 -6.250000e+01
      vertex   -9.794829e+01 -1.370943e+00 -7.500000e+01
    endloop
  endfacet
  facet normal 9.909869e-01 1.339585e-01 -0.000000e+00
    outer loop
      vertex   -9.810584e+01 -8.189055e-01 -8.750000e+01
      vertex   -9.818274e+01 -2.500000e-01 0.000000e+00
      vertex   -9.810584e+01 -8.189055e-01 -7.500000e+01
    endloop
  endfacet
  facet normal 9.616046e-01 2.744386e-01 0.000000e+00
    outer loop
      vertex   -9.794829e+01 -1.370943e+00 -8.750000e+01
      vertex   -9.810584e+01 -8.189055e-01 -8.750000e+01
      vertex   -9.810584e+01 -8.189055e-01 -7.500000e+01
    endloop
  endfacet
  facet normal 9.616046e-01 2.744386e-01 0.000000e+00
    outer loop
      vertex   -9.810584e+01 -8.189055e-01 -2.500000e+01
      vertex   -9.794829e+01 -1.370943e+00 -2.500000e+01
      vertex   -9.794829e+01 -1.370943e+00 -3.750000e+01
    endloop
  endfacet
  facet normal 9.124152e-01 4.092658e-01 -0.000000e+00
    outer loop
      vertex   -9.794829e+01 -1.370943e+00 -3.750000e+01
      vertex   -9.794829e+01 -1.370943e+00 -2.500000e+01
      vertex   -9.771333e+01 -1.894742e+00 -3.750000e+01
    endloop
  endfacet
  facet normal 9.124152e-01 4.092658e-01 0.000000e+00
    outer loop
      vertex   -9.794829e+01 -1.370943e+00 -3.750000e+01
      vertex   -9.771333e+01 -1.894742e+00 -3.750000e+01
      vertex   -9.771333e+01 -1.894742e+00 -5.000000e+01
    endloop
  endfacet
  facet normal 8.444319e-01 5.356629e-01 -0.000000e+00
    outer loop
      vertex   -9.771333e+01 -1.894742e+00 -5.000000e+01
      vertex   -9.771333e+01 -1.894742e+00 -3.750000e+01
      vertex   -9.740582e+01 -2.379513e+00 -5.000000e+01
    endloop
  endfacet
  facet normal 8.444319e-01 5.356629e-01 0.000000e+00
    outer loop
      vertex   -9.771333e+01 -1.894742e+00 -5.000000e+01
      vertex   -9.740582e+01 -2.379513e+00 -5.000000e+01
      vertex   -9.740582e+01 -2.379513e+00 -6.250000e+01
    endloop
  endfacet
  facet normal 7.590550e-01 6.510265e-01 -0.000000e+00
    outer loop
      vertex   -9.740582e+01 -2.379513e+00 -6.250000e+01
      vertex   -9.740582e+01 -2.379513e+00 -5.000000e+01
      vertex   -9.703208e+01 -2.815271e+00 -6.250000e+01
    endloop
  endfacet
  facet normal 7.590550e-01 6.510265e-01 9.282806e-17
    outer loop
      vertex   -9.740582e+01 -2.379513e+00 -6.250000e+01
      vertex   -9.703208e+01 -2.815271e+00 -6.250000e+01
      vertex   -9.703208e+01 -2.815271e+00 -7.500000e+01
    endloop
  endfacet
  facet normal 6.580431e-01 7.529803e-01 1.070049e-16
    outer loop
      vertex   -9.703208e+01 -2.815271e+00 -7.500000e+01
      vertex   -9.703208e+01 -2.815271e+00 -6.250000e+01
      vertex   -9.659981e+01 -3.193041e+00 -7.500000e+01
    endloop
  endfacet
  facet normal 6.580431e-01 7.529803e-01 0.000000e+00
    outer loop
      vertex   -9.703208e+01 -2.815271e+00 -7.500000e+01
      vertex   -9.659981e+01 -3.193041e+00 -7.500000e+01
      vertex   -9.659981e+01 -3.193041e+00 -8.750000e+01
    endloop
  endfacet
  facet normal 5.434769e-01 8.394241e-01 -0.000000e+00
    outer loop
      vertex   -9.659981e+01 -3.193041e+00 -8.750000e+01
      vertex   -9.659981e+01 -3.193041e+00 -7.500000e+01
      vertex   -9.611791e+01 -3.505040e+00 -8.750000e+01
    endloop
  endfacet
  facet normal 9.124152e-01 4.092658e-01 -0.000000e+00
    outer loop
      vertex   -9.771333e+01 -1.894742e+00 -3.750000e+01
      vertex   -9.794829e+01 -1.370943e+00 -2.500000e+01
      vertex   -9.771333e+01 -1.894742e+00 -2.500000e+01
    endloop
  endfacet
  facet normal 9.124152e-01 4.092658e-01 0.000000e+00
    outer loop
      vertex   -9.794829e+01 -1.370943e+00 -5.000000e+01
      vertex   -9.771333e+01 -1.894742e+00 -6.250000e+01
      vertex   -9.794829e+01 -1.370943e+00 -6.250000e+01
    endloop
  endfacet
  facet normal 9.124152e-01 4.092658e-01 0.000000e+00
    outer loop
      vertex   -9.794829e+01 -1.370943e+00 -6.250000e+01
      vertex   -9.771333e+01 -1.894742e+00 -6.250000e+01
      vertex   -9.771333e+01 -1.894742e+00 -7.500000e+01
    endloop
  endfacet
  facet normal 9.124152e-01 4.092658e-01 0.000000e+00
    outer loop
      vertex   -9.794829e+01 -1.370943e+00 -6.250000e+01
      vertex   -9.771333e+01 -1.894742e+00 -7.500000e+01
      vertex   -9.794829e+01 -1.370943e+00 -7.500000e+01
    endloop
  endfacet
  facet normal 9.124152e-01 4.092658e-01 0.000000e+00
    outer loop
      vertex   -9.794829e+01 -1.370943e+00 -7.500000e+01
      vertex   -9.771333e+01 -1.894742e+00 -7.500000e+01
      vertex   -9.771333e+01 -1.894742e+00 -8.750000e+01
    endloop
  endfacet
  facet normal 8.444319e-01 5.356629e-01 -0.000000e+00
    outer loop
      vertex   -9.771333e+01 -1.894742e+00 -3.750000e+01
      vertex   -9.771333e+01 -1.894742e+00 -2.500000e+01
      vertex   -9.740582e+01 -2.379513e+00 -3.750000e+01
    endloop
  endfacet
  facet normal 8.444319e-01 5.356629e-01 -0.000000e+00
    outer loop
      vertex   -9.740582e+01 -2.379513e+00 -3.750000e+01
      vertex   -9.771333e+01 -1.894742e+00 -2.500000e+01
      vertex   -9.740582e+01 -2.379513e+00 -2.500000e+01
    endloop
  endfacet
  facet normal 7.590550e-01 6.510265e-01 -0.000000e+00
    outer loop
      vertex   -9.740582e+01 -2.379513e+00 -3.750000e+01
      vertex   -9.740582e+01 -2.379513e+00 -2.500000e+01
      vertex   -9.703208e+01 -2.815271e+00 -3.750000e+01
    endloop
  endfacet
  facet normal 7.590550e-01 6.510265e-01 -0.000000e+00
    outer loop
      vertex   -9.703208e+01 -2.815271e+00 -3.750000e+01
      vertex   -9.740582e+01 -2.379513e+00 -2.500000e+01
      vertex   -9.703208e+01 -2.815271e+00 -2.500000e+01
    endloop
  endfacet
  facet normal 6.580431e-01 7.529803e-01 -0.000000e+00
    outer loop
      vertex   -9.703208e+01 -2.815271e+00 -3.750000e+01
      vertex   -9.703208e+01 -2.815271e+00 -2.500000e+01
      vertex   -9.659981e+01 -3.193041e+00 -3.750000e+01
    endloop
  endfacet
  facet normal 8.444319e-01 5.356629e-01 0.000000e+00
    outer loop
      vertex   -9.740582e+01 -2.379513e+00 -8.750000e+01
      vertex   -9.771333e+01 -1.894742e+00 -8.750000e+01
      vertex   -9.771333e+01 -1.894742e+00 -7.500000e+01
    endloop
  endfacet
  facet normal 8.444319e-01 5.356629e-01 -5.709171e-17
    outer loop
      vertex   -9.740582e+01 -2.379513e+00 -8.750000e+01
      vertex   -9.771333e+01 -1.894742e+00 -7.500000e+01
      vertex   -9.740582e+01 -2.379513e+00 -7.500000e+01
    endloop
  endfacet
  facet normal 8.444319e-01 5.356629e-01 0.000000e+00
    outer loop
      vertex   -9.740582e+01 -2.379513e+00 -7.500000e+01
      vertex   -9.771333e+01 -1.894742e+00 -7.500000e+01
      vertex   -9.771333e+01 -1.894742e+00 -6.250000e+01
    endloop
  endfacet
  facet normal 8.444319e-01 5.356629e-01 0.000000e+00
    outer loop
      vertex   -9.771333e+01 -1.894742e+00 -3.750000e+01
      vertex   -9.740582e+01 -2.379513e+00 -3.750000e+01
      vertex   -9.740582e+01 -2.379513e+00 -5.000000e+01
    endloop
  endfacet
  facet normal 7.590550e-01 6.510265e-01 -0.000000e+00
    outer loop
      vertex   -9.740582e+01 -2.379513e+00 -5.000000e+01
      vertex   -9.740582e+01 -2.379513e+00 -3.750000e+01
      vertex   -9.703208e+01 -2.815271e+00 -5.000000e+01
    endloop
  endfacet
  facet normal 7.590550e-01 6.510265e-01 0.000000e+00
    outer loop
      vertex   -9.740582e+01 -2.379513e+00 -5.000000e+01
      vertex   -9.703208e+01 -2.815271e+00 -5.000000e+01
      vertex   -9.703208e+01 -2.815271e+00 -6.250000e+01
    endloop
  endfacet
  facet normal 6.580431e-01 7.529803e-01 -0.000000e+00
    outer loop
      vertex   -9.703208e+01 -2.815271e+00 -6.250000e+01
      vertex   -9.703208e+01 -2.815271e+00 -5.000000e+01
      vertex   -9.659981e+01 -3.193041e+00 -6.250000e+01
    endloop
  endfacet
  facet normal 6.580431e-01 7.529803e-01 0.000000e+00
    outer loop
      vertex   -9.703208e+01 -2.815271e+00 -6.250000e+01
      vertex   -9.659981e+01 -3.193041e+00 -6.250000e+01
      vertex   -9.659981e+01 -3.193041e+00 -7.500000e+01
    endloop
  endfacet
  facet normal 5.434769e-01 8.394241e-01 -0.000000e+00
    outer loop
      vertex   -9.659981e+01 -3.193041e+00 -7.500000e+01
      vertex   -9.659981e+01 -3.193041e+00 -6.250000e+01
      vertex   -9.611791e+01 -3.505040e+00 -7.500000e+01
    endloop
  endfacet
  facet normal 5.434769e-01 8.394241e-01 0.000000e+00
    outer loop
      vertex   -9.659981e+01 -3.193041e+00 -7.500000e+01
      vertex   -9.611791e+01 -3.505040e+00 -7.500000e+01
      vertex   -9.611791e+01 -3.505040e+00 -8.750000e+01
    endloop
  endfacet
  facet normal 4.177161e-01 9.085776e-01 -0.000000e+00
    outer loop
      vertex   -9.611791e+01 -3.505040e+00 -8.750000e+01
      vertex   -9.611791e+01 -3.505040e+00 -7.500000e+01
      vertex   -9.559632e+01 -3.744842e+00 -8.750000e+01
    endloop
  endfacet
  facet normal 7.590550e-01 6.510265e-01 -0.000000e+00
    outer loop
      vertex   -9.703208e+01 -2.815271e+00 -5.000000e+01
      vertex   -9.740582e+01 -2.379513e+00 -3.750000e+01
      vertex   -9.703208e+01 -2.815271e+00 -3.750000e+01
    endloop
  endfacet
  facet normal 7.590550e-01 6.510265e-01 -6.962105e-17
    outer loop
      vertex   -9.703208e+01 -2.815271e+00 -8.750000e+01
      vertex   -9.740582e+01 -2.379513e+00 -8.750000e+01
      vertex   -9.740582e+01 -2.379513e+00 -7.500000e+01
    endloop
  endfacet
  facet normal 6.580431e-01 7.529803e-01 -0.000000e+00
    outer loop
      vertex   -9.703208e+01 -2.815271e+00 -5.000000e+01
      vertex   -9.703208e+01 -2.815271e+00 -3.750000e+01
      vertex   -9.659981e+01 -3.193041e+00 -5.000000e+01
    endloop
  endfacet
  facet normal 6.580431e-01 7.529803e-01 -0.000000e+00
    outer loop
      vertex   -9.659981e+01 -3.193041e+00 -5.000000e+01
      vertex   -9.703208e+01 -2.815271e+00 -3.750000e+01
      vertex   -9.659981e+01 -3.193041e+00 -3.750000e+01
    endloop
  endfacet
  facet normal 5.434769e-01 8.394241e-01 -0.000000e+00
    outer loop
      vertex   -9.659981e+01 -3.193041e+00 -5.000000e+01
      vertex   -9.659981e+01 -3.193041e+00 -3.750000e+01
      vertex   -9.611791e+01 -3.505040e+00 -5.000000e+01
    endloop
  endfacet
  facet normal 6.580431e-01 7.529803e-01 0.000000e+00
    outer loop
      vertex   -9.703208e+01 -2.815271e+00 -5.000000e+01
      vertex   -9.659981e+01 -3.193041e+00 -5.000000e+01
      vertex   -9.659981e+01 -3.193041e+00 -6.250000e+01
    endloop
  endfacet
  facet normal 5.434769e-01 8.394241e-01 -0.000000e+00
    outer loop
      vertex   -9.659981e+01 -3.193041e+00 -6.250000e+01
      vertex   -9.659981e+01 -3.193041e+00 -5.000000e+01
      vertex   -9.611791e+01 -3.505040e+00 -6.250000e+01
    endloop
  endfacet
  facet normal 5.434769e-01 8.394241e-01 -5.801754e-17
    outer loop
      vertex   -9.659981e+01 -3.193041e+00 -6.250000e+01
      vertex   -9.611791e+01 -3.505040e+00 -6.250000e+01
      vertex   -9.611791e+01 -3.505040e+00 -7.500000e+01
    endloop
  endfacet
  facet normal 4.177161e-01 9.085776e-01 -6.455832e-17
    outer loop
      vertex   -9.611791e+01 -3.505040e+00 -7.500000e+01
      vertex   -9.611791e+01 -3.505040e+00 -6.250000e+01
      vertex   -9.559632e+01 -3.744842e+00 -7.500000e+01
    endloop
  endfacet
  facet normal 4.177161e-01 9.085776e-01 0.000000e+00
    outer loop
      vertex   -9.611791e+01 -3.505040e+00 -7.500000e+01
      vertex   -9.559632e+01 -3.744842e+00 -7.500000e+01
      vertex   -9.559632e+01 -3.744842e+00 -8.750000e+01
    endloop
  endfacet
  facet normal 2.833512e-01 9.590162e-01 -0.000000e+00
    outer loop
      vertex   -9.559632e+01 -3.744842e+00 -8.750000e+01
      vertex   -9.559632e+01 -3.744842e+00 -7.500000e+01
      vertex   -9.504577e+01 -3.907508e+00 -8.750000e+01
    endloop
  endfacet
  facet normal 5.434769e-01 8.394241e-01 -0.000000e+00
    outer loop
      vertex   -9.611791e+01 -3.505040e+00 -6.250000e+01
      vertex   -9.659981e+01 -3.193041e+00 -5.000000e+01
      vertex   -9.611791e+01 -3.505040e+00 -5.000000e+01
    endloop
  endfacet
  facet normal 4.177161e-01 9.085776e-01 -0.000000e+00
    outer loop
      vertex   -9.559632e+01 -3.744842e+00 -7.500000e+01
      vertex   -9.611791e+01 -3.505040e+00 -6.250000e+01
      vertex   -9.559632e+01 -3.744842e+00 -6.250000e+01
    endloop
  endfacet
  facet normal 4.177161e-01 9.085776e-01 0.000000e+00
    outer loop
      vertex   -9.559632e+01 -3.744842e+00 -6.250000e+01
      vertex   -9.611791e+01 -3.505040e+00 -6.250000e+01
      vertex   -9.611791e+01 -3.505040e+00 -5.000000e+01
    endloop
  endfacet
  facet normal 2.833512e-01 9.590162e-01 -3.407110e-17
    outer loop
      vertex   -9.504577e+01 -3.907508e+00 -8.750000e+01
      vertex   -9.559632e+01 -3.744842e+00 -7.500000e+01
      vertex   -9.504577e+01 -3.907508e+00 -7.500000e+01
    endloop
  endfacet
  facet normal 2.833512e-01 9.590162e-01 0.000000e+00
    outer loop
      vertex   -9.504577e+01 -3.907508e+00 -7.500000e+01
      vertex   -9.559632e+01 -3.744842e+00 -7.500000e+01
      vertex   -9.559632e+01 -3.744842e+00 -6.250000e+01
    endloop
  endfacet
  facet normal -1.431499e-01 9.897010e-01 7.032249e-17
    outer loop
      vertex   -9.333535e+01 -3.907508e+00 -2.500000e+01
      vertex   -9.390352e+01 -3.989688e+00 -1.250000e+01
      vertex   -9.333535e+01 -3.907508e+00 -1.250000e+01
    endloop
  endfacet
  facet normal -2.833512e-01 9.590162e-01 6.814220e-17
    outer loop
      vertex   -9.333535e+01 -3.907508e+00 -2.500000e+01
      vertex   -9.333535e+01 -3.907508e+00 -1.250000e+01
      vertex   -9.278480e+01 -3.744842e+00 -2.500000e+01
    endloop
  endfacet
  facet normal -2.833512e-01 9.590162e-01 0.000000e+00
    outer loop
      vertex   -9.278480e+01 -3.744842e+00 -2.500000e+01
      vertex   -9.333535e+01 -3.907508e+00 -1.250000e+01
      vertex   -9.278480e+01 -3.744842e+00 -1.250000e+01
    endloop
  endfacet
  facet normal -4.177161e-01 9.085776e-01 0.000000e+00
    outer loop
      vertex   -9.278480e+01 -3.744842e+00 -2.500000e+01
      vertex   -9.278480e+01 -3.744842e+00 -1.250000e+01
      vertex   -9.226320e+01 -3.505040e+00 -2.500000e+01
    endloop
  endfacet
  facet normal -4.177161e-01 9.085776e-01 -3.227916e-17
    outer loop
      vertex   -9.226320e+01 -3.505040e+00 -2.500000e+01
      vertex   -9.278480e+01 -3.744842e+00 -1.250000e+01
      vertex   -9.226320e+01 -3.505040e+00 -1.250000e+01
    endloop
  endfacet
  facet normal -5.434769e-01 8.394241e-01 -2.982234e-17
    outer loop
      vertex   -9.226320e+01 -3.505040e+00 -2.500000e+01
      vertex   -9.226320e+01 -3.505040e+00 -1.250000e+01
      vertex   -9.178131e+01 -3.193041e+00 -2.500000e+01
    endloop
  endfacet
  facet normal -5.434769e-01 8.394241e-01 -2.982234e-17
    outer loop
      vertex   -9.178131e+01 -3.193041e+00 -2.500000e+01
      vertex   -9.226320e+01 -3.505040e+00 -1.250000e+01
      vertex   -9.178131e+01 -3.193041e+00 -1.250000e+01
    endloop
  endfacet
  facet normal -6.580431e-01 7.529803e-01 -2.675123e-17
    outer loop
      vertex   -9.178131e+01 -3.193041e+00 -2.500000e+01
      vertex   -9.178131e+01 -3.193041e+00 -1.250000e+01
      vertex   -9.134904e+01 -2.815271e+00 -2.500000e+01
    endloop
  endfacet
  facet normal -2.833512e-01 9.590162e-01 0.000000e+00
    outer loop
      vertex   -9.333535e+01 -3.907508e+00 -2.500000e+01
      vertex   -9.278480e+01 -3.744842e+00 -2.500000e+01
      vertex   -9.278480e+01 -3.744842e+00 -3.750000e+01
    endloop
  endfacet
  facet normal -4.177161e-01 9.085776e-01 0.000000e+00
    outer loop
      vertex   -9.278480e+01 -3.744842e+00 -3.750000e+01
      vertex   -9.278480e+01 -3.744842e+00 -2.500000e+01
      vertex   -9.226320e+01 -3.505040e+00 -3.750000e+01
    endloop
  endfacet
  facet normal -4.177161e-01 9.085776e-01 -6.188537e-17
    outer loop
      vertex   -9.278480e+01 -3.744842e+00 -3.750000e+01
      vertex   -9.226320e+01 -3.505040e+00 -3.750000e+01
      vertex   -9.226320e+01 -3.505040e+00 -5.000000e+01
    endloop
  endfacet
  facet normal -5.434769e-01 8.394241e-01 -5.964467e-17
    outer loop
      vertex   -9.226320e+01 -3.505040e+00 -5.000000e+01
      vertex   -9.226320e+01 -3.505040e+00 -3.750000e+01
      vertex   -9.178131e+01 -3.193041e+00 -5.000000e+01
    endloop
  endfacet
  facet normal -5.434769e-01 8.394241e-01 0.000000e+00
    outer loop
      vertex   -9.226320e+01 -3.505040e+00 -5.000000e+01
      vertex   -9.178131e+01 -3.193041e+00 -5.000000e+01
      vertex   -9.178131e+01 -3.193041e+00 -6.250000e+01
    endloop
  endfacet
  facet normal -6.580431e-01 7.529803e-01 0.000000e+00
    outer loop
      vertex   -9.178131e+01 -3.193041e+00 -6.250000e+01
      vertex   -9.178131e+01 -3.193041e+00 -5.000000e+01
      vertex   -9.134904e+01 -2.815271e+00 -6.250000e+01
    endloop
  endfacet
  facet normal -6.580431e-01 7.529803e-01 5.414970e-17
    outer loop
      vertex   -9.178131e+01 -3.193041e+00 -6.250000e+01
      vertex   -9.134904e+01 -2.815271e+00 -6.250000e+01
      vertex   -9.134904e+01 -2.815271e+00 -7.500000e+01
    endloop
  endfacet
  facet normal -7.590550e-01 6.510265e-01 4.625822e-17
    outer loop
      vertex   -9.134904e+01 -2.815271e+00 -7.500000e+01
      vertex   -9.134904e+01 -2.815271e+00 -6.250000e+01
      vertex   -9.097530e+01 -2.379513e+00 -7.500000e+01
    endloop
  endfacet
  facet normal -7.590550e-01 6.510265e-01 -4.641403e-17
    outer loop
      vertex   -9.134904e+01 -2.815271e+00 -7.500000e+01
      vertex   -9.097530e+01 -2.379513e+00 -7.500000e+01
      vertex   -9.097530e+01 -2.379513e+00 -8.750000e+01
    endloop
  endfacet
  facet normal -8.444319e-01 5.356629e-01 -3.806114e-17
    outer loop
      vertex   -9.097530e+01 -2.379513e+00 -8.750000e+01
      vertex   -9.097530e+01 -2.379513e+00 -7.500000e+01
      vertex   -9.066778e+01 -1.894742e+00 -8.750000e+01
    endloop
  endfacet
  facet normal -4.177161e-01 9.085776e-01 0.000000e+00
    outer loop
      vertex   -9.226320e+01 -3.505040e+00 -3.750000e+01
      vertex   -9.278480e+01 -3.744842e+00 -2.500000e+01
      vertex   -9.226320e+01 -3.505040e+00 -2.500000e+01
    endloop
  endfacet
  facet normal -5.434769e-01 8.394241e-01 0.000000e+00
    outer loop
      vertex   -9.226320e+01 -3.505040e+00 -3.750000e+01
      vertex   -9.226320e+01 -3.505040e+00 -2.500000e+01
      vertex   -9.178131e+01 -3.193041e+00 -3.750000e+01
    endloop
  endfacet
  facet normal -5.434769e-01 8.394241e-01 0.000000e+00
    outer loop
      vertex   -9.178131e+01 -3.193041e+00 -3.750000e+01
      vertex   -9.226320e+01 -3.505040e+00 -2.500000e+01
      vertex   -9.178131e+01 -3.193041e+00 -2.500000e+01
    endloop
  endfacet
  facet normal -6.580431e-01 7.529803e-01 0.000000e+00
    outer loop
      vertex   -9.178131e+01 -3.193041e+00 -3.750000e+01
      vertex   -9.178131e+01 -3.193041e+00 -2.500000e+01
      vertex   -9.134904e+01 -2.815271e+00 -3.750000e+01
    endloop
  endfacet
  facet normal -6.580431e-01 7.529803e-01 0.000000e+00
    outer loop
      vertex   -9.134904e+01 -2.815271e+00 -3.750000e+01
      vertex   -9.178131e+01 -3.193041e+00 -2.500000e+01
      vertex   -9.134904e+01 -2.815271e+00 -2.500000e+01
    endloop
  endfacet
  facet normal -7.590550e-01 6.510265e-01 0.000000e+00
    outer loop
      vertex   -9.134904e+01 -2.815271e+00 -3.750000e+01
      vertex   -9.134904e+01 -2.815271e+00 -2.500000e+01
      vertex   -9.097530e+01 -2.379513e+00 -3.750000e+01
    endloop
  endfacet
  facet normal -5.434769e-01 8.394241e-01 0.000000e+00
    outer loop
      vertex   -9.226320e+01 -3.505040e+00 -3.750000e+01
      vertex   -9.178131e+01 -3.193041e+00 -3.750000e+01
      vertex   -9.178131e+01 -3.193041e+00 -5.000000e+01
    endloop
  endfacet
  facet normal -6.580431e-01 7.529803e-01 0.000000e+00
    outer loop
      vertex   -9.178131e+01 -3.193041e+00 -5.000000e+01
      vertex   -9.178131e+01 -3.193041e+00 -3.750000e+01
      vertex   -9.134904e+01 -2.815271e+00 -5.000000e+01
    endloop
  endfacet
  facet normal -6.580431e-01 7.529803e-01 0.000000e+00
    outer loop
      vertex   -9.178131e+01 -3.193041e+00 -5.000000e+01
      vertex   -9.134904e+01 -2.815271e+00 -5.000000e+01
      vertex   -9.134904e+01 -2.815271e+00 -6.250000e+01
    endloop
  endfacet
  facet normal -7.590550e-01 6.510265e-01 0.000000e+00
    outer loop
      vertex   -9.134904e+01 -2.815271e+00 -6.250000e+01
      vertex   -9.134904e+01 -2.815271e+00 -5.000000e+01
      vertex   -9.097530e+01 -2.379513e+00 -6.250000e+01
    endloop
  endfacet
  facet normal -7.590550e-01 6.510265e-01 0.000000e+00
    outer loop
      vertex   -9.134904e+01 -2.815271e+00 -6.250000e+01
      vertex   -9.097530e+01 -2.379513e+00 -6.250000e+01
      vertex   -9.097530e+01 -2.379513e+00 -7.500000e+01
    endloop
  endfacet
  facet normal -8.444319e-01 5.356629e-01 0.000000e+00
    outer loop
      vertex   -9.097530e+01 -2.379513e+00 -7.500000e+01
      vertex   -9.097530e+01 -2.379513e+00 -6.250000e+01
      vertex   -9.066778e+01 -1.894742e+00 -7.500000e+01
    endloop
  endfacet
  facet normal -8.444319e-01 5.356629e-01 -1.160351e-17
    outer loop
      vertex   -9.097530e+01 -2.379513e+00 -7.500000e+01
      vertex   -9.066778e+01 -1.894742e+00 -7.500000e+01
      vertex   -9.066778e+01 -1.894742e+00 -8.750000e+01
    endloop
  endfacet
  facet normal -9.124152e-01 4.092658e-01 -7.270021e-18
    outer loop
      vertex   -9.066778e+01 -1.894742e+00 -8.750000e+01
      vertex   -9.066778e+01 -1.894742e+00 -7.500000e+01
      vertex   -9.043283e+01 -1.370943e+00 -8.750000e+01
    endloop
  endfacet
  facet normal -6.580431e-01 7.529803e-01 0.000000e+00
    outer loop
      vertex   -9.134904e+01 -2.815271e+00 -5.000000e+01
      vertex   -9.178131e+01 -3.193041e+00 -3.750000e+01
      vertex   -9.134904e+01 -2.815271e+00 -3.750000e+01
    endloop
  endfacet
  facet normal -7.590550e-01 6.510265e-01 0.000000e+00
    outer loop
      vertex   -9.134904e+01 -2.815271e+00 -5.000000e+01
      vertex   -9.134904e+01 -2.815271e+00 -3.750000e+01
      vertex   -9.097530e+01 -2.379513e+00 -5.000000e+01
    endloop
  endfacet
  facet normal -7.590550e-01 6.510265e-01 -2.312911e-17
    outer loop
      vertex   -9.097530e+01 -2.379513e+00 -5.000000e+01
      vertex   -9.134904e+01 -2.815271e+00 -3.750000e+01
      vertex   -9.097530e+01 -2.379513e+00 -3.750000e+01
    endloop
  endfacet
  facet normal -8.444319e-01 5.356629e-01 -1.903057e-17
    outer loop
      vertex   -9.097530e+01 -2.379513e+00 -5.000000e+01
      vertex   -9.097530e+01 -2.379513e+00 -3.750000e+01
      vertex   -9.066778e+01 -1.894742e+00 -5.000000e+01
    endloop
  endfacet
  facet normal -7.590550e-01 6.510265e-01 0.000000e+00
    outer loop
      vertex   -9.134904e+01 -2.815271e+00 -5.000000e+01
      vertex   -9.097530e+01 -2.379513e+00 -5.000000e+01
      vertex   -9.097530e+01 -2.379513e+00 -6.250000e+01
    endloop
  endfacet
  facet normal -8.444319e-01 5.356629e-01 0.000000e+00
    outer loop
      vertex   -9.097530e+01 -2.379513e+00 -6.250000e+01
      vertex   -9.097530e+01 -2.379513e+00 -5.000000e+01
      vertex   -9.066778e+01 -1.894742e+00 -6.250000e+01
    endloop
  endfacet
  facet normal -8.444319e-01 5.356629e-01 -7.735672e-18
    outer loop
      vertex   -9.097530e+01 -2.379513e+00 -6.250000e+01
      vertex   -9.066778e+01 -1.894742e+00 -6.250000e+01
      vertex   -9.066778e+01 -1.894742e+00 -7.500000e+01
    endloop
  endfacet
  facet normal -9.124152e-01 4.092658e-01 -7.270021e-18
    outer loop
      vertex   -9.066778e+01 -1.894742e+00 -7.500000e+01
      vertex   -9.066778e+01 -1.894742e+00 -6.250000e+01
      vertex   -9.043283e+01 -1.370943e+00 -7.500000e+01
    endloop
  endfacet
  facet normal -9.124152e-01 4.092658e-01 0.000000e+00
    outer loop
      vertex   -9.066778e+01 -1.894742e+00 -7.500000e+01
      vertex   -9.043283e+01 -1.370943e+00 -7.500000e+01
      vertex   -9.043283e+01 -1.370943e+00 -8.750000e+01
    endloop
  endfacet
  facet normal -9.616046e-01 2.744386e-01 0.000000e+00
    outer loop
      vertex   -9.043283e+01 -1.370943e+00 -8.750000e+01
      vertex   -9.043283e+01 -1.370943e+00 -7.500000e+01
      vertex   -9.027528e+01 -8.189055e-01 -8.750000e+01
    endloop
  endfacet
  facet normal -8.444319e-01 5.356629e-01 -9.515285e-18
    outer loop
      vertex   -9.066778e+01 -1.894742e+00 -6.250000e+01
      vertex   -9.097530e+01 -2.379513e+00 -5.000000e+01
      vertex   -9.066778e+01 -1.894742e+00 -5.000000e+01
    endloop
  endfacet
  facet normal -9.124152e-01 4.092658e-01 0.000000e+00
    outer loop
      vertex   -9.043283e+01 -1.370943e+00 -7.500000e+01
      vertex   -9.066778e+01 -1.894742e+00 -6.250000e+01
      vertex   -9.043283e+01 -1.370943e+00 -6.250000e+01
    endloop
  endfacet
  facet normal -9.124152e-01 4.092658e-01 -7.735672e-18
    outer loop
      vertex   -9.043283e+01 -1.370943e+00 -6.250000e+01
      vertex   -9.066778e+01 -1.894742e+00 -6.250000e+01
      vertex   -9.066778e+01 -1.894742e+00 -5.000000e+01
    endloop
  endfacet
  facet normal -9.616046e-01 2.744386e-01 0.000000e+00
    outer loop
      vertex   -9.027528e+01 -8.189055e-01 -8.750000e+01
      vertex   -9.043283e+01 -1.370943e+00 -7.500000e+01
      vertex   -9.027528e+01 -8.189055e-01 -7.500000e+01
    endloop
  endfacet
  facet normal -9.616046e-01 2.744386e-01 0.000000e+00
    outer loop
      vertex   -9.027528e+01 -8.189055e-01 -7.500000e+01
      vertex   -9.043283e+01 -1.370943e+00 -7.500000e+01
      vertex   -9.043283e+01 -1.370943e+00 -6.250000e+01
    endloop
  endfacet
  facet normal 0.000000e+00 0.000000e+00 -1.000000e+00
    outer loop
      vertex   -1.009359e+02 -2.500000e-01 -1.000000e+02
      vertex   -9.818274e+01 -2.500000e-01 -1.000000e+02
      vertex   -1.008692e+02 -9.789866e-01 -1.000000e+02
    endloop
  endfacet
  facet normal 0.000000e+00 0.000000e+00 -1.000000e+00
    outer loop
      vertex   -1.008692e+02 -9.789866e-01 -1.000000e+02
      vertex   -9.818274e+01 -2.500000e-01 -1.000000e+02
      vertex   -9.811234e+01 -7.871709e-01 -1.000000e+02
    endloop
  endfacet
  facet normal 0.000000e+00 0.000000e+00 -1.000000e+00
    outer loop
      vertex   -1.008692e+02 -9.789866e-01 -1.000000e+02
      vertex   -9.811234e+01 -7.871709e-01 -1.000000e+02
      vertex   -9.797000e+01 -1.309902e+00 -1.000000e+02
    endloop
  endfacet
  facet normal 0.000000e+00 0.000000e+00 -1.000000e+00
    outer loop
      vertex   -1.008692e+02 -9.789866e-01 -1.000000e+02
      vertex   -9.797000e+01 -1.309902e+00 -1.000000e+02
      vertex   -1.007239e+02 -1.696459e+00 -1.000000e+02
    endloop
  endfacet
  facet normal 0.000000e+00 0.000000e+00 -1.000000e+00
    outer loop
      vertex   -1.007239e+02 -1.696459e+00 -1.000000e+02
      vertex   -9.797000e+01 -1.309902e+00 -1.000000e+02
      vertex   -9.775832e+01 -1.808603e+00 -1.000000e+02
    endloop
  endfacet
  facet normal 0.000000e+00 0.000000e+00 -1.000000e+00
    outer loop
      vertex   -1.007239e+02 -1.696459e+00 -1.000000e+02
      vertex   -9.775832e+01 -1.808603e+00 -1.000000e+02
      vertex   -1.005018e+02 -2.393979e+00 -1.000000e+02
    endloop
  endfacet
  facet normal 0.000000e+00 0.000000e+00 -1.000000e+00
    outer loop
      vertex   -1.005018e+02 -2.393979e+00 -1.000000e+02
      vertex   -9.775832e+01 -1.808603e+00 -1.000000e+02
      vertex   -9.748120e+01 -2.274127e+00 -1.000000e+02
    endloop
  endfacet
  facet normal 0.000000e+00 0.000000e+00 -1.000000e+00
    outer loop
      vertex   -1.005018e+02 -2.393979e+00 -1.000000e+02
      vertex   -9.748120e+01 -2.274127e+00 -1.000000e+02
      vertex   -9.714372e+01 -2.697934e+00 -1.000000e+02
    endloop
  endfacet
  facet normal 0.000000e+00 0.000000e+00 -1.000000e+00
    outer loop
      vertex   -1.005018e+02 -2.393979e+00 -1.000000e+02
      vertex   -9.714372e+01 -2.697934e+00 -1.000000e+02
      vertex   -1.002054e+02 -3.063342e+00 -1.000000e+02
    endloop
  endfacet
  facet normal 0.000000e+00 0.000000e+00 -1.000000e+00
    outer loop
      vertex   -1.002054e+02 -3.063342e+00 -1.000000e+02
      vertex   -9.714372e+01 -2.697934e+00 -1.000000e+02
      vertex   -9.675206e+01 -3.072249e+00 -1.000000e+02
    endloop
  endfacet
  facet normal 0.000000e+00 0.000000e+00 -1.000000e+00
    outer loop
      vertex   -1.002054e+02 -3.063342e+00 -1.000000e+02
      vertex   -9.675206e+01 -3.072249e+00 -1.000000e+02
      vertex   -9.983831e+01 -3.696677e+00 -1.000000e+02
    endloop
  endfacet
  facet normal 0.000000e+00 0.000000e+00 -1.000000e+00
    outer loop
      vertex   -9.983831e+01 -3.696677e+00 -1.000000e+02
      vertex   -9.675206e+01 -3.072249e+00 -1.000000e+02
      vertex   -9.631341e+01 -3.390206e+00 -1.000000e+02
    endloop
  endfacet
  facet normal 0.000000e+00 0.000000e+00 -1.000000e+00
    outer loop
      vertex   -9.983831e+01 -3.696677e+00 -1.000000e+02
      vertex   -9.631341e+01 -3.390206e+00 -1.000000e+02
      vertex   -9.583582e+01 -3.645972e+00 -1.000000e+02
    endloop
  endfacet
  facet normal 0.000000e+00 -0.000000e+00 -1.000000e+00
    outer loop
      vertex   -9.583582e+01 -3.645972e+00 -1.000000e+02
      vertex   -9.532805e+01 -3.834855e+00 -1.000000e+02
      vertex   -9.983831e+01 -3.696677e+00 -1.000000e+02
    endloop
  endfacet
  facet normal 0.000000e+00 -0.000000e+00 -1.000000e+00
    outer loop
      vertex   -9.983831e+01 -3.696677e+00 -1.000000e+02
      vertex   -9.532805e+01 -3.834855e+00 -1.000000e+02
      vertex   -1.488443e+02 -3.736279e+00 -1.000000e+02
    endloop
  endfacet
  facet normal -0.000000e+00 0.000000e+00 -1.000000e+00
    outer loop
      vertex   -9.983831e+01 -3.696677e+00 -1.000000e+02
      vertex   -1.488443e+02 -3.736279e+00 -1.000000e+02
      vertex   -1.007657e+02 -3.647883e+00 -1.000000e+02
    endloop
  endfacet
  facet normal -0.000000e+00 0.000000e+00 -1.000000e+00
    outer loop
      vertex   -1.007657e+02 -3.647883e+00 -1.000000e+02
      vertex   -1.488443e+02 -3.736279e+00 -1.000000e+02
      vertex   -1.018059e+02 -3.592590e+00 -1.000000e+02
    endloop
  endfacet
  facet normal -0.000000e+00 0.000000e+00 -1.000000e+00
    outer loop
      vertex   -1.018059e+02 -3.592590e+00 -1.000000e+02
      vertex   -1.488443e+02 -3.736279e+00 -1.000000e+02
      vertex   -1.028460e+02 -3.536750e+00 -1.000000e+02
    endloop
  endfacet
  facet normal -0.000000e+00 0.000000e+00 -1.000000e+00
    outer loop
      vertex   -1.028460e+02 -3.536750e+00 -1.000000e+02
      vertex   -1.488443e+02 -3.736279e+00 -1.000000e+02
      vertex   -1.038859e+02 -3.480391e+00 -1.000000e+02
    endloop
  endfacet
  facet normal -0.000000e+00 0.000000e+00 -1.000000e+00
    outer loop
      vertex   -1.038859e+02 -3.480391e+00 -1.000000e+02
      vertex   -1.488443e+02 -3.736279e+00 -1.000000e+02
      vertex   -1.049255e+02 -3.423535e+00 -1.000000e+02
    endloop
  endfacet
  facet normal -0.000000e+00 0.000000e+00 -1.000000e+00
    outer loop
      vertex   -1.049255e+02 -3.423535e+00 -1.000000e+02
      vertex   -1.488443e+02 -3.736279e+00 -1.000000e+02
      vertex   -1.059646e+02 -3.366207e+00 -1.000000e+02
    endloop
  endfacet
  facet normal -0.000000e+00 0.000000e+00 -1.000000e+00
    outer loop
      vertex   -1.059646e+02 -3.366207e+00 -1.000000e+02
      vertex   -1.488443e+02 -3.736279e+00 -1.000000e+02
      vertex   -1.070033e+02 -3.308431e+00 -1.000000e+02
    endloop
  endfacet
  facet normal -0.000000e+00 0.000000e+00 -1.000000e+00
    outer loop
      vertex   -1.070033e+02 -3.308431e+00 -1.000000e+02
      vertex   -1.488443e+02 -3.736279e+00 -1.000000e+02
      vertex   -1.080412e+02 -3.250229e+00 -1.000000e+02
    endloop
  endfacet
  facet normal -0.000000e+00 0.000000e+00 -1.000000e+00
    outer loop
      vertex   -1.080412e+02 -3.250229e+00 -1.000000e+02
      vertex   -1.488443e+02 -3.736279e+00 -1.000000e+02
      vertex   -1.090785e+02 -3.191627e+00 -1.000000e+02
    endloop
  endfacet
  facet normal -0.000000e+00 0.000000e+00 -1.000000e+00
    outer loop
      vertex   -1.090785e+02 -3.191627e+00 -1.000000e+02
      vertex   -1.488443e+02 -3.736279e+00 -1.000000e+02
      vertex   -1.101148e+02 -3.132646e+00 -1.000000e+02
    endloop
  endfacet
  facet normal -0.000000e+00 0.000000e+00 -1.000000e+00
    outer loop
      vertex   -1.101148e+02 -3.132646e+00 -1.000000e+02
      vertex   -1.488443e+02 -3.736279e+00 -1.000000e+02
      vertex   -1.111501e+02 -3.073309e+00 -1.000000e+02
    endloop
  endfacet
  facet normal -0.000000e+00 0.000000e+00 -1.000000e+00
    outer loop
      vertex   -1.111501e+02 -3.073309e+00 -1.000000e+02
      vertex   -1.488443e+02 -3.736279e+00 -1.000000e+02
      vertex   -1.121844e+02 -3.013638e+00 -1.000000e+02
    endloop
  endfacet
  facet normal -0.000000e+00 0.000000e+00 -1.000000e+00
    outer loop
      vertex   -1.121844e+02 -3.013638e+00 -1.000000e+02
      vertex   -1.488443e+02 -3.736279e+00 -1.000000e+02
      vertex   -1.132174e+02 -2.953655e+00 -1.000000e+02
    endloop
  endfacet
  facet normal -0.000000e+00 0.000000e+00 -1.000000e+00
    outer loop
      vertex   -1.132174e+02 -2.953655e+00 -1.000000e+02
      vertex   -1.488443e+02 -3.736279e+00 -1.000000e+02
      vertex   -1.142491e+02 -2.893382e+00 -1.000000e+02
    endloop
  endfacet
  facet normal -0.000000e+00 0.000000e+00 -1.000000e+00
    outer loop
      vertex   -1.142491e+02 -2.893382e+00 -1.000000e+02
      vertex   -1.488443e+02 -3.736279e+00 -1.000000e+02
      vertex   -1.152793e+02 -2.832841e+00 -1.000000e+02
    endloop
  endfacet
  facet normal -0.000000e+00 0.000000e+00 -1.000000e+00
    outer loop
      vertex   -1.152793e+02 -2.832841e+00 -1.000000e+02
      vertex   -1.488443e+02 -3.736279e+00 -1.000000e+02
      vertex   -1.163080e+02 -2.772051e+00 -1.000000e+02
    endloop
  endfacet
  facet normal 0.000000e+00 0.000000e+00 -1.000000e+00
    outer loop
      vertex   -1.163080e+02 -2.772051e+00 -1.000000e+02
      vertex   -1.488443e+02 -3.736279e+00 -1.000000e+02
      vertex   -1.497544e+02 -3.676950e+00 -1.000000e+02
    endloop
  endfacet
  facet normal -0.000000e+00 0.000000e+00 -1.000000e+00
    outer loop
      vertex   -1.163080e+02 -2.772051e+00 -1.000000e+02
      vertex   -1.497544e+02 -3.676950e+00 -1.000000e+02
      vertex   -1.173350e+02 -2.711034e+00 -1.000000e+02
    endloop
  endfacet
  facet normal 0.000000e+00 0.000000e+00 -1.000000e+00
    outer loop
      vertex   -1.173350e+02 -2.711034e+00 -1.000000e+02
      vertex   -1.497544e+02 -3.676950e+00 -1.000000e+02
      vertex   -1.506591e+02 -3.617887e+00 -1.000000e+02
    endloop
  endfacet
  facet normal 0.000000e+00 0.000000e+00 -1.000000e+00
    outer loop
      vertex   -1.173350e+02 -2.711034e+00 -1.000000e+02
      vertex   -1.506591e+02 -3.617887e+00 -1.000000e+02
      vertex   -1.515583e+02 -3.559100e+00 -1.000000e+02
    endloop
  endfacet
  facet normal 0.000000e+00 0.000000e+00 -1.000000e+00
    outer loop
      vertex   -9.479941e+01 -3.953391e+00 -1.000000e+02
      vertex   -1.470085e+02 -3.855698e+00 -1.000000e+02
      vertex   -9.532805e+01 -3.834855e+00 -1.000000e+02
    endloop
  endfacet
  facet normal -0.000000e+00 0.000000e+00 -1.000000e+00
    outer loop
      vertex   -9.532805e+01 -3.834855e+00 -1.000000e+02
      vertex   -1.470085e+02 -3.855698e+00 -1.000000e+02
      vertex   -1.479290e+02 -3.795865e+00 -1.000000e+02
    endloop
  endfacet
  facet normal 0.000000e+00 0.000000e+00 -1.000000e+00
    outer loop
      vertex   -9.532805e+01 -3.834855e+00 -1.000000e+02
      vertex   -1.479290e+02 -3.795865e+00 -1.000000e+02
      vertex   -1.488443e+02 -3.736279e+00 -1.000000e+02
    endloop
  endfacet
  facet normal -0.000000e+00 0.000000e+00 -1.000000e+00
    outer loop
      vertex   -9.452936e+01 -3.966783e+00 -1.000000e+02
      vertex   -1.451524e+02 -3.976065e+00 -1.000000e+02
      vertex   -9.479941e+01 -3.953391e+00 -1.000000e+02
    endloop
  endfacet
  facet normal -0.000000e+00 0.000000e+00 -1.000000e+00
    outer loop
      vertex   -9.479941e+01 -3.953391e+00 -1.000000e+02
      vertex   -1.451524e+02 -3.976065e+00 -1.000000e+02
      vertex   -1.460829e+02 -3.915768e+00 -1.000000e+02
    endloop
  endfacet
  facet normal 0.000000e+00 0.000000e+00 -1.000000e+00
    outer loop
      vertex   -9.479941e+01 -3.953391e+00 -1.000000e+02
      vertex   -1.460829e+02 -3.915768e+00 -1.000000e+02
      vertex   -1.470085e+02 -3.855698e+00 -1.000000e+02
    endloop
  endfacet
  facet normal 0.000000e+00 -0.000000e+00 -1.000000e+00
    outer loop
      vertex   -9.452936e+01 -3.966783e+00 -1.000000e+02
      vertex   -9.397228e+01 -3.994040e+00 -1.000000e+02
      vertex   -1.451524e+02 -3.976065e+00 -1.000000e+02
    endloop
  endfacet
  facet normal 0.000000e+00 0.000000e+00 -1.000000e+00
    outer loop
      vertex   -1.451524e+02 -3.976065e+00 -1.000000e+02
      vertex   -9.397228e+01 -3.994040e+00 -1.000000e+02
      vertex   -1.442170e+02 -4.036579e+00 -1.000000e+02
    endloop
  endfacet
  facet normal 0.000000e+00 0.000000e+00 -1.000000e+00
    outer loop
      vertex   -1.442170e+02 -4.036579e+00 -1.000000e+02
      vertex   -9.397228e+01 -3.994040e+00 -1.000000e+02
      vertex   -1.432769e+02 -4.097298e+00 -1.000000e+02
    endloop
  endfacet
  facet normal 0.000000e+00 0.000000e+00 -1.000000e+00
    outer loop
      vertex   -1.432769e+02 -4.097298e+00 -1.000000e+02
      vertex   -9.397228e+01 -3.994040e+00 -1.000000e+02
      vertex   -1.423321e+02 -4.158211e+00 -1.000000e+02
    endloop
  endfacet
  facet normal 0.000000e+00 0.000000e+00 -1.000000e+00
    outer loop
      vertex   -1.423321e+02 -4.158211e+00 -1.000000e+02
      vertex   -9.397228e+01 -3.994040e+00 -1.000000e+02
      vertex   -1.413828e+02 -4.219308e+00 -1.000000e+02
    endloop
  endfacet
  facet normal 0.000000e+00 0.000000e+00 -1.000000e+00
    outer loop
      vertex   -1.413828e+02 -4.219308e+00 -1.000000e+02
      vertex   -9.397228e+01 -3.994040e+00 -1.000000e+02
      vertex   -1.404290e+02 -4.280576e+00 -1.000000e+02
    endloop
  endfacet
  facet normal 0.000000e+00 0.000000e+00 -1.000000e+00
    outer loop
      vertex   -1.404290e+02 -4.280576e+00 -1.000000e+02
      vertex   -9.397228e+01 -3.994040e+00 -1.000000e+02
      vertex   -1.394709e+02 -4.342004e+00 -1.000000e+02
    endloop
  endfacet
  facet normal 0.000000e+00 0.000000e+00 -1.000000e+00
    outer loop
      vertex   -1.394709e+02 -4.342004e+00 -1.000000e+02
      vertex   -9.397228e+01 -3.994040e+00 -1.000000e+02
      vertex   -1.385086e+02 -4.403579e+00 -1.000000e+02
    endloop
  endfacet
  facet normal 0.000000e+00 0.000000e+00 -1.000000e+00
    outer loop
      vertex   -1.385086e+02 -4.403579e+00 -1.000000e+02
      vertex   -9.397228e+01 -3.994040e+00 -1.000000e+02
      vertex   -1.375421e+02 -4.465289e+00 -1.000000e+02
    endloop
  endfacet
  facet normal 0.000000e+00 0.000000e+00 -1.000000e+00
    outer loop
      vertex   -1.375421e+02 -4.465289e+00 -1.000000e+02
      vertex   -9.397228e+01 -3.994040e+00 -1.000000e+02
      vertex   -1.365716e+02 -4.527122e+00 -1.000000e+02
    endloop
  endfacet
  facet normal 0.000000e+00 0.000000e+00 -1.000000e+00
    outer loop
      vertex   -1.365716e+02 -4.527122e+00 -1.000000e+02
      vertex   -9.397228e+01 -3.994040e+00 -1.000000e+02
      vertex   -1.355972e+02 -4.589064e+00 -1.000000e+02
    endloop
  endfacet
  facet normal 0.000000e+00 0.000000e+00 -1.000000e+00
    outer loop
      vertex   -1.355972e+02 -4.589064e+00 -1.000000e+02
      vertex   -9.397228e+01 -3.994040e+00 -1.000000e+02
      vertex   -1.346190e+02 -4.651102e+00 -1.000000e+02
    endloop
  endfacet
  facet normal 0.000000e+00 0.000000e+00 -1.000000e+00
    outer loop
      vertex   -1.346190e+02 -4.651102e+00 -1.000000e+02
      vertex   -9.397228e+01 -3.994040e+00 -1.000000e+02
      vertex   -1.336371e+02 -4.713221e+00 -1.000000e+02
    endloop
  endfacet
  facet normal 0.000000e+00 0.000000e+00 -1.000000e+00
    outer loop
      vertex   -1.336371e+02 -4.713221e+00 -1.000000e+02
      vertex   -9.397228e+01 -3.994040e+00 -1.000000e+02
      vertex   -1.326517e+02 -4.775408e+00 -1.000000e+02
    endloop
  endfacet
  facet normal 0.000000e+00 0.000000e+00 -1.000000e+00
    outer loop
      vertex   -1.326517e+02 -4.775408e+00 -1.000000e+02
      vertex   -9.397228e+01 -3.994040e+00 -1.000000e+02
      vertex   -1.316627e+02 -4.837649e+00 -1.000000e+02
    endloop
  endfacet
  facet normal 0.000000e+00 0.000000e+00 -1.000000e+00
    outer loop
      vertex   -1.316627e+02 -4.837649e+00 -1.000000e+02
      vertex   -9.397228e+01 -3.994040e+00 -1.000000e+02
      vertex   -1.306704e+02 -4.899929e+00 -1.000000e+02
    endloop
  endfacet
  facet normal 0.000000e+00 0.000000e+00 -1.000000e+00
    outer loop
      vertex   -1.306704e+02 -4.899929e+00 -1.000000e+02
      vertex   -9.397228e+01 -3.994040e+00 -1.000000e+02
      vertex   -1.296748e+02 -4.962232e+00 -1.000000e+02
    endloop
  endfacet
  facet normal 0.000000e+00 0.000000e+00 -1.000000e+00
    outer loop
      vertex   -1.296748e+02 -4.962232e+00 -1.000000e+02
      vertex   -9.397228e+01 -3.994040e+00 -1.000000e+02
      vertex   -1.286760e+02 -5.024543e+00 -1.000000e+02
    endloop
  endfacet
  facet normal 0.000000e+00 0.000000e+00 -1.000000e+00
    outer loop
      vertex   -1.286760e+02 -5.024543e+00 -1.000000e+02
      vertex   -9.397228e+01 -3.994040e+00 -1.000000e+02
      vertex   -1.276743e+02 -5.086847e+00 -1.000000e+02
    endloop
  endfacet
  facet normal 0.000000e+00 0.000000e+00 -1.000000e+00
    outer loop
      vertex   -1.276743e+02 -5.086847e+00 -1.000000e+02
      vertex   -9.397228e+01 -3.994040e+00 -1.000000e+02
      vertex   -1.266695e+02 -5.149127e+00 -1.000000e+02
    endloop
  endfacet
  facet normal 0.000000e+00 0.000000e+00 -1.000000e+00
    outer loop
      vertex   -1.266695e+02 -5.149127e+00 -1.000000e+02
      vertex   -9.397228e+01 -3.994040e+00 -1.000000e+02
      vertex   -1.256620e+02 -5.211366e+00 -1.000000e+02
    endloop
  endfacet
  facet normal 0.000000e+00 0.000000e+00 -1.000000e+00
    outer loop
      vertex   -1.256620e+02 -5.211366e+00 -1.000000e+02
      vertex   -9.397228e+01 -3.994040e+00 -1.000000e+02
      vertex   -8.893183e+01 -4.231817e+00 -1.000000e+02
    endloop
  endfacet
  facet normal 0.000000e+00 0.000000e+00 -1.000000e+00
    outer loop
      vertex   -1.256620e+02 -5.211366e+00 -1.000000e+02
      vertex   -8.893183e+01 -4.231817e+00 -1.000000e+02
      vertex   -1.246518e+02 -5.273548e+00 -1.000000e+02
    endloop
  endfacet
  facet normal 0.000000e+00 0.000000e+00 -1.000000e+00
    outer loop
      vertex   -1.246518e+02 -5.273548e+00 -1.000000e+02
      vertex   -8.893183e+01 -4.231817e+00 -1.000000e+02
      vertex   -1.236389e+02 -5.335656e+00 -1.000000e+02
    endloop
  endfacet
  facet normal 0.000000e+00 0.000000e+00 -1.000000e+00
    outer loop
      vertex   -1.236389e+02 -5.335656e+00 -1.000000e+02
      vertex   -8.893183e+01 -4.231817e+00 -1.000000e+02
      vertex   -8.831867e+01 -4.259582e+00 -1.000000e+02
    endloop
  endfacet
  facet normal 0.000000e+00 0.000000e+00 -1.000000e+00
    outer loop
      vertex   -1.236389e+02 -5.335656e+00 -1.000000e+02
      vertex   -8.831867e+01 -4.259582e+00 -1.000000e+02
      vertex   -1.226236e+02 -5.397671e+00 -1.000000e+02
    endloop
  endfacet
  facet normal 0.000000e+00 0.000000e+00 -1.000000e+00
    outer loop
      vertex   -1.226236e+02 -5.397671e+00 -1.000000e+02
      vertex   -8.831867e+01 -4.259582e+00 -1.000000e+02
      vertex   -8.728776e+01 -4.305442e+00 -1.000000e+02
    endloop
  endfacet
  facet normal 0.000000e+00 0.000000e+00 -1.000000e+00
    outer loop
      vertex   -1.226236e+02 -5.397671e+00 -1.000000e+02
      vertex   -8.728776e+01 -4.305442e+00 -1.000000e+02
      vertex   -1.216059e+02 -5.459577e+00 -1.000000e+02
    endloop
  endfacet
  facet normal 0.000000e+00 0.000000e+00 -1.000000e+00
    outer loop
      vertex   -1.216059e+02 -5.459577e+00 -1.000000e+02
      vertex   -8.728776e+01 -4.305442e+00 -1.000000e+02
      vertex   -8.625836e+01 -4.350390e+00 -1.000000e+02
    endloop
  endfacet
  facet normal 0.000000e+00 0.000000e+00 -1.000000e+00
    outer loop
      vertex   -1.216059e+02 -5.459577e+00 -1.000000e+02
      vertex   -8.625836e+01 -4.350390e+00 -1.000000e+02
      vertex   -1.205859e+02 -5.521354e+00 -1.000000e+02
    endloop
  endfacet
  facet normal 0.000000e+00 0.000000e+00 -1.000000e+00
    outer loop
      vertex   -1.205859e+02 -5.521354e+00 -1.000000e+02
      vertex   -8.625836e+01 -4.350390e+00 -1.000000e+02
      vertex   -8.523056e+01 -4.394398e+00 -1.000000e+02
    endloop
  endfacet
  facet normal 0.000000e+00 0.000000e+00 -1.000000e+00
    outer loop
      vertex   -1.205859e+02 -5.521354e+00 -1.000000e+02
      vertex   -8.523056e+01 -4.394398e+00 -1.000000e+02
      vertex   -1.195637e+02 -5.582984e+00 -1.000000e+02
    endloop
  endfacet
  facet normal 0.000000e+00 0.000000e+00 -1.000000e+00
    outer loop
      vertex   -1.195637e+02 -5.582984e+00 -1.000000e+02
      vertex   -8.523056e+01 -4.394398e+00 -1.000000e+02
      vertex   -8.420449e+01 -4.437440e+00 -1.000000e+02
    endloop
  endfacet
  facet normal 0.000000e+00 0.000000e+00 -1.000000e+00
    outer loop
      vertex   -1.195637e+02 -5.582984e+00 -1.000000e+02
      vertex   -8.420449e+01 -4.437440e+00 -1.000000e+02
      vertex   -1.185395e+02 -5.644448e+00 -1.000000e+02
    endloop
  endfacet
  facet normal 0.000000e+00 0.000000e+00 -1.000000e+00
    outer loop
      vertex   -1.185395e+02 -5.644448e+00 -1.000000e+02
      vertex   -8.420449e+01 -4.437440e+00 -1.000000e+02
      vertex   -8.318026e+01 -4.479489e+00 -1.000000e+02
    endloop
  endfacet
  facet normal 0.000000e+00 0.000000e+00 -1.000000e+00
    outer loop
      vertex   -1.185395e+02 -5.644448e+00 -1.000000e+02
      vertex   -8.318026e+01 -4.479489e+00 -1.000000e+02
      vertex   -1.175134e+02 -5.705726e+00 -1.000000e+02
    endloop
  endfacet
  facet normal 0.000000e+00 0.000000e+00 -1.000000e+00
    outer loop
      vertex   -1.175134e+02 -5.705726e+00 -1.000000e+02
      vertex   -8.318026e+01 -4.479489e+00 -1.000000e+02
      vertex   -8.215798e+01 -4.520516e+00 -1.000000e+02
    endloop
  endfacet
  facet normal 0.000000e+00 0.000000e+00 -1.000000e+00
    outer loop
      vertex   -1.175134e+02 -5.705726e+00 -1.000000e+02
      vertex   -8.215798e+01 -4.520516e+00 -1.000000e+02
      vertex   -1.164855e+02 -5.766798e+00 -1.000000e+02
    endloop
  endfacet
  facet normal 0.000000e+00 0.000000e+00 -1.000000e+00
    outer loop
      vertex   -1.164855e+02 -5.766798e+00 -1.000000e+02
      vertex   -8.215798e+01 -4.520516e+00 -1.000000e+02
      vertex   -8.113775e+01 -4.560496e+00 -1.000000e+02
    endloop
  endfacet
  facet normal 0.000000e+00 0.000000e+00 -1.000000e+00
    outer loop
      vertex   -1.164855e+02 -5.766798e+00 -1.000000e+02
      vertex   -8.113775e+01 -4.560496e+00 -1.000000e+02
      vertex   -1.154558e+02 -5.827645e+00 -1.000000e+02
    endloop
  endfacet
  facet normal 0.000000e+00 0.000000e+00 -1.000000e+00
    outer loop
      vertex   -1.154558e+02 -5.827645e+00 -1.000000e+02
      vertex   -8.113775e+01 -4.560496e+00 -1.000000e+02
      vertex   -8.011903e+01 -4.599425e+00 -1.000000e+02
    endloop
  endfacet
  facet normal 0.000000e+00 0.000000e+00 -1.000000e+00
    outer loop
      vertex   -1.154558e+02 -5.827645e+00 -1.000000e+02
      vertex   -8.011903e+01 -4.599425e+00 -1.000000e+02
      vertex   -1.144246e+02 -5.888246e+00 -1.000000e+02
    endloop
  endfacet
  facet normal 0.000000e+00 0.000000e+00 -1.000000e+00
    outer loop
      vertex   -1.144246e+02 -5.888246e+00 -1.000000e+02
      vertex   -8.011903e+01 -4.599425e+00 -1.000000e+02
      vertex   -7.910785e+01 -4.637506e+00 -1.000000e+02
    endloop
  endfacet
  facet normal 0.000000e+00 0.000000e+00 -1.000000e+00
    outer loop
      vertex   -1.144246e+02 -5.888246e+00 -1.000000e+02
      vertex   -7.910785e+01 -4.637506e+00 -1.000000e+02
      vertex   -1.133918e+02 -5.948580e+00 -1.000000e+02
    endloop
  endfacet
  facet normal 0.000000e+00 0.000000e+00 -1.000000e+00
    outer loop
      vertex   -1.133918e+02 -5.948580e+00 -1.000000e+02
      vertex   -7.910785e+01 -4.637506e+00 -1.000000e+02
      vertex   -7.810060e+01 -4.675161e+00 -1.000000e+02
    endloop
  endfacet
  facet normal 0.000000e+00 0.000000e+00 -1.000000e+00
    outer loop
      vertex   -1.133918e+02 -5.948580e+00 -1.000000e+02
      vertex   -7.810060e+01 -4.675161e+00 -1.000000e+02
      vertex   -1.123577e+02 -6.008625e+00 -1.000000e+02
    endloop
  endfacet
  facet normal 0.000000e+00 0.000000e+00 -1.000000e+00
    outer loop
      vertex   -1.123577e+02 -6.008625e+00 -1.000000e+02
      vertex   -7.810060e+01 -4.675161e+00 -1.000000e+02
      vertex   -7.709597e+01 -4.712361e+00 -1.000000e+02
    endloop
  endfacet
  facet normal 0.000000e+00 0.000000e+00 -1.000000e+00
    outer loop
      vertex   -1.123577e+02 -6.008625e+00 -1.000000e+02
      vertex   -7.709597e+01 -4.712361e+00 -1.000000e+02
      vertex   -7.609397e+01 -4.749075e+00 -1.000000e+02
    endloop
  endfacet
  facet normal 0.000000e+00 0.000000e+00 -1.000000e+00
    outer loop
      vertex   -9.397228e+01 -3.994040e+00 -1.000000e+02
      vertex   -9.339603e+01 -3.920297e+00 -1.000000e+02
      vertex   -8.893183e+01 -4.231817e+00 -1.000000e+02
    endloop
  endfacet
  facet normal 0.000000e+00 0.000000e+00 -1.000000e+00
    outer loop
      vertex   -8.893183e+01 -4.231817e+00 -1.000000e+02
      vertex   -9.339603e+01 -3.920297e+00 -1.000000e+02
      vertex   -8.851083e+01 -3.647360e+00 -1.000000e+02
    endloop
  endfacet
  facet normal 0.000000e+00 0.000000e+00 -1.000000e+00
    outer loop
      vertex   -8.851083e+01 -3.647360e+00 -1.000000e+02
      vertex   -9.339603e+01 -3.920297e+00 -1.000000e+02
      vertex   -9.283654e+01 -3.763858e+00 -1.000000e+02
    endloop
  endfacet
  facet normal -0.000000e+00 0.000000e+00 -1.000000e+00
    outer loop
      vertex   -8.851083e+01 -3.647360e+00 -1.000000e+02
      vertex   -9.283654e+01 -3.763858e+00 -1.000000e+02
      vertex   -9.230561e+01 -3.528025e+00 -1.000000e+02
    endloop
  endfacet
  facet normal 0.000000e+00 0.000000e+00 -1.000000e+00
    outer loop
      vertex   -9.230561e+01 -3.528025e+00 -1.000000e+02
      vertex   -9.181444e+01 -3.217770e+00 -1.000000e+02
      vertex   -8.851083e+01 -3.647360e+00 -1.000000e+02
    endloop
  endfacet
  facet normal 0.000000e+00 0.000000e+00 -1.000000e+00
    outer loop
      vertex   -8.851083e+01 -3.647360e+00 -1.000000e+02
      vertex   -9.181444e+01 -3.217770e+00 -1.000000e+02
      vertex   -8.815451e+01 -3.021369e+00 -1.000000e+02
    endloop
  endfacet
  facet normal -0.000000e+00 0.000000e+00 -1.000000e+00
    outer loop
      vertex   -8.815451e+01 -3.021369e+00 -1.000000e+02
      vertex   -9.181444e+01 -3.217770e+00 -1.000000e+02
      vertex   -9.137339e+01 -2.839641e+00 -1.000000e+02
    endloop
  endfacet
  facet normal 0.000000e+00 0.000000e+00 -1.000000e+00
    outer loop
      vertex   -8.815451e+01 -3.021369e+00 -1.000000e+02
      vertex   -9.137339e+01 -2.839641e+00 -1.000000e+02
      vertex   -8.786693e+01 -2.360974e+00 -1.000000e+02
    endloop
  endfacet
  facet normal 0.000000e+00 0.000000e+00 -1.000000e+00
    outer loop
      vertex   -8.786693e+01 -2.360974e+00 -1.000000e+02
      vertex   -9.137339e+01 -2.839641e+00 -1.000000e+02
      vertex   -9.099177e+01 -2.401611e+00 -1.000000e+02
    endloop
  endfacet
  facet normal -0.000000e+00 0.000000e+00 -1.000000e+00
    outer loop
      vertex   -8.786693e+01 -2.360974e+00 -1.000000e+02
      vertex   -9.099177e+01 -2.401611e+00 -1.000000e+02
      vertex   -9.067762e+01 -1.912922e+00 -1.000000e+02
    endloop
  endfacet
  facet normal 0.000000e+00 0.000000e+00 -1.000000e+00
    outer loop
      vertex   -8.786693e+01 -2.360974e+00 -1.000000e+02
      vertex   -9.067762e+01 -1.912922e+00 -1.000000e+02
      vertex   -8.765135e+01 -1.673693e+00 -1.000000e+02
    endloop
  endfacet
  facet normal -0.000000e+00 0.000000e+00 -1.000000e+00
    outer loop
      vertex   -8.765135e+01 -1.673693e+00 -1.000000e+02
      vertex   -9.067762e+01 -1.912922e+00 -1.000000e+02
      vertex   -9.043758e+01 -1.383881e+00 -1.000000e+02
    endloop
  endfacet
  facet normal 0.000000e+00 0.000000e+00 -1.000000e+00
    outer loop
      vertex   -8.765135e+01 -1.673693e+00 -1.000000e+02
      vertex   -9.043758e+01 -1.383881e+00 -1.000000e+02
      vertex   -8.751023e+01 -9.673544e-01 -1.000000e+02
    endloop
  endfacet
  facet normal -0.000000e+00 0.000000e+00 -1.000000e+00
    outer loop
      vertex   -8.751023e+01 -9.673544e-01 -1.000000e+02
      vertex   -9.043758e+01 -1.383881e+00 -1.000000e+02
      vertex   -9.027670e+01 -8.256486e-01 -1.000000e+02
    endloop
  endfacet
  facet normal 0.000000e+00 0.000000e+00 -1.000000e+00
    outer loop
      vertex   -8.751023e+01 -9.673544e-01 -1.000000e+02
      vertex   -9.027670e+01 -8.256486e-01 -1.000000e+02
      vertex   -8.744519e+01 -2.500000e-01 -1.000000e+02
    endloop
  endfacet
  facet normal -0.000000e+00 0.000000e+00 -1.000000e+00
    outer loop
      vertex   -8.744519e+01 -2.500000e-01 -1.000000e+02
      vertex   -9.027670e+01 -8.256486e-01 -1.000000e+02
      vertex   -9.019838e+01 -2.500000e-01 -1.000000e+02
    endloop
  endfacet
  facet normal 0.000000e+00 0.000000e+00 -1.000000e+00
    outer loop
      vertex   -1.123577e+02 -6.008625e+00 -1.000000e+02
      vertex   -7.609397e+01 -4.749075e+00 -1.000000e+02
      vertex   -1.113224e+02 -6.068361e+00 -1.000000e+02
    endloop
  endfacet
  facet normal 0.000000e+00 0.000000e+00 -1.000000e+00
    outer loop
      vertex   -1.113224e+02 -6.068361e+00 -1.000000e+02
      vertex   -7.609397e+01 -4.749075e+00 -1.000000e+02
      vertex   -7.509471e+01 -4.785271e+00 -1.000000e+02
    endloop
  endfacet
  facet normal 0.000000e+00 0.000000e+00 -1.000000e+00
    outer loop
      vertex   -1.113224e+02 -6.068361e+00 -1.000000e+02
      vertex   -7.509471e+01 -4.785271e+00 -1.000000e+02
      vertex   -1.102859e+02 -6.127765e+00 -1.000000e+02
    endloop
  endfacet
  facet normal 0.000000e+00 0.000000e+00 -1.000000e+00
    outer loop
      vertex   -1.102859e+02 -6.127765e+00 -1.000000e+02
      vertex   -7.509471e+01 -4.785271e+00 -1.000000e+02
      vertex   -7.409830e+01 -4.820916e+00 -1.000000e+02
    endloop
  endfacet
  facet normal 0.000000e+00 0.000000e+00 -1.000000e+00
    outer loop
      vertex   -1.102859e+02 -6.127765e+00 -1.000000e+02
      vertex   -7.409830e+01 -4.820916e+00 -1.000000e+02
      vertex   -7.310485e+01 -4.855977e+00 -1.000000e+02
    endloop
  endfacet
  facet normal 0.000000e+00 -0.000000e+00 -1.000000e+00
    outer loop
      vertex   -7.310485e+01 -4.855977e+00 -1.000000e+02
      vertex   -7.211444e+01 -4.890421e+00 -1.000000e+02
      vertex   -1.102859e+02 -6.127765e+00 -1.000000e+02
    endloop
  endfacet
  facet normal 0.000000e+00 0.000000e+00 -1.000000e+00
    outer loop
      vertex   -1.102859e+02 -6.127765e+00 -1.000000e+02
      vertex   -7.211444e+01 -4.890421e+00 -1.000000e+02
      vertex   -7.112719e+01 -4.924215e+00 -1.000000e+02
    endloop
  endfacet
  facet normal 0.000000e+00 0.000000e+00 -1.000000e+00
    outer loop
      vertex   -1.102859e+02 -6.127765e+00 -1.000000e+02
      vertex   -7.112719e+01 -4.924215e+00 -1.000000e+02
      vertex   -7.014320e+01 -4.957326e+00 -1.000000e+02
    endloop
  endfacet
  facet normal 0.000000e+00 -0.000000e+00 -1.000000e+00
    outer loop
      vertex   -7.014320e+01 -4.957326e+00 -1.000000e+02
      vertex   -6.916258e+01 -4.989720e+00 -1.000000e+02
      vertex   -1.102859e+02 -6.127765e+00 -1.000000e+02
    endloop
  endfacet
  facet normal 0.000000e+00 0.000000e+00 -1.000000e+00
    outer loop
      vertex   -1.102859e+02 -6.127765e+00 -1.000000e+02
      vertex   -6.916258e+01 -4.989720e+00 -1.000000e+02
      vertex   -6.818541e+01 -5.021365e+00 -1.000000e+02
    endloop
  endfacet
  facet normal 0.000000e+00 0.000000e+00 -1.000000e+00
    outer loop
      vertex   -1.102859e+02 -6.127765e+00 -1.000000e+02
      vertex   -6.818541e+01 -5.021365e+00 -1.000000e+02
      vertex   -6.721181e+01 -5.052228e+00 -1.000000e+02
    endloop
  endfacet
  facet normal 0.000000e+00 -0.000000e+00 -1.000000e+00
    outer loop
      vertex   -6.721181e+01 -5.052228e+00 -1.000000e+02
      vertex   -6.624188e+01 -5.082274e+00 -1.000000e+02
      vertex   -1.102859e+02 -6.127765e+00 -1.000000e+02
    endloop
  endfacet
  facet normal 0.000000e+00 0.000000e+00 -1.000000e+00
    outer loop
      vertex   -1.102859e+02 -6.127765e+00 -1.000000e+02
      vertex   -6.624188e+01 -5.082274e+00 -1.000000e+02
      vertex   -6.527571e+01 -5.111472e+00 -1.000000e+02
    endloop
  endfacet
  facet normal 0.000000e+00 0.000000e+00 -1.000000e+00
    outer loop
      vertex   -1.102859e+02 -6.127765e+00 -1.000000e+02
      vertex   -6.527571e+01 -5.111472e+00 -1.000000e+02
      vertex   -6.431341e+01 -5.139788e+00 -1.000000e+02
    endloop
  endfacet
  facet normal 0.000000e+00 -0.000000e+00 -1.000000e+00
    outer loop
      vertex   -6.431341e+01 -5.139788e+00 -1.000000e+02
      vertex   -6.335507e+01 -5.167190e+00 -1.000000e+02
      vertex   -1.102859e+02 -6.127765e+00 -1.000000e+02
    endloop
  endfacet
  facet normal 0.000000e+00 0.000000e+00 -1.000000e+00
    outer loop
      vertex   -1.102859e+02 -6.127765e+00 -1.000000e+02
      vertex   -6.335507e+01 -5.167190e+00 -1.000000e+02
      vertex   -6.240080e+01 -5.193644e+00 -1.000000e+02
    endloop
  endfacet
  facet normal 0.000000e+00 0.000000e+00 -1.000000e+00
    outer loop
      vertex   -1.102859e+02 -6.127765e+00 -1.000000e+02
      vertex   -6.240080e+01 -5.193644e+00 -1.000000e+02
      vertex   -6.145069e+01 -5.219119e+00 -1.000000e+02
    endloop
  endfacet
  facet normal 0.000000e+00 -0.000000e+00 -1.000000e+00
    outer loop
      vertex   -6.145069e+01 -5.219119e+00 -1.000000e+02
      vertex   -6.050485e+01 -5.243581e+00 -1.000000e+02
      vertex   -1.102859e+02 -6.127765e+00 -1.000000e+02
    endloop
  endfacet
  facet normal 0.000000e+00 0.000000e+00 -1.000000e+00
    outer loop
      vertex   -1.102859e+02 -6.127765e+00 -1.000000e+02
      vertex   -6.050485e+01 -5.243581e+00 -1.000000e+02
      vertex   -5.956336e+01 -5.266999e+00 -1.000000e+02
    endloop
  endfacet
  facet normal 0.000000e+00 0.000000e+00 -1.000000e+00
    outer loop
      vertex   -1.102859e+02 -6.127765e+00 -1.000000e+02
      vertex   -5.956336e+01 -5.266999e+00 -1.000000e+02
      vertex   -5.862634e+01 -5.289341e+00 -1.000000e+02
    endloop
  endfacet
  facet normal 0.000000e+00 -0.000000e+00 -1.000000e+00
    outer loop
      vertex   -5.862634e+01 -5.289341e+00 -1.000000e+02
      vertex   -5.769387e+01 -5.310575e+00 -1.000000e+02
      vertex   -1.102859e+02 -6.127765e+00 -1.000000e+02
    endloop
  endfacet
  facet normal 0.000000e+00 0.000000e+00 -1.000000e+00
    outer loop
      vertex   -1.102859e+02 -6.127765e+00 -1.000000e+02
      vertex   -5.769387e+01 -5.310575e+00 -1.000000e+02
      vertex   -5.676605e+01 -5.330669e+00 -1.000000e+02
    endloop
  endfacet
  facet normal 0.000000e+00 0.000000e+00 -1.000000e+00
    outer loop
      vertex   -1.102859e+02 -6.127765e+00 -1.000000e+02
      vertex   -5.676605e+01 -5.330669e+00 -1.000000e+02
      vertex   -5.584298e+01 -5.349592e+00 -1.000000e+02
    endloop
  endfacet
  facet normal 0.000000e+00 -0.000000e+00 -1.000000e+00
    outer loop
      vertex   -5.584298e+01 -5.349592e+00 -1.000000e+02
      vertex   -5.492476e+01 -5.367315e+00 -1.000000e+02
      vertex   -1.102859e+02 -6.127765e+00 -1.000000e+02
    endloop
  endfacet
  facet normal 0.000000e+00 0.000000e+00 -1.000000e+00
    outer loop
      vertex   -1.102859e+02 -6.127765e+00 -1.000000e+02
      vertex   -5.492476e+01 -5.367315e+00 -1.000000e+02
      vertex   -5.401147e+01 -5.383805e+00 -1.000000e+02
    endloop
  endfacet
  facet normal 0.000000e+00 0.000000e+00 -1.000000e+00
    outer loop
      vertex   -1.102859e+02 -6.127765e+00 -1.000000e+02
      vertex   -5.401147e+01 -5.383805e+00 -1.000000e+02
      vertex   -5.310322e+01 -5.399033e+00 -1.000000e+02
    endloop
  endfacet
  facet normal 0.000000e+00 -0.000000e+00 -1.000000e+00
    outer loop
      vertex   -5.310322e+01 -5.399033e+00 -1.000000e+02
      vertex   -5.220011e+01 -5.412969e+00 -1.000000e+02
      vertex   -1.102859e+02 -6.127765e+00 -1.000000e+02
    endloop
  endfacet
  facet normal 0.000000e+00 0.000000e+00 -1.000000e+00
    outer loop
      vertex   -1.102859e+02 -6.127765e+00 -1.000000e+02
      vertex   -5.220011e+01 -5.412969e+00 -1.000000e+02
      vertex   -5.130221e+01 -5.425584e+00 -1.000000e+02
    endloop
  endfacet
  facet normal 0.000000e+00 0.000000e+00 -1.000000e+00
    outer loop
      vertex   -1.102859e+02 -6.127765e+00 -1.000000e+02
      vertex   -5.130221e+01 -5.425584e+00 -1.000000e+02
      vertex   -5.040964e+01 -5.436849e+00 -1.000000e+02
    endloop
  endfacet
  facet normal 0.000000e+00 -0.000000e+00 -1.000000e+00
    outer loop
      vertex   -5.040964e+01 -5.436849e+00 -1.000000e+02
      vertex   -4.952247e+01 -5.446735e+00 -1.000000e+02
      vertex   -1.102859e+02 -6.127765e+00 -1.000000e+02
    endloop
  endfacet
  facet normal 0.000000e+00 0.000000e+00 -1.000000e+00
    outer loop
      vertex   -1.102859e+02 -6.127765e+00 -1.000000e+02
      vertex   -4.952247e+01 -5.446735e+00 -1.000000e+02
      vertex   -4.864081e+01 -5.455214e+00 -1.000000e+02
    endloop
  endfacet
  facet normal 0.000000e+00 0.000000e+00 -1.000000e+00
    outer loop
      vertex   -1.102859e+02 -6.127765e+00 -1.000000e+02
      vertex   -4.864081e+01 -5.455214e+00 -1.000000e+02
      vertex   -4.776475e+01 -5.462259e+00 -1.000000e+02
    endloop
  endfacet
  facet normal 0.000000e+00 0.000000e+00 -1.000000e+00
    outer loop
      vertex   -1.102859e+02 -6.127765e+00 -1.000000e+02
      vertex   -4.776475e+01 -5.462259e+00 -1.000000e+02
      vertex   -1.058726e+01 -6.137947e+00 -1.000000e+02
    endloop
  endfacet
  facet normal 0.000000e+00 0.000000e+00 -1.000000e+00
    outer loop
      vertex   -1.058726e+01 -6.137947e+00 -1.000000e+02
      vertex   -4.776475e+01 -5.462259e+00 -1.000000e+02
      vertex   -4.689438e+01 -5.467842e+00 -1.000000e+02
    endloop
  endfacet
  facet normal 0.000000e+00 0.000000e+00 -1.000000e+00
    outer loop
      vertex   -1.058726e+01 -6.137947e+00 -1.000000e+02
      vertex   -4.689438e+01 -5.467842e+00 -1.000000e+02
      vertex   -4.602979e+01 -5.471937e+00 -1.000000e+02
    endloop
  endfacet
  facet normal 0.000000e+00 0.000000e+00 -1.000000e+00
    outer loop
      vertex   -4.602979e+01 -5.471937e+00 -1.000000e+02
      vertex   -4.517108e+01 -5.474517e+00 -1.000000e+02
      vertex   -1.058726e+01 -6.137947e+00 -1.000000e+02
    endloop
  endfacet
  facet normal 0.000000e+00 0.000000e+00 -1.000000e+00
    outer loop
      vertex   -1.058726e+01 -6.137947e+00 -1.000000e+02
      vertex   -4.517108e+01 -5.474517e+00 -1.000000e+02
      vertex   -4.431832e+01 -5.475558e+00 -1.000000e+02
    endloop
  endfacet
  facet normal 0.000000e+00 0.000000e+00 -1.000000e+00
    outer loop
      vertex   -1.058726e+01 -6.137947e+00 -1.000000e+02
      vertex   -4.431832e+01 -5.475558e+00 -1.000000e+02
      vertex   -1.012818e+01 -6.038595e+00 -1.000000e+02
    endloop
  endfacet
  facet normal 0.000000e+00 0.000000e+00 -1.000000e+00
    outer loop
      vertex   -1.012818e+01 -6.038595e+00 -1.000000e+02
      vertex   -4.431832e+01 -5.475558e+00 -1.000000e+02
      vertex   -9.678643e+00 -5.937118e+00 -1.000000e+02
    endloop
  endfacet
  facet normal 0.000000e+00 0.000000e+00 -1.000000e+00
    outer loop
      vertex   -9.678643e+00 -5.937118e+00 -1.000000e+02
      vertex   -4.431832e+01 -5.475558e+00 -1.000000e+02
      vertex   -9.238709e+00 -5.833519e+00 -1.000000e+02
    endloop
  endfacet
  facet normal 0.000000e+00 0.000000e+00 -1.000000e+00
    outer loop
      vertex   -9.238709e+00 -5.833519e+00 -1.000000e+02
      vertex   -4.431832e+01 -5.475558e+00 -1.000000e+02
      vertex   -8.808429e+00 -5.727801e+00 -1.000000e+02
    endloop
  endfacet
  facet normal 0.000000e+00 0.000000e+00 -1.000000e+00
    outer loop
      vertex   -8.808429e+00 -5.727801e+00 -1.000000e+02
      vertex   -4.431832e+01 -5.475558e+00 -1.000000e+02
      vertex   -8.387853e+00 -5.619966e+00 -1.000000e+02
    endloop
  endfacet
  facet normal 0.000000e+00 0.000000e+00 -1.000000e+00
    outer loop
      vertex   -8.387853e+00 -5.619966e+00 -1.000000e+02
      vertex   -4.431832e+01 -5.475558e+00 -1.000000e+02
      vertex   -7.977031e+00 -5.510017e+00 -1.000000e+02
    endloop
  endfacet
  facet normal 0.000000e+00 0.000000e+00 -1.000000e+00
    outer loop
      vertex   -7.977031e+00 -5.510017e+00 -1.000000e+02
      vertex   -4.431832e+01 -5.475558e+00 -1.000000e+02
      vertex   -4.347163e+01 -5.475033e+00 -1.000000e+02
    endloop
  endfacet
  facet normal 0.000000e+00 0.000000e+00 -1.000000e+00
    outer loop
      vertex   -7.977031e+00 -5.510017e+00 -1.000000e+02
      vertex   -4.347163e+01 -5.475033e+00 -1.000000e+02
      vertex   -4.263107e+01 -5.472919e+00 -1.000000e+02
    endloop
  endfacet
  facet normal 0.000000e+00 0.000000e+00 -1.000000e+00
    outer loop
      vertex   -4.263107e+01 -5.472919e+00 -1.000000e+02
      vertex   -4.179675e+01 -5.469191e+00 -1.000000e+02
      vertex   -7.977031e+00 -5.510017e+00 -1.000000e+02
    endloop
  endfacet
  facet normal 0.000000e+00 0.000000e+00 -1.000000e+00
    outer loop
      vertex   -7.977031e+00 -5.510017e+00 -1.000000e+02
      vertex   -4.179675e+01 -5.469191e+00 -1.000000e+02
      vertex   -4.096876e+01 -5.463827e+00 -1.000000e+02
    endloop
  endfacet
  facet normal 0.000000e+00 0.000000e+00 -1.000000e+00
    outer loop
      vertex   -7.977031e+00 -5.510017e+00 -1.000000e+02
      vertex   -4.096876e+01 -5.463827e+00 -1.000000e+02
      vertex   -4.014718e+01 -5.456804e+00 -1.000000e+02
    endloop
  endfacet
  facet normal 0.000000e+00 0.000000e+00 -1.000000e+00
    outer loop
      vertex   -4.014718e+01 -5.456804e+00 -1.000000e+02
      vertex   -3.933210e+01 -5.448099e+00 -1.000000e+02
      vertex   -7.977031e+00 -5.510017e+00 -1.000000e+02
    endloop
  endfacet
  facet normal 0.000000e+00 0.000000e+00 -1.000000e+00
    outer loop
      vertex   -7.977031e+00 -5.510017e+00 -1.000000e+02
      vertex   -3.933210e+01 -5.448099e+00 -1.000000e+02
      vertex   -3.852361e+01 -5.437691e+00 -1.000000e+02
    endloop
  endfacet
  facet normal 0.000000e+00 0.000000e+00 -1.000000e+00
    outer loop
      vertex   -7.977031e+00 -5.510017e+00 -1.000000e+02
      vertex   -3.852361e+01 -5.437691e+00 -1.000000e+02
      vertex   -3.772180e+01 -5.425560e+00 -1.000000e+02
    endloop
  endfacet
  facet normal 0.000000e+00 0.000000e+00 -1.000000e+00
    outer loop
      vertex   -3.772180e+01 -5.425560e+00 -1.000000e+02
      vertex   -3.692676e+01 -5.411686e+00 -1.000000e+02
      vertex   -7.977031e+00 -5.510017e+00 -1.000000e+02
    endloop
  endfacet
  facet normal 0.000000e+00 0.000000e+00 -1.000000e+00
    outer loop
      vertex   -7.977031e+00 -5.510017e+00 -1.000000e+02
      vertex   -3.692676e+01 -5.411686e+00 -1.000000e+02
      vertex   -3.613857e+01 -5.396048e+00 -1.000000e+02
    endloop
  endfacet
  facet normal 0.000000e+00 0.000000e+00 -1.000000e+00
    outer loop
      vertex   -7.977031e+00 -5.510017e+00 -1.000000e+02
      vertex   -3.613857e+01 -5.396048e+00 -1.000000e+02
      vertex   -3.535732e+01 -5.378629e+00 -1.000000e+02
    endloop
  endfacet
  facet normal 0.000000e+00 0.000000e+00 -1.000000e+00
    outer loop
      vertex   -3.535732e+01 -5.378629e+00 -1.000000e+02
      vertex   -3.458309e+01 -5.359411e+00 -1.000000e+02
      vertex   -7.977031e+00 -5.510017e+00 -1.000000e+02
    endloop
  endfacet
  facet normal 0.000000e+00 0.000000e+00 -1.000000e+00
    outer loop
      vertex   -7.977031e+00 -5.510017e+00 -1.000000e+02
      vertex   -3.458309e+01 -5.359411e+00 -1.000000e+02
      vertex   -3.381598e+01 -5.338375e+00 -1.000000e+02
    endloop
  endfacet
  facet normal 0.000000e+00 0.000000e+00 -1.000000e+00
    outer loop
      vertex   -7.977031e+00 -5.510017e+00 -1.000000e+02
      vertex   -3.381598e+01 -5.338375e+00 -1.000000e+02
      vertex   -3.305607e+01 -5.315506e+00 -1.000000e+02
    endloop
  endfacet
  facet normal 0.000000e+00 0.000000e+00 -1.000000e+00
    outer loop
      vertex   -3.305607e+01 -5.315506e+00 -1.000000e+02
      vertex   -3.230344e+01 -5.290788e+00 -1.000000e+02
      vertex   -7.977031e+00 -5.510017e+00 -1.000000e+02
    endloop
  endfacet
  facet normal 0.000000e+00 0.000000e+00 -1.000000e+00
    outer loop
      vertex   -7.977031e+00 -5.510017e+00 -1.000000e+02
      vertex   -3.230344e+01 -5.290788e+00 -1.000000e+02
      vertex   -3.155819e+01 -5.264206e+00 -1.000000e+02
    endloop
  endfacet
  facet normal 0.000000e+00 0.000000e+00 -1.000000e+00
    outer loop
      vertex   -7.977031e+00 -5.510017e+00 -1.000000e+02
      vertex   -3.155819e+01 -5.264206e+00 -1.000000e+02
      vertex   -3.082039e+01 -5.235745e+00 -1.000000e+02
    endloop
  endfacet
  facet normal 0.000000e+00 0.000000e+00 -1.000000e+00
    outer loop
      vertex   -3.082039e+01 -5.235745e+00 -1.000000e+02
      vertex   -3.009013e+01 -5.205393e+00 -1.000000e+02
      vertex   -7.977031e+00 -5.510017e+00 -1.000000e+02
    endloop
  endfacet
  facet normal 0.000000e+00 0.000000e+00 -1.000000e+00
    outer loop
      vertex   -7.977031e+00 -5.510017e+00 -1.000000e+02
      vertex   -3.009013e+01 -5.205393e+00 -1.000000e+02
      vertex   -2.936750e+01 -5.173136e+00 -1.000000e+02
    endloop
  endfacet
  facet normal 0.000000e+00 0.000000e+00 -1.000000e+00
    outer loop
      vertex   -7.977031e+00 -5.510017e+00 -1.000000e+02
      vertex   -2.936750e+01 -5.173136e+00 -1.000000e+02
      vertex   -2.865257e+01 -5.138962e+00 -1.000000e+02
    endloop
  endfacet
  facet normal 0.000000e+00 0.000000e+00 -1.000000e+00
    outer loop
      vertex   -2.865257e+01 -5.138962e+00 -1.000000e+02
      vertex   -2.794544e+01 -5.102861e+00 -1.000000e+02
      vertex   -7.977031e+00 -5.510017e+00 -1.000000e+02
    endloop
  endfacet
  facet normal 0.000000e+00 0.000000e+00 -1.000000e+00
    outer loop
      vertex   -7.977031e+00 -5.510017e+00 -1.000000e+02
      vertex   -2.794544e+01 -5.102861e+00 -1.000000e+02
      vertex   -7.576012e+00 -5.397959e+00 -1.000000e+02
    endloop
  endfacet
  facet normal 0.000000e+00 0.000000e+00 -1.000000e+00
    outer loop
      vertex   -7.576012e+00 -5.397959e+00 -1.000000e+02
      vertex   -2.794544e+01 -5.102861e+00 -1.000000e+02
      vertex   -2.724619e+01 -5.064822e+00 -1.000000e+02
    endloop
  endfacet
  facet normal 0.000000e+00 0.000000e+00 -1.000000e+00
    outer loop
      vertex   -7.576012e+00 -5.397959e+00 -1.000000e+02
      vertex   -2.724619e+01 -5.064822e+00 -1.000000e+02
      vertex   -2.655490e+01 -5.024837e+00 -1.000000e+02
    endloop
  endfacet
  facet normal 0.000000e+00 0.000000e+00 -1.000000e+00
    outer loop
      vertex   -7.576012e+00 -5.397959e+00 -1.000000e+02
      vertex   -2.655490e+01 -5.024837e+00 -1.000000e+02
      vertex   -7.184845e+00 -5.283795e+00 -1.000000e+02
    endloop
  endfacet
  facet normal 0.000000e+00 0.000000e+00 -1.000000e+00
    outer loop
      vertex   -7.184845e+00 -5.283795e+00 -1.000000e+02
      vertex   -2.655490e+01 -5.024837e+00 -1.000000e+02
      vertex   -2.587166e+01 -4.982895e+00 -1.000000e+02
    endloop
  endfacet
  facet normal 0.000000e+00 0.000000e+00 -1.000000e+00
    outer loop
      vertex   -7.184845e+00 -5.283795e+00 -1.000000e+02
      vertex   -2.587166e+01 -4.982895e+00 -1.000000e+02
      vertex   -2.519655e+01 -4.938991e+00 -1.000000e+02
    endloop
  endfacet
  facet normal 0.000000e+00 0.000000e+00 -1.000000e+00
    outer loop
      vertex   -7.184845e+00 -5.283795e+00 -1.000000e+02
      vertex   -2.519655e+01 -4.938991e+00 -1.000000e+02
      vertex   -6.803577e+00 -5.167528e+00 -1.000000e+02
    endloop
  endfacet
  facet normal 0.000000e+00 0.000000e+00 -1.000000e+00
    outer loop
      vertex   -6.803577e+00 -5.167528e+00 -1.000000e+02
      vertex   -2.519655e+01 -4.938991e+00 -1.000000e+02
      vertex   -2.452966e+01 -4.893117e+00 -1.000000e+02
    endloop
  endfacet
  facet normal 0.000000e+00 0.000000e+00 -1.000000e+00
    outer loop
      vertex   -6.803577e+00 -5.167528e+00 -1.000000e+02
      vertex   -2.452966e+01 -4.893117e+00 -1.000000e+02
      vertex   -2.387106e+01 -4.845267e+00 -1.000000e+02
    endloop
  endfacet
  facet normal 0.000000e+00 0.000000e+00 -1.000000e+00
    outer loop
      vertex   -6.803577e+00 -5.167528e+00 -1.000000e+02
      vertex   -2.387106e+01 -4.845267e+00 -1.000000e+02
      vertex   -6.432254e+00 -5.049164e+00 -1.000000e+02
    endloop
  endfacet
  facet normal 0.000000e+00 0.000000e+00 -1.000000e+00
    outer loop
      vertex   -6.432254e+00 -5.049164e+00 -1.000000e+02
      vertex   -2.387106e+01 -4.845267e+00 -1.000000e+02
      vertex   -2.322084e+01 -4.795437e+00 -1.000000e+02
    endloop
  endfacet
  facet normal 0.000000e+00 0.000000e+00 -1.000000e+00
    outer loop
      vertex   -6.432254e+00 -5.049164e+00 -1.000000e+02
      vertex   -2.322084e+01 -4.795437e+00 -1.000000e+02
      vertex   -6.070921e+00 -4.928706e+00 -1.000000e+02
    endloop
  endfacet
  facet normal 0.000000e+00 0.000000e+00 -1.000000e+00
    outer loop
      vertex   -6.070921e+00 -4.928706e+00 -1.000000e+02
      vertex   -2.322084e+01 -4.795437e+00 -1.000000e+02
      vertex   -2.257909e+01 -4.743622e+00 -1.000000e+02
    endloop
  endfacet
  facet normal 0.000000e+00 0.000000e+00 -1.000000e+00
    outer loop
      vertex   -6.070921e+00 -4.928706e+00 -1.000000e+02
      vertex   -2.257909e+01 -4.743622e+00 -1.000000e+02
      vertex   -2.194589e+01 -4.689821e+00 -1.000000e+02
    endloop
  endfacet
  facet normal 0.000000e+00 0.000000e+00 -1.000000e+00
    outer loop
      vertex   -6.070921e+00 -4.928706e+00 -1.000000e+02
      vertex   -2.194589e+01 -4.689821e+00 -1.000000e+02
      vertex   -5.719623e+00 -4.806159e+00 -1.000000e+02
    endloop
  endfacet
  facet normal 0.000000e+00 0.000000e+00 -1.000000e+00
    outer loop
      vertex   -5.719623e+00 -4.806159e+00 -1.000000e+02
      vertex   -2.194589e+01 -4.689821e+00 -1.000000e+02
      vertex   -2.132132e+01 -4.634031e+00 -1.000000e+02
    endloop
  endfacet
  facet normal 0.000000e+00 0.000000e+00 -1.000000e+00
    outer loop
      vertex   -5.719623e+00 -4.806159e+00 -1.000000e+02
      vertex   -2.132132e+01 -4.634031e+00 -1.000000e+02
      vertex   -2.070547e+01 -4.576252e+00 -1.000000e+02
    endloop
  endfacet
  facet normal 0.000000e+00 0.000000e+00 -1.000000e+00
    outer loop
      vertex   -5.719623e+00 -4.806159e+00 -1.000000e+02
      vertex   -2.070547e+01 -4.576252e+00 -1.000000e+02
      vertex   -5.378403e+00 -4.681527e+00 -1.000000e+02
    endloop
  endfacet
  facet normal 0.000000e+00 0.000000e+00 -1.000000e+00
    outer loop
      vertex   -5.378403e+00 -4.681527e+00 -1.000000e+02
      vertex   -2.070547e+01 -4.576252e+00 -1.000000e+02
      vertex   -2.009841e+01 -4.516483e+00 -1.000000e+02
    endloop
  endfacet
  facet normal 0.000000e+00 0.000000e+00 -1.000000e+00
    outer loop
      vertex   -5.378403e+00 -4.681527e+00 -1.000000e+02
      vertex   -2.009841e+01 -4.516483e+00 -1.000000e+02
      vertex   -1.950025e+01 -4.454727e+00 -1.000000e+02
    endloop
  endfacet
  facet normal 0.000000e+00 0.000000e+00 -1.000000e+00
    outer loop
      vertex   -5.378403e+00 -4.681527e+00 -1.000000e+02
      vertex   -1.950025e+01 -4.454727e+00 -1.000000e+02
      vertex   -5.047304e+00 -4.554817e+00 -1.000000e+02
    endloop
  endfacet
  facet normal 0.000000e+00 0.000000e+00 -1.000000e+00
    outer loop
      vertex   -5.047304e+00 -4.554817e+00 -1.000000e+02
      vertex   -1.950025e+01 -4.454727e+00 -1.000000e+02
      vertex   -1.891106e+01 -4.390986e+00 -1.000000e+02
    endloop
  endfacet
  facet normal 0.000000e+00 0.000000e+00 -1.000000e+00
    outer loop
      vertex   -5.047304e+00 -4.554817e+00 -1.000000e+02
      vertex   -1.891106e+01 -4.390986e+00 -1.000000e+02
      vertex   -4.726366e+00 -4.426031e+00 -1.000000e+02
    endloop
  endfacet
  facet normal 0.000000e+00 0.000000e+00 -1.000000e+00
    outer loop
      vertex   -4.726366e+00 -4.426031e+00 -1.000000e+02
      vertex   -1.891106e+01 -4.390986e+00 -1.000000e+02
      vertex   -1.833092e+01 -4.325264e+00 -1.000000e+02
    endloop
  endfacet
  facet normal 0.000000e+00 0.000000e+00 -1.000000e+00
    outer loop
      vertex   -4.726366e+00 -4.426031e+00 -1.000000e+02
      vertex   -1.833092e+01 -4.325264e+00 -1.000000e+02
      vertex   -1.775992e+01 -4.257567e+00 -1.000000e+02
    endloop
  endfacet
  facet normal 0.000000e+00 0.000000e+00 -1.000000e+00
    outer loop
      vertex   -4.726366e+00 -4.426031e+00 -1.000000e+02
      vertex   -1.775992e+01 -4.257567e+00 -1.000000e+02
      vertex   -4.415630e+00 -4.295177e+00 -1.000000e+02
    endloop
  endfacet
  facet normal 0.000000e+00 0.000000e+00 -1.000000e+00
    outer loop
      vertex   -4.415630e+00 -4.295177e+00 -1.000000e+02
      vertex   -1.775992e+01 -4.257567e+00 -1.000000e+02
      vertex   -1.719816e+01 -4.187901e+00 -1.000000e+02
    endloop
  endfacet
  facet normal 0.000000e+00 0.000000e+00 -1.000000e+00
    outer loop
      vertex   -4.415630e+00 -4.295177e+00 -1.000000e+02
      vertex   -1.719816e+01 -4.187901e+00 -1.000000e+02
      vertex   -1.664571e+01 -4.116275e+00 -1.000000e+02
    endloop
  endfacet
  facet normal 0.000000e+00 0.000000e+00 -1.000000e+00
    outer loop
      vertex   -4.415630e+00 -4.295177e+00 -1.000000e+02
      vertex   -1.664571e+01 -4.116275e+00 -1.000000e+02
      vertex   -4.115135e+00 -4.162259e+00 -1.000000e+02
    endloop
  endfacet
  facet normal 0.000000e+00 0.000000e+00 -1.000000e+00
    outer loop
      vertex   -4.115135e+00 -4.162259e+00 -1.000000e+02
      vertex   -1.664571e+01 -4.116275e+00 -1.000000e+02
      vertex   -1.610266e+01 -4.042697e+00 -1.000000e+02
    endloop
  endfacet
  facet normal 0.000000e+00 0.000000e+00 -1.000000e+00
    outer loop
      vertex   -4.115135e+00 -4.162259e+00 -1.000000e+02
      vertex   -1.610266e+01 -4.042697e+00 -1.000000e+02
      vertex   -1.556910e+01 -3.967181e+00 -1.000000e+02
    endloop
  endfacet
  facet normal 0.000000e+00 0.000000e+00 -1.000000e+00
    outer loop
      vertex   -4.115135e+00 -4.162259e+00 -1.000000e+02
      vertex   -1.556910e+01 -3.967181e+00 -1.000000e+02
      vertex   -3.824920e+00 -4.027282e+00 -1.000000e+02
    endloop
  endfacet
  facet normal 0.000000e+00 0.000000e+00 -1.000000e+00
    outer loop
      vertex   -3.824920e+00 -4.027282e+00 -1.000000e+02
      vertex   -1.556910e+01 -3.967181e+00 -1.000000e+02
      vertex   -1.504512e+01 -3.889738e+00 -1.000000e+02
    endloop
  endfacet
  facet normal 0.000000e+00 0.000000e+00 -1.000000e+00
    outer loop
      vertex   -3.824920e+00 -4.027282e+00 -1.000000e+02
      vertex   -1.504512e+01 -3.889738e+00 -1.000000e+02
      vertex   -3.545022e+00 -3.890252e+00 -1.000000e+02
    endloop
  endfacet
  facet normal 0.000000e+00 0.000000e+00 -1.000000e+00
    outer loop
      vertex   -3.545022e+00 -3.890252e+00 -1.000000e+02
      vertex   -1.504512e+01 -3.889738e+00 -1.000000e+02
      vertex   -1.453082e+01 -3.810383e+00 -1.000000e+02
    endloop
  endfacet
  facet normal 0.000000e+00 0.000000e+00 -1.000000e+00
    outer loop
      vertex   -3.545022e+00 -3.890252e+00 -1.000000e+02
      vertex   -1.453082e+01 -3.810383e+00 -1.000000e+02
      vertex   -1.402627e+01 -3.729134e+00 -1.000000e+02
    endloop
  endfacet
  facet normal 0.000000e+00 0.000000e+00 -1.000000e+00
    outer loop
      vertex   -3.545022e+00 -3.890252e+00 -1.000000e+02
      vertex   -1.402627e+01 -3.729134e+00 -1.000000e+02
      vertex   -3.275477e+00 -3.751174e+00 -1.000000e+02
    endloop
  endfacet
  facet normal 0.000000e+00 0.000000e+00 -1.000000e+00
    outer loop
      vertex   -3.275477e+00 -3.751174e+00 -1.000000e+02
      vertex   -1.402627e+01 -3.729134e+00 -1.000000e+02
      vertex   -1.353158e+01 -3.646010e+00 -1.000000e+02
    endloop
  endfacet
  facet normal 0.000000e+00 0.000000e+00 -1.000000e+00
    outer loop
      vertex   -3.275477e+00 -3.751174e+00 -1.000000e+02
      vertex   -1.353158e+01 -3.646010e+00 -1.000000e+02
      vertex   -3.016319e+00 -3.610054e+00 -1.000000e+02
    endloop
  endfacet
  facet normal -0.000000e+00 0.000000e+00 -1.000000e+00
    outer loop
      vertex   -3.016319e+00 -3.610054e+00 -1.000000e+02
      vertex   -1.353158e+01 -3.646010e+00 -1.000000e+02
      vertex   -1.304684e+01 -3.561033e+00 -1.000000e+02
    endloop
  endfacet
  facet normal 0.000000e+00 0.000000e+00 -1.000000e+00
    outer loop
      vertex   -3.016319e+00 -3.610054e+00 -1.000000e+02
      vertex   -1.304684e+01 -3.561033e+00 -1.000000e+02
      vertex   -1.257214e+01 -3.474226e+00 -1.000000e+02
    endloop
  endfacet
  facet normal 0.000000e+00 0.000000e+00 -1.000000e+00
    outer loop
      vertex   -3.016319e+00 -3.610054e+00 -1.000000e+02
      vertex   -1.257214e+01 -3.474226e+00 -1.000000e+02
      vertex   -2.767583e+00 -3.466897e+00 -1.000000e+02
    endloop
  endfacet
  facet normal -0.000000e+00 0.000000e+00 -1.000000e+00
    outer loop
      vertex   -2.767583e+00 -3.466897e+00 -1.000000e+02
      vertex   -1.257214e+01 -3.474226e+00 -1.000000e+02
      vertex   -1.210759e+01 -3.385617e+00 -1.000000e+02
    endloop
  endfacet
  facet normal 0.000000e+00 0.000000e+00 -1.000000e+00
    outer loop
      vertex   -2.767583e+00 -3.466897e+00 -1.000000e+02
      vertex   -1.210759e+01 -3.385617e+00 -1.000000e+02
      vertex   -1.165327e+01 -3.295235e+00 -1.000000e+02
    endloop
  endfacet
  facet normal 0.000000e+00 0.000000e+00 -1.000000e+00
    outer loop
      vertex   -2.767583e+00 -3.466897e+00 -1.000000e+02
      vertex   -1.165327e+01 -3.295235e+00 -1.000000e+02
      vertex   -2.529303e+00 -3.321710e+00 -1.000000e+02
    endloop
  endfacet
  facet normal 0.000000e+00 0.000000e+00 -1.000000e+00
    outer loop
      vertex   -2.529303e+00 -3.321710e+00 -1.000000e+02
      vertex   -1.165327e+01 -3.295235e+00 -1.000000e+02
      vertex   -1.120929e+01 -3.203115e+00 -1.000000e+02
    endloop
  endfacet
  facet normal 0.000000e+00 0.000000e+00 -1.000000e+00
    outer loop
      vertex   -2.529303e+00 -3.321710e+00 -1.000000e+02
      vertex   -1.120929e+01 -3.203115e+00 -1.000000e+02
      vertex   -2.301509e+00 -3.174497e+00 -1.000000e+02
    endloop
  endfacet
  facet normal -0.000000e+00 0.000000e+00 -1.000000e+00
    outer loop
      vertex   -2.301509e+00 -3.174497e+00 -1.000000e+02
      vertex   -1.120929e+01 -3.203115e+00 -1.000000e+02
      vertex   -1.077576e+01 -3.109292e+00 -1.000000e+02
    endloop
  endfacet
  facet normal 0.000000e+00 0.000000e+00 -1.000000e+00
    outer loop
      vertex   -2.301509e+00 -3.174497e+00 -1.000000e+02
      vertex   -1.077576e+01 -3.109292e+00 -1.000000e+02
      vertex   -1.035278e+01 -3.013810e+00 -1.000000e+02
    endloop
  endfacet
  facet normal 0.000000e+00 0.000000e+00 -1.000000e+00
    outer loop
      vertex   -2.301509e+00 -3.174497e+00 -1.000000e+02
      vertex   -1.035278e+01 -3.013810e+00 -1.000000e+02
      vertex   -2.084232e+00 -3.025265e+00 -1.000000e+02
    endloop
  endfacet
  facet normal 0.000000e+00 0.000000e+00 -1.000000e+00
    outer loop
      vertex   -2.084232e+00 -3.025265e+00 -1.000000e+02
      vertex   -1.035278e+01 -3.013810e+00 -1.000000e+02
      vertex   -9.940453e+00 -2.916712e+00 -1.000000e+02
    endloop
  endfacet
  facet normal 0.000000e+00 0.000000e+00 -1.000000e+00
    outer loop
      vertex   -2.084232e+00 -3.025265e+00 -1.000000e+02
      vertex   -9.940453e+00 -2.916712e+00 -1.000000e+02
      vertex   -1.877502e+00 -2.874019e+00 -1.000000e+02
    endloop
  endfacet
  facet normal -0.000000e+00 0.000000e+00 -1.000000e+00
    outer loop
      vertex   -1.877502e+00 -2.874019e+00 -1.000000e+02
      vertex   -9.940453e+00 -2.916712e+00 -1.000000e+02
      vertex   -9.538895e+00 -2.818051e+00 -1.000000e+02
    endloop
  endfacet
  facet normal 0.000000e+00 0.000000e+00 -1.000000e+00
    outer loop
      vertex   -1.877502e+00 -2.874019e+00 -1.000000e+02
      vertex   -9.538895e+00 -2.818051e+00 -1.000000e+02
      vertex   -9.148218e+00 -2.717882e+00 -1.000000e+02
    endloop
  endfacet
  facet normal 0.000000e+00 0.000000e+00 -1.000000e+00
    outer loop
      vertex   -1.877502e+00 -2.874019e+00 -1.000000e+02
      vertex   -9.148218e+00 -2.717882e+00 -1.000000e+02
      vertex   -1.681348e+00 -2.720765e+00 -1.000000e+02
    endloop
  endfacet
  facet normal 0.000000e+00 0.000000e+00 -1.000000e+00
    outer loop
      vertex   -1.681348e+00 -2.720765e+00 -1.000000e+02
      vertex   -9.148218e+00 -2.717882e+00 -1.000000e+02
      vertex   -8.768539e+00 -2.616268e+00 -1.000000e+02
    endloop
  endfacet
  facet normal 0.000000e+00 0.000000e+00 -1.000000e+00
    outer loop
      vertex   -1.681348e+00 -2.720765e+00 -1.000000e+02
      vertex   -8.768539e+00 -2.616268e+00 -1.000000e+02
      vertex   -1.495797e+00 -2.565508e+00 -1.000000e+02
    endloop
  endfacet
  facet normal -0.000000e+00 0.000000e+00 -1.000000e+00
    outer loop
      vertex   -1.495797e+00 -2.565508e+00 -1.000000e+02
      vertex   -8.768539e+00 -2.616268e+00 -1.000000e+02
      vertex   -8.399977e+00 -2.513279e+00 -1.000000e+02
    endloop
  endfacet
  facet normal 0.000000e+00 0.000000e+00 -1.000000e+00
    outer loop
      vertex   -1.495797e+00 -2.565508e+00 -1.000000e+02
      vertex   -8.399977e+00 -2.513279e+00 -1.000000e+02
      vertex   -8.042656e+00 -2.408993e+00 -1.000000e+02
    endloop
  endfacet
  facet normal 0.000000e+00 0.000000e+00 -1.000000e+00
    outer loop
      vertex   -1.495797e+00 -2.565508e+00 -1.000000e+02
      vertex   -8.042656e+00 -2.408993e+00 -1.000000e+02
      vertex   -1.320876e+00 -2.408254e+00 -1.000000e+02
    endloop
  endfacet
  facet normal -0.000000e+00 0.000000e+00 -1.000000e+00
    outer loop
      vertex   -1.320876e+00 -2.408254e+00 -1.000000e+02
      vertex   -8.042656e+00 -2.408993e+00 -1.000000e+02
      vertex   -7.696703e+00 -2.303496e+00 -1.000000e+02
    endloop
  endfacet
  facet normal 0.000000e+00 0.000000e+00 -1.000000e+00
    outer loop
      vertex   -1.320876e+00 -2.408254e+00 -1.000000e+02
      vertex   -7.696703e+00 -2.303496e+00 -1.000000e+02
      vertex   -1.156608e+00 -2.249008e+00 -1.000000e+02
    endloop
  endfacet
  facet normal -0.000000e+00 0.000000e+00 -1.000000e+00
    outer loop
      vertex   -1.156608e+00 -2.249008e+00 -1.000000e+02
      vertex   -7.696703e+00 -2.303496e+00 -1.000000e+02
      vertex   -7.362246e+00 -2.196883e+00 -1.000000e+02
    endloop
  endfacet
  facet normal 0.000000e+00 0.000000e+00 -1.000000e+00
    outer loop
      vertex   -1.156608e+00 -2.249008e+00 -1.000000e+02
      vertex   -7.362246e+00 -2.196883e+00 -1.000000e+02
      vertex   -1.003019e+00 -2.087777e+00 -1.000000e+02
    endloop
  endfacet
  facet normal 0.000000e+00 0.000000e+00 -1.000000e+00
    outer loop
      vertex   -1.003019e+00 -2.087777e+00 -1.000000e+02
      vertex   -7.362246e+00 -2.196883e+00 -1.000000e+02
      vertex   -7.039421e+00 -2.089262e+00 -1.000000e+02
    endloop
  endfacet
  facet normal -0.000000e+00 0.000000e+00 -1.000000e+00
    outer loop
      vertex   -1.003019e+00 -2.087777e+00 -1.000000e+02
      vertex   -7.039421e+00 -2.089262e+00 -1.000000e+02
      vertex   -6.728365e+00 -1.980753e+00 -1.000000e+02
    endloop
  endfacet
  facet normal 0.000000e+00 0.000000e+00 -1.000000e+00
    outer loop
      vertex   -1.003019e+00 -2.087777e+00 -1.000000e+02
      vertex   -6.728365e+00 -1.980753e+00 -1.000000e+02
      vertex   -8.601307e-01 -1.924565e+00 -1.000000e+02
    endloop
  endfacet
  facet normal -0.000000e+00 0.000000e+00 -1.000000e+00
    outer loop
      vertex   -8.601307e-01 -1.924565e+00 -1.000000e+02
      vertex   -6.728365e+00 -1.980753e+00 -1.000000e+02
      vertex   -6.429216e+00 -1.871488e+00 -1.000000e+02
    endloop
  endfacet
  facet normal 0.000000e+00 0.000000e+00 -1.000000e+00
    outer loop
      vertex   -8.601307e-01 -1.924565e+00 -1.000000e+02
      vertex   -6.429216e+00 -1.871488e+00 -1.000000e+02
      vertex   -7.279654e-01 -1.759378e+00 -1.000000e+02
    endloop
  endfacet
  facet normal 0.000000e+00 0.000000e+00 -1.000000e+00
    outer loop
      vertex   -7.279654e-01 -1.759378e+00 -1.000000e+02
      vertex   -6.429216e+00 -1.871488e+00 -1.000000e+02
      vertex   -6.142120e+00 -1.761617e+00 -1.000000e+02
    endloop
  endfacet
  facet normal -0.000000e+00 0.000000e+00 -1.000000e+00
    outer loop
      vertex   -7.279654e-01 -1.759378e+00 -1.000000e+02
      vertex   -6.142120e+00 -1.761617e+00 -1.000000e+02
      vertex   -5.867221e+00 -1.651307e+00 -1.000000e+02
    endloop
  endfacet
  facet normal 0.000000e+00 0.000000e+00 -1.000000e+00
    outer loop
      vertex   -7.279654e-01 -1.759378e+00 -1.000000e+02
      vertex   -5.867221e+00 -1.651307e+00 -1.000000e+02
      vertex   -6.065435e-01 -1.592220e+00 -1.000000e+02
    endloop
  endfacet
  facet normal -0.000000e+00 0.000000e+00 -1.000000e+00
    outer loop
      vertex   -6.065435e-01 -1.592220e+00 -1.000000e+02
      vertex   -5.867221e+00 -1.651307e+00 -1.000000e+02
      vertex   -5.604666e+00 -1.540742e+00 -1.000000e+02
    endloop
  endfacet
  facet normal 0.000000e+00 0.000000e+00 -1.000000e+00
    outer loop
      vertex   -6.065435e-01 -1.592220e+00 -1.000000e+02
      vertex   -5.604666e+00 -1.540742e+00 -1.000000e+02
      vertex   -4.958842e-01 -1.423099e+00 -1.000000e+02
    endloop
  endfacet
  facet normal 0.000000e+00 0.000000e+00 -1.000000e+00
    outer loop
      vertex   -4.958842e-01 -1.423099e+00 -1.000000e+02
      vertex   -5.604666e+00 -1.540742e+00 -1.000000e+02
      vertex   -5.354602e+00 -1.430131e+00 -1.000000e+02
    endloop
  endfacet
  facet normal -0.000000e+00 0.000000e+00 -1.000000e+00
    outer loop
      vertex   -4.958842e-01 -1.423099e+00 -1.000000e+02
      vertex   -5.354602e+00 -1.430131e+00 -1.000000e+02
      vertex   -5.117176e+00 -1.319705e+00 -1.000000e+02
    endloop
  endfacet
  facet normal 0.000000e+00 0.000000e+00 -1.000000e+00
    outer loop
      vertex   -4.958842e-01 -1.423099e+00 -1.000000e+02
      vertex   -5.117176e+00 -1.319705e+00 -1.000000e+02
      vertex   -3.960058e-01 -1.252018e+00 -1.000000e+02
    endloop
  endfacet
  facet normal -0.000000e+00 0.000000e+00 -1.000000e+00
    outer loop
      vertex   -3.960058e-01 -1.252018e+00 -1.000000e+02
      vertex   -5.117176e+00 -1.319705e+00 -1.000000e+02
      vertex   -4.892527e+00 -1.209724e+00 -1.000000e+02
    endloop
  endfacet
  facet normal 0.000000e+00 0.000000e+00 -1.000000e+00
    outer loop
      vertex   -3.960058e-01 -1.252018e+00 -1.000000e+02
      vertex   -4.892527e+00 -1.209724e+00 -1.000000e+02
      vertex   -4.680793e+00 -1.100475e+00 -1.000000e+02
    endloop
  endfacet
  facet normal 0.000000e+00 0.000000e+00 -1.000000e+00
    outer loop
      vertex   -3.960058e-01 -1.252018e+00 -1.000000e+02
      vertex   -4.680793e+00 -1.100475e+00 -1.000000e+02
      vertex   -3.069252e-01 -1.078982e+00 -1.000000e+02
    endloop
  endfacet
  facet normal -0.000000e+00 0.000000e+00 -1.000000e+00
    outer loop
      vertex   -3.069252e-01 -1.078982e+00 -1.000000e+02
      vertex   -4.680793e+00 -1.100475e+00 -1.000000e+02
      vertex   -4.482097e+00 -9.922784e-01 -1.000000e+02
    endloop
  endfacet
  facet normal 0.000000e+00 0.000000e+00 -1.000000e+00
    outer loop
      vertex   -3.069252e-01 -1.078982e+00 -1.000000e+02
      vertex   -4.482097e+00 -9.922784e-01 -1.000000e+02
      vertex   -2.286584e-01 -9.039975e-01 -1.000000e+02
    endloop
  endfacet
  facet normal -0.000000e+00 0.000000e+00 -1.000000e+00
    outer loop
      vertex   -2.286584e-01 -9.039975e-01 -1.000000e+02
      vertex   -4.482097e+00 -9.922784e-01 -1.000000e+02
      vertex   -4.296550e+00 -8.854893e-01 -1.000000e+02
    endloop
  endfacet
  facet normal 0.000000e+00 0.000000e+00 -1.000000e+00
    outer loop
      vertex   -2.286584e-01 -9.039975e-01 -1.000000e+02
      vertex   -4.296550e+00 -8.854893e-01 -1.000000e+02
      vertex   -4.124241e+00 -7.804990e-01 -1.000000e+02
    endloop
  endfacet
  facet normal 0.000000e+00 0.000000e+00 -1.000000e+00
    outer loop
      vertex   -2.286584e-01 -9.039975e-01 -1.000000e+02
      vertex   -4.124241e+00 -7.804990e-01 -1.000000e+02
      vertex   -1.612198e-01 -7.270681e-01 -1.000000e+02
    endloop
  endfacet
  facet normal -0.000000e+00 0.000000e+00 -1.000000e+00
    outer loop
      vertex   -1.612198e-01 -7.270681e-01 -1.000000e+02
      vertex   -4.124241e+00 -7.804990e-01 -1.000000e+02
      vertex   -3.965229e+00 -6.777374e-01 -1.000000e+02
    endloop
  endfacet
  facet normal 0.000000e+00 0.000000e+00 -1.000000e+00
    outer loop
      vertex   -1.612198e-01 -7.270681e-01 -1.000000e+02
      vertex   -3.965229e+00 -6.777374e-01 -1.000000e+02
      vertex   -1.046230e-01 -5.481991e-01 -1.000000e+02
    endloop
  endfacet
  facet normal 0.000000e+00 0.000000e+00 -1.000000e+00
    outer loop
      vertex   -1.046230e-01 -5.481991e-01 -1.000000e+02
      vertex   -3.965229e+00 -6.777374e-01 -1.000000e+02
      vertex   -3.819539e+00 -5.776730e-01 -1.000000e+02
    endloop
  endfacet
  facet normal -0.000000e+00 0.000000e+00 -1.000000e+00
    outer loop
      vertex   -1.046230e-01 -5.481991e-01 -1.000000e+02
      vertex   -3.819539e+00 -5.776730e-01 -1.000000e+02
      vertex   -3.687145e+00 -4.808118e-01 -1.000000e+02
    endloop
  endfacet
  facet normal 0.000000e+00 0.000000e+00 -1.000000e+00
    outer loop
      vertex   -1.046230e-01 -5.481991e-01 -1.000000e+02
      vertex   -3.687145e+00 -4.808118e-01 -1.000000e+02
      vertex   -5.888031e-02 -3.673950e-01 -1.000000e+02
    endloop
  endfacet
  facet normal 0.000000e+00 0.000000e+00 -1.000000e+00
    outer loop
      vertex   -5.888031e-02 -3.673950e-01 -1.000000e+02
      vertex   -3.687145e+00 -4.808118e-01 -1.000000e+02
      vertex   -3.567962e+00 -3.876945e-01 -1.000000e+02
    endloop
  endfacet
  facet normal -0.000000e+00 0.000000e+00 -1.000000e+00
    outer loop
      vertex   -5.888031e-02 -3.673950e-01 -1.000000e+02
      vertex   -3.567962e+00 -3.876945e-01 -1.000000e+02
      vertex   -3.461829e+00 -2.988898e-01 -1.000000e+02
    endloop
  endfacet
  facet normal 0.000000e+00 -0.000000e+00 -1.000000e+00
    outer loop
      vertex   -3.407447e+00 -2.500000e-01 -1.000000e+02
      vertex   -3.647370e-02 -2.500000e-01 -1.000000e+02
      vertex   -3.461829e+00 -2.988898e-01 -1.000000e+02
    endloop
  endfacet
  facet normal 0.000000e+00 0.000000e+00 -1.000000e+00
    outer loop
      vertex   -3.461829e+00 -2.988898e-01 -1.000000e+02
      vertex   -3.647370e-02 -2.500000e-01 -1.000000e+02
      vertex   -5.888031e-02 -3.673950e-01 -1.000000e+02
    endloop
  endfacet
  facet normal 0.000000e+00 0.000000e+00 -1.000000e+00
    outer loop
      vertex   -1.102859e+02 -6.127765e+00 -1.000000e+02
      vertex   -1.058726e+01 -6.137947e+00 -1.000000e+02
      vertex   -1.092483e+02 -6.186815e+00 -1.000000e+02
    endloop
  endfacet
  facet normal 0.000000e+00 0.000000e+00 -1.000000e+00
    outer loop
      vertex   -1.092483e+02 -6.186815e+00 -1.000000e+02
      vertex   -1.058726e+01 -6.137947e+00 -1.000000e+02
      vertex   -1.105584e+01 -6.235172e+00 -1.000000e+02
    endloop
  endfacet
  facet normal 0.000000e+00 0.000000e+00 -1.000000e+00
    outer loop
      vertex   -1.092483e+02 -6.186815e+00 -1.000000e+02
      vertex   -1.105584e+01 -6.235172e+00 -1.000000e+02
      vertex   -1.082098e+02 -6.245489e+00 -1.000000e+02
    endloop
  endfacet
  facet normal 0.000000e+00 0.000000e+00 -1.000000e+00
    outer loop
      vertex   -1.082098e+02 -6.245489e+00 -1.000000e+02
      vertex   -1.105584e+01 -6.235172e+00 -1.000000e+02
      vertex   -1.153386e+01 -6.330269e+00 -1.000000e+02
    endloop
  endfacet
  facet normal 0.000000e+00 0.000000e+00 -1.000000e+00
    outer loop
      vertex   -1.082098e+02 -6.245489e+00 -1.000000e+02
      vertex   -1.153386e+01 -6.330269e+00 -1.000000e+02
      vertex   -1.071706e+02 -6.303763e+00 -1.000000e+02
    endloop
  endfacet
  facet normal 0.000000e+00 0.000000e+00 -1.000000e+00
    outer loop
      vertex   -1.071706e+02 -6.303763e+00 -1.000000e+02
      vertex   -1.153386e+01 -6.330269e+00 -1.000000e+02
      vertex   -1.061306e+02 -6.361614e+00 -1.000000e+02
    endloop
  endfacet
  facet normal 0.000000e+00 0.000000e+00 -1.000000e+00
    outer loop
      vertex   -1.061306e+02 -6.361614e+00 -1.000000e+02
      vertex   -1.153386e+01 -6.330269e+00 -1.000000e+02
      vertex   -1.202127e+01 -6.423237e+00 -1.000000e+02
    endloop
  endfacet
  facet normal 0.000000e+00 0.000000e+00 -1.000000e+00
    outer loop
      vertex   -1.061306e+02 -6.361614e+00 -1.000000e+02
      vertex   -1.202127e+01 -6.423237e+00 -1.000000e+02
      vertex   -1.050900e+02 -6.419019e+00 -1.000000e+02
    endloop
  endfacet
  facet normal 0.000000e+00 0.000000e+00 -1.000000e+00
    outer loop
      vertex   -1.050900e+02 -6.419019e+00 -1.000000e+02
      vertex   -1.202127e+01 -6.423237e+00 -1.000000e+02
      vertex   -1.040490e+02 -6.475954e+00 -1.000000e+02
    endloop
  endfacet
  facet normal 0.000000e+00 0.000000e+00 -1.000000e+00
    outer loop
      vertex   -1.040490e+02 -6.475954e+00 -1.000000e+02
      vertex   -1.202127e+01 -6.423237e+00 -1.000000e+02
      vertex   -1.251800e+01 -6.514073e+00 -1.000000e+02
    endloop
  endfacet
  facet normal 0.000000e+00 0.000000e+00 -1.000000e+00
    outer loop
      vertex   -1.040490e+02 -6.475954e+00 -1.000000e+02
      vertex   -1.251800e+01 -6.514073e+00 -1.000000e+02
      vertex   -1.030076e+02 -6.532395e+00 -1.000000e+02
    endloop
  endfacet
  facet normal 0.000000e+00 0.000000e+00 -1.000000e+00
    outer loop
      vertex   -1.030076e+02 -6.532395e+00 -1.000000e+02
      vertex   -1.251800e+01 -6.514073e+00 -1.000000e+02
      vertex   -1.302400e+01 -6.602778e+00 -1.000000e+02
    endloop
  endfacet
  facet normal 0.000000e+00 0.000000e+00 -1.000000e+00
    outer loop
      vertex   -1.030076e+02 -6.532395e+00 -1.000000e+02
      vertex   -1.302400e+01 -6.602778e+00 -1.000000e+02
      vertex   -1.019659e+02 -6.588318e+00 -1.000000e+02
    endloop
  endfacet
  facet normal 0.000000e+00 0.000000e+00 -1.000000e+00
    outer loop
      vertex   -1.019659e+02 -6.588318e+00 -1.000000e+02
      vertex   -1.302400e+01 -6.602778e+00 -1.000000e+02
      vertex   -1.009242e+02 -6.643697e+00 -1.000000e+02
    endloop
  endfacet
  facet normal 0.000000e+00 0.000000e+00 -1.000000e+00
    outer loop
      vertex   -1.009242e+02 -6.643697e+00 -1.000000e+02
      vertex   -1.302400e+01 -6.602778e+00 -1.000000e+02
      vertex   -1.353922e+01 -6.689352e+00 -1.000000e+02
    endloop
  endfacet
  facet normal 0.000000e+00 0.000000e+00 -1.000000e+00
    outer loop
      vertex   -1.009242e+02 -6.643697e+00 -1.000000e+02
      vertex   -1.353922e+01 -6.689352e+00 -1.000000e+02
      vertex   -9.988236e+01 -6.698508e+00 -1.000000e+02
    endloop
  endfacet
  facet normal 0.000000e+00 0.000000e+00 -1.000000e+00
    outer loop
      vertex   -9.988236e+01 -6.698508e+00 -1.000000e+02
      vertex   -1.353922e+01 -6.689352e+00 -1.000000e+02
      vertex   -1.406360e+01 -6.773794e+00 -1.000000e+02
    endloop
  endfacet
  facet normal 0.000000e+00 0.000000e+00 -1.000000e+00
    outer loop
      vertex   -9.988236e+01 -6.698508e+00 -1.000000e+02
      vertex   -1.406360e+01 -6.773794e+00 -1.000000e+02
      vertex   -9.884065e+01 -6.752726e+00 -1.000000e+02
    endloop
  endfacet
  facet normal 0.000000e+00 0.000000e+00 -1.000000e+00
    outer loop
      vertex   -9.884065e+01 -6.752726e+00 -1.000000e+02
      vertex   -1.406360e+01 -6.773794e+00 -1.000000e+02
      vertex   -9.779915e+01 -6.806324e+00 -1.000000e+02
    endloop
  endfacet
  facet normal 0.000000e+00 0.000000e+00 -1.000000e+00
    outer loop
      vertex   -9.779915e+01 -6.806324e+00 -1.000000e+02
      vertex   -1.406360e+01 -6.773794e+00 -1.000000e+02
      vertex   -1.459707e+01 -6.856105e+00 -1.000000e+02
    endloop
  endfacet
  facet normal 0.000000e+00 0.000000e+00 -1.000000e+00
    outer loop
      vertex   -9.779915e+01 -6.806324e+00 -1.000000e+02
      vertex   -1.459707e+01 -6.856105e+00 -1.000000e+02
      vertex   -9.675795e+01 -6.859279e+00 -1.000000e+02
    endloop
  endfacet
  facet normal 0.000000e+00 0.000000e+00 -1.000000e+00
    outer loop
      vertex   -9.675795e+01 -6.859279e+00 -1.000000e+02
      vertex   -1.459707e+01 -6.856105e+00 -1.000000e+02
      vertex   -1.513957e+01 -6.936287e+00 -1.000000e+02
    endloop
  endfacet
  facet normal 0.000000e+00 0.000000e+00 -1.000000e+00
    outer loop
      vertex   -9.675795e+01 -6.859279e+00 -1.000000e+02
      vertex   -1.513957e+01 -6.936287e+00 -1.000000e+02
      vertex   -9.571719e+01 -6.911563e+00 -1.000000e+02
    endloop
  endfacet
  facet normal 0.000000e+00 0.000000e+00 -1.000000e+00
    outer loop
      vertex   -9.571719e+01 -6.911563e+00 -1.000000e+02
      vertex   -1.513957e+01 -6.936287e+00 -1.000000e+02
      vertex   -9.467696e+01 -6.963150e+00 -1.000000e+02
    endloop
  endfacet
  facet normal 0.000000e+00 0.000000e+00 -1.000000e+00
    outer loop
      vertex   -9.467696e+01 -6.963150e+00 -1.000000e+02
      vertex   -1.513957e+01 -6.936287e+00 -1.000000e+02
      vertex   -1.569105e+01 -7.014340e+00 -1.000000e+02
    endloop
  endfacet
  facet normal 0.000000e+00 0.000000e+00 -1.000000e+00
    outer loop
      vertex   -9.467696e+01 -6.963150e+00 -1.000000e+02
      vertex   -1.569105e+01 -7.014340e+00 -1.000000e+02
      vertex   -9.363739e+01 -7.014015e+00 -1.000000e+02
    endloop
  endfacet
  facet normal 0.000000e+00 0.000000e+00 -1.000000e+00
    outer loop
      vertex   -9.363739e+01 -7.014015e+00 -1.000000e+02
      vertex   -1.569105e+01 -7.014340e+00 -1.000000e+02
      vertex   -9.259858e+01 -7.064130e+00 -1.000000e+02
    endloop
  endfacet
  facet normal 0.000000e+00 0.000000e+00 -1.000000e+00
    outer loop
      vertex   -9.259858e+01 -7.064130e+00 -1.000000e+02
      vertex   -1.569105e+01 -7.014340e+00 -1.000000e+02
      vertex   -1.625145e+01 -7.090267e+00 -1.000000e+02
    endloop
  endfacet
  facet normal 0.000000e+00 0.000000e+00 -1.000000e+00
    outer loop
      vertex   -9.259858e+01 -7.064130e+00 -1.000000e+02
      vertex   -1.625145e+01 -7.090267e+00 -1.000000e+02
      vertex   -9.156064e+01 -7.113470e+00 -1.000000e+02
    endloop
  endfacet
  facet normal 0.000000e+00 0.000000e+00 -1.000000e+00
    outer loop
      vertex   -9.156064e+01 -7.113470e+00 -1.000000e+02
      vertex   -1.625145e+01 -7.090267e+00 -1.000000e+02
      vertex   -1.682069e+01 -7.164071e+00 -1.000000e+02
    endloop
  endfacet
  facet normal 0.000000e+00 0.000000e+00 -1.000000e+00
    outer loop
      vertex   -9.156064e+01 -7.113470e+00 -1.000000e+02
      vertex   -1.682069e+01 -7.164071e+00 -1.000000e+02
      vertex   -9.052369e+01 -7.162007e+00 -1.000000e+02
    endloop
  endfacet
  facet normal 0.000000e+00 0.000000e+00 -1.000000e+00
    outer loop
      vertex   -9.052369e+01 -7.162007e+00 -1.000000e+02
      vertex   -1.682069e+01 -7.164071e+00 -1.000000e+02
      vertex   -8.948783e+01 -7.209714e+00 -1.000000e+02
    endloop
  endfacet
  facet normal 0.000000e+00 0.000000e+00 -1.000000e+00
    outer loop
      vertex   -8.948783e+01 -7.209714e+00 -1.000000e+02
      vertex   -1.682069e+01 -7.164071e+00 -1.000000e+02
      vertex   -1.739872e+01 -7.235753e+00 -1.000000e+02
    endloop
  endfacet
  facet normal 0.000000e+00 0.000000e+00 -1.000000e+00
    outer loop
      vertex   -8.948783e+01 -7.209714e+00 -1.000000e+02
      vertex   -1.739872e+01 -7.235753e+00 -1.000000e+02
      vertex   -8.845318e+01 -7.256566e+00 -1.000000e+02
    endloop
  endfacet
  facet normal 0.000000e+00 0.000000e+00 -1.000000e+00
    outer loop
      vertex   -8.845318e+01 -7.256566e+00 -1.000000e+02
      vertex   -1.739872e+01 -7.235753e+00 -1.000000e+02
      vertex   -1.798546e+01 -7.305318e+00 -1.000000e+02
    endloop
  endfacet
  facet normal 0.000000e+00 0.000000e+00 -1.000000e+00
    outer loop
      vertex   -8.845318e+01 -7.256566e+00 -1.000000e+02
      vertex   -1.798546e+01 -7.305318e+00 -1.000000e+02
      vertex   -8.741986e+01 -7.302533e+00 -1.000000e+02
    endloop
  endfacet
  facet normal 0.000000e+00 0.000000e+00 -1.000000e+00
    outer loop
      vertex   -8.741986e+01 -7.302533e+00 -1.000000e+02
      vertex   -1.798546e+01 -7.305318e+00 -1.000000e+02
      vertex   -8.638796e+01 -7.347589e+00 -1.000000e+02
    endloop
  endfacet
  facet normal 0.000000e+00 0.000000e+00 -1.000000e+00
    outer loop
      vertex   -8.638796e+01 -7.347589e+00 -1.000000e+02
      vertex   -1.798546e+01 -7.305318e+00 -1.000000e+02
      vertex   -1.858087e+01 -7.372770e+00 -1.000000e+02
    endloop
  endfacet
  facet normal 0.000000e+00 0.000000e+00 -1.000000e+00
    outer loop
      vertex   -8.638796e+01 -7.347589e+00 -1.000000e+02
      vertex   -1.858087e+01 -7.372770e+00 -1.000000e+02
      vertex   -8.535760e+01 -7.391708e+00 -1.000000e+02
    endloop
  endfacet
  facet normal 0.000000e+00 0.000000e+00 -1.000000e+00
    outer loop
      vertex   -8.535760e+01 -7.391708e+00 -1.000000e+02
      vertex   -1.858087e+01 -7.372770e+00 -1.000000e+02
      vertex   -1.918487e+01 -7.438112e+00 -1.000000e+02
    endloop
  endfacet
  facet normal 0.000000e+00 0.000000e+00 -1.000000e+00
    outer loop
      vertex   -8.535760e+01 -7.391708e+00 -1.000000e+02
      vertex   -1.918487e+01 -7.438112e+00 -1.000000e+02
      vertex   -8.432889e+01 -7.434861e+00 -1.000000e+02
    endloop
  endfacet
  facet normal 0.000000e+00 0.000000e+00 -1.000000e+00
    outer loop
      vertex   -8.432889e+01 -7.434861e+00 -1.000000e+02
      vertex   -1.918487e+01 -7.438112e+00 -1.000000e+02
      vertex   -8.330194e+01 -7.477020e+00 -1.000000e+02
    endloop
  endfacet
  facet normal 0.000000e+00 0.000000e+00 -1.000000e+00
    outer loop
      vertex   -8.330194e+01 -7.477020e+00 -1.000000e+02
      vertex   -1.918487e+01 -7.438112e+00 -1.000000e+02
      vertex   -1.979739e+01 -7.501351e+00 -1.000000e+02
    endloop
  endfacet
  facet normal 0.000000e+00 0.000000e+00 -1.000000e+00
    outer loop
      vertex   -8.330194e+01 -7.477020e+00 -1.000000e+02
      vertex   -1.979739e+01 -7.501351e+00 -1.000000e+02
      vertex   -8.227686e+01 -7.518160e+00 -1.000000e+02
    endloop
  endfacet
  facet normal 0.000000e+00 0.000000e+00 -1.000000e+00
    outer loop
      vertex   -8.227686e+01 -7.518160e+00 -1.000000e+02
      vertex   -1.979739e+01 -7.501351e+00 -1.000000e+02
      vertex   -2.041837e+01 -7.562491e+00 -1.000000e+02
    endloop
  endfacet
  facet normal 0.000000e+00 0.000000e+00 -1.000000e+00
    outer loop
      vertex   -8.227686e+01 -7.518160e+00 -1.000000e+02
      vertex   -2.041837e+01 -7.562491e+00 -1.000000e+02
      vertex   -8.125377e+01 -7.558252e+00 -1.000000e+02
    endloop
  endfacet
  facet normal 0.000000e+00 0.000000e+00 -1.000000e+00
    outer loop
      vertex   -8.125377e+01 -7.558252e+00 -1.000000e+02
      vertex   -2.041837e+01 -7.562491e+00 -1.000000e+02
      vertex   -8.023276e+01 -7.597269e+00 -1.000000e+02
    endloop
  endfacet
  facet normal 0.000000e+00 0.000000e+00 -1.000000e+00
    outer loop
      vertex   -8.023276e+01 -7.597269e+00 -1.000000e+02
      vertex   -2.041837e+01 -7.562491e+00 -1.000000e+02
      vertex   -2.104774e+01 -7.621539e+00 -1.000000e+02
    endloop
  endfacet
  facet normal 0.000000e+00 0.000000e+00 -1.000000e+00
    outer loop
      vertex   -8.023276e+01 -7.597269e+00 -1.000000e+02
      vertex   -2.104774e+01 -7.621539e+00 -1.000000e+02
      vertex   -7.922034e+01 -7.635396e+00 -1.000000e+02
    endloop
  endfacet
  facet normal 0.000000e+00 0.000000e+00 -1.000000e+00
    outer loop
      vertex   -7.922034e+01 -7.635396e+00 -1.000000e+02
      vertex   -2.104774e+01 -7.621539e+00 -1.000000e+02
      vertex   -2.168544e+01 -7.678501e+00 -1.000000e+02
    endloop
  endfacet
  facet normal 0.000000e+00 0.000000e+00 -1.000000e+00
    outer loop
      vertex   -7.922034e+01 -7.635396e+00 -1.000000e+02
      vertex   -2.168544e+01 -7.678501e+00 -1.000000e+02
      vertex   -7.821214e+01 -7.673087e+00 -1.000000e+02
    endloop
  endfacet
  facet normal 0.000000e+00 0.000000e+00 -1.000000e+00
    outer loop
      vertex   -7.821214e+01 -7.673087e+00 -1.000000e+02
      vertex   -2.168544e+01 -7.678501e+00 -1.000000e+02
      vertex   -7.720639e+01 -7.710328e+00 -1.000000e+02
    endloop
  endfacet
  facet normal 0.000000e+00 0.000000e+00 -1.000000e+00
    outer loop
      vertex   -7.720639e+01 -7.710328e+00 -1.000000e+02
      vertex   -2.168544e+01 -7.678501e+00 -1.000000e+02
      vertex   -2.233138e+01 -7.733385e+00 -1.000000e+02
    endloop
  endfacet
  facet normal 0.000000e+00 0.000000e+00 -1.000000e+00
    outer loop
      vertex   -7.720639e+01 -7.710328e+00 -1.000000e+02
      vertex   -2.233138e+01 -7.733385e+00 -1.000000e+02
      vertex   -7.620319e+01 -7.747086e+00 -1.000000e+02
    endloop
  endfacet
  facet normal 0.000000e+00 0.000000e+00 -1.000000e+00
    outer loop
      vertex   -7.620319e+01 -7.747086e+00 -1.000000e+02
      vertex   -2.233138e+01 -7.733385e+00 -1.000000e+02
      vertex   -2.298551e+01 -7.786198e+00 -1.000000e+02
    endloop
  endfacet
  facet normal 0.000000e+00 0.000000e+00 -1.000000e+00
    outer loop
      vertex   -7.620319e+01 -7.747086e+00 -1.000000e+02
      vertex   -2.298551e+01 -7.786198e+00 -1.000000e+02
      vertex   -7.520264e+01 -7.783329e+00 -1.000000e+02
    endloop
  endfacet
  facet normal 0.000000e+00 0.000000e+00 -1.000000e+00
    outer loop
      vertex   -7.520264e+01 -7.783329e+00 -1.000000e+02
      vertex   -2.298551e+01 -7.786198e+00 -1.000000e+02
      vertex   -7.420483e+01 -7.819024e+00 -1.000000e+02
    endloop
  endfacet
  facet normal 0.000000e+00 0.000000e+00 -1.000000e+00
    outer loop
      vertex   -7.420483e+01 -7.819024e+00 -1.000000e+02
      vertex   -2.298551e+01 -7.786198e+00 -1.000000e+02
      vertex   -2.364774e+01 -7.836950e+00 -1.000000e+02
    endloop
  endfacet
  facet normal 0.000000e+00 0.000000e+00 -1.000000e+00
    outer loop
      vertex   -7.420483e+01 -7.819024e+00 -1.000000e+02
      vertex   -2.364774e+01 -7.836950e+00 -1.000000e+02
      vertex   -7.320989e+01 -7.854137e+00 -1.000000e+02
    endloop
  endfacet
  facet normal 0.000000e+00 0.000000e+00 -1.000000e+00
    outer loop
      vertex   -7.320989e+01 -7.854137e+00 -1.000000e+02
      vertex   -2.364774e+01 -7.836950e+00 -1.000000e+02
      vertex   -2.431802e+01 -7.885648e+00 -1.000000e+02
    endloop
  endfacet
  facet normal 0.000000e+00 0.000000e+00 -1.000000e+00
    outer loop
      vertex   -7.320989e+01 -7.854137e+00 -1.000000e+02
      vertex   -2.431802e+01 -7.885648e+00 -1.000000e+02
      vertex   -7.221789e+01 -7.888637e+00 -1.000000e+02
    endloop
  endfacet
  facet normal 0.000000e+00 0.000000e+00 -1.000000e+00
    outer loop
      vertex   -7.221789e+01 -7.888637e+00 -1.000000e+02
      vertex   -2.431802e+01 -7.885648e+00 -1.000000e+02
      vertex   -2.499627e+01 -7.932303e+00 -1.000000e+02
    endloop
  endfacet
  facet normal 0.000000e+00 0.000000e+00 -1.000000e+00
    outer loop
      vertex   -7.221789e+01 -7.888637e+00 -1.000000e+02
      vertex   -2.499627e+01 -7.932303e+00 -1.000000e+02
      vertex   -7.122895e+01 -7.922488e+00 -1.000000e+02
    endloop
  endfacet
  facet normal 0.000000e+00 0.000000e+00 -1.000000e+00
    outer loop
      vertex   -7.122895e+01 -7.922488e+00 -1.000000e+02
      vertex   -2.499627e+01 -7.932303e+00 -1.000000e+02
      vertex   -7.024317e+01 -7.955660e+00 -1.000000e+02
    endloop
  endfacet
  facet normal 0.000000e+00 0.000000e+00 -1.000000e+00
    outer loop
      vertex   -7.024317e+01 -7.955660e+00 -1.000000e+02
      vertex   -2.499627e+01 -7.932303e+00 -1.000000e+02
      vertex   -2.568241e+01 -7.976925e+00 -1.000000e+02
    endloop
  endfacet
  facet normal 0.000000e+00 0.000000e+00 -1.000000e+00
    outer loop
      vertex   -7.024317e+01 -7.955660e+00 -1.000000e+02
      vertex   -2.568241e+01 -7.976925e+00 -1.000000e+02
      vertex   -6.926065e+01 -7.988117e+00 -1.000000e+02
    endloop
  endfacet
  facet normal 0.000000e+00 0.000000e+00 -1.000000e+00
    outer loop
      vertex   -6.926065e+01 -7.988117e+00 -1.000000e+02
      vertex   -2.568241e+01 -7.976925e+00 -1.000000e+02
      vertex   -2.637638e+01 -8.019525e+00 -1.000000e+02
    endloop
  endfacet
  facet normal 0.000000e+00 0.000000e+00 -1.000000e+00
    outer loop
      vertex   -6.926065e+01 -7.988117e+00 -1.000000e+02
      vertex   -2.637638e+01 -8.019525e+00 -1.000000e+02
      vertex   -6.828149e+01 -8.019826e+00 -1.000000e+02
    endloop
  endfacet
  facet normal 0.000000e+00 0.000000e+00 -1.000000e+00
    outer loop
      vertex   -6.828149e+01 -8.019826e+00 -1.000000e+02
      vertex   -2.637638e+01 -8.019525e+00 -1.000000e+02
      vertex   -2.707809e+01 -8.060114e+00 -1.000000e+02
    endloop
  endfacet
  facet normal 0.000000e+00 0.000000e+00 -1.000000e+00
    outer loop
      vertex   -6.828149e+01 -8.019826e+00 -1.000000e+02
      vertex   -2.707809e+01 -8.060114e+00 -1.000000e+02
      vertex   -6.730578e+01 -8.050756e+00 -1.000000e+02
    endloop
  endfacet
  facet normal 0.000000e+00 0.000000e+00 -1.000000e+00
    outer loop
      vertex   -6.730578e+01 -8.050756e+00 -1.000000e+02
      vertex   -2.707809e+01 -8.060114e+00 -1.000000e+02
      vertex   -6.633363e+01 -8.080871e+00 -1.000000e+02
    endloop
  endfacet
  facet normal 0.000000e+00 0.000000e+00 -1.000000e+00
    outer loop
      vertex   -6.633363e+01 -8.080871e+00 -1.000000e+02
      vertex   -2.707809e+01 -8.060114e+00 -1.000000e+02
      vertex   -2.778748e+01 -8.098704e+00 -1.000000e+02
    endloop
  endfacet
  facet normal 0.000000e+00 0.000000e+00 -1.000000e+00
    outer loop
      vertex   -6.633363e+01 -8.080871e+00 -1.000000e+02
      vertex   -2.778748e+01 -8.098704e+00 -1.000000e+02
      vertex   -6.536514e+01 -8.110139e+00 -1.000000e+02
    endloop
  endfacet
  facet normal 0.000000e+00 0.000000e+00 -1.000000e+00
    outer loop
      vertex   -6.536514e+01 -8.110139e+00 -1.000000e+02
      vertex   -2.778748e+01 -8.098704e+00 -1.000000e+02
      vertex   -2.850447e+01 -8.135308e+00 -1.000000e+02
    endloop
  endfacet
  facet normal 0.000000e+00 0.000000e+00 -1.000000e+00
    outer loop
      vertex   -6.536514e+01 -8.110139e+00 -1.000000e+02
      vertex   -2.850447e+01 -8.135308e+00 -1.000000e+02
      vertex   -6.440040e+01 -8.138527e+00 -1.000000e+02
    endloop
  endfacet
  facet normal 0.000000e+00 0.000000e+00 -1.000000e+00
    outer loop
      vertex   -6.440040e+01 -8.138527e+00 -1.000000e+02
      vertex   -2.850447e+01 -8.135308e+00 -1.000000e+02
      vertex   -2.922899e+01 -8.169940e+00 -1.000000e+02
    endloop
  endfacet
  facet normal 0.000000e+00 0.000000e+00 -1.000000e+00
    outer loop
      vertex   -6.440040e+01 -8.138527e+00 -1.000000e+02
      vertex   -2.922899e+01 -8.169940e+00 -1.000000e+02
      vertex   -6.343951e+01 -8.166002e+00 -1.000000e+02
    endloop
  endfacet
  facet normal 0.000000e+00 0.000000e+00 -1.000000e+00
    outer loop
      vertex   -6.343951e+01 -8.166002e+00 -1.000000e+02
      vertex   -2.922899e+01 -8.169940e+00 -1.000000e+02
      vertex   -6.248257e+01 -8.192530e+00 -1.000000e+02
    endloop
  endfacet
  facet normal 0.000000e+00 0.000000e+00 -1.000000e+00
    outer loop
      vertex   -6.248257e+01 -8.192530e+00 -1.000000e+02
      vertex   -2.922899e+01 -8.169940e+00 -1.000000e+02
      vertex   -2.996095e+01 -8.202614e+00 -1.000000e+02
    endloop
  endfacet
  facet normal 0.000000e+00 0.000000e+00 -1.000000e+00
    outer loop
      vertex   -6.248257e+01 -8.192530e+00 -1.000000e+02
      vertex   -2.996095e+01 -8.202614e+00 -1.000000e+02
      vertex   -6.152968e+01 -8.218079e+00 -1.000000e+02
    endloop
  endfacet
  facet normal 0.000000e+00 0.000000e+00 -1.000000e+00
    outer loop
      vertex   -6.152968e+01 -8.218079e+00 -1.000000e+02
      vertex   -2.996095e+01 -8.202614e+00 -1.000000e+02
      vertex   -3.070028e+01 -8.233343e+00 -1.000000e+02
    endloop
  endfacet
  facet normal 0.000000e+00 0.000000e+00 -1.000000e+00
    outer loop
      vertex   -6.152968e+01 -8.218079e+00 -1.000000e+02
      vertex   -3.070028e+01 -8.233343e+00 -1.000000e+02
      vertex   -6.058093e+01 -8.242617e+00 -1.000000e+02
    endloop
  endfacet
  facet normal 0.000000e+00 0.000000e+00 -1.000000e+00
    outer loop
      vertex   -6.058093e+01 -8.242617e+00 -1.000000e+02
      vertex   -3.070028e+01 -8.233343e+00 -1.000000e+02
      vertex   -3.144690e+01 -8.262144e+00 -1.000000e+02
    endloop
  endfacet
  facet normal 0.000000e+00 0.000000e+00 -1.000000e+00
    outer loop
      vertex   -6.058093e+01 -8.242617e+00 -1.000000e+02
      vertex   -3.144690e+01 -8.262144e+00 -1.000000e+02
      vertex   -5.963641e+01 -8.266110e+00 -1.000000e+02
    endloop
  endfacet
  facet normal 0.000000e+00 0.000000e+00 -1.000000e+00
    outer loop
      vertex   -5.963641e+01 -8.266110e+00 -1.000000e+02
      vertex   -3.144690e+01 -8.262144e+00 -1.000000e+02
      vertex   -3.220074e+01 -8.289033e+00 -1.000000e+02
    endloop
  endfacet
  facet normal 0.000000e+00 0.000000e+00 -1.000000e+00
    outer loop
      vertex   -5.963641e+01 -8.266110e+00 -1.000000e+02
      vertex   -3.220074e+01 -8.289033e+00 -1.000000e+02
      vertex   -5.869624e+01 -8.288527e+00 -1.000000e+02
    endloop
  endfacet
  facet normal 0.000000e+00 0.000000e+00 -1.000000e+00
    outer loop
      vertex   -5.869624e+01 -8.288527e+00 -1.000000e+02
      vertex   -3.220074e+01 -8.289033e+00 -1.000000e+02
      vertex   -5.776049e+01 -8.309835e+00 -1.000000e+02
    endloop
  endfacet
  facet normal 0.000000e+00 0.000000e+00 -1.000000e+00
    outer loop
      vertex   -5.776049e+01 -8.309835e+00 -1.000000e+02
      vertex   -3.220074e+01 -8.289033e+00 -1.000000e+02
      vertex   -3.296171e+01 -8.314025e+00 -1.000000e+02
    endloop
  endfacet
  facet normal 0.000000e+00 0.000000e+00 -1.000000e+00
    outer loop
      vertex   -5.776049e+01 -8.309835e+00 -1.000000e+02
      vertex   -3.296171e+01 -8.314025e+00 -1.000000e+02
      vertex   -5.682927e+01 -8.330003e+00 -1.000000e+02
    endloop
  endfacet
  facet normal 0.000000e+00 0.000000e+00 -1.000000e+00
    outer loop
      vertex   -5.682927e+01 -8.330003e+00 -1.000000e+02
      vertex   -3.296171e+01 -8.314025e+00 -1.000000e+02
      vertex   -3.372974e+01 -8.337138e+00 -1.000000e+02
    endloop
  endfacet
  facet normal 0.000000e+00 0.000000e+00 -1.000000e+00
    outer loop
      vertex   -5.682927e+01 -8.330003e+00 -1.000000e+02
      vertex   -3.372974e+01 -8.337138e+00 -1.000000e+02
      vertex   -5.590267e+01 -8.348999e+00 -1.000000e+02
    endloop
  endfacet
  facet normal 0.000000e+00 0.000000e+00 -1.000000e+00
    outer loop
      vertex   -5.590267e+01 -8.348999e+00 -1.000000e+02
      vertex   -3.372974e+01 -8.337138e+00 -1.000000e+02
      vertex   -3.450475e+01 -8.358390e+00 -1.000000e+02
    endloop
  endfacet
  facet normal 0.000000e+00 0.000000e+00 -1.000000e+00
    outer loop
      vertex   -5.590267e+01 -8.348999e+00 -1.000000e+02
      vertex   -3.450475e+01 -8.358390e+00 -1.000000e+02
      vertex   -5.498078e+01 -8.366792e+00 -1.000000e+02
    endloop
  endfacet
  facet normal 0.000000e+00 0.000000e+00 -1.000000e+00
    outer loop
      vertex   -5.498078e+01 -8.366792e+00 -1.000000e+02
      vertex   -3.450475e+01 -8.358390e+00 -1.000000e+02
      vertex   -3.528666e+01 -8.377799e+00 -1.000000e+02
    endloop
  endfacet
  facet normal 0.000000e+00 0.000000e+00 -1.000000e+00
    outer loop
      vertex   -5.498078e+01 -8.366792e+00 -1.000000e+02
      vertex   -3.528666e+01 -8.377799e+00 -1.000000e+02
      vertex   -5.406370e+01 -8.383351e+00 -1.000000e+02
    endloop
  endfacet
  facet normal 0.000000e+00 0.000000e+00 -1.000000e+00
    outer loop
      vertex   -5.406370e+01 -8.383351e+00 -1.000000e+02
      vertex   -3.528666e+01 -8.377799e+00 -1.000000e+02
      vertex   -3.607538e+01 -8.395385e+00 -1.000000e+02
    endloop
  endfacet
  facet normal 0.000000e+00 0.000000e+00 -1.000000e+00
    outer loop
      vertex   -5.406370e+01 -8.383351e+00 -1.000000e+02
      vertex   -3.607538e+01 -8.395385e+00 -1.000000e+02
      vertex   -5.315151e+01 -8.398645e+00 -1.000000e+02
    endloop
  endfacet
  facet normal 0.000000e+00 0.000000e+00 -1.000000e+00
    outer loop
      vertex   -5.315151e+01 -8.398645e+00 -1.000000e+02
      vertex   -3.607538e+01 -8.395385e+00 -1.000000e+02
      vertex   -3.687083e+01 -8.411167e+00 -1.000000e+02
    endloop
  endfacet
  facet normal 0.000000e+00 0.000000e+00 -1.000000e+00
    outer loop
      vertex   -5.315151e+01 -8.398645e+00 -1.000000e+02
      vertex   -3.687083e+01 -8.411167e+00 -1.000000e+02
      vertex   -5.224432e+01 -8.412644e+00 -1.000000e+02
    endloop
  endfacet
  facet normal 0.000000e+00 0.000000e+00 -1.000000e+00
    outer loop
      vertex   -5.224432e+01 -8.412644e+00 -1.000000e+02
      vertex   -3.687083e+01 -8.411167e+00 -1.000000e+02
      vertex   -3.767294e+01 -8.425164e+00 -1.000000e+02
    endloop
  endfacet
  facet normal 0.000000e+00 0.000000e+00 -1.000000e+00
    outer loop
      vertex   -5.224432e+01 -8.412644e+00 -1.000000e+02
      vertex   -3.767294e+01 -8.425164e+00 -1.000000e+02
      vertex   -5.134221e+01 -8.425318e+00 -1.000000e+02
    endloop
  endfacet
  facet normal 0.000000e+00 0.000000e+00 -1.000000e+00
    outer loop
      vertex   -5.134221e+01 -8.425318e+00 -1.000000e+02
      vertex   -3.767294e+01 -8.425164e+00 -1.000000e+02
      vertex   -3.848161e+01 -8.437399e+00 -1.000000e+02
    endloop
  endfacet
  facet normal 0.000000e+00 0.000000e+00 -1.000000e+00
    outer loop
      vertex   -5.134221e+01 -8.425318e+00 -1.000000e+02
      vertex   -3.848161e+01 -8.437399e+00 -1.000000e+02
      vertex   -5.044528e+01 -8.436638e+00 -1.000000e+02
    endloop
  endfacet
  facet normal 0.000000e+00 0.000000e+00 -1.000000e+00
    outer loop
      vertex   -5.044528e+01 -8.436638e+00 -1.000000e+02
      vertex   -3.848161e+01 -8.437399e+00 -1.000000e+02
      vertex   -4.955361e+01 -8.446575e+00 -1.000000e+02
    endloop
  endfacet
  facet normal 0.000000e+00 0.000000e+00 -1.000000e+00
    outer loop
      vertex   -4.955361e+01 -8.446575e+00 -1.000000e+02
      vertex   -3.848161e+01 -8.437399e+00 -1.000000e+02
      vertex   -3.929677e+01 -8.447893e+00 -1.000000e+02
    endloop
  endfacet
  facet normal 0.000000e+00 0.000000e+00 -1.000000e+00
    outer loop
      vertex   -4.955361e+01 -8.446575e+00 -1.000000e+02
      vertex   -3.929677e+01 -8.447893e+00 -1.000000e+02
      vertex   -4.866730e+01 -8.455098e+00 -1.000000e+02
    endloop
  endfacet
  facet normal 0.000000e+00 0.000000e+00 -1.000000e+00
    outer loop
      vertex   -4.866730e+01 -8.455098e+00 -1.000000e+02
      vertex   -3.929677e+01 -8.447893e+00 -1.000000e+02
      vertex   -4.011834e+01 -8.456667e+00 -1.000000e+02
    endloop
  endfacet
  facet normal 0.000000e+00 0.000000e+00 -1.000000e+00
    outer loop
      vertex   -4.866730e+01 -8.455098e+00 -1.000000e+02
      vertex   -4.011834e+01 -8.456667e+00 -1.000000e+02
      vertex   -4.778644e+01 -8.462182e+00 -1.000000e+02
    endloop
  endfacet
  facet normal 0.000000e+00 0.000000e+00 -1.000000e+00
    outer loop
      vertex   -4.778644e+01 -8.462182e+00 -1.000000e+02
      vertex   -4.011834e+01 -8.456667e+00 -1.000000e+02
      vertex   -4.094622e+01 -8.463744e+00 -1.000000e+02
    endloop
  endfacet
  facet normal 0.000000e+00 0.000000e+00 -1.000000e+00
    outer loop
      vertex   -4.778644e+01 -8.462182e+00 -1.000000e+02
      vertex   -4.094622e+01 -8.463744e+00 -1.000000e+02
      vertex   -4.691111e+01 -8.467797e+00 -1.000000e+02
    endloop
  endfacet
  facet normal 0.000000e+00 0.000000e+00 -1.000000e+00
    outer loop
      vertex   -4.691111e+01 -8.467797e+00 -1.000000e+02
      vertex   -4.094622e+01 -8.463744e+00 -1.000000e+02
      vertex   -4.178034e+01 -8.469148e+00 -1.000000e+02
    endloop
  endfacet
  facet normal 0.000000e+00 0.000000e+00 -1.000000e+00
    outer loop
      vertex   -4.691111e+01 -8.467797e+00 -1.000000e+02
      vertex   -4.178034e+01 -8.469148e+00 -1.000000e+02
      vertex   -4.604140e+01 -8.471916e+00 -1.000000e+02
    endloop
  endfacet
  facet normal 0.000000e+00 0.000000e+00 -1.000000e+00
    outer loop
      vertex   -4.604140e+01 -8.471916e+00 -1.000000e+02
      vertex   -4.178034e+01 -8.469148e+00 -1.000000e+02
      vertex   -4.262060e+01 -8.472902e+00 -1.000000e+02
    endloop
  endfacet
  facet normal 0.000000e+00 0.000000e+00 -1.000000e+00
    outer loop
      vertex   -4.604140e+01 -8.471916e+00 -1.000000e+02
      vertex   -4.262060e+01 -8.472902e+00 -1.000000e+02
      vertex   -4.517741e+01 -8.474512e+00 -1.000000e+02
    endloop
  endfacet
  facet normal 0.000000e+00 0.000000e+00 -1.000000e+00
    outer loop
      vertex   -4.517741e+01 -8.474512e+00 -1.000000e+02
      vertex   -4.262060e+01 -8.472902e+00 -1.000000e+02
      vertex   -4.346692e+01 -8.475031e+00 -1.000000e+02
    endloop
  endfacet
  facet normal 0.000000e+00 0.000000e+00 -1.000000e+00
    outer loop
      vertex   -4.517741e+01 -8.474512e+00 -1.000000e+02
      vertex   -4.346692e+01 -8.475031e+00 -1.000000e+02
      vertex   -4.431922e+01 -8.475559e+00 -1.000000e+02
    endloop
  endfacet
  facet normal -0.000000e+00 0.000000e+00 -1.000000e+00
    outer loop
      vertex   -1.173350e+02 -2.711034e+00 -1.000000e+02
      vertex   -1.515583e+02 -3.559100e+00 -1.000000e+02
      vertex   -1.183603e+02 -2.649809e+00 -1.000000e+02
    endloop
  endfacet
  facet normal 0.000000e+00 0.000000e+00 -1.000000e+00
    outer loop
      vertex   -1.183603e+02 -2.649809e+00 -1.000000e+02
      vertex   -1.515583e+02 -3.559100e+00 -1.000000e+02
      vertex   -1.524519e+02 -3.500598e+00 -1.000000e+02
    endloop
  endfacet
  facet normal -0.000000e+00 0.000000e+00 -1.000000e+00
    outer loop
      vertex   -1.183603e+02 -2.649809e+00 -1.000000e+02
      vertex   -1.524519e+02 -3.500598e+00 -1.000000e+02
      vertex   -1.193836e+02 -2.588397e+00 -1.000000e+02
    endloop
  endfacet
  facet normal 0.000000e+00 0.000000e+00 -1.000000e+00
    outer loop
      vertex   -1.193836e+02 -2.588397e+00 -1.000000e+02
      vertex   -1.524519e+02 -3.500598e+00 -1.000000e+02
      vertex   -1.533399e+02 -3.442390e+00 -1.000000e+02
    endloop
  endfacet
  facet normal -0.000000e+00 0.000000e+00 -1.000000e+00
    outer loop
      vertex   -1.193836e+02 -2.588397e+00 -1.000000e+02
      vertex   -1.533399e+02 -3.442390e+00 -1.000000e+02
      vertex   -1.204049e+02 -2.526817e+00 -1.000000e+02
    endloop
  endfacet
  facet normal 0.000000e+00 0.000000e+00 -1.000000e+00
    outer loop
      vertex   -1.204049e+02 -2.526817e+00 -1.000000e+02
      vertex   -1.533399e+02 -3.442390e+00 -1.000000e+02
      vertex   -1.542221e+02 -3.384485e+00 -1.000000e+02
    endloop
  endfacet
  facet normal -0.000000e+00 0.000000e+00 -1.000000e+00
    outer loop
      vertex   -1.204049e+02 -2.526817e+00 -1.000000e+02
      vertex   -1.542221e+02 -3.384485e+00 -1.000000e+02
      vertex   -1.214241e+02 -2.465088e+00 -1.000000e+02
    endloop
  endfacet
  facet normal 0.000000e+00 0.000000e+00 -1.000000e+00
    outer loop
      vertex   -1.214241e+02 -2.465088e+00 -1.000000e+02
      vertex   -1.542221e+02 -3.384485e+00 -1.000000e+02
      vertex   -1.550985e+02 -3.326891e+00 -1.000000e+02
    endloop
  endfacet
  facet normal -0.000000e+00 0.000000e+00 -1.000000e+00
    outer loop
      vertex   -1.214241e+02 -2.465088e+00 -1.000000e+02
      vertex   -1.550985e+02 -3.326891e+00 -1.000000e+02
      vertex   -1.224411e+02 -2.403229e+00 -1.000000e+02
    endloop
  endfacet
  facet normal 0.000000e+00 0.000000e+00 -1.000000e+00
    outer loop
      vertex   -1.224411e+02 -2.403229e+00 -1.000000e+02
      vertex   -1.550985e+02 -3.326891e+00 -1.000000e+02
      vertex   -1.559689e+02 -3.269616e+00 -1.000000e+02
    endloop
  endfacet
  facet normal -0.000000e+00 0.000000e+00 -1.000000e+00
    outer loop
      vertex   -1.224411e+02 -2.403229e+00 -1.000000e+02
      vertex   -1.559689e+02 -3.269616e+00 -1.000000e+02
      vertex   -1.234557e+02 -2.341258e+00 -1.000000e+02
    endloop
  endfacet
  facet normal 0.000000e+00 0.000000e+00 -1.000000e+00
    outer loop
      vertex   -1.234557e+02 -2.341258e+00 -1.000000e+02
      vertex   -1.559689e+02 -3.269616e+00 -1.000000e+02
      vertex   -1.568332e+02 -3.212669e+00 -1.000000e+02
    endloop
  endfacet
  facet normal -0.000000e+00 0.000000e+00 -1.000000e+00
    outer loop
      vertex   -1.234557e+02 -2.341258e+00 -1.000000e+02
      vertex   -1.568332e+02 -3.212669e+00 -1.000000e+02
      vertex   -1.244678e+02 -2.279194e+00 -1.000000e+02
    endloop
  endfacet
  facet normal 0.000000e+00 0.000000e+00 -1.000000e+00
    outer loop
      vertex   -1.244678e+02 -2.279194e+00 -1.000000e+02
      vertex   -1.568332e+02 -3.212669e+00 -1.000000e+02
      vertex   -1.576913e+02 -3.156059e+00 -1.000000e+02
    endloop
  endfacet
  facet normal -0.000000e+00 0.000000e+00 -1.000000e+00
    outer loop
      vertex   -1.244678e+02 -2.279194e+00 -1.000000e+02
      vertex   -1.576913e+02 -3.156059e+00 -1.000000e+02
      vertex   -1.254774e+02 -2.217053e+00 -1.000000e+02
    endloop
  endfacet
  facet normal 0.000000e+00 0.000000e+00 -1.000000e+00
    outer loop
      vertex   -1.254774e+02 -2.217053e+00 -1.000000e+02
      vertex   -1.576913e+02 -3.156059e+00 -1.000000e+02
      vertex   -1.585432e+02 -3.099791e+00 -1.000000e+02
    endloop
  endfacet
  facet normal 0.000000e+00 0.000000e+00 -1.000000e+00
    outer loop
      vertex   -1.254774e+02 -2.217053e+00 -1.000000e+02
      vertex   -1.585432e+02 -3.099791e+00 -1.000000e+02
      vertex   -1.593888e+02 -3.043876e+00 -1.000000e+02
    endloop
  endfacet
  facet normal -0.000000e+00 0.000000e+00 -1.000000e+00
    outer loop
      vertex   -1.254774e+02 -2.217053e+00 -1.000000e+02
      vertex   -1.593888e+02 -3.043876e+00 -1.000000e+02
      vertex   -1.264843e+02 -2.154854e+00 -1.000000e+02
    endloop
  endfacet
  facet normal 0.000000e+00 0.000000e+00 -1.000000e+00
    outer loop
      vertex   -1.264843e+02 -2.154854e+00 -1.000000e+02
      vertex   -1.593888e+02 -3.043876e+00 -1.000000e+02
      vertex   -1.602279e+02 -2.988319e+00 -1.000000e+02
    endloop
  endfacet
  facet normal -0.000000e+00 0.000000e+00 -1.000000e+00
    outer loop
      vertex   -1.264843e+02 -2.154854e+00 -1.000000e+02
      vertex   -1.602279e+02 -2.988319e+00 -1.000000e+02
      vertex   -1.274884e+02 -2.092613e+00 -1.000000e+02
    endloop
  endfacet
  facet normal 0.000000e+00 0.000000e+00 -1.000000e+00
    outer loop
      vertex   -1.274884e+02 -2.092613e+00 -1.000000e+02
      vertex   -1.602279e+02 -2.988319e+00 -1.000000e+02
      vertex   -1.610605e+02 -2.933129e+00 -1.000000e+02
    endloop
  endfacet
  facet normal -0.000000e+00 0.000000e+00 -1.000000e+00
    outer loop
      vertex   -1.274884e+02 -2.092613e+00 -1.000000e+02
      vertex   -1.610605e+02 -2.933129e+00 -1.000000e+02
      vertex   -1.284895e+02 -2.030347e+00 -1.000000e+02
    endloop
  endfacet
  facet normal 0.000000e+00 0.000000e+00 -1.000000e+00
    outer loop
      vertex   -1.284895e+02 -2.030347e+00 -1.000000e+02
      vertex   -1.610605e+02 -2.933129e+00 -1.000000e+02
      vertex   -1.618864e+02 -2.878314e+00 -1.000000e+02
    endloop
  endfacet
  facet normal -0.000000e+00 0.000000e+00 -1.000000e+00
    outer loop
      vertex   -1.284895e+02 -2.030347e+00 -1.000000e+02
      vertex   -1.618864e+02 -2.878314e+00 -1.000000e+02
      vertex   -1.294877e+02 -1.968071e+00 -1.000000e+02
    endloop
  endfacet
  facet normal 0.000000e+00 0.000000e+00 -1.000000e+00
    outer loop
      vertex   -1.294877e+02 -1.968071e+00 -1.000000e+02
      vertex   -1.618864e+02 -2.878314e+00 -1.000000e+02
      vertex   -1.627057e+02 -2.823879e+00 -1.000000e+02
    endloop
  endfacet
  facet normal -0.000000e+00 0.000000e+00 -1.000000e+00
    outer loop
      vertex   -1.294877e+02 -1.968071e+00 -1.000000e+02
      vertex   -1.627057e+02 -2.823879e+00 -1.000000e+02
      vertex   -1.304827e+02 -1.905803e+00 -1.000000e+02
    endloop
  endfacet
  facet normal 0.000000e+00 0.000000e+00 -1.000000e+00
    outer loop
      vertex   -1.304827e+02 -1.905803e+00 -1.000000e+02
      vertex   -1.627057e+02 -2.823879e+00 -1.000000e+02
      vertex   -1.635181e+02 -2.769833e+00 -1.000000e+02
    endloop
  endfacet
  facet normal 0.000000e+00 0.000000e+00 -1.000000e+00
    outer loop
      vertex   -1.304827e+02 -1.905803e+00 -1.000000e+02
      vertex   -1.635181e+02 -2.769833e+00 -1.000000e+02
      vertex   -1.643236e+02 -2.716182e+00 -1.000000e+02
    endloop
  endfacet
  facet normal -0.000000e+00 0.000000e+00 -1.000000e+00
    outer loop
      vertex   -1.304827e+02 -1.905803e+00 -1.000000e+02
      vertex   -1.643236e+02 -2.716182e+00 -1.000000e+02
      vertex   -1.314745e+02 -1.843557e+00 -1.000000e+02
    endloop
  endfacet
  facet normal 0.000000e+00 0.000000e+00 -1.000000e+00
    outer loop
      vertex   -1.314745e+02 -1.843557e+00 -1.000000e+02
      vertex   -1.643236e+02 -2.716182e+00 -1.000000e+02
      vertex   -1.651221e+02 -2.662934e+00 -1.000000e+02
    endloop
  endfacet
  facet normal -0.000000e+00 0.000000e+00 -1.000000e+00
    outer loop
      vertex   -1.314745e+02 -1.843557e+00 -1.000000e+02
      vertex   -1.651221e+02 -2.662934e+00 -1.000000e+02
      vertex   -1.324630e+02 -1.781348e+00 -1.000000e+02
    endloop
  endfacet
  facet normal 0.000000e+00 0.000000e+00 -1.000000e+00
    outer loop
      vertex   -1.324630e+02 -1.781348e+00 -1.000000e+02
      vertex   -1.651221e+02 -2.662934e+00 -1.000000e+02
      vertex   -1.659135e+02 -2.610095e+00 -1.000000e+02
    endloop
  endfacet
  facet normal -0.000000e+00 0.000000e+00 -1.000000e+00
    outer loop
      vertex   -1.324630e+02 -1.781348e+00 -1.000000e+02
      vertex   -1.659135e+02 -2.610095e+00 -1.000000e+02
      vertex   -1.334480e+02 -1.719192e+00 -1.000000e+02
    endloop
  endfacet
  facet normal 0.000000e+00 0.000000e+00 -1.000000e+00
    outer loop
      vertex   -1.334480e+02 -1.719192e+00 -1.000000e+02
      vertex   -1.659135e+02 -2.610095e+00 -1.000000e+02
      vertex   -1.666977e+02 -2.557672e+00 -1.000000e+02
    endloop
  endfacet
  facet normal -0.000000e+00 0.000000e+00 -1.000000e+00
    outer loop
      vertex   -1.334480e+02 -1.719192e+00 -1.000000e+02
      vertex   -1.666977e+02 -2.557672e+00 -1.000000e+02
      vertex   -1.344294e+02 -1.657102e+00 -1.000000e+02
    endloop
  endfacet
  facet normal 0.000000e+00 0.000000e+00 -1.000000e+00
    outer loop
      vertex   -1.344294e+02 -1.657102e+00 -1.000000e+02
      vertex   -1.666977e+02 -2.557672e+00 -1.000000e+02
      vertex   -1.674747e+02 -2.505672e+00 -1.000000e+02
    endloop
  endfacet
  facet normal -0.000000e+00 0.000000e+00 -1.000000e+00
    outer loop
      vertex   -1.344294e+02 -1.657102e+00 -1.000000e+02
      vertex   -1.674747e+02 -2.505672e+00 -1.000000e+02
      vertex   -1.354071e+02 -1.595093e+00 -1.000000e+02
    endloop
  endfacet
  facet normal 0.000000e+00 0.000000e+00 -1.000000e+00
    outer loop
      vertex   -1.354071e+02 -1.595093e+00 -1.000000e+02
      vertex   -1.674747e+02 -2.505672e+00 -1.000000e+02
      vertex   -1.682444e+02 -2.454101e+00 -1.000000e+02
    endloop
  endfacet
  facet normal 0.000000e+00 0.000000e+00 -1.000000e+00
    outer loop
      vertex   -1.354071e+02 -1.595093e+00 -1.000000e+02
      vertex   -1.682444e+02 -2.454101e+00 -1.000000e+02
      vertex   -1.690065e+02 -2.402966e+00 -1.000000e+02
    endloop
  endfacet
  facet normal -0.000000e+00 0.000000e+00 -1.000000e+00
    outer loop
      vertex   -1.354071e+02 -1.595093e+00 -1.000000e+02
      vertex   -1.690065e+02 -2.402966e+00 -1.000000e+02
      vertex   -1.363811e+02 -1.533179e+00 -1.000000e+02
    endloop
  endfacet
  facet normal 0.000000e+00 0.000000e+00 -1.000000e+00
    outer loop
      vertex   -1.363811e+02 -1.533179e+00 -1.000000e+02
      vertex   -1.690065e+02 -2.402966e+00 -1.000000e+02
      vertex   -1.697612e+02 -2.352275e+00 -1.000000e+02
    endloop
  endfacet
  facet normal -0.000000e+00 0.000000e+00 -1.000000e+00
    outer loop
      vertex   -1.363811e+02 -1.533179e+00 -1.000000e+02
      vertex   -1.697612e+02 -2.352275e+00 -1.000000e+02
      vertex   -1.373511e+02 -1.471373e+00 -1.000000e+02
    endloop
  endfacet
  facet normal 0.000000e+00 0.000000e+00 -1.000000e+00
    outer loop
      vertex   -1.373511e+02 -1.471373e+00 -1.000000e+02
      vertex   -1.697612e+02 -2.352275e+00 -1.000000e+02
      vertex   -1.705083e+02 -2.302032e+00 -1.000000e+02
    endloop
  endfacet
  facet normal -0.000000e+00 0.000000e+00 -1.000000e+00
    outer loop
      vertex   -1.373511e+02 -1.471373e+00 -1.000000e+02
      vertex   -1.705083e+02 -2.302032e+00 -1.000000e+02
      vertex   -1.383172e+02 -1.409689e+00 -1.000000e+02
    endloop
  endfacet
  facet normal 0.000000e+00 0.000000e+00 -1.000000e+00
    outer loop
      vertex   -1.383172e+02 -1.409689e+00 -1.000000e+02
      vertex   -1.705083e+02 -2.302032e+00 -1.000000e+02
      vertex   -1.712476e+02 -2.252245e+00 -1.000000e+02
    endloop
  endfacet
  facet normal 0.000000e+00 0.000000e+00 -1.000000e+00
    outer loop
      vertex   -1.383172e+02 -1.409689e+00 -1.000000e+02
      vertex   -1.712476e+02 -2.252245e+00 -1.000000e+02
      vertex   -1.719792e+02 -2.202919e+00 -1.000000e+02
    endloop
  endfacet
  facet normal -0.000000e+00 0.000000e+00 -1.000000e+00
    outer loop
      vertex   -1.383172e+02 -1.409689e+00 -1.000000e+02
      vertex   -1.719792e+02 -2.202919e+00 -1.000000e+02
      vertex   -1.392791e+02 -1.348138e+00 -1.000000e+02
    endloop
  endfacet
  facet normal 0.000000e+00 0.000000e+00 -1.000000e+00
    outer loop
      vertex   -1.392791e+02 -1.348138e+00 -1.000000e+02
      vertex   -1.719792e+02 -2.202919e+00 -1.000000e+02
      vertex   -1.727030e+02 -2.154063e+00 -1.000000e+02
    endloop
  endfacet
  facet normal -0.000000e+00 0.000000e+00 -1.000000e+00
    outer loop
      vertex   -1.392791e+02 -1.348138e+00 -1.000000e+02
      vertex   -1.727030e+02 -2.154063e+00 -1.000000e+02
      vertex   -1.402369e+02 -1.286734e+00 -1.000000e+02
    endloop
  endfacet
  facet normal 0.000000e+00 0.000000e+00 -1.000000e+00
    outer loop
      vertex   -1.402369e+02 -1.286734e+00 -1.000000e+02
      vertex   -1.727030e+02 -2.154063e+00 -1.000000e+02
      vertex   -1.734188e+02 -2.105680e+00 -1.000000e+02
    endloop
  endfacet
  facet normal -0.000000e+00 0.000000e+00 -1.000000e+00
    outer loop
      vertex   -1.402369e+02 -1.286734e+00 -1.000000e+02
      vertex   -1.734188e+02 -2.105680e+00 -1.000000e+02
      vertex   -1.411903e+02 -1.225490e+00 -1.000000e+02
    endloop
  endfacet
  facet normal 0.000000e+00 0.000000e+00 -1.000000e+00
    outer loop
      vertex   -1.411903e+02 -1.225490e+00 -1.000000e+02
      vertex   -1.734188e+02 -2.105680e+00 -1.000000e+02
      vertex   -1.741265e+02 -2.057779e+00 -1.000000e+02
    endloop
  endfacet
  facet normal -0.000000e+00 0.000000e+00 -1.000000e+00
    outer loop
      vertex   -1.411903e+02 -1.225490e+00 -1.000000e+02
      vertex   -1.741265e+02 -2.057779e+00 -1.000000e+02
      vertex   -1.421393e+02 -1.164416e+00 -1.000000e+02
    endloop
  endfacet
  facet normal 0.000000e+00 0.000000e+00 -1.000000e+00
    outer loop
      vertex   -1.421393e+02 -1.164416e+00 -1.000000e+02
      vertex   -1.741265e+02 -2.057779e+00 -1.000000e+02
      vertex   -1.748262e+02 -2.010366e+00 -1.000000e+02
    endloop
  endfacet
  facet normal 0.000000e+00 0.000000e+00 -1.000000e+00
    outer loop
      vertex   -1.421393e+02 -1.164416e+00 -1.000000e+02
      vertex   -1.748262e+02 -2.010366e+00 -1.000000e+02
      vertex   -1.755177e+02 -1.963445e+00 -1.000000e+02
    endloop
  endfacet
  facet normal -0.000000e+00 0.000000e+00 -1.000000e+00
    outer loop
      vertex   -1.421393e+02 -1.164416e+00 -1.000000e+02
      vertex   -1.755177e+02 -1.963445e+00 -1.000000e+02
      vertex   -1.430837e+02 -1.103524e+00 -1.000000e+02
    endloop
  endfacet
  facet normal 0.000000e+00 0.000000e+00 -1.000000e+00
    outer loop
      vertex   -1.430837e+02 -1.103524e+00 -1.000000e+02
      vertex   -1.755177e+02 -1.963445e+00 -1.000000e+02
      vertex   -1.762009e+02 -1.917025e+00 -1.000000e+02
    endloop
  endfacet
  facet normal -0.000000e+00 0.000000e+00 -1.000000e+00
    outer loop
      vertex   -1.430837e+02 -1.103524e+00 -1.000000e+02
      vertex   -1.762009e+02 -1.917025e+00 -1.000000e+02
      vertex   -1.440235e+02 -1.042826e+00 -1.000000e+02
    endloop
  endfacet
  facet normal 0.000000e+00 0.000000e+00 -1.000000e+00
    outer loop
      vertex   -1.440235e+02 -1.042826e+00 -1.000000e+02
      vertex   -1.762009e+02 -1.917025e+00 -1.000000e+02
      vertex   -1.768758e+02 -1.871111e+00 -1.000000e+02
    endloop
  endfacet
  facet normal 0.000000e+00 0.000000e+00 -1.000000e+00
    outer loop
      vertex   -1.440235e+02 -1.042826e+00 -1.000000e+02
      vertex   -1.768758e+02 -1.871111e+00 -1.000000e+02
      vertex   -1.775423e+02 -1.825709e+00 -1.000000e+02
    endloop
  endfacet
  facet normal -0.000000e+00 0.000000e+00 -1.000000e+00
    outer loop
      vertex   -1.440235e+02 -1.042826e+00 -1.000000e+02
      vertex   -1.775423e+02 -1.825709e+00 -1.000000e+02
      vertex   -1.449586e+02 -9.823337e-01 -1.000000e+02
    endloop
  endfacet
  facet normal 0.000000e+00 0.000000e+00 -1.000000e+00
    outer loop
      vertex   -1.449586e+02 -9.823337e-01 -1.000000e+02
      vertex   -1.775423e+02 -1.825709e+00 -1.000000e+02
      vertex   -1.782003e+02 -1.780825e+00 -1.000000e+02
    endloop
  endfacet
  facet normal -0.000000e+00 0.000000e+00 -1.000000e+00
    outer loop
      vertex   -1.449586e+02 -9.823337e-01 -1.000000e+02
      vertex   -1.782003e+02 -1.780825e+00 -1.000000e+02
      vertex   -1.458888e+02 -9.220566e-01 -1.000000e+02
    endloop
  endfacet
  facet normal 0.000000e+00 0.000000e+00 -1.000000e+00
    outer loop
      vertex   -1.458888e+02 -9.220566e-01 -1.000000e+02
      vertex   -1.782003e+02 -1.780825e+00 -1.000000e+02
      vertex   -1.788498e+02 -1.736466e+00 -1.000000e+02
    endloop
  endfacet
  facet normal -0.000000e+00 0.000000e+00 -1.000000e+00
    outer loop
      vertex   -1.458888e+02 -9.220566e-01 -1.000000e+02
      vertex   -1.788498e+02 -1.736466e+00 -1.000000e+02
      vertex   -1.468141e+02 -8.620059e-01 -1.000000e+02
    endloop
  endfacet
  facet normal 0.000000e+00 0.000000e+00 -1.000000e+00
    outer loop
      vertex   -1.468141e+02 -8.620059e-01 -1.000000e+02
      vertex   -1.788498e+02 -1.736466e+00 -1.000000e+02
      vertex   -1.794906e+02 -1.692639e+00 -1.000000e+02
    endloop
  endfacet
  facet normal 0.000000e+00 0.000000e+00 -1.000000e+00
    outer loop
      vertex   -1.468141e+02 -8.620059e-01 -1.000000e+02
      vertex   -1.794906e+02 -1.692639e+00 -1.000000e+02
      vertex   -1.801226e+02 -1.649348e+00 -1.000000e+02
    endloop
  endfacet
  facet normal -0.000000e+00 0.000000e+00 -1.000000e+00
    outer loop
      vertex   -1.468141e+02 -8.620059e-01 -1.000000e+02
      vertex   -1.801226e+02 -1.649348e+00 -1.000000e+02
      vertex   -1.477343e+02 -8.021918e-01 -1.000000e+02
    endloop
  endfacet
  facet normal 0.000000e+00 0.000000e+00 -1.000000e+00
    outer loop
      vertex   -1.477343e+02 -8.021918e-01 -1.000000e+02
      vertex   -1.801226e+02 -1.649348e+00 -1.000000e+02
      vertex   -1.807459e+02 -1.606600e+00 -1.000000e+02
    endloop
  endfacet
  facet normal -0.000000e+00 0.000000e+00 -1.000000e+00
    outer loop
      vertex   -1.477343e+02 -8.021918e-01 -1.000000e+02
      vertex   -1.807459e+02 -1.606600e+00 -1.000000e+02
      vertex   -1.486493e+02 -7.426243e-01 -1.000000e+02
    endloop
  endfacet
  facet normal 0.000000e+00 0.000000e+00 -1.000000e+00
    outer loop
      vertex   -1.486493e+02 -7.426243e-01 -1.000000e+02
      vertex   -1.807459e+02 -1.606600e+00 -1.000000e+02
      vertex   -1.813604e+02 -1.564402e+00 -1.000000e+02
    endloop
  endfacet
  facet normal 0.000000e+00 0.000000e+00 -1.000000e+00
    outer loop
      vertex   -1.486493e+02 -7.426243e-01 -1.000000e+02
      vertex   -1.813604e+02 -1.564402e+00 -1.000000e+02
      vertex   -1.819659e+02 -1.522760e+00 -1.000000e+02
    endloop
  endfacet
  facet normal -0.000000e+00 0.000000e+00 -1.000000e+00
    outer loop
      vertex   -1.486493e+02 -7.426243e-01 -1.000000e+02
      vertex   -1.819659e+02 -1.522760e+00 -1.000000e+02
      vertex   -1.495591e+02 -6.833134e-01 -1.000000e+02
    endloop
  endfacet
  facet normal 0.000000e+00 0.000000e+00 -1.000000e+00
    outer loop
      vertex   -1.495591e+02 -6.833134e-01 -1.000000e+02
      vertex   -1.819659e+02 -1.522760e+00 -1.000000e+02
      vertex   -1.825625e+02 -1.481679e+00 -1.000000e+02
    endloop
  endfacet
  facet normal -0.000000e+00 0.000000e+00 -1.000000e+00
    outer loop
      vertex   -1.495591e+02 -6.833134e-01 -1.000000e+02
      vertex   -1.825625e+02 -1.481679e+00 -1.000000e+02
      vertex   -1.504635e+02 -6.242685e-01 -1.000000e+02
    endloop
  endfacet
  facet normal 0.000000e+00 0.000000e+00 -1.000000e+00
    outer loop
      vertex   -1.504635e+02 -6.242685e-01 -1.000000e+02
      vertex   -1.825625e+02 -1.481679e+00 -1.000000e+02
      vertex   -1.831500e+02 -1.441167e+00 -1.000000e+02
    endloop
  endfacet
  facet normal 0.000000e+00 0.000000e+00 -1.000000e+00
    outer loop
      vertex   -1.504635e+02 -6.242685e-01 -1.000000e+02
      vertex   -1.831500e+02 -1.441167e+00 -1.000000e+02
      vertex   -1.837283e+02 -1.401228e+00 -1.000000e+02
    endloop
  endfacet
  facet normal -0.000000e+00 0.000000e+00 -1.000000e+00
    outer loop
      vertex   -1.504635e+02 -6.242685e-01 -1.000000e+02
      vertex   -1.837283e+02 -1.401228e+00 -1.000000e+02
      vertex   -1.513625e+02 -5.654991e-01 -1.000000e+02
    endloop
  endfacet
  facet normal 0.000000e+00 0.000000e+00 -1.000000e+00
    outer loop
      vertex   -1.513625e+02 -5.654991e-01 -1.000000e+02
      vertex   -1.837283e+02 -1.401228e+00 -1.000000e+02
      vertex   -1.842975e+02 -1.361870e+00 -1.000000e+02
    endloop
  endfacet
  facet normal -0.000000e+00 0.000000e+00 -1.000000e+00
    outer loop
      vertex   -1.513625e+02 -5.654991e-01 -1.000000e+02
      vertex   -1.842975e+02 -1.361870e+00 -1.000000e+02
      vertex   -1.522558e+02 -5.070144e-01 -1.000000e+02
    endloop
  endfacet
  facet normal 0.000000e+00 0.000000e+00 -1.000000e+00
    outer loop
      vertex   -1.522558e+02 -5.070144e-01 -1.000000e+02
      vertex   -1.842975e+02 -1.361870e+00 -1.000000e+02
      vertex   -1.848574e+02 -1.323098e+00 -1.000000e+02
    endloop
  endfacet
  facet normal 0.000000e+00 0.000000e+00 -1.000000e+00
    outer loop
      vertex   -1.522558e+02 -5.070144e-01 -1.000000e+02
      vertex   -1.848574e+02 -1.323098e+00 -1.000000e+02
      vertex   -1.854080e+02 -1.284919e+00 -1.000000e+02
    endloop
  endfacet
  facet normal -0.000000e+00 0.000000e+00 -1.000000e+00
    outer loop
      vertex   -1.522558e+02 -5.070144e-01 -1.000000e+02
      vertex   -1.854080e+02 -1.284919e+00 -1.000000e+02
      vertex   -1.531436e+02 -4.488233e-01 -1.000000e+02
    endloop
  endfacet
  facet normal 0.000000e+00 0.000000e+00 -1.000000e+00
    outer loop
      vertex   -1.531436e+02 -4.488233e-01 -1.000000e+02
      vertex   -1.854080e+02 -1.284919e+00 -1.000000e+02
      vertex   -1.859492e+02 -1.247338e+00 -1.000000e+02
    endloop
  endfacet
  facet normal -0.000000e+00 0.000000e+00 -1.000000e+00
    outer loop
      vertex   -1.531436e+02 -4.488233e-01 -1.000000e+02
      vertex   -1.859492e+02 -1.247338e+00 -1.000000e+02
      vertex   -1.540255e+02 -3.909346e-01 -1.000000e+02
    endloop
  endfacet
  facet normal 0.000000e+00 0.000000e+00 -1.000000e+00
    outer loop
      vertex   -1.540255e+02 -3.909346e-01 -1.000000e+02
      vertex   -1.859492e+02 -1.247338e+00 -1.000000e+02
      vertex   -1.864809e+02 -1.210362e+00 -1.000000e+02
    endloop
  endfacet
  facet normal 0.000000e+00 0.000000e+00 -1.000000e+00
    outer loop
      vertex   -1.540255e+02 -3.909346e-01 -1.000000e+02
      vertex   -1.864809e+02 -1.210362e+00 -1.000000e+02
      vertex   -1.870032e+02 -1.173997e+00 -1.000000e+02
    endloop
  endfacet
  facet normal -0.000000e+00 0.000000e+00 -1.000000e+00
    outer loop
      vertex   -1.540255e+02 -3.909346e-01 -1.000000e+02
      vertex   -1.870032e+02 -1.173997e+00 -1.000000e+02
      vertex   -1.549016e+02 -3.333568e-01 -1.000000e+02
    endloop
  endfacet
  facet normal 0.000000e+00 0.000000e+00 -1.000000e+00
    outer loop
      vertex   -1.549016e+02 -3.333568e-01 -1.000000e+02
      vertex   -1.870032e+02 -1.173997e+00 -1.000000e+02
      vertex   -1.875158e+02 -1.138248e+00 -1.000000e+02
    endloop
  endfacet
  facet normal 0.000000e+00 0.000000e+00 -1.000000e+00
    outer loop
      vertex   -1.549016e+02 -3.333568e-01 -1.000000e+02
      vertex   -1.875158e+02 -1.138248e+00 -1.000000e+02
      vertex   -1.880189e+02 -1.103123e+00 -1.000000e+02
    endloop
  endfacet
  facet normal -0.000000e+00 0.000000e+00 -1.000000e+00
    outer loop
      vertex   -1.549016e+02 -3.333568e-01 -1.000000e+02
      vertex   -1.880189e+02 -1.103123e+00 -1.000000e+02
      vertex   -1.557718e+02 -2.760985e-01 -1.000000e+02
    endloop
  endfacet
  facet normal 0.000000e+00 0.000000e+00 -1.000000e+00
    outer loop
      vertex   -1.557718e+02 -2.760985e-01 -1.000000e+02
      vertex   -1.880189e+02 -1.103123e+00 -1.000000e+02
      vertex   -1.885123e+02 -1.068626e+00 -1.000000e+02
    endloop
  endfacet
  facet normal -0.000000e+00 0.000000e+00 -1.000000e+00
    outer loop
      vertex   -1.557718e+02 -2.760985e-01 -1.000000e+02
      vertex   -1.885123e+02 -1.068626e+00 -1.000000e+02
      vertex   -1.561679e+02 -2.500000e-01 -1.000000e+02
    endloop
  endfacet
  facet normal 0.000000e+00 0.000000e+00 -1.000000e+00
    outer loop
      vertex   -1.561679e+02 -2.500000e-01 -1.000000e+02
      vertex   -1.885123e+02 -1.068626e+00 -1.000000e+02
      vertex   -1.889959e+02 -1.034765e+00 -1.000000e+02
    endloop
  endfacet
  facet normal 0.000000e+00 0.000000e+00 -1.000000e+00
    outer loop
      vertex   -1.561679e+02 -2.500000e-01 -1.000000e+02
      vertex   -1.889959e+02 -1.034765e+00 -1.000000e+02
      vertex   -1.894697e+02 -1.001544e+00 -1.000000e+02
    endloop
  endfacet
  facet normal 0.000000e+00 0.000000e+00 -1.000000e+00
    outer loop
      vertex   -1.894697e+02 -1.001544e+00 -1.000000e+02
      vertex   -1.899337e+02 -9.689703e-01 -1.000000e+02
      vertex   -1.561679e+02 -2.500000e-01 -1.000000e+02
    endloop
  endfacet
  facet normal 0.000000e+00 0.000000e+00 -1.000000e+00
    outer loop
      vertex   -1.561679e+02 -2.500000e-01 -1.000000e+02
      vertex   -1.899337e+02 -9.689703e-01 -1.000000e+02
      vertex   -1.903878e+02 -9.370490e-01 -1.000000e+02
    endloop
  endfacet
  facet normal 0.000000e+00 0.000000e+00 -1.000000e+00
    outer loop
      vertex   -1.561679e+02 -2.500000e-01 -1.000000e+02
      vertex   -1.903878e+02 -9.370490e-01 -1.000000e+02
      vertex   -1.908319e+02 -9.057862e-01 -1.000000e+02
    endloop
  endfacet
  facet normal 0.000000e+00 0.000000e+00 -1.000000e+00
    outer loop
      vertex   -1.908319e+02 -9.057862e-01 -1.000000e+02
      vertex   -1.912660e+02 -8.751877e-01 -1.000000e+02
      vertex   -1.561679e+02 -2.500000e-01 -1.000000e+02
    endloop
  endfacet
  facet normal 0.000000e+00 0.000000e+00 -1.000000e+00
    outer loop
      vertex   -1.561679e+02 -2.500000e-01 -1.000000e+02
      vertex   -1.912660e+02 -8.751877e-01 -1.000000e+02
      vertex   -1.916901e+02 -8.452591e-01 -1.000000e+02
    endloop
  endfacet
  facet normal 0.000000e+00 0.000000e+00 -1.000000e+00
    outer loop
      vertex   -1.561679e+02 -2.500000e-01 -1.000000e+02
      vertex   -1.916901e+02 -8.452591e-01 -1.000000e+02
      vertex   -1.921040e+02 -8.160063e-01 -1.000000e+02
    endloop
  endfacet
  facet normal 0.000000e+00 0.000000e+00 -1.000000e+00
    outer loop
      vertex   -1.921040e+02 -8.160063e-01 -1.000000e+02
      vertex   -1.925078e+02 -7.874348e-01 -1.000000e+02
      vertex   -1.561679e+02 -2.500000e-01 -1.000000e+02
    endloop
  endfacet
  facet normal 0.000000e+00 0.000000e+00 -1.000000e+00
    outer loop
      vertex   -1.561679e+02 -2.500000e-01 -1.000000e+02
      vertex   -1.925078e+02 -7.874348e-01 -1.000000e+02
      vertex   -1.929015e+02 -7.595501e-01 -1.000000e+02
    endloop
  endfacet
  facet normal 0.000000e+00 0.000000e+00 -1.000000e+00
    outer loop
      vertex   -1.561679e+02 -2.500000e-01 -1.000000e+02
      vertex   -1.929015e+02 -7.595501e-01 -1.000000e+02
      vertex   -1.932848e+02 -7.323577e-01 -1.000000e+02
    endloop
  endfacet
  facet normal 0.000000e+00 0.000000e+00 -1.000000e+00
    outer loop
      vertex   -1.932848e+02 -7.323577e-01 -1.000000e+02
      vertex   -1.936579e+02 -7.058631e-01 -1.000000e+02
      vertex   -1.561679e+02 -2.500000e-01 -1.000000e+02
    endloop
  endfacet
  facet normal 0.000000e+00 0.000000e+00 -1.000000e+00
    outer loop
      vertex   -1.561679e+02 -2.500000e-01 -1.000000e+02
      vertex   -1.936579e+02 -7.058631e-01 -1.000000e+02
      vertex   -1.940206e+02 -6.800716e-01 -1.000000e+02
    endloop
  endfacet
  facet normal 0.000000e+00 0.000000e+00 -1.000000e+00
    outer loop
      vertex   -1.561679e+02 -2.500000e-01 -1.000000e+02
      vertex   -1.940206e+02 -6.800716e-01 -1.000000e+02
      vertex   -1.943730e+02 -6.549883e-01 -1.000000e+02
    endloop
  endfacet
  facet normal 0.000000e+00 0.000000e+00 -1.000000e+00
    outer loop
      vertex   -1.943730e+02 -6.549883e-01 -1.000000e+02
      vertex   -1.947149e+02 -6.306185e-01 -1.000000e+02
      vertex   -1.561679e+02 -2.500000e-01 -1.000000e+02
    endloop
  endfacet
  facet normal 0.000000e+00 0.000000e+00 -1.000000e+00
    outer loop
      vertex   -1.561679e+02 -2.500000e-01 -1.000000e+02
      vertex   -1.947149e+02 -6.306185e-01 -1.000000e+02
      vertex   -1.950464e+02 -6.069673e-01 -1.000000e+02
    endloop
  endfacet
  facet normal 0.000000e+00 0.000000e+00 -1.000000e+00
    outer loop
      vertex   -1.561679e+02 -2.500000e-01 -1.000000e+02
      vertex   -1.950464e+02 -6.069673e-01 -1.000000e+02
      vertex   -1.953674e+02 -5.840395e-01 -1.000000e+02
    endloop
  endfacet
  facet normal 0.000000e+00 0.000000e+00 -1.000000e+00
    outer loop
      vertex   -1.953674e+02 -5.840395e-01 -1.000000e+02
      vertex   -1.956779e+02 -5.618400e-01 -1.000000e+02
      vertex   -1.561679e+02 -2.500000e-01 -1.000000e+02
    endloop
  endfacet
  facet normal 0.000000e+00 0.000000e+00 -1.000000e+00
    outer loop
      vertex   -1.561679e+02 -2.500000e-01 -1.000000e+02
      vertex   -1.956779e+02 -5.618400e-01 -1.000000e+02
      vertex   -1.959778e+02 -5.403736e-01 -1.000000e+02
    endloop
  endfacet
  facet normal 0.000000e+00 0.000000e+00 -1.000000e+00
    outer loop
      vertex   -1.561679e+02 -2.500000e-01 -1.000000e+02
      vertex   -1.959778e+02 -5.403736e-01 -1.000000e+02
      vertex   -1.962671e+02 -5.196449e-01 -1.000000e+02
    endloop
  endfacet
  facet normal 0.000000e+00 0.000000e+00 -1.000000e+00
    outer loop
      vertex   -1.962671e+02 -5.196449e-01 -1.000000e+02
      vertex   -1.965457e+02 -4.996584e-01 -1.000000e+02
      vertex   -1.561679e+02 -2.500000e-01 -1.000000e+02
    endloop
  endfacet
  facet normal 0.000000e+00 0.000000e+00 -1.000000e+00
    outer loop
      vertex   -1.561679e+02 -2.500000e-01 -1.000000e+02
      vertex   -1.965457e+02 -4.996584e-01 -1.000000e+02
      vertex   -1.968137e+02 -4.804185e-01 -1.000000e+02
    endloop
  endfacet
  facet normal 0.000000e+00 0.000000e+00 -1.000000e+00
    outer loop
      vertex   -1.561679e+02 -2.500000e-01 -1.000000e+02
      vertex   -1.968137e+02 -4.804185e-01 -1.000000e+02
      vertex   -1.970710e+02 -4.619294e-01 -1.000000e+02
    endloop
  endfacet
  facet normal 0.000000e+00 0.000000e+00 -1.000000e+00
    outer loop
      vertex   -1.970710e+02 -4.619294e-01 -1.000000e+02
      vertex   -1.973176e+02 -4.441953e-01 -1.000000e+02
      vertex   -1.561679e+02 -2.500000e-01 -1.000000e+02
    endloop
  endfacet
  facet normal 0.000000e+00 0.000000e+00 -1.000000e+00
    outer loop
      vertex   -1.561679e+02 -2.500000e-01 -1.000000e+02
      vertex   -1.973176e+02 -4.441953e-01 -1.000000e+02
      vertex   -1.975534e+02 -4.272202e-01 -1.000000e+02
    endloop
  endfacet
  facet normal 0.000000e+00 0.000000e+00 -1.000000e+00
    outer loop
      vertex   -1.561679e+02 -2.500000e-01 -1.000000e+02
      vertex   -1.975534e+02 -4.272202e-01 -1.000000e+02
      vertex   -1.977784e+02 -4.110079e-01 -1.000000e+02
    endloop
  endfacet
  facet normal 0.000000e+00 0.000000e+00 -1.000000e+00
    outer loop
      vertex   -1.977784e+02 -4.110079e-01 -1.000000e+02
      vertex   -1.979926e+02 -3.955621e-01 -1.000000e+02
      vertex   -1.561679e+02 -2.500000e-01 -1.000000e+02
    endloop
  endfacet
  facet normal 0.000000e+00 0.000000e+00 -1.000000e+00
    outer loop
      vertex   -1.561679e+02 -2.500000e-01 -1.000000e+02
      vertex   -1.979926e+02 -3.955621e-01 -1.000000e+02
      vertex   -1.981960e+02 -3.808863e-01 -1.000000e+02
    endloop
  endfacet
  facet normal 0.000000e+00 0.000000e+00 -1.000000e+00
    outer loop
      vertex   -1.561679e+02 -2.500000e-01 -1.000000e+02
      vertex   -1.981960e+02 -3.808863e-01 -1.000000e+02
      vertex   -1.983885e+02 -3.669840e-01 -1.000000e+02
    endloop
  endfacet
  facet normal 0.000000e+00 0.000000e+00 -1.000000e+00
    outer loop
      vertex   -1.983885e+02 -3.669840e-01 -1.000000e+02
      vertex   -1.985702e+02 -3.538583e-01 -1.000000e+02
      vertex   -1.561679e+02 -2.500000e-01 -1.000000e+02
    endloop
  endfacet
  facet normal 0.000000e+00 0.000000e+00 -1.000000e+00
    outer loop
      vertex   -1.561679e+02 -2.500000e-01 -1.000000e+02
      vertex   -1.985702e+02 -3.538583e-01 -1.000000e+02
      vertex   -1.987409e+02 -3.415124e-01 -1.000000e+02
    endloop
  endfacet
  facet normal 0.000000e+00 0.000000e+00 -1.000000e+00
    outer loop
      vertex   -1.561679e+02 -2.500000e-01 -1.000000e+02
      vertex   -1.987409e+02 -3.415124e-01 -1.000000e+02
      vertex   -1.989007e+02 -3.299491e-01 -1.000000e+02
    endloop
  endfacet
  facet normal 0.000000e+00 0.000000e+00 -1.000000e+00
    outer loop
      vertex   -1.989007e+02 -3.299491e-01 -1.000000e+02
      vertex   -1.990496e+02 -3.191712e-01 -1.000000e+02
      vertex   -1.561679e+02 -2.500000e-01 -1.000000e+02
    endloop
  endfacet
  facet normal 0.000000e+00 0.000000e+00 -1.000000e+00
    outer loop
      vertex   -1.561679e+02 -2.500000e-01 -1.000000e+02
      vertex   -1.990496e+02 -3.191712e-01 -1.000000e+02
      vertex   -1.991875e+02 -3.091812e-01 -1.000000e+02
    endloop
  endfacet
  facet normal 0.000000e+00 0.000000e+00 -1.000000e+00
    outer loop
      vertex   -1.561679e+02 -2.500000e-01 -1.000000e+02
      vertex   -1.991875e+02 -3.091812e-01 -1.000000e+02
      vertex   -1.993145e+02 -2.999815e-01 -1.000000e+02
    endloop
  endfacet
  facet normal 0.000000e+00 0.000000e+00 -1.000000e+00
    outer loop
      vertex   -1.993145e+02 -2.999815e-01 -1.000000e+02
      vertex   -1.994304e+02 -2.915743e-01 -1.000000e+02
      vertex   -1.561679e+02 -2.500000e-01 -1.000000e+02
    endloop
  endfacet
  facet normal 0.000000e+00 0.000000e+00 -1.000000e+00
    outer loop
      vertex   -1.561679e+02 -2.500000e-01 -1.000000e+02
      vertex   -1.994304e+02 -2.915743e-01 -1.000000e+02
      vertex   -1.995354e+02 -2.839617e-01 -1.000000e+02
    endloop
  endfacet
  facet normal -0.000000e+00 0.000000e+00 -1.000000e+00
    outer loop
      vertex   -1.561679e+02 -2.500000e-01 -1.000000e+02
      vertex   -1.995354e+02 -2.839617e-01 -1.000000e+02
      vertex   -1.999833e+02 -2.500000e-01 -1.000000e+02
    endloop
  endfacet
  facet normal 0.000000e+00 0.000000e+00 -1.000000e+00
    outer loop
      vertex   -1.999833e+02 -2.500000e-01 -1.000000e+02
      vertex   -1.995354e+02 -2.839617e-01 -1.000000e+02
      vertex   -1.996293e+02 -2.771454e-01 -1.000000e+02
    endloop
  endfacet
  facet normal 0.000000e+00 0.000000e+00 -1.000000e+00
    outer loop
      vertex   -1.999833e+02 -2.500000e-01 -1.000000e+02
      vertex   -1.996293e+02 -2.771454e-01 -1.000000e+02
      vertex   -1.997122e+02 -2.711271e-01 -1.000000e+02
    endloop
  endfacet
  facet normal 0.000000e+00 0.000000e+00 -1.000000e+00
    outer loop
      vertex   -1.997122e+02 -2.711271e-01 -1.000000e+02
      vertex   -1.997841e+02 -2.659083e-01 -1.000000e+02
      vertex   -1.999833e+02 -2.500000e-01 -1.000000e+02
    endloop
  endfacet
  facet normal 0.000000e+00 0.000000e+00 -1.000000e+00
    outer loop
      vertex   -1.999833e+02 -2.500000e-01 -1.000000e+02
      vertex   -1.997841e+02 -2.659083e-01 -1.000000e+02
      vertex   -1.998449e+02 -2.614903e-01 -1.000000e+02
    endloop
  endfacet
  facet normal 0.000000e+00 0.000000e+00 -1.000000e+00
    outer loop
      vertex   -1.999833e+02 -2.500000e-01 -1.000000e+02
      vertex   -1.998449e+02 -2.614903e-01 -1.000000e+02
      vertex   -1.998947e+02 -2.578740e-01 -1.000000e+02
    endloop
  endfacet
  facet normal 0.000000e+00 0.000000e+00 -1.000000e+00
    outer loop
      vertex   -1.998947e+02 -2.578740e-01 -1.000000e+02
      vertex   -1.999334e+02 -2.550605e-01 -1.000000e+02
      vertex   -1.999833e+02 -2.500000e-01 -1.000000e+02
    endloop
  endfacet
  facet normal 0.000000e+00 0.000000e+00 -1.000000e+00
    outer loop
      vertex   -1.999833e+02 -2.500000e-01 -1.000000e+02
      vertex   -1.999334e+02 -2.550605e-01 -1.000000e+02
      vertex   -1.999611e+02 -2.530503e-01 -1.000000e+02
    endloop
  endfacet
  facet normal 0.000000e+00 0.000000e+00 -1.000000e+00
    outer loop
      vertex   -1.999833e+02 -2.500000e-01 -1.000000e+02
      vertex   -1.999611e+02 -2.530503e-01 -1.000000e+02
      vertex   -1.999777e+02 -2.518440e-01 -1.000000e+02
    endloop
  endfacet
  facet normal 0.000000e+00 0.000000e+00 -1.000000e+00
    outer loop
      vertex   -1.999777e+02 -2.518440e-01 -1.000000e+02
      vertex   -1.999832e+02 -2.514419e-01 -1.000000e+02
      vertex   -1.999833e+02 -2.500000e-01 -1.000000e+02
    endloop
  endfacet
  facet normal 9.822683e-01 -1.874807e-01 7.339457e-21
    outer loop
      vertex   -3.647370e-02 -2.500000e-01 0.000000e+00
      vertex   -5.888031e-02 -3.673950e-01 0.000000e+00
      vertex   -3.647370e-02 -2.500000e-01 -1.000000e+02
    endloop
  endfacet
  facet normal 9.822683e-01 -1.874807e-01 9.833772e-18
    outer loop
      vertex   -3.647370e-02 -2.500000e-01 -1.000000e+02
      vertex   -5.888031e-02 -3.673950e-01 0.000000e+00
      vertex   -5.888031e-02 -3.673950e-01 -1.000000e+02
    endloop
  endfacet
  facet normal -9.958353e-01 -9.117018e-02 0.000000e+00
    outer loop
      vertex   -1.009359e+02 -2.500000e-01 -1.000000e+02
      vertex   -1.008692e+02 -9.789866e-01 -4.457143e+01
      vertex   -1.009359e+02 -2.500000e-01 -3.000000e+00
    endloop
  endfacet
  facet normal -9.958353e-01 -9.117018e-02 0.000000e+00
    outer loop
      vertex   -1.009359e+02 -2.500000e-01 -3.000000e+00
      vertex   -1.008692e+02 -9.789866e-01 -4.457143e+01
      vertex   -1.008692e+02 -9.789866e-01 -3.071429e+01
    endloop
  endfacet
  facet normal -9.958353e-01 -9.117018e-02 0.000000e+00
    outer loop
      vertex   -1.009359e+02 -2.500000e-01 -3.000000e+00
      vertex   -1.008692e+02 -9.789866e-01 -3.071429e+01
      vertex   -1.008692e+02 -9.789866e-01 -1.685714e+01
    endloop
  endfacet
  facet normal -9.801063e-01 -1.984732e-01 -0.000000e+00
    outer loop
      vertex   -1.008692e+02 -9.789866e-01 -1.685714e+01
      vertex   -1.008692e+02 -9.789866e-01 -3.071429e+01
      vertex   -1.007239e+02 -1.696459e+00 -1.685714e+01
    endloop
  endfacet
  facet normal -9.801063e-01 -1.984732e-01 1.915325e-17
    outer loop
      vertex   -1.008692e+02 -9.789866e-01 -1.685714e+01
      vertex   -1.007239e+02 -1.696459e+00 -1.685714e+01
      vertex   -1.007239e+02 -1.696459e+00 -3.000000e+00
    endloop
  endfacet
  facet normal -9.528500e-01 -3.034418e-01 2.917382e-17
    outer loop
      vertex   -1.007239e+02 -1.696459e+00 -3.000000e+00
      vertex   -1.007239e+02 -1.696459e+00 -1.685714e+01
      vertex   -1.005018e+02 -2.393979e+00 -3.000000e+00
    endloop
  endfacet
  facet normal -9.528500e-01 -3.034418e-01 -3.889842e-17
    outer loop
      vertex   -1.005018e+02 -2.393979e+00 -3.000000e+00
      vertex   -1.007239e+02 -1.696459e+00 -1.685714e+01
      vertex   -1.005018e+02 -2.393979e+00 -1.685714e+01
    endloop
  endfacet
  facet normal -9.143868e-01 -4.048416e-01 -5.189693e-17
    outer loop
      vertex   -1.005018e+02 -2.393979e+00 -3.000000e+00
      vertex   -1.005018e+02 -2.393979e+00 -1.685714e+01
      vertex   -1.002054e+02 -3.063342e+00 -3.000000e+00
    endloop
  endfacet
  facet normal -9.143868e-01 -4.048416e-01 -3.892270e-17
    outer loop
      vertex   -1.002054e+02 -3.063342e+00 -3.000000e+00
      vertex   -1.005018e+02 -2.393979e+00 -1.685714e+01
      vertex   -1.002054e+02 -3.063342e+00 -1.685714e+01
    endloop
  endfacet
  facet normal -8.651693e-01 -5.014799e-01 -4.821380e-17
    outer loop
      vertex   -1.002054e+02 -3.063342e+00 -3.000000e+00
      vertex   -1.002054e+02 -3.063342e+00 -1.685714e+01
      vertex   -9.983831e+01 -3.696677e+00 -3.000000e+00
    endloop
  endfacet
  facet normal -8.651693e-01 -5.014799e-01 0.000000e+00
    outer loop
      vertex   -9.983831e+01 -3.696677e+00 -3.000000e+00
      vertex   -1.002054e+02 -3.063342e+00 -1.685714e+01
      vertex   -1.002054e+02 -3.063342e+00 -3.071429e+01
    endloop
  endfacet
  facet normal -8.651693e-01 -5.014799e-01 0.000000e+00
    outer loop
      vertex   -9.983831e+01 -3.696677e+00 -3.000000e+00
      vertex   -1.002054e+02 -3.063342e+00 -3.071429e+01
      vertex   -1.002054e+02 -3.063342e+00 -4.457143e+01
    endloop
  endfacet
  facet normal -9.143868e-01 -4.048416e-01 0.000000e+00
    outer loop
      vertex   -1.002054e+02 -3.063342e+00 -4.457143e+01
      vertex   -1.002054e+02 -3.063342e+00 -3.071429e+01
      vertex   -1.005018e+02 -2.393979e+00 -4.457143e+01
    endloop
  endfacet
  facet normal -9.143868e-01 -4.048416e-01 0.000000e+00
    outer loop
      vertex   -1.002054e+02 -3.063342e+00 -4.457143e+01
      vertex   -1.005018e+02 -2.393979e+00 -4.457143e+01
      vertex   -1.005018e+02 -2.393979e+00 -5.842857e+01
    endloop
  endfacet
  facet normal -9.528500e-01 -3.034418e-01 0.000000e+00
    outer loop
      vertex   -1.005018e+02 -2.393979e+00 -5.842857e+01
      vertex   -1.005018e+02 -2.393979e+00 -4.457143e+01
      vertex   -1.007239e+02 -1.696459e+00 -5.842857e+01
    endloop
  endfacet
  facet normal -9.528500e-01 -3.034418e-01 0.000000e+00
    outer loop
      vertex   -1.005018e+02 -2.393979e+00 -5.842857e+01
      vertex   -1.007239e+02 -1.696459e+00 -5.842857e+01
      vertex   -1.007239e+02 -1.696459e+00 -7.228571e+01
    endloop
  endfacet
  facet normal -9.801063e-01 -1.984732e-01 0.000000e+00
    outer loop
      vertex   -1.007239e+02 -1.696459e+00 -7.228571e+01
      vertex   -1.007239e+02 -1.696459e+00 -5.842857e+01
      vertex   -1.008692e+02 -9.789866e-01 -7.228571e+01
    endloop
  endfacet
  facet normal -9.801063e-01 -1.984732e-01 0.000000e+00
    outer loop
      vertex   -1.007239e+02 -1.696459e+00 -7.228571e+01
      vertex   -1.008692e+02 -9.789866e-01 -7.228571e+01
      vertex   -1.008692e+02 -9.789866e-01 -8.614286e+01
    endloop
  endfacet
  facet normal -9.958353e-01 -9.117018e-02 0.000000e+00
    outer loop
      vertex   -1.008692e+02 -9.789866e-01 -8.614286e+01
      vertex   -1.008692e+02 -9.789866e-01 -7.228571e+01
      vertex   -1.009359e+02 -2.500000e-01 -1.000000e+02
    endloop
  endfacet
  facet normal -9.958353e-01 -9.117018e-02 1.022627e-17
    outer loop
      vertex   -1.008692e+02 -9.789866e-01 -8.614286e+01
      vertex   -1.009359e+02 -2.500000e-01 -1.000000e+02
      vertex   -1.008692e+02 -9.789866e-01 -1.000000e+02
    endloop
  endfacet
  facet normal -9.801063e-01 -1.984732e-01 2.226211e-17
    outer loop
      vertex   -1.008692e+02 -9.789866e-01 -8.614286e+01
      vertex   -1.008692e+02 -9.789866e-01 -1.000000e+02
      vertex   -1.007239e+02 -1.696459e+00 -8.614286e+01
    endloop
  endfacet
  facet normal -9.801063e-01 -1.984732e-01 -2.226211e-17
    outer loop
      vertex   -1.007239e+02 -1.696459e+00 -8.614286e+01
      vertex   -1.008692e+02 -9.789866e-01 -1.000000e+02
      vertex   -1.007239e+02 -1.696459e+00 -1.000000e+02
    endloop
  endfacet
  facet normal -9.528500e-01 -3.034418e-01 -3.403612e-17
    outer loop
      vertex   -1.007239e+02 -1.696459e+00 -8.614286e+01
      vertex   -1.007239e+02 -1.696459e+00 -1.000000e+02
      vertex   -1.005018e+02 -2.393979e+00 -8.614286e+01
    endloop
  endfacet
  facet normal -9.528500e-01 -3.034418e-01 3.889842e-17
    outer loop
      vertex   -1.005018e+02 -2.393979e+00 -8.614286e+01
      vertex   -1.007239e+02 -1.696459e+00 -1.000000e+02
      vertex   -1.005018e+02 -2.393979e+00 -1.000000e+02
    endloop
  endfacet
  facet normal -9.143868e-01 -4.048416e-01 5.189693e-17
    outer loop
      vertex   -1.005018e+02 -2.393979e+00 -8.614286e+01
      vertex   -1.005018e+02 -2.393979e+00 -1.000000e+02
      vertex   -1.002054e+02 -3.063342e+00 -8.614286e+01
    endloop
  endfacet
  facet normal -9.143868e-01 -4.048416e-01 3.892270e-17
    outer loop
      vertex   -1.002054e+02 -3.063342e+00 -8.614286e+01
      vertex   -1.005018e+02 -2.393979e+00 -1.000000e+02
      vertex   -1.002054e+02 -3.063342e+00 -1.000000e+02
    endloop
  endfacet
  facet normal -8.651693e-01 -5.014799e-01 4.821380e-17
    outer loop
      vertex   -1.002054e+02 -3.063342e+00 -8.614286e+01
      vertex   -1.002054e+02 -3.063342e+00 -1.000000e+02
      vertex   -9.983831e+01 -3.696677e+00 -1.000000e+02
    endloop
  endfacet
  facet normal -8.651693e-01 -5.014799e-01 -0.000000e+00
    outer loop
      vertex   -9.983831e+01 -3.696677e+00 -3.000000e+00
      vertex   -1.002054e+02 -3.063342e+00 -5.842857e+01
      vertex   -9.983831e+01 -3.696677e+00 -1.000000e+02
    endloop
  endfacet
  facet normal -8.651693e-01 -5.014799e-01 0.000000e+00
    outer loop
      vertex   -9.983831e+01 -3.696677e+00 -1.000000e+02
      vertex   -1.002054e+02 -3.063342e+00 -5.842857e+01
      vertex   -1.002054e+02 -3.063342e+00 -7.228571e+01
    endloop
  endfacet
  facet normal -8.651693e-01 -5.014799e-01 0.000000e+00
    outer loop
      vertex   -9.983831e+01 -3.696677e+00 -1.000000e+02
      vertex   -1.002054e+02 -3.063342e+00 -7.228571e+01
      vertex   -1.002054e+02 -3.063342e+00 -8.614286e+01
    endloop
  endfacet
  facet normal -9.143868e-01 -4.048416e-01 0.000000e+00
    outer loop
      vertex   -1.002054e+02 -3.063342e+00 -8.614286e+01
      vertex   -1.002054e+02 -3.063342e+00 -7.228571e+01
      vertex   -1.005018e+02 -2.393979e+00 -8.614286e+01
    endloop
  endfacet
  facet normal -9.801063e-01 -1.984732e-01 -2.325752e-17
    outer loop
      vertex   -1.007239e+02 -1.696459e+00 -3.000000e+00
      vertex   -1.008692e+02 -9.789866e-01 -3.000000e+00
      vertex   -1.008692e+02 -9.789866e-01 -1.685714e+01
    endloop
  endfacet
  facet normal -9.958353e-01 -9.117018e-02 -1.022627e-17
    outer loop
      vertex   -1.008692e+02 -9.789866e-01 -1.685714e+01
      vertex   -1.008692e+02 -9.789866e-01 -3.000000e+00
      vertex   -1.009359e+02 -2.500000e-01 -3.000000e+00
    endloop
  endfacet
  facet normal -9.801063e-01 -1.984732e-01 -0.000000e+00
    outer loop
      vertex   -1.007239e+02 -1.696459e+00 -7.228571e+01
      vertex   -1.008692e+02 -9.789866e-01 -8.614286e+01
      vertex   -1.007239e+02 -1.696459e+00 -8.614286e+01
    endloop
  endfacet
  facet normal -9.958353e-01 -9.117018e-02 -0.000000e+00
    outer loop
      vertex   -1.008692e+02 -9.789866e-01 -4.457143e+01
      vertex   -1.009359e+02 -2.500000e-01 -1.000000e+02
      vertex   -1.008692e+02 -9.789866e-01 -5.842857e+01
    endloop
  endfacet
  facet normal -9.958353e-01 -9.117018e-02 -0.000000e+00
    outer loop
      vertex   -1.008692e+02 -9.789866e-01 -5.842857e+01
      vertex   -1.009359e+02 -2.500000e-01 -1.000000e+02
      vertex   -1.008692e+02 -9.789866e-01 -7.228571e+01
    endloop
  endfacet
  facet normal -9.801063e-01 -1.984732e-01 -0.000000e+00
    outer loop
      vertex   -1.008692e+02 -9.789866e-01 -5.842857e+01
      vertex   -1.008692e+02 -9.789866e-01 -7.228571e+01
      vertex   -1.007239e+02 -1.696459e+00 -5.842857e+01
    endloop
  endfacet
  facet normal -9.801063e-01 -1.984732e-01 -0.000000e+00
    outer loop
      vertex   -1.008692e+02 -9.789866e-01 -4.457143e+01
      vertex   -1.008692e+02 -9.789866e-01 -5.842857e+01
      vertex   -1.007239e+02 -1.696459e+00 -4.457143e+01
    endloop
  endfacet
  facet normal -9.801063e-01 -1.984732e-01 -0.000000e+00
    outer loop
      vertex   -1.007239e+02 -1.696459e+00 -4.457143e+01
      vertex   -1.008692e+02 -9.789866e-01 -5.842857e+01
      vertex   -1.007239e+02 -1.696459e+00 -5.842857e+01
    endloop
  endfacet
  facet normal -9.528500e-01 -3.034418e-01 -0.000000e+00
    outer loop
      vertex   -1.007239e+02 -1.696459e+00 -4.457143e+01
      vertex   -1.007239e+02 -1.696459e+00 -5.842857e+01
      vertex   -1.005018e+02 -2.393979e+00 -4.457143e+01
    endloop
  endfacet
  facet normal -9.801063e-01 -1.984732e-01 -0.000000e+00
    outer loop
      vertex   -1.008692e+02 -9.789866e-01 -3.071429e+01
      vertex   -1.008692e+02 -9.789866e-01 -4.457143e+01
      vertex   -1.007239e+02 -1.696459e+00 -3.071429e+01
    endloop
  endfacet
  facet normal -9.801063e-01 -1.984732e-01 -0.000000e+00
    outer loop
      vertex   -1.007239e+02 -1.696459e+00 -3.071429e+01
      vertex   -1.008692e+02 -9.789866e-01 -4.457143e+01
      vertex   -1.007239e+02 -1.696459e+00 -4.457143e+01
    endloop
  endfacet
  facet normal -9.528500e-01 -3.034418e-01 -0.000000e+00
    outer loop
      vertex   -1.007239e+02 -1.696459e+00 -3.071429e+01
      vertex   -1.007239e+02 -1.696459e+00 -4.457143e+01
      vertex   -1.005018e+02 -2.393979e+00 -3.071429e+01
    endloop
  endfacet
  facet normal -9.528500e-01 -3.034418e-01 -0.000000e+00
    outer loop
      vertex   -1.005018e+02 -2.393979e+00 -3.071429e+01
      vertex   -1.007239e+02 -1.696459e+00 -4.457143e+01
      vertex   -1.005018e+02 -2.393979e+00 -4.457143e+01
    endloop
  endfacet
  facet normal -9.143868e-01 -4.048416e-01 -0.000000e+00
    outer loop
      vertex   -1.005018e+02 -2.393979e+00 -3.071429e+01
      vertex   -1.005018e+02 -2.393979e+00 -4.457143e+01
      vertex   -1.002054e+02 -3.063342e+00 -3.071429e+01
    endloop
  endfacet
  facet normal -9.528500e-01 -3.034418e-01 -0.000000e+00
    outer loop
      vertex   -1.007239e+02 -1.696459e+00 -7.228571e+01
      vertex   -1.007239e+02 -1.696459e+00 -8.614286e+01
      vertex   -1.005018e+02 -2.393979e+00 -7.228571e+01
    endloop
  endfacet
  facet normal -9.528500e-01 -3.034418e-01 -0.000000e+00
    outer loop
      vertex   -1.005018e+02 -2.393979e+00 -7.228571e+01
      vertex   -1.007239e+02 -1.696459e+00 -8.614286e+01
      vertex   -1.005018e+02 -2.393979e+00 -8.614286e+01
    endloop
  endfacet
  facet normal -9.143868e-01 -4.048416e-01 -0.000000e+00
    outer loop
      vertex   -1.005018e+02 -2.393979e+00 -7.228571e+01
      vertex   -1.005018e+02 -2.393979e+00 -8.614286e+01
      vertex   -1.002054e+02 -3.063342e+00 -7.228571e+01
    endloop
  endfacet
  facet normal -9.528500e-01 -3.034418e-01 -6.293212e-17
    outer loop
      vertex   -1.005018e+02 -2.393979e+00 -1.685714e+01
      vertex   -1.007239e+02 -1.696459e+00 -1.685714e+01
      vertex   -1.007239e+02 -1.696459e+00 -3.071429e+01
    endloop
  endfacet
  facet normal -9.801063e-01 -1.984732e-01 -4.134392e-17
    outer loop
      vertex   -1.007239e+02 -1.696459e+00 -3.071429e+01
      vertex   -1.007239e+02 -1.696459e+00 -1.685714e+01
      vertex   -1.008692e+02 -9.789866e-01 -3.071429e+01
    endloop
  endfacet
  facet normal -9.528500e-01 -3.034418e-01 -0.000000e+00
    outer loop
      vertex   -1.005018e+02 -2.393979e+00 -1.685714e+01
      vertex   -1.007239e+02 -1.696459e+00 -3.071429e+01
      vertex   -1.005018e+02 -2.393979e+00 -3.071429e+01
    endloop
  endfacet
  facet normal -9.528500e-01 -3.034418e-01 0.000000e+00
    outer loop
      vertex   -1.007239e+02 -1.696459e+00 -7.228571e+01
      vertex   -1.005018e+02 -2.393979e+00 -7.228571e+01
      vertex   -1.005018e+02 -2.393979e+00 -5.842857e+01
    endloop
  endfacet
  facet normal -9.143868e-01 -4.048416e-01 -0.000000e+00
    outer loop
      vertex   -1.005018e+02 -2.393979e+00 -5.842857e+01
      vertex   -1.005018e+02 -2.393979e+00 -7.228571e+01
      vertex   -1.002054e+02 -3.063342e+00 -5.842857e+01
    endloop
  endfacet
  facet normal -9.143868e-01 -4.048416e-01 0.000000e+00
    outer loop
      vertex   -1.005018e+02 -2.393979e+00 -5.842857e+01
      vertex   -1.002054e+02 -3.063342e+00 -5.842857e+01
      vertex   -1.002054e+02 -3.063342e+00 -4.457143e+01
    endloop
  endfacet
  facet normal -8.651693e-01 -5.014799e-01 -0.000000e+00
    outer loop
      vertex   -1.002054e+02 -3.063342e+00 -4.457143e+01
      vertex   -1.002054e+02 -3.063342e+00 -5.842857e+01
      vertex   -9.983831e+01 -3.696677e+00 -3.000000e+00
    endloop
  endfacet
  facet normal -9.143868e-01 -4.048416e-01 -0.000000e+00
    outer loop
      vertex   -1.002054e+02 -3.063342e+00 -5.842857e+01
      vertex   -1.005018e+02 -2.393979e+00 -7.228571e+01
      vertex   -1.002054e+02 -3.063342e+00 -7.228571e+01
    endloop
  endfacet
  facet normal -9.143868e-01 -4.048416e-01 0.000000e+00
    outer loop
      vertex   -1.002054e+02 -3.063342e+00 -1.685714e+01
      vertex   -1.005018e+02 -2.393979e+00 -1.685714e+01
      vertex   -1.005018e+02 -2.393979e+00 -3.071429e+01
    endloop
  endfacet
  facet normal -9.143868e-01 -4.048416e-01 -0.000000e+00
    outer loop
      vertex   -1.002054e+02 -3.063342e+00 -1.685714e+01
      vertex   -1.005018e+02 -2.393979e+00 -3.071429e+01
      vertex   -1.002054e+02 -3.063342e+00 -3.071429e+01
    endloop
  endfacet
  facet normal 9.959143e-01 -9.030303e-02 0.000000e+00
    outer loop
      vertex   -8.744519e+01 -2.500000e-01 -3.000000e+00
      vertex   -8.751023e+01 -9.673544e-01 -5.842857e+01
      vertex   -8.744519e+01 -2.500000e-01 -1.000000e+02
    endloop
  endfacet
  facet normal 9.959143e-01 -9.030303e-02 -1.390384e-18
    outer loop
      vertex   -8.744519e+01 -2.500000e-01 -1.000000e+02
      vertex   -8.751023e+01 -9.673544e-01 -5.842857e+01
      vertex   -8.751023e+01 -9.673544e-01 -7.228571e+01
    endloop
  endfacet
  facet normal 9.959143e-01 -9.030303e-02 -3.475960e-18
    outer loop
      vertex   -8.744519e+01 -2.500000e-01 -1.000000e+02
      vertex   -8.751023e+01 -9.673544e-01 -7.228571e+01
      vertex   -8.751023e+01 -9.673544e-01 -8.614286e+01
    endloop
  endfacet
  facet normal 9.806214e-01 -1.959122e-01 -6.278531e-18
    outer loop
      vertex   -8.751023e+01 -9.673544e-01 -8.614286e+01
      vertex   -8.751023e+01 -9.673544e-01 -7.228571e+01
      vertex   -8.765135e+01 -1.673693e+00 -8.614286e+01
    endloop
  endfacet
  facet normal 9.806214e-01 -1.959122e-01 1.946538e-17
    outer loop
      vertex   -8.751023e+01 -9.673544e-01 -8.614286e+01
      vertex   -8.765135e+01 -1.673693e+00 -8.614286e+01
      vertex   -8.765135e+01 -1.673693e+00 -1.000000e+02
    endloop
  endfacet
  facet normal 9.541620e-01 -2.992905e-01 2.877470e-17
    outer loop
      vertex   -8.765135e+01 -1.673693e+00 -1.000000e+02
      vertex   -8.765135e+01 -1.673693e+00 -8.614286e+01
      vertex   -8.786693e+01 -2.360974e+00 -1.000000e+02
    endloop
  endfacet
  facet normal 9.541620e-01 -2.992905e-01 1.918313e-17
    outer loop
      vertex   -8.786693e+01 -2.360974e+00 -1.000000e+02
      vertex   -8.765135e+01 -1.673693e+00 -8.614286e+01
      vertex   -8.786693e+01 -2.360974e+00 -8.614286e+01
    endloop
  endfacet
  facet normal 9.168374e-01 -3.992608e-01 2.559076e-17
    outer loop
      vertex   -8.786693e+01 -2.360974e+00 -1.000000e+02
      vertex   -8.786693e+01 -2.360974e+00 -8.614286e+01
      vertex   -8.815451e+01 -3.021369e+00 -1.000000e+02
    endloop
  endfacet
  facet normal 9.168374e-01 -3.992608e-01 -3.838614e-17
    outer loop
      vertex   -8.815451e+01 -3.021369e+00 -1.000000e+02
      vertex   -8.786693e+01 -2.360974e+00 -8.614286e+01
      vertex   -8.815451e+01 -3.021369e+00 -8.614286e+01
    endloop
  endfacet
  facet normal 8.690726e-01 -4.946846e-01 -4.756047e-17
    outer loop
      vertex   -8.815451e+01 -3.021369e+00 -1.000000e+02
      vertex   -8.815451e+01 -3.021369e+00 -8.614286e+01
      vertex   -8.851083e+01 -3.647360e+00 -1.000000e+02
    endloop
  endfacet
  facet normal 8.690726e-01 -4.946846e-01 3.170698e-17
    outer loop
      vertex   -8.851083e+01 -3.647360e+00 -1.000000e+02
      vertex   -8.815451e+01 -3.021369e+00 -8.614286e+01
      vertex   -8.851083e+01 -3.647360e+00 -8.614286e+01
    endloop
  endfacet
  facet normal 8.114115e-01 -5.844753e-01 3.746215e-17
    outer loop
      vertex   -8.851083e+01 -3.647360e+00 -1.000000e+02
      vertex   -8.851083e+01 -3.647360e+00 -8.614286e+01
      vertex   -8.893183e+01 -4.231817e+00 -1.000000e+02
    endloop
  endfacet
  facet normal 8.114115e-01 -5.844753e-01 -5.561536e-17
    outer loop
      vertex   -8.893183e+01 -4.231817e+00 -1.000000e+02
      vertex   -8.851083e+01 -3.647360e+00 -8.614286e+01
      vertex   -8.851083e+01 -3.647360e+00 -7.228571e+01
    endloop
  endfacet
  facet normal 8.114115e-01 -5.844753e-01 1.551669e-15
    outer loop
      vertex   -8.893183e+01 -4.231817e+00 -1.000000e+02
      vertex   -8.851083e+01 -3.647360e+00 -7.228571e+01
      vertex   -8.851083e+01 -3.647360e+00 -5.842857e+01
    endloop
  endfacet
  facet normal 8.690726e-01 -4.946846e-01 1.687391e-15
    outer loop
      vertex   -8.851083e+01 -3.647360e+00 -5.842857e+01
      vertex   -8.851083e+01 -3.647360e+00 -7.228571e+01
      vertex   -8.815451e+01 -3.021369e+00 -5.842857e+01
    endloop
  endfacet
  facet normal 8.690726e-01 -4.946846e-01 -1.668461e-17
    outer loop
      vertex   -8.851083e+01 -3.647360e+00 -5.842857e+01
      vertex   -8.815451e+01 -3.021369e+00 -5.842857e+01
      vertex   -8.815451e+01 -3.021369e+00 -4.457143e+01
    endloop
  endfacet
  facet normal 9.168374e-01 -3.992608e-01 -1.279538e-17
    outer loop
      vertex   -8.815451e+01 -3.021369e+00 -4.457143e+01
      vertex   -8.815451e+01 -3.021369e+00 -5.842857e+01
      vertex   -8.786693e+01 -2.360974e+00 -4.457143e+01
    endloop
  endfacet
  facet normal 9.168374e-01 -3.992608e-01 1.840868e-15
    outer loop
      vertex   -8.815451e+01 -3.021369e+00 -4.457143e+01
      vertex   -8.786693e+01 -2.360974e+00 -4.457143e+01
      vertex   -8.786693e+01 -2.360974e+00 -3.071429e+01
    endloop
  endfacet
  facet normal 9.541620e-01 -2.992905e-01 1.928260e-15
    outer loop
      vertex   -8.786693e+01 -2.360974e+00 -3.071429e+01
      vertex   -8.786693e+01 -2.360974e+00 -4.457143e+01
      vertex   -8.765135e+01 -1.673693e+00 -3.071429e+01
    endloop
  endfacet
  facet normal 9.541620e-01 -2.992905e-01 -8.342304e-18
    outer loop
      vertex   -8.786693e+01 -2.360974e+00 -3.071429e+01
      vertex   -8.765135e+01 -1.673693e+00 -3.071429e+01
      vertex   -8.765135e+01 -1.673693e+00 -1.685714e+01
    endloop
  endfacet
  facet normal 9.806214e-01 -1.959122e-01 -6.278531e-18
    outer loop
      vertex   -8.765135e+01 -1.673693e+00 -1.685714e+01
      vertex   -8.765135e+01 -1.673693e+00 -3.071429e+01
      vertex   -8.751023e+01 -9.673544e-01 -1.685714e+01
    endloop
  endfacet
  facet normal 9.806214e-01 -1.959122e-01 -5.561536e-18
    outer loop
      vertex   -8.765135e+01 -1.673693e+00 -1.685714e+01
      vertex   -8.751023e+01 -9.673544e-01 -1.685714e+01
      vertex   -8.751023e+01 -9.673544e-01 -3.000000e+00
    endloop
  endfacet
  facet normal 9.959143e-01 -9.030303e-02 -2.894002e-18
    outer loop
      vertex   -8.751023e+01 -9.673544e-01 -3.000000e+00
      vertex   -8.751023e+01 -9.673544e-01 -1.685714e+01
      vertex   -8.744519e+01 -2.500000e-01 -3.000000e+00
    endloop
  endfacet
  facet normal 9.959143e-01 -9.030303e-02 -1.390384e-18
    outer loop
      vertex   -8.744519e+01 -2.500000e-01 -3.000000e+00
      vertex   -8.751023e+01 -9.673544e-01 -1.685714e+01
      vertex   -8.751023e+01 -9.673544e-01 -3.071429e+01
    endloop
  endfacet
  facet normal 9.959143e-01 -9.030303e-02 -2.780768e-18
    outer loop
      vertex   -8.744519e+01 -2.500000e-01 -3.000000e+00
      vertex   -8.751023e+01 -9.673544e-01 -3.071429e+01
      vertex   -8.751023e+01 -9.673544e-01 -4.457143e+01
    endloop
  endfacet
  facet normal 9.806214e-01 -1.959122e-01 -6.278531e-18
    outer loop
      vertex   -8.751023e+01 -9.673544e-01 -4.457143e+01
      vertex   -8.751023e+01 -9.673544e-01 -3.071429e+01
      vertex   -8.765135e+01 -1.673693e+00 -4.457143e+01
    endloop
  endfacet
  facet normal 9.806214e-01 -1.959122e-01 -6.951920e-18
    outer loop
      vertex   -8.751023e+01 -9.673544e-01 -4.457143e+01
      vertex   -8.765135e+01 -1.673693e+00 -4.457143e+01
      vertex   -8.765135e+01 -1.673693e+00 -5.842857e+01
    endloop
  endfacet
  facet normal 9.541620e-01 -2.992905e-01 -9.591566e-18
    outer loop
      vertex   -8.765135e+01 -1.673693e+00 -5.842857e+01
      vertex   -8.765135e+01 -1.673693e+00 -4.457143e+01
      vertex   -8.786693e+01 -2.360974e+00 -5.842857e+01
    endloop
  endfacet
  facet normal 9.541620e-01 -2.992905e-01 -2.780768e-17
    outer loop
      vertex   -8.765135e+01 -1.673693e+00 -5.842857e+01
      vertex   -8.786693e+01 -2.360974e+00 -5.842857e+01
      vertex   -8.786693e+01 -2.360974e+00 -7.228571e+01
    endloop
  endfacet
  facet normal 9.168374e-01 -3.992608e-01 -3.838614e-17
    outer loop
      vertex   -8.786693e+01 -2.360974e+00 -7.228571e+01
      vertex   -8.786693e+01 -2.360974e+00 -5.842857e+01
      vertex   -8.815451e+01 -3.021369e+00 -7.228571e+01
    endloop
  endfacet
  facet normal 9.168374e-01 -3.992608e-01 -1.390384e-17
    outer loop
      vertex   -8.786693e+01 -2.360974e+00 -7.228571e+01
      vertex   -8.815451e+01 -3.021369e+00 -7.228571e+01
      vertex   -8.815451e+01 -3.021369e+00 -8.614286e+01
    endloop
  endfacet
  facet normal 8.690726e-01 -4.946846e-01 -1.585349e-17
    outer loop
      vertex   -8.815451e+01 -3.021369e+00 -8.614286e+01
      vertex   -8.815451e+01 -3.021369e+00 -7.228571e+01
      vertex   -8.851083e+01 -3.647360e+00 -8.614286e+01
    endloop
  endfacet
  facet normal 9.806214e-01 -1.959122e-01 -4.032114e-17
    outer loop
      vertex   -8.751023e+01 -9.673544e-01 -3.000000e+00
      vertex   -8.765135e+01 -1.673693e+00 -3.000000e+00
      vertex   -8.765135e+01 -1.673693e+00 -1.685714e+01
    endloop
  endfacet
  facet normal 9.541620e-01 -2.992905e-01 -6.234518e-17
    outer loop
      vertex   -8.765135e+01 -1.673693e+00 -1.685714e+01
      vertex   -8.765135e+01 -1.673693e+00 -3.000000e+00
      vertex   -8.786693e+01 -2.360974e+00 -1.685714e+01
    endloop
  endfacet
  facet normal 9.541620e-01 -2.992905e-01 -3.893075e-17
    outer loop
      vertex   -8.765135e+01 -1.673693e+00 -1.685714e+01
      vertex   -8.786693e+01 -2.360974e+00 -1.685714e+01
      vertex   -8.786693e+01 -2.360974e+00 -3.071429e+01
    endloop
  endfacet
  facet normal 9.168374e-01 -3.992608e-01 -5.118152e-17
    outer loop
      vertex   -8.786693e+01 -2.360974e+00 -3.071429e+01
      vertex   -8.786693e+01 -2.360974e+00 -1.685714e+01
      vertex   -8.815451e+01 -3.021369e+00 -3.071429e+01
    endloop
  endfacet
  facet normal 9.168374e-01 -3.992608e-01 -2.502691e-17
    outer loop
      vertex   -8.786693e+01 -2.360974e+00 -3.071429e+01
      vertex   -8.815451e+01 -3.021369e+00 -3.071429e+01
      vertex   -8.815451e+01 -3.021369e+00 -4.457143e+01
    endloop
  endfacet
  facet normal 8.690726e-01 -4.946846e-01 -3.170698e-17
    outer loop
      vertex   -8.815451e+01 -3.021369e+00 -4.457143e+01
      vertex   -8.815451e+01 -3.021369e+00 -3.071429e+01
      vertex   -8.851083e+01 -3.647360e+00 -4.457143e+01
    endloop
  endfacet
  facet normal 8.690726e-01 -4.946846e-01 -4.727306e-17
    outer loop
      vertex   -8.815451e+01 -3.021369e+00 -4.457143e+01
      vertex   -8.851083e+01 -3.647360e+00 -4.457143e+01
      vertex   -8.851083e+01 -3.647360e+00 -5.842857e+01
    endloop
  endfacet
  facet normal 8.114115e-01 -5.844753e-01 -5.619322e-17
    outer loop
      vertex   -8.851083e+01 -3.647360e+00 -5.842857e+01
      vertex   -8.851083e+01 -3.647360e+00 -4.457143e+01
      vertex   -8.893183e+01 -4.231817e+00 -1.000000e+02
    endloop
  endfacet
  facet normal 9.541620e-01 -2.992905e-01 3.893075e-17
    outer loop
      vertex   -8.765135e+01 -1.673693e+00 -3.000000e+00
      vertex   -8.786693e+01 -2.360974e+00 -3.000000e+00
      vertex   -8.786693e+01 -2.360974e+00 -1.685714e+01
    endloop
  endfacet
  facet normal 9.168374e-01 -3.992608e-01 5.118152e-17
    outer loop
      vertex   -8.786693e+01 -2.360974e+00 -1.685714e+01
      vertex   -8.786693e+01 -2.360974e+00 -3.000000e+00
      vertex   -8.815451e+01 -3.021369e+00 -1.685714e+01
    endloop
  endfacet
  facet normal 9.168374e-01 -3.992608e-01 -2.502691e-17
    outer loop
      vertex   -8.786693e+01 -2.360974e+00 -1.685714e+01
      vertex   -8.815451e+01 -3.021369e+00 -1.685714e+01
      vertex   -8.815451e+01 -3.021369e+00 -3.071429e+01
    endloop
  endfacet
  facet normal 8.690726e-01 -4.946846e-01 -3.170698e-17
    outer loop
      vertex   -8.815451e+01 -3.021369e+00 -3.071429e+01
      vertex   -8.815451e+01 -3.021369e+00 -1.685714e+01
      vertex   -8.851083e+01 -3.647360e+00 -3.071429e+01
    endloop
  endfacet
  facet normal 8.690726e-01 -4.946846e-01 -8.064227e-17
    outer loop
      vertex   -8.815451e+01 -3.021369e+00 -3.071429e+01
      vertex   -8.851083e+01 -3.647360e+00 -3.071429e+01
      vertex   -8.851083e+01 -3.647360e+00 -4.457143e+01
    endloop
  endfacet
  facet normal 8.114115e-01 -5.844753e-01 -9.365537e-17
    outer loop
      vertex   -8.851083e+01 -3.647360e+00 -4.457143e+01
      vertex   -8.851083e+01 -3.647360e+00 -3.071429e+01
      vertex   -8.893183e+01 -4.231817e+00 -3.000000e+00
    endloop
  endfacet
  facet normal 8.114115e-01 -5.844753e-01 1.136142e-16
    outer loop
      vertex   -8.851083e+01 -3.647360e+00 -4.457143e+01
      vertex   -8.893183e+01 -4.231817e+00 -3.000000e+00
      vertex   -8.893183e+01 -4.231817e+00 -1.000000e+02
    endloop
  endfacet
  facet normal 9.168374e-01 -3.992608e-01 -6.395767e-17
    outer loop
      vertex   -8.786693e+01 -2.360974e+00 -3.000000e+00
      vertex   -8.815451e+01 -3.021369e+00 -3.000000e+00
      vertex   -8.815451e+01 -3.021369e+00 -1.685714e+01
    endloop
  endfacet
  facet normal 8.690726e-01 -4.946846e-01 -7.926745e-17
    outer loop
      vertex   -8.815451e+01 -3.021369e+00 -1.685714e+01
      vertex   -8.815451e+01 -3.021369e+00 -3.000000e+00
      vertex   -8.851083e+01 -3.647360e+00 -1.685714e+01
    endloop
  endfacet
  facet normal 8.690726e-01 -4.946846e-01 -6.395767e-17
    outer loop
      vertex   -8.815451e+01 -3.021369e+00 -1.685714e+01
      vertex   -8.851083e+01 -3.647360e+00 -1.685714e+01
      vertex   -8.851083e+01 -3.647360e+00 -3.071429e+01
    endloop
  endfacet
  facet normal 8.114115e-01 -5.844753e-01 -7.492430e-17
    outer loop
      vertex   -8.851083e+01 -3.647360e+00 -3.071429e+01
      vertex   -8.851083e+01 -3.647360e+00 -1.685714e+01
      vertex   -8.893183e+01 -4.231817e+00 -3.000000e+00
    endloop
  endfacet
  facet normal 8.690726e-01 -4.946846e-01 0.000000e+00
    outer loop
      vertex   -8.815451e+01 -3.021369e+00 -3.000000e+00
      vertex   -8.851083e+01 -3.647360e+00 -3.000000e+00
      vertex   -8.851083e+01 -3.647360e+00 -1.685714e+01
    endloop
  endfacet
  facet normal 8.114115e-01 -5.844753e-01 0.000000e+00
    outer loop
      vertex   -8.851083e+01 -3.647360e+00 -1.685714e+01
      vertex   -8.851083e+01 -3.647360e+00 -3.000000e+00
      vertex   -8.893183e+01 -4.231817e+00 -3.000000e+00
    endloop
  endfacet
  facet normal 9.806214e-01 -1.959122e-01 -1.390384e-18
    outer loop
      vertex   -8.765135e+01 -1.673693e+00 -1.000000e+02
      vertex   -8.751023e+01 -9.673544e-01 -1.000000e+02
      vertex   -8.751023e+01 -9.673544e-01 -8.614286e+01
    endloop
  endfacet
  facet normal 9.959143e-01 -9.030303e-02 -7.235005e-19
    outer loop
      vertex   -8.751023e+01 -9.673544e-01 -8.614286e+01
      vertex   -8.751023e+01 -9.673544e-01 -1.000000e+02
      vertex   -8.744519e+01 -2.500000e-01 -1.000000e+02
    endloop
  endfacet
  facet normal 9.959143e-01 -9.030303e-02 -2.894002e-18
    outer loop
      vertex   -8.751023e+01 -9.673544e-01 -5.842857e+01
      vertex   -8.744519e+01 -2.500000e-01 -3.000000e+00
      vertex   -8.751023e+01 -9.673544e-01 -4.457143e+01
    endloop
  endfacet
  facet normal 9.806214e-01 -1.959122e-01 -6.278531e-18
    outer loop
      vertex   -8.765135e+01 -1.673693e+00 -4.457143e+01
      vertex   -8.751023e+01 -9.673544e-01 -3.071429e+01
      vertex   -8.765135e+01 -1.673693e+00 -3.071429e+01
    endloop
  endfacet
  facet normal 9.806214e-01 -1.959122e-01 -2.780768e-18
    outer loop
      vertex   -8.765135e+01 -1.673693e+00 -3.071429e+01
      vertex   -8.751023e+01 -9.673544e-01 -3.071429e+01
      vertex   -8.751023e+01 -9.673544e-01 -1.685714e+01
    endloop
  endfacet
  facet normal 9.806214e-01 -1.959122e-01 -6.278531e-18
    outer loop
      vertex   -8.751023e+01 -9.673544e-01 -4.457143e+01
      vertex   -8.765135e+01 -1.673693e+00 -5.842857e+01
      vertex   -8.751023e+01 -9.673544e-01 -5.842857e+01
    endloop
  endfacet
  facet normal 9.806214e-01 -1.959122e-01 -6.951920e-18
    outer loop
      vertex   -8.751023e+01 -9.673544e-01 -5.842857e+01
      vertex   -8.765135e+01 -1.673693e+00 -5.842857e+01
      vertex   -8.765135e+01 -1.673693e+00 -7.228571e+01
    endloop
  endfacet
  facet normal 9.806214e-01 -1.959122e-01 -3.139266e-18
    outer loop
      vertex   -8.751023e+01 -9.673544e-01 -5.842857e+01
      vertex   -8.765135e+01 -1.673693e+00 -7.228571e+01
      vertex   -8.751023e+01 -9.673544e-01 -7.228571e+01
    endloop
  endfacet
  facet normal 9.806214e-01 -1.959122e-01 -1.251346e-17
    outer loop
      vertex   -8.751023e+01 -9.673544e-01 -7.228571e+01
      vertex   -8.765135e+01 -1.673693e+00 -7.228571e+01
      vertex   -8.765135e+01 -1.673693e+00 -8.614286e+01
    endloop
  endfacet
  facet normal 9.541620e-01 -2.992905e-01 -3.836626e-17
    outer loop
      vertex   -8.786693e+01 -2.360974e+00 -5.842857e+01
      vertex   -8.765135e+01 -1.673693e+00 -4.457143e+01
      vertex   -8.786693e+01 -2.360974e+00 -4.457143e+01
    endloop
  endfacet
  facet normal 9.541620e-01 -2.992905e-01 -1.112307e-17
    outer loop
      vertex   -8.786693e+01 -2.360974e+00 -4.457143e+01
      vertex   -8.765135e+01 -1.673693e+00 -4.457143e+01
      vertex   -8.765135e+01 -1.673693e+00 -3.071429e+01
    endloop
  endfacet
  facet normal 9.541620e-01 -2.992905e-01 -1.946538e-17
    outer loop
      vertex   -8.786693e+01 -2.360974e+00 -8.614286e+01
      vertex   -8.765135e+01 -1.673693e+00 -8.614286e+01
      vertex   -8.765135e+01 -1.673693e+00 -7.228571e+01
    endloop
  endfacet
  facet normal 9.541620e-01 -2.992905e-01 -3.836626e-17
    outer loop
      vertex   -8.786693e+01 -2.360974e+00 -8.614286e+01
      vertex   -8.765135e+01 -1.673693e+00 -7.228571e+01
      vertex   -8.786693e+01 -2.360974e+00 -7.228571e+01
    endloop
  endfacet
  facet normal 9.541620e-01 -2.992905e-01 -8.342304e-18
    outer loop
      vertex   -8.786693e+01 -2.360974e+00 -7.228571e+01
      vertex   -8.765135e+01 -1.673693e+00 -7.228571e+01
      vertex   -8.765135e+01 -1.673693e+00 -5.842857e+01
    endloop
  endfacet
  facet normal 9.168374e-01 -3.992608e-01 -3.838614e-17
    outer loop
      vertex   -8.815451e+01 -3.021369e+00 -7.228571e+01
      vertex   -8.786693e+01 -2.360974e+00 -5.842857e+01
      vertex   -8.815451e+01 -3.021369e+00 -5.842857e+01
    endloop
  endfacet
  facet normal 9.168374e-01 -3.992608e-01 -5.005383e-17
    outer loop
      vertex   -8.815451e+01 -3.021369e+00 -5.842857e+01
      vertex   -8.786693e+01 -2.360974e+00 -5.842857e+01
      vertex   -8.786693e+01 -2.360974e+00 -4.457143e+01
    endloop
  endfacet
  facet normal 9.168374e-01 -3.992608e-01 -5.283459e-17
    outer loop
      vertex   -8.815451e+01 -3.021369e+00 -8.614286e+01
      vertex   -8.786693e+01 -2.360974e+00 -8.614286e+01
      vertex   -8.786693e+01 -2.360974e+00 -7.228571e+01
    endloop
  endfacet
  facet normal 8.690726e-01 -4.946846e-01 -4.756047e-17
    outer loop
      vertex   -8.851083e+01 -3.647360e+00 -8.614286e+01
      vertex   -8.815451e+01 -3.021369e+00 -7.228571e+01
      vertex   -8.851083e+01 -3.647360e+00 -7.228571e+01
    endloop
  endfacet
  facet normal 8.690726e-01 -4.946846e-01 -4.727306e-17
    outer loop
      vertex   -8.851083e+01 -3.647360e+00 -7.228571e+01
      vertex   -8.815451e+01 -3.021369e+00 -7.228571e+01
      vertex   -8.815451e+01 -3.021369e+00 -5.842857e+01
    endloop
  endfacet
  facet normal -2.642201e-17 2.939058e-17 -1.000000e+00
    outer loop
      vertex   -3.407447e+00 -2.500000e-01 -3.000000e+00
      vertex   -3.461829e+00 -2.988898e-01 -3.000000e+00
      vertex   -8.744519e+01 -2.500000e-01 -3.000000e+00
    endloop
  endfacet
  facet normal -2.642074e-17 3.157601e-17 -1.000000e+00
    outer loop
      vertex   -8.744519e+01 -2.500000e-01 -3.000000e+00
      vertex   -3.461829e+00 -2.988898e-01 -3.000000e+00
      vertex   -3.567962e+00 -3.876945e-01 -3.000000e+00
    endloop
  endfacet
  facet normal -2.641707e-17 3.381185e-17 -1.000000e+00
    outer loop
      vertex   -8.744519e+01 -2.500000e-01 -3.000000e+00
      vertex   -3.567962e+00 -3.876945e-01 -3.000000e+00
      vertex   -3.687145e+00 -4.808118e-01 -3.000000e+00
    endloop
  endfacet
  facet normal -2.641076e-17 3.609935e-17 -1.000000e+00
    outer loop
      vertex   -3.687145e+00 -4.808118e-01 -3.000000e+00
      vertex   -3.819539e+00 -5.776730e-01 -3.000000e+00
      vertex   -8.744519e+01 -2.500000e-01 -3.000000e+00
    endloop
  endfacet
  facet normal -2.640159e-17 3.843976e-17 -1.000000e+00
    outer loop
      vertex   -8.744519e+01 -2.500000e-01 -3.000000e+00
      vertex   -3.819539e+00 -5.776730e-01 -3.000000e+00
      vertex   -3.965229e+00 -6.777374e-01 -3.000000e+00
    endloop
  endfacet
  facet normal -2.638932e-17 4.083435e-17 -1.000000e+00
    outer loop
      vertex   -8.744519e+01 -2.500000e-01 -3.000000e+00
      vertex   -3.965229e+00 -6.777374e-01 -3.000000e+00
      vertex   -4.124241e+00 -7.804990e-01 -3.000000e+00
    endloop
  endfacet
  facet normal -2.637372e-17 4.328442e-17 -1.000000e+00
    outer loop
      vertex   -4.124241e+00 -7.804990e-01 -3.000000e+00
      vertex   -4.296550e+00 -8.854893e-01 -3.000000e+00
      vertex   -8.744519e+01 -2.500000e-01 -3.000000e+00
    endloop
  endfacet
  facet normal -3.045435e-18 3.095603e-15 -1.000000e+00
    outer loop
      vertex   -8.744519e+01 -2.500000e-01 -3.000000e+00
      vertex   -4.296550e+00 -8.854893e-01 -3.000000e+00
      vertex   -8.751023e+01 -9.673544e-01 -3.000000e+00
    endloop
  endfacet
  facet normal 0.000000e+00 0.000000e+00 -1.000000e+00
    outer loop
      vertex   -8.751023e+01 -9.673544e-01 -3.000000e+00
      vertex   -4.296550e+00 -8.854893e-01 -3.000000e+00
      vertex   -4.482097e+00 -9.922784e-01 -3.000000e+00
    endloop
  endfacet
  facet normal 0.000000e+00 0.000000e+00 -1.000000e+00
    outer loop
      vertex   -8.751023e+01 -9.673544e-01 -3.000000e+00
      vertex   -4.482097e+00 -9.922784e-01 -3.000000e+00
      vertex   -4.680793e+00 -1.100475e+00 -3.000000e+00
    endloop
  endfacet
  facet normal -0.000000e+00 0.000000e+00 -1.000000e+00
    outer loop
      vertex   -4.680793e+00 -1.100475e+00 -3.000000e+00
      vertex   -4.892527e+00 -1.209724e+00 -3.000000e+00
      vertex   -8.751023e+01 -9.673544e-01 -3.000000e+00
    endloop
  endfacet
  facet normal 0.000000e+00 0.000000e+00 -1.000000e+00
    outer loop
      vertex   -8.751023e+01 -9.673544e-01 -3.000000e+00
      vertex   -4.892527e+00 -1.209724e+00 -3.000000e+00
      vertex   -5.117176e+00 -1.319705e+00 -3.000000e+00
    endloop
  endfacet
  facet normal 0.000000e+00 0.000000e+00 -1.000000e+00
    outer loop
      vertex   -8.751023e+01 -9.673544e-01 -3.000000e+00
      vertex   -5.117176e+00 -1.319705e+00 -3.000000e+00
      vertex   -5.354602e+00 -1.430131e+00 -3.000000e+00
    endloop
  endfacet
  facet normal -0.000000e+00 0.000000e+00 -1.000000e+00
    outer loop
      vertex   -5.354602e+00 -1.430131e+00 -3.000000e+00
      vertex   -5.604666e+00 -1.540742e+00 -3.000000e+00
      vertex   -8.751023e+01 -9.673544e-01 -3.000000e+00
    endloop
  endfacet
  facet normal 0.000000e+00 0.000000e+00 -1.000000e+00
    outer loop
      vertex   -8.751023e+01 -9.673544e-01 -3.000000e+00
      vertex   -5.604666e+00 -1.540742e+00 -3.000000e+00
      vertex   -5.867221e+00 -1.651307e+00 -3.000000e+00
    endloop
  endfacet
  facet normal 0.000000e+00 0.000000e+00 -1.000000e+00
    outer loop
      vertex   -8.751023e+01 -9.673544e-01 -3.000000e+00
      vertex   -5.867221e+00 -1.651307e+00 -3.000000e+00
      vertex   -6.142120e+00 -1.761617e+00 -3.000000e+00
    endloop
  endfacet
  facet normal 0.000000e+00 -0.000000e+00 -1.000000e+00
    outer loop
      vertex   -8.751023e+01 -9.673544e-01 -3.000000e+00
      vertex   -6.142120e+00 -1.761617e+00 -3.000000e+00
      vertex   -8.765135e+01 -1.673693e+00 -3.000000e+00
    endloop
  endfacet
  facet normal 0.000000e+00 0.000000e+00 -1.000000e+00
    outer loop
      vertex   -8.765135e+01 -1.673693e+00 -3.000000e+00
      vertex   -6.142120e+00 -1.761617e+00 -3.000000e+00
      vertex   -6.429216e+00 -1.871488e+00 -3.000000e+00
    endloop
  endfacet
  facet normal 0.000000e+00 0.000000e+00 -1.000000e+00
    outer loop
      vertex   -8.765135e+01 -1.673693e+00 -3.000000e+00
      vertex   -6.429216e+00 -1.871488e+00 -3.000000e+00
      vertex   -6.728365e+00 -1.980753e+00 -3.000000e+00
    endloop
  endfacet
  facet normal -0.000000e+00 0.000000e+00 -1.000000e+00
    outer loop
      vertex   -6.728365e+00 -1.980753e+00 -3.000000e+00
      vertex   -7.039421e+00 -2.089262e+00 -3.000000e+00
      vertex   -8.765135e+01 -1.673693e+00 -3.000000e+00
    endloop
  endfacet
  facet normal 0.000000e+00 0.000000e+00 -1.000000e+00
    outer loop
      vertex   -8.765135e+01 -1.673693e+00 -3.000000e+00
      vertex   -7.039421e+00 -2.089262e+00 -3.000000e+00
      vertex   -7.362246e+00 -2.196883e+00 -3.000000e+00
    endloop
  endfacet
  facet normal 0.000000e+00 0.000000e+00 -1.000000e+00
    outer loop
      vertex   -8.765135e+01 -1.673693e+00 -3.000000e+00
      vertex   -7.362246e+00 -2.196883e+00 -3.000000e+00
      vertex   -7.696703e+00 -2.303496e+00 -3.000000e+00
    endloop
  endfacet
  facet normal -0.000000e+00 0.000000e+00 -1.000000e+00
    outer loop
      vertex   -7.696703e+00 -2.303496e+00 -3.000000e+00
      vertex   -8.042656e+00 -2.408993e+00 -3.000000e+00
      vertex   -8.765135e+01 -1.673693e+00 -3.000000e+00
    endloop
  endfacet
  facet normal 0.000000e+00 0.000000e+00 -1.000000e+00
    outer loop
      vertex   -8.765135e+01 -1.673693e+00 -3.000000e+00
      vertex   -8.042656e+00 -2.408993e+00 -3.000000e+00
      vertex   -8.399977e+00 -2.513279e+00 -3.000000e+00
    endloop
  endfacet
  facet normal 0.000000e+00 0.000000e+00 -1.000000e+00
    outer loop
      vertex   -8.765135e+01 -1.673693e+00 -3.000000e+00
      vertex   -8.399977e+00 -2.513279e+00 -3.000000e+00
      vertex   -8.768539e+00 -2.616268e+00 -3.000000e+00
    endloop
  endfacet
  facet normal 0.000000e+00 -0.000000e+00 -1.000000e+00
    outer loop
      vertex   -8.765135e+01 -1.673693e+00 -3.000000e+00
      vertex   -8.768539e+00 -2.616268e+00 -3.000000e+00
      vertex   -8.786693e+01 -2.360974e+00 -3.000000e+00
    endloop
  endfacet
  facet normal 0.000000e+00 0.000000e+00 -1.000000e+00
    outer loop
      vertex   -8.786693e+01 -2.360974e+00 -3.000000e+00
      vertex   -8.768539e+00 -2.616268e+00 -3.000000e+00
      vertex   -9.148218e+00 -2.717882e+00 -3.000000e+00
    endloop
  endfacet
  facet normal 0.000000e+00 0.000000e+00 -1.000000e+00
    outer loop
      vertex   -8.786693e+01 -2.360974e+00 -3.000000e+00
      vertex   -9.148218e+00 -2.717882e+00 -3.000000e+00
      vertex   -9.538895e+00 -2.818051e+00 -3.000000e+00
    endloop
  endfacet
  facet normal -0.000000e+00 0.000000e+00 -1.000000e+00
    outer loop
      vertex   -9.538895e+00 -2.818051e+00 -3.000000e+00
      vertex   -9.940453e+00 -2.916712e+00 -3.000000e+00
      vertex   -8.786693e+01 -2.360974e+00 -3.000000e+00
    endloop
  endfacet
  facet normal 0.000000e+00 0.000000e+00 -1.000000e+00
    outer loop
      vertex   -8.786693e+01 -2.360974e+00 -3.000000e+00
      vertex   -9.940453e+00 -2.916712e+00 -3.000000e+00
      vertex   -1.035278e+01 -3.013810e+00 -3.000000e+00
    endloop
  endfacet
  facet normal 0.000000e+00 0.000000e+00 -1.000000e+00
    outer loop
      vertex   -8.786693e+01 -2.360974e+00 -3.000000e+00
      vertex   -1.035278e+01 -3.013810e+00 -3.000000e+00
      vertex   -1.077576e+01 -3.109292e+00 -3.000000e+00
    endloop
  endfacet
  facet normal -0.000000e+00 0.000000e+00 -1.000000e+00
    outer loop
      vertex   -1.077576e+01 -3.109292e+00 -3.000000e+00
      vertex   -1.120929e+01 -3.203115e+00 -3.000000e+00
      vertex   -8.786693e+01 -2.360974e+00 -3.000000e+00
    endloop
  endfacet
  facet normal 0.000000e+00 0.000000e+00 -1.000000e+00
    outer loop
      vertex   -8.786693e+01 -2.360974e+00 -3.000000e+00
      vertex   -1.120929e+01 -3.203115e+00 -3.000000e+00
      vertex   -1.165327e+01 -3.295235e+00 -3.000000e+00
    endloop
  endfacet
  facet normal 0.000000e+00 0.000000e+00 -1.000000e+00
    outer loop
      vertex   -8.786693e+01 -2.360974e+00 -3.000000e+00
      vertex   -1.165327e+01 -3.295235e+00 -3.000000e+00
      vertex   -1.210759e+01 -3.385617e+00 -3.000000e+00
    endloop
  endfacet
  facet normal -0.000000e+00 0.000000e+00 -1.000000e+00
    outer loop
      vertex   -1.210759e+01 -3.385617e+00 -3.000000e+00
      vertex   -1.257214e+01 -3.474226e+00 -3.000000e+00
      vertex   -8.786693e+01 -2.360974e+00 -3.000000e+00
    endloop
  endfacet
  facet normal 0.000000e+00 -0.000000e+00 -1.000000e+00
    outer loop
      vertex   -8.786693e+01 -2.360974e+00 -3.000000e+00
      vertex   -1.257214e+01 -3.474226e+00 -3.000000e+00
      vertex   -8.815451e+01 -3.021369e+00 -3.000000e+00
    endloop
  endfacet
  facet normal 0.000000e+00 0.000000e+00 -1.000000e+00
    outer loop
      vertex   -8.815451e+01 -3.021369e+00 -3.000000e+00
      vertex   -1.257214e+01 -3.474226e+00 -3.000000e+00
      vertex   -1.304684e+01 -3.561033e+00 -3.000000e+00
    endloop
  endfacet
  facet normal 0.000000e+00 0.000000e+00 -1.000000e+00
    outer loop
      vertex   -8.815451e+01 -3.021369e+00 -3.000000e+00
      vertex   -1.304684e+01 -3.561033e+00 -3.000000e+00
      vertex   -1.353158e+01 -3.646010e+00 -3.000000e+00
    endloop
  endfacet
  facet normal -0.000000e+00 0.000000e+00 -1.000000e+00
    outer loop
      vertex   -1.353158e+01 -3.646010e+00 -3.000000e+00
      vertex   -1.402627e+01 -3.729134e+00 -3.000000e+00
      vertex   -8.815451e+01 -3.021369e+00 -3.000000e+00
    endloop
  endfacet
  facet normal 0.000000e+00 0.000000e+00 -1.000000e+00
    outer loop
      vertex   -8.815451e+01 -3.021369e+00 -3.000000e+00
      vertex   -1.402627e+01 -3.729134e+00 -3.000000e+00
      vertex   -1.453082e+01 -3.810383e+00 -3.000000e+00
    endloop
  endfacet
  facet normal 0.000000e+00 0.000000e+00 -1.000000e+00
    outer loop
      vertex   -8.815451e+01 -3.021369e+00 -3.000000e+00
      vertex   -1.453082e+01 -3.810383e+00 -3.000000e+00
      vertex   -6.721181e+01 -5.052228e+00 -3.000000e+00
    endloop
  endfacet
  facet normal 0.000000e+00 0.000000e+00 -1.000000e+00
    outer loop
      vertex   -6.721181e+01 -5.052228e+00 -3.000000e+00
      vertex   -1.453082e+01 -3.810383e+00 -3.000000e+00
      vertex   -1.504512e+01 -3.889738e+00 -3.000000e+00
    endloop
  endfacet
  facet normal 0.000000e+00 0.000000e+00 -1.000000e+00
    outer loop
      vertex   -6.721181e+01 -5.052228e+00 -3.000000e+00
      vertex   -1.504512e+01 -3.889738e+00 -3.000000e+00
      vertex   -6.624188e+01 -5.082274e+00 -3.000000e+00
    endloop
  endfacet
  facet normal 0.000000e+00 0.000000e+00 -1.000000e+00
    outer loop
      vertex   -6.624188e+01 -5.082274e+00 -3.000000e+00
      vertex   -1.504512e+01 -3.889738e+00 -3.000000e+00
      vertex   -1.556910e+01 -3.967181e+00 -3.000000e+00
    endloop
  endfacet
  facet normal 0.000000e+00 0.000000e+00 -1.000000e+00
    outer loop
      vertex   -6.624188e+01 -5.082274e+00 -3.000000e+00
      vertex   -1.556910e+01 -3.967181e+00 -3.000000e+00
      vertex   -6.527571e+01 -5.111472e+00 -3.000000e+00
    endloop
  endfacet
  facet normal 0.000000e+00 0.000000e+00 -1.000000e+00
    outer loop
      vertex   -6.527571e+01 -5.111472e+00 -3.000000e+00
      vertex   -1.556910e+01 -3.967181e+00 -3.000000e+00
      vertex   -1.610266e+01 -4.042697e+00 -3.000000e+00
    endloop
  endfacet
  facet normal 0.000000e+00 0.000000e+00 -1.000000e+00
    outer loop
      vertex   -6.527571e+01 -5.111472e+00 -3.000000e+00
      vertex   -1.610266e+01 -4.042697e+00 -3.000000e+00
      vertex   -6.431341e+01 -5.139788e+00 -3.000000e+00
    endloop
  endfacet
  facet normal 0.000000e+00 0.000000e+00 -1.000000e+00
    outer loop
      vertex   -6.431341e+01 -5.139788e+00 -3.000000e+00
      vertex   -1.610266e+01 -4.042697e+00 -3.000000e+00
      vertex   -6.335507e+01 -5.167190e+00 -3.000000e+00
    endloop
  endfacet
  facet normal 0.000000e+00 0.000000e+00 -1.000000e+00
    outer loop
      vertex   -6.335507e+01 -5.167190e+00 -3.000000e+00
      vertex   -1.610266e+01 -4.042697e+00 -3.000000e+00
      vertex   -1.664571e+01 -4.116275e+00 -3.000000e+00
    endloop
  endfacet
  facet normal 0.000000e+00 0.000000e+00 -1.000000e+00
    outer loop
      vertex   -6.335507e+01 -5.167190e+00 -3.000000e+00
      vertex   -1.664571e+01 -4.116275e+00 -3.000000e+00
      vertex   -6.240080e+01 -5.193644e+00 -3.000000e+00
    endloop
  endfacet
  facet normal 0.000000e+00 0.000000e+00 -1.000000e+00
    outer loop
      vertex   -6.240080e+01 -5.193644e+00 -3.000000e+00
      vertex   -1.664571e+01 -4.116275e+00 -3.000000e+00
      vertex   -1.719816e+01 -4.187901e+00 -3.000000e+00
    endloop
  endfacet
  facet normal 0.000000e+00 0.000000e+00 -1.000000e+00
    outer loop
      vertex   -6.240080e+01 -5.193644e+00 -3.000000e+00
      vertex   -1.719816e+01 -4.187901e+00 -3.000000e+00
      vertex   -6.145069e+01 -5.219119e+00 -3.000000e+00
    endloop
  endfacet
  facet normal 0.000000e+00 0.000000e+00 -1.000000e+00
    outer loop
      vertex   -6.145069e+01 -5.219119e+00 -3.000000e+00
      vertex   -1.719816e+01 -4.187901e+00 -3.000000e+00
      vertex   -1.775992e+01 -4.257567e+00 -3.000000e+00
    endloop
  endfacet
  facet normal 0.000000e+00 0.000000e+00 -1.000000e+00
    outer loop
      vertex   -6.145069e+01 -5.219119e+00 -3.000000e+00
      vertex   -1.775992e+01 -4.257567e+00 -3.000000e+00
      vertex   -6.050485e+01 -5.243581e+00 -3.000000e+00
    endloop
  endfacet
  facet normal 0.000000e+00 0.000000e+00 -1.000000e+00
    outer loop
      vertex   -6.050485e+01 -5.243581e+00 -3.000000e+00
      vertex   -1.775992e+01 -4.257567e+00 -3.000000e+00
      vertex   -1.833092e+01 -4.325264e+00 -3.000000e+00
    endloop
  endfacet
  facet normal 0.000000e+00 0.000000e+00 -1.000000e+00
    outer loop
      vertex   -6.050485e+01 -5.243581e+00 -3.000000e+00
      vertex   -1.833092e+01 -4.325264e+00 -3.000000e+00
      vertex   -5.956336e+01 -5.266999e+00 -3.000000e+00
    endloop
  endfacet
  facet normal 0.000000e+00 0.000000e+00 -1.000000e+00
    outer loop
      vertex   -5.956336e+01 -5.266999e+00 -3.000000e+00
      vertex   -1.833092e+01 -4.325264e+00 -3.000000e+00
      vertex   -1.891106e+01 -4.390986e+00 -3.000000e+00
    endloop
  endfacet
  facet normal 0.000000e+00 0.000000e+00 -1.000000e+00
    outer loop
      vertex   -5.956336e+01 -5.266999e+00 -3.000000e+00
      vertex   -1.891106e+01 -4.390986e+00 -3.000000e+00
      vertex   -1.950025e+01 -4.454727e+00 -3.000000e+00
    endloop
  endfacet
  facet normal 0.000000e+00 0.000000e+00 -1.000000e+00
    outer loop
      vertex   -1.950025e+01 -4.454727e+00 -3.000000e+00
      vertex   -2.009841e+01 -4.516483e+00 -3.000000e+00
      vertex   -5.956336e+01 -5.266999e+00 -3.000000e+00
    endloop
  endfacet
  facet normal 0.000000e+00 0.000000e+00 -1.000000e+00
    outer loop
      vertex   -5.956336e+01 -5.266999e+00 -3.000000e+00
      vertex   -2.009841e+01 -4.516483e+00 -3.000000e+00
      vertex   -2.070547e+01 -4.576252e+00 -3.000000e+00
    endloop
  endfacet
  facet normal 0.000000e+00 0.000000e+00 -1.000000e+00
    outer loop
      vertex   -5.956336e+01 -5.266999e+00 -3.000000e+00
      vertex   -2.070547e+01 -4.576252e+00 -3.000000e+00
      vertex   -2.132132e+01 -4.634031e+00 -3.000000e+00
    endloop
  endfacet
  facet normal 0.000000e+00 0.000000e+00 -1.000000e+00
    outer loop
      vertex   -2.132132e+01 -4.634031e+00 -3.000000e+00
      vertex   -2.194589e+01 -4.689821e+00 -3.000000e+00
      vertex   -5.956336e+01 -5.266999e+00 -3.000000e+00
    endloop
  endfacet
  facet normal 0.000000e+00 0.000000e+00 -1.000000e+00
    outer loop
      vertex   -5.956336e+01 -5.266999e+00 -3.000000e+00
      vertex   -2.194589e+01 -4.689821e+00 -3.000000e+00
      vertex   -2.257909e+01 -4.743622e+00 -3.000000e+00
    endloop
  endfacet
  facet normal 0.000000e+00 0.000000e+00 -1.000000e+00
    outer loop
      vertex   -5.956336e+01 -5.266999e+00 -3.000000e+00
      vertex   -2.257909e+01 -4.743622e+00 -3.000000e+00
      vertex   -2.322084e+01 -4.795437e+00 -3.000000e+00
    endloop
  endfacet
  facet normal 0.000000e+00 0.000000e+00 -1.000000e+00
    outer loop
      vertex   -2.322084e+01 -4.795437e+00 -3.000000e+00
      vertex   -2.387106e+01 -4.845267e+00 -3.000000e+00
      vertex   -5.956336e+01 -5.266999e+00 -3.000000e+00
    endloop
  endfacet
  facet normal 0.000000e+00 0.000000e+00 -1.000000e+00
    outer loop
      vertex   -5.956336e+01 -5.266999e+00 -3.000000e+00
      vertex   -2.387106e+01 -4.845267e+00 -3.000000e+00
      vertex   -2.452966e+01 -4.893117e+00 -3.000000e+00
    endloop
  endfacet
  facet normal 0.000000e+00 0.000000e+00 -1.000000e+00
    outer loop
      vertex   -5.956336e+01 -5.266999e+00 -3.000000e+00
      vertex   -2.452966e+01 -4.893117e+00 -3.000000e+00
      vertex   -2.519655e+01 -4.938991e+00 -3.000000e+00
    endloop
  endfacet
  facet normal 0.000000e+00 0.000000e+00 -1.000000e+00
    outer loop
      vertex   -2.519655e+01 -4.938991e+00 -3.000000e+00
      vertex   -2.587166e+01 -4.982895e+00 -3.000000e+00
      vertex   -5.956336e+01 -5.266999e+00 -3.000000e+00
    endloop
  endfacet
  facet normal 0.000000e+00 0.000000e+00 -1.000000e+00
    outer loop
      vertex   -5.956336e+01 -5.266999e+00 -3.000000e+00
      vertex   -2.587166e+01 -4.982895e+00 -3.000000e+00
      vertex   -5.862634e+01 -5.289341e+00 -3.000000e+00
    endloop
  endfacet
  facet normal 0.000000e+00 0.000000e+00 -1.000000e+00
    outer loop
      vertex   -5.862634e+01 -5.289341e+00 -3.000000e+00
      vertex   -2.587166e+01 -4.982895e+00 -3.000000e+00
      vertex   -2.655490e+01 -5.024837e+00 -3.000000e+00
    endloop
  endfacet
  facet normal 0.000000e+00 0.000000e+00 -1.000000e+00
    outer loop
      vertex   -5.862634e+01 -5.289341e+00 -3.000000e+00
      vertex   -2.655490e+01 -5.024837e+00 -3.000000e+00
      vertex   -2.724619e+01 -5.064822e+00 -3.000000e+00
    endloop
  endfacet
  facet normal 0.000000e+00 0.000000e+00 -1.000000e+00
    outer loop
      vertex   -2.724619e+01 -5.064822e+00 -3.000000e+00
      vertex   -2.794544e+01 -5.102861e+00 -3.000000e+00
      vertex   -5.862634e+01 -5.289341e+00 -3.000000e+00
    endloop
  endfacet
  facet normal 0.000000e+00 0.000000e+00 -1.000000e+00
    outer loop
      vertex   -5.862634e+01 -5.289341e+00 -3.000000e+00
      vertex   -2.794544e+01 -5.102861e+00 -3.000000e+00
      vertex   -2.865257e+01 -5.138962e+00 -3.000000e+00
    endloop
  endfacet
  facet normal 0.000000e+00 0.000000e+00 -1.000000e+00
    outer loop
      vertex   -5.862634e+01 -5.289341e+00 -3.000000e+00
      vertex   -2.865257e+01 -5.138962e+00 -3.000000e+00
      vertex   -2.936750e+01 -5.173136e+00 -3.000000e+00
    endloop
  endfacet
  facet normal 0.000000e+00 0.000000e+00 -1.000000e+00
    outer loop
      vertex   -2.936750e+01 -5.173136e+00 -3.000000e+00
      vertex   -3.009013e+01 -5.205393e+00 -3.000000e+00
      vertex   -5.862634e+01 -5.289341e+00 -3.000000e+00
    endloop
  endfacet
  facet normal 0.000000e+00 0.000000e+00 -1.000000e+00
    outer loop
      vertex   -5.862634e+01 -5.289341e+00 -3.000000e+00
      vertex   -3.009013e+01 -5.205393e+00 -3.000000e+00
      vertex   -3.082039e+01 -5.235745e+00 -3.000000e+00
    endloop
  endfacet
  facet normal 0.000000e+00 0.000000e+00 -1.000000e+00
    outer loop
      vertex   -5.862634e+01 -5.289341e+00 -3.000000e+00
      vertex   -3.082039e+01 -5.235745e+00 -3.000000e+00
      vertex   -3.155819e+01 -5.264206e+00 -3.000000e+00
    endloop
  endfacet
  facet normal 0.000000e+00 0.000000e+00 -1.000000e+00
    outer loop
      vertex   -3.155819e+01 -5.264206e+00 -3.000000e+00
      vertex   -3.230344e+01 -5.290788e+00 -3.000000e+00
      vertex   -5.862634e+01 -5.289341e+00 -3.000000e+00
    endloop
  endfacet
  facet normal 0.000000e+00 0.000000e+00 -1.000000e+00
    outer loop
      vertex   -5.862634e+01 -5.289341e+00 -3.000000e+00
      vertex   -3.230344e+01 -5.290788e+00 -3.000000e+00
      vertex   -5.769387e+01 -5.310575e+00 -3.000000e+00
    endloop
  endfacet
  facet normal 0.000000e+00 0.000000e+00 -1.000000e+00
    outer loop
      vertex   -5.769387e+01 -5.310575e+00 -3.000000e+00
      vertex   -3.230344e+01 -5.290788e+00 -3.000000e+00
      vertex   -3.305607e+01 -5.315506e+00 -3.000000e+00
    endloop
  endfacet
  facet normal 0.000000e+00 0.000000e+00 -1.000000e+00
    outer loop
      vertex   -5.769387e+01 -5.310575e+00 -3.000000e+00
      vertex   -3.305607e+01 -5.315506e+00 -3.000000e+00
      vertex   -5.676605e+01 -5.330669e+00 -3.000000e+00
    endloop
  endfacet
  facet normal 0.000000e+00 0.000000e+00 -1.000000e+00
    outer loop
      vertex   -5.676605e+01 -5.330669e+00 -3.000000e+00
      vertex   -3.305607e+01 -5.315506e+00 -3.000000e+00
      vertex   -3.381598e+01 -5.338375e+00 -3.000000e+00
    endloop
  endfacet
  facet normal 0.000000e+00 0.000000e+00 -1.000000e+00
    outer loop
      vertex   -5.676605e+01 -5.330669e+00 -3.000000e+00
      vertex   -3.381598e+01 -5.338375e+00 -3.000000e+00
      vertex   -5.584298e+01 -5.349592e+00 -3.000000e+00
    endloop
  endfacet
  facet normal 0.000000e+00 0.000000e+00 -1.000000e+00
    outer loop
      vertex   -5.584298e+01 -5.349592e+00 -3.000000e+00
      vertex   -3.381598e+01 -5.338375e+00 -3.000000e+00
      vertex   -3.458309e+01 -5.359411e+00 -3.000000e+00
    endloop
  endfacet
  facet normal 0.000000e+00 0.000000e+00 -1.000000e+00
    outer loop
      vertex   -5.584298e+01 -5.349592e+00 -3.000000e+00
      vertex   -3.458309e+01 -5.359411e+00 -3.000000e+00
      vertex   -5.492476e+01 -5.367315e+00 -3.000000e+00
    endloop
  endfacet
  facet normal 0.000000e+00 0.000000e+00 -1.000000e+00
    outer loop
      vertex   -5.492476e+01 -5.367315e+00 -3.000000e+00
      vertex   -3.458309e+01 -5.359411e+00 -3.000000e+00
      vertex   -3.535732e+01 -5.378629e+00 -3.000000e+00
    endloop
  endfacet
  facet normal 0.000000e+00 0.000000e+00 -1.000000e+00
    outer loop
      vertex   -5.492476e+01 -5.367315e+00 -3.000000e+00
      vertex   -3.535732e+01 -5.378629e+00 -3.000000e+00
      vertex   -5.401147e+01 -5.383805e+00 -3.000000e+00
    endloop
  endfacet
  facet normal 0.000000e+00 0.000000e+00 -1.000000e+00
    outer loop
      vertex   -5.401147e+01 -5.383805e+00 -3.000000e+00
      vertex   -3.535732e+01 -5.378629e+00 -3.000000e+00
      vertex   -3.613857e+01 -5.396048e+00 -3.000000e+00
    endloop
  endfacet
  facet normal 0.000000e+00 0.000000e+00 -1.000000e+00
    outer loop
      vertex   -5.401147e+01 -5.383805e+00 -3.000000e+00
      vertex   -3.613857e+01 -5.396048e+00 -3.000000e+00
      vertex   -5.310322e+01 -5.399033e+00 -3.000000e+00
    endloop
  endfacet
  facet normal 0.000000e+00 0.000000e+00 -1.000000e+00
    outer loop
      vertex   -5.310322e+01 -5.399033e+00 -3.000000e+00
      vertex   -3.613857e+01 -5.396048e+00 -3.000000e+00
      vertex   -3.692676e+01 -5.411686e+00 -3.000000e+00
    endloop
  endfacet
  facet normal 0.000000e+00 0.000000e+00 -1.000000e+00
    outer loop
      vertex   -5.310322e+01 -5.399033e+00 -3.000000e+00
      vertex   -3.692676e+01 -5.411686e+00 -3.000000e+00
      vertex   -5.220011e+01 -5.412969e+00 -3.000000e+00
    endloop
  endfacet
  facet normal 0.000000e+00 0.000000e+00 -1.000000e+00
    outer loop
      vertex   -5.220011e+01 -5.412969e+00 -3.000000e+00
      vertex   -3.692676e+01 -5.411686e+00 -3.000000e+00
      vertex   -3.772180e+01 -5.425560e+00 -3.000000e+00
    endloop
  endfacet
  facet normal 0.000000e+00 0.000000e+00 -1.000000e+00
    outer loop
      vertex   -5.220011e+01 -5.412969e+00 -3.000000e+00
      vertex   -3.772180e+01 -5.425560e+00 -3.000000e+00
      vertex   -5.130221e+01 -5.425584e+00 -3.000000e+00
    endloop
  endfacet
  facet normal 0.000000e+00 0.000000e+00 -1.000000e+00
    outer loop
      vertex   -5.130221e+01 -5.425584e+00 -3.000000e+00
      vertex   -3.772180e+01 -5.425560e+00 -3.000000e+00
      vertex   -3.852361e+01 -5.437691e+00 -3.000000e+00
    endloop
  endfacet
  facet normal 0.000000e+00 0.000000e+00 -1.000000e+00
    outer loop
      vertex   -5.130221e+01 -5.425584e+00 -3.000000e+00
      vertex   -3.852361e+01 -5.437691e+00 -3.000000e+00
      vertex   -5.040964e+01 -5.436849e+00 -3.000000e+00
    endloop
  endfacet
  facet normal 0.000000e+00 0.000000e+00 -1.000000e+00
    outer loop
      vertex   -5.040964e+01 -5.436849e+00 -3.000000e+00
      vertex   -3.852361e+01 -5.437691e+00 -3.000000e+00
      vertex   -4.952247e+01 -5.446735e+00 -3.000000e+00
    endloop
  endfacet
  facet normal 0.000000e+00 0.000000e+00 -1.000000e+00
    outer loop
      vertex   -4.952247e+01 -5.446735e+00 -3.000000e+00
      vertex   -3.852361e+01 -5.437691e+00 -3.000000e+00
      vertex   -3.933210e+01 -5.448099e+00 -3.000000e+00
    endloop
  endfacet
  facet normal 0.000000e+00 0.000000e+00 -1.000000e+00
    outer loop
      vertex   -4.952247e+01 -5.446735e+00 -3.000000e+00
      vertex   -3.933210e+01 -5.448099e+00 -3.000000e+00
      vertex   -4.864081e+01 -5.455214e+00 -3.000000e+00
    endloop
  endfacet
  facet normal 0.000000e+00 0.000000e+00 -1.000000e+00
    outer loop
      vertex   -4.864081e+01 -5.455214e+00 -3.000000e+00
      vertex   -3.933210e+01 -5.448099e+00 -3.000000e+00
      vertex   -4.014718e+01 -5.456804e+00 -3.000000e+00
    endloop
  endfacet
  facet normal 0.000000e+00 0.000000e+00 -1.000000e+00
    outer loop
      vertex   -4.864081e+01 -5.455214e+00 -3.000000e+00
      vertex   -4.014718e+01 -5.456804e+00 -3.000000e+00
      vertex   -4.776475e+01 -5.462259e+00 -3.000000e+00
    endloop
  endfacet
  facet normal 0.000000e+00 0.000000e+00 -1.000000e+00
    outer loop
      vertex   -4.776475e+01 -5.462259e+00 -3.000000e+00
      vertex   -4.014718e+01 -5.456804e+00 -3.000000e+00
      vertex   -4.096876e+01 -5.463827e+00 -3.000000e+00
    endloop
  endfacet
  facet normal 0.000000e+00 0.000000e+00 -1.000000e+00
    outer loop
      vertex   -4.776475e+01 -5.462259e+00 -3.000000e+00
      vertex   -4.096876e+01 -5.463827e+00 -3.000000e+00
      vertex   -4.689438e+01 -5.467842e+00 -3.000000e+00
    endloop
  endfacet
  facet normal 0.000000e+00 0.000000e+00 -1.000000e+00
    outer loop
      vertex   -4.689438e+01 -5.467842e+00 -3.000000e+00
      vertex   -4.096876e+01 -5.463827e+00 -3.000000e+00
      vertex   -4.179675e+01 -5.469191e+00 -3.000000e+00
    endloop
  endfacet
  facet normal 0.000000e+00 0.000000e+00 -1.000000e+00
    outer loop
      vertex   -4.689438e+01 -5.467842e+00 -3.000000e+00
      vertex   -4.179675e+01 -5.469191e+00 -3.000000e+00
      vertex   -4.602979e+01 -5.471937e+00 -3.000000e+00
    endloop
  endfacet
  facet normal 0.000000e+00 0.000000e+00 -1.000000e+00
    outer loop
      vertex   -4.602979e+01 -5.471937e+00 -3.000000e+00
      vertex   -4.179675e+01 -5.469191e+00 -3.000000e+00
      vertex   -4.263107e+01 -5.472919e+00 -3.000000e+00
    endloop
  endfacet
  facet normal 0.000000e+00 0.000000e+00 -1.000000e+00
    outer loop
      vertex   -4.602979e+01 -5.471937e+00 -3.000000e+00
      vertex   -4.263107e+01 -5.472919e+00 -3.000000e+00
      vertex   -4.517108e+01 -5.474517e+00 -3.000000e+00
    endloop
  endfacet
  facet normal 0.000000e+00 0.000000e+00 -1.000000e+00
    outer loop
      vertex   -4.517108e+01 -5.474517e+00 -3.000000e+00
      vertex   -4.263107e+01 -5.472919e+00 -3.000000e+00
      vertex   -4.347163e+01 -5.475033e+00 -3.000000e+00
    endloop
  endfacet
  facet normal 0.000000e+00 0.000000e+00 -1.000000e+00
    outer loop
      vertex   -4.517108e+01 -5.474517e+00 -3.000000e+00
      vertex   -4.347163e+01 -5.475033e+00 -3.000000e+00
      vertex   -4.431832e+01 -5.475558e+00 -3.000000e+00
    endloop
  endfacet
  facet normal 0.000000e+00 0.000000e+00 -1.000000e+00
    outer loop
      vertex   -6.721181e+01 -5.052228e+00 -3.000000e+00
      vertex   -6.818541e+01 -5.021365e+00 -3.000000e+00
      vertex   -8.815451e+01 -3.021369e+00 -3.000000e+00
    endloop
  endfacet
  facet normal 0.000000e+00 0.000000e+00 -1.000000e+00
    outer loop
      vertex   -8.815451e+01 -3.021369e+00 -3.000000e+00
      vertex   -6.818541e+01 -5.021365e+00 -3.000000e+00
      vertex   -6.916258e+01 -4.989720e+00 -3.000000e+00
    endloop
  endfacet
  facet normal 0.000000e+00 0.000000e+00 -1.000000e+00
    outer loop
      vertex   -8.815451e+01 -3.021369e+00 -3.000000e+00
      vertex   -6.916258e+01 -4.989720e+00 -3.000000e+00
      vertex   -7.014320e+01 -4.957326e+00 -3.000000e+00
    endloop
  endfacet
  facet normal 0.000000e+00 0.000000e+00 -1.000000e+00
    outer loop
      vertex   -7.014320e+01 -4.957326e+00 -3.000000e+00
      vertex   -7.112719e+01 -4.924215e+00 -3.000000e+00
      vertex   -8.815451e+01 -3.021369e+00 -3.000000e+00
    endloop
  endfacet
  facet normal 0.000000e+00 0.000000e+00 -1.000000e+00
    outer loop
      vertex   -8.815451e+01 -3.021369e+00 -3.000000e+00
      vertex   -7.112719e+01 -4.924215e+00 -3.000000e+00
      vertex   -7.211444e+01 -4.890421e+00 -3.000000e+00
    endloop
  endfacet
  facet normal 0.000000e+00 0.000000e+00 -1.000000e+00
    outer loop
      vertex   -8.815451e+01 -3.021369e+00 -3.000000e+00
      vertex   -7.211444e+01 -4.890421e+00 -3.000000e+00
      vertex   -7.310485e+01 -4.855977e+00 -3.000000e+00
    endloop
  endfacet
  facet normal 0.000000e+00 0.000000e+00 -1.000000e+00
    outer loop
      vertex   -7.310485e+01 -4.855977e+00 -3.000000e+00
      vertex   -7.409830e+01 -4.820916e+00 -3.000000e+00
      vertex   -8.815451e+01 -3.021369e+00 -3.000000e+00
    endloop
  endfacet
  facet normal 0.000000e+00 0.000000e+00 -1.000000e+00
    outer loop
      vertex   -8.815451e+01 -3.021369e+00 -3.000000e+00
      vertex   -7.409830e+01 -4.820916e+00 -3.000000e+00
      vertex   -7.509471e+01 -4.785271e+00 -3.000000e+00
    endloop
  endfacet
  facet normal 0.000000e+00 0.000000e+00 -1.000000e+00
    outer loop
      vertex   -8.815451e+01 -3.021369e+00 -3.000000e+00
      vertex   -7.509471e+01 -4.785271e+00 -3.000000e+00
      vertex   -7.609397e+01 -4.749075e+00 -3.000000e+00
    endloop
  endfacet
  facet normal 0.000000e+00 -0.000000e+00 -1.000000e+00
    outer loop
      vertex   -8.815451e+01 -3.021369e+00 -3.000000e+00
      vertex   -7.609397e+01 -4.749075e+00 -3.000000e+00
      vertex   -8.851083e+01 -3.647360e+00 -3.000000e+00
    endloop
  endfacet
  facet normal 0.000000e+00 0.000000e+00 -1.000000e+00
    outer loop
      vertex   -8.851083e+01 -3.647360e+00 -3.000000e+00
      vertex   -7.609397e+01 -4.749075e+00 -3.000000e+00
      vertex   -7.709597e+01 -4.712361e+00 -3.000000e+00
    endloop
  endfacet
  facet normal 0.000000e+00 0.000000e+00 -1.000000e+00
    outer loop
      vertex   -8.851083e+01 -3.647360e+00 -3.000000e+00
      vertex   -7.709597e+01 -4.712361e+00 -3.000000e+00
      vertex   -7.810060e+01 -4.675161e+00 -3.000000e+00
    endloop
  endfacet
  facet normal 0.000000e+00 0.000000e+00 -1.000000e+00
    outer loop
      vertex   -7.810060e+01 -4.675161e+00 -3.000000e+00
      vertex   -7.910785e+01 -4.637506e+00 -3.000000e+00
      vertex   -8.851083e+01 -3.647360e+00 -3.000000e+00
    endloop
  endfacet
  facet normal 0.000000e+00 0.000000e+00 -1.000000e+00
    outer loop
      vertex   -8.851083e+01 -3.647360e+00 -3.000000e+00
      vertex   -7.910785e+01 -4.637506e+00 -3.000000e+00
      vertex   -8.011903e+01 -4.599425e+00 -3.000000e+00
    endloop
  endfacet
  facet normal 0.000000e+00 0.000000e+00 -1.000000e+00
    outer loop
      vertex   -8.851083e+01 -3.647360e+00 -3.000000e+00
      vertex   -8.011903e+01 -4.599425e+00 -3.000000e+00
      vertex   -8.113775e+01 -4.560496e+00 -3.000000e+00
    endloop
  endfacet
  facet normal 0.000000e+00 0.000000e+00 -1.000000e+00
    outer loop
      vertex   -8.113775e+01 -4.560496e+00 -3.000000e+00
      vertex   -8.215798e+01 -4.520516e+00 -3.000000e+00
      vertex   -8.851083e+01 -3.647360e+00 -3.000000e+00
    endloop
  endfacet
  facet normal 0.000000e+00 0.000000e+00 -1.000000e+00
    outer loop
      vertex   -8.851083e+01 -3.647360e+00 -3.000000e+00
      vertex   -8.215798e+01 -4.520516e+00 -3.000000e+00
      vertex   -8.318026e+01 -4.479489e+00 -3.000000e+00
    endloop
  endfacet
  facet normal 0.000000e+00 0.000000e+00 -1.000000e+00
    outer loop
      vertex   -8.851083e+01 -3.647360e+00 -3.000000e+00
      vertex   -8.318026e+01 -4.479489e+00 -3.000000e+00
      vertex   -8.420449e+01 -4.437440e+00 -3.000000e+00
    endloop
  endfacet
  facet normal 0.000000e+00 0.000000e+00 -1.000000e+00
    outer loop
      vertex   -8.420449e+01 -4.437440e+00 -3.000000e+00
      vertex   -8.523056e+01 -4.394398e+00 -3.000000e+00
      vertex   -8.851083e+01 -3.647360e+00 -3.000000e+00
    endloop
  endfacet
  facet normal 0.000000e+00 0.000000e+00 -1.000000e+00
    outer loop
      vertex   -8.851083e+01 -3.647360e+00 -3.000000e+00
      vertex   -8.523056e+01 -4.394398e+00 -3.000000e+00
      vertex   -8.625836e+01 -4.350390e+00 -3.000000e+00
    endloop
  endfacet
  facet normal 0.000000e+00 0.000000e+00 -1.000000e+00
    outer loop
      vertex   -8.851083e+01 -3.647360e+00 -3.000000e+00
      vertex   -8.625836e+01 -4.350390e+00 -3.000000e+00
      vertex   -8.728776e+01 -4.305442e+00 -3.000000e+00
    endloop
  endfacet
  facet normal 0.000000e+00 0.000000e+00 -1.000000e+00
    outer loop
      vertex   -8.728776e+01 -4.305442e+00 -3.000000e+00
      vertex   -8.831867e+01 -4.259582e+00 -3.000000e+00
      vertex   -8.851083e+01 -3.647360e+00 -3.000000e+00
    endloop
  endfacet
  facet normal 0.000000e+00 -0.000000e+00 -1.000000e+00
    outer loop
      vertex   -8.851083e+01 -3.647360e+00 -3.000000e+00
      vertex   -8.831867e+01 -4.259582e+00 -3.000000e+00
      vertex   -8.893183e+01 -4.231817e+00 -3.000000e+00
    endloop
  endfacet
  facet normal -6.685521e-01 7.436653e-01 2.515701e-17
    outer loop
      vertex   -3.407447e+00 -2.500000e-01 -1.000000e+02
      vertex   -3.461829e+00 -2.988898e-01 -1.000000e+02
      vertex   -3.407447e+00 -2.500000e-01 -3.000000e+00
    endloop
  endfacet
  facet normal -6.685521e-01 7.436653e-01 0.000000e+00
    outer loop
      vertex   -3.407447e+00 -2.500000e-01 -3.000000e+00
      vertex   -3.461829e+00 -2.988898e-01 -1.000000e+02
      vertex   -3.461829e+00 -2.988898e-01 -3.000000e+00
    endloop
  endfacet
endsolid
