solid ASCII
  facet normal -9.273040e-01 3.716935e-01 -4.417293e-02
    outer loop
      vertex   9.307662e-01 1.900000e+01 8.887740e-02
      vertex   1.330780e+00 2.000000e+01 1.060660e-01
      vertex   9.350000e-01 1.900000e+01 1.145045e-16
    endloop
  endfacet
  facet normal -9.278438e-01 3.711375e-01 -3.691702e-02
    outer loop
      vertex   9.350000e-01 1.900000e+01 1.145045e-16
      vertex   1.330780e+00 2.000000e+01 1.060660e-01
      vertex   1.335000e+00 2.000000e+01 -1.634903e-16
    endloop
  endfacet
  facet normal -9.278438e-01 3.711375e-01 3.691702e-02
    outer loop
      vertex   9.350000e-01 1.900000e+01 1.145045e-16
      vertex   1.335000e+00 2.000000e+01 -1.634903e-16
      vertex   1.330780e+00 2.000000e+01 -1.060660e-01
    endloop
  endfacet
  facet normal -9.221262e-01 3.707630e-01 -1.105355e-01
    outer loop
      vertex   1.330780e+00 2.000000e+01 1.060660e-01
      vertex   9.307662e-01 1.900000e+01 8.887740e-02
      vertex   1.318146e+00 2.000000e+01 2.114614e-01
    endloop
  endfacet
  facet normal -9.187463e-01 3.720966e-01 -1.320958e-01
    outer loop
      vertex   1.318146e+00 2.000000e+01 2.114614e-01
      vertex   9.307662e-01 1.900000e+01 8.887740e-02
      vertex   9.181033e-01 1.900000e+01 1.769499e-01
    endloop
  endfacet
  facet normal -9.105038e-01 3.705721e-01 -1.834642e-01
    outer loop
      vertex   1.318146e+00 2.000000e+01 2.114614e-01
      vertex   9.181033e-01 1.900000e+01 1.769499e-01
      vertex   1.297179e+00 2.000000e+01 3.155198e-01
    endloop
  endfacet
  facet normal -9.019747e-01 3.722377e-01 -2.188167e-01
    outer loop
      vertex   1.297179e+00 2.000000e+01 3.155198e-01
      vertex   9.181033e-01 1.900000e+01 1.769499e-01
      vertex   8.971259e-01 1.900000e+01 2.634199e-01
    endloop
  endfacet
  facet normal -8.930520e-01 3.705650e-01 -2.552247e-01
    outer loop
      vertex   1.297179e+00 2.000000e+01 3.155198e-01
      vertex   8.971259e-01 1.900000e+01 2.634199e-01
      vertex   1.268010e+00 2.000000e+01 4.175835e-01
    endloop
  endfacet
  facet normal -8.771365e-01 3.721168e-01 -3.035799e-01
    outer loop
      vertex   1.268010e+00 2.000000e+01 4.175835e-01
      vertex   8.971259e-01 1.900000e+01 2.634199e-01
      vertex   8.680240e-01 1.900000e+01 3.475044e-01
    endloop
  endfacet
  facet normal -8.698852e-01 3.707418e-01 -3.253463e-01
    outer loop
      vertex   1.268010e+00 2.000000e+01 4.175835e-01
      vertex   8.680240e-01 1.900000e+01 3.475044e-01
      vertex   1.230824e+00 2.000000e+01 5.170070e-01
    endloop
  endfacet
  facet normal -8.444472e-01 3.717338e-01 -3.856461e-01
    outer loop
      vertex   1.230824e+00 2.000000e+01 5.170070e-01
      vertex   8.680240e-01 1.900000e+01 3.475044e-01
      vertex   8.310611e-01 1.900000e+01 4.284418e-01
    endloop
  endfacet
  facet normal -8.411562e-01 3.711022e-01 -3.933694e-01
    outer loop
      vertex   1.230824e+00 2.000000e+01 5.170070e-01
      vertex   8.310611e-01 1.900000e+01 4.284418e-01
      vertex   1.185857e+00 2.000000e+01 6.131619e-01
    endloop
  endfacet
  facet normal -8.072190e-01 3.711739e-01 -4.589417e-01
    outer loop
      vertex   1.185857e+00 2.000000e+01 6.131619e-01
      vertex   8.310611e-01 1.900000e+01 4.284418e-01
      vertex   1.133393e+00 2.000000e+01 7.054401e-01
    endloop
  endfacet
  facet normal -8.039940e-01 3.716516e-01 -4.641861e-01
    outer loop
      vertex   1.133393e+00 2.000000e+01 7.054401e-01
      vertex   8.310611e-01 1.900000e+01 4.284418e-01
      vertex   7.865721e-01 1.900000e+01 5.054992e-01
    endloop
  endfacet
  facet normal -7.683327e-01 3.707853e-01 -5.217118e-01
    outer loop
      vertex   1.133393e+00 2.000000e+01 7.054401e-01
      vertex   7.865721e-01 1.900000e+01 5.054992e-01
      vertex   1.073763e+00 2.000000e+01 7.932584e-01
    endloop
  endfacet
  facet normal -7.560916e-01 3.720749e-01 -5.384104e-01
    outer loop
      vertex   1.073763e+00 2.000000e+01 7.932584e-01
      vertex   7.865721e-01 1.900000e+01 5.054992e-01
      vertex   7.349596e-01 1.900000e+01 5.779787e-01
    endloop
  endfacet
  facet normal -7.245176e-01 3.705802e-01 -5.811579e-01
    outer loop
      vertex   1.073763e+00 2.000000e+01 7.932584e-01
      vertex   7.349596e-01 1.900000e+01 5.779787e-01
      vertex   1.007344e+00 2.000000e+01 8.760614e-01
    endloop
  endfacet
  facet normal -7.014399e-01 3.722361e-01 -6.078012e-01
    outer loop
      vertex   1.007344e+00 2.000000e+01 8.760614e-01
      vertex   7.349596e-01 1.900000e+01 5.779787e-01
      vertex   6.766913e-01 1.900000e+01 6.452239e-01
    endloop
  endfacet
  facet normal -6.760603e-01 3.705590e-01 -6.368897e-01
    outer loop
      vertex   1.007344e+00 2.000000e+01 8.760614e-01
      vertex   6.766913e-01 1.900000e+01 6.452239e-01
      vertex   9.345562e-01 2.000000e+01 9.533256e-01
    endloop
  endfacet
  facet normal -6.405165e-01 3.721354e-01 -6.717543e-01
    outer loop
      vertex   9.345562e-01 2.000000e+01 9.533256e-01
      vertex   6.766913e-01 1.900000e+01 6.452239e-01
      vertex   6.122948e-01 1.900000e+01 7.066259e-01
    endloop
  endfacet
  facet normal -6.232787e-01 3.707216e-01 -6.885413e-01
    outer loop
      vertex   9.345562e-01 2.000000e+01 9.533256e-01
      vertex   6.122948e-01 1.900000e+01 7.066259e-01
      vertex   8.558600e-01 2.000000e+01 1.024563e+00
    endloop
  endfacet
  facet normal -5.738517e-01 3.717726e-01 -7.297118e-01
    outer loop
      vertex   8.558600e-01 2.000000e+01 1.024563e+00
      vertex   6.122948e-01 1.900000e+01 7.066259e-01
      vertex   5.423532e-01 1.900000e+01 7.616285e-01
    endloop
  endfacet
  facet normal -5.665193e-01 3.710679e-01 -7.357748e-01
    outer loop
      vertex   8.558600e-01 2.000000e+01 1.024563e+00
      vertex   5.423532e-01 1.900000e+01 7.616285e-01
      vertex   7.717528e-01 2.000000e+01 1.089322e+00
    endloop
  endfacet
  facet normal -5.062397e-01 3.712114e-01 -7.784108e-01
    outer loop
      vertex   7.717528e-01 2.000000e+01 1.089322e+00
      vertex   5.423532e-01 1.900000e+01 7.616285e-01
      vertex   6.827664e-01 2.000000e+01 1.147194e+00
    endloop
  endfacet
  facet normal -5.019253e-01 3.716082e-01 -7.810111e-01
    outer loop
      vertex   6.827664e-01 2.000000e+01 1.147194e+00
      vertex   5.423532e-01 1.900000e+01 7.616285e-01
      vertex   4.675000e-01 1.900000e+01 8.097338e-01
    endloop
  endfacet
  facet normal -4.428713e-01 3.708086e-01 -8.163124e-01
    outer loop
      vertex   6.827664e-01 2.000000e+01 1.147194e+00
      vertex   4.675000e-01 1.900000e+01 8.097338e-01
      vertex   5.894632e-01 2.000000e+01 1.197814e+00
    endloop
  endfacet
  facet normal -4.253314e-01 3.720517e-01 -8.250277e-01
    outer loop
      vertex   5.894632e-01 2.000000e+01 1.197814e+00
      vertex   4.675000e-01 1.900000e+01 8.097338e-01
      vertex   3.884130e-01 1.900000e+01 8.505059e-01
    endloop
  endfacet
  facet normal -3.766506e-01 3.705895e-01 -8.489981e-01
    outer loop
      vertex   5.894632e-01 2.000000e+01 1.197814e+00
      vertex   3.884130e-01 1.900000e+01 8.505059e-01
      vertex   4.924333e-01 2.000000e+01 1.240860e+00
    endloop
  endfacet
  facet normal -3.449545e-01 3.722330e-01 -8.616548e-01
    outer loop
      vertex   4.924333e-01 2.000000e+01 1.240860e+00
      vertex   3.884130e-01 1.900000e+01 8.505059e-01
      vertex   3.058085e-01 1.900000e+01 8.835758e-01
    endloop
  endfacet
  facet normal -3.080116e-01 3.705541e-01 -8.762525e-01
    outer loop
      vertex   4.924333e-01 2.000000e+01 1.240860e+00
      vertex   3.058085e-01 1.900000e+01 8.835758e-01
      vertex   3.922901e-01 2.000000e+01 1.276062e+00
    endloop
  endfacet
  facet normal -2.614962e-01 3.721524e-01 -8.905742e-01
    outer loop
      vertex   3.922901e-01 2.000000e+01 1.276062e+00
      vertex   3.058085e-01 1.900000e+01 8.835758e-01
      vertex   2.204346e-01 1.900000e+01 9.086438e-01
    endloop
  endfacet
  facet normal -2.374044e-01 3.707026e-01 -8.978968e-01
    outer loop
      vertex   3.922901e-01 2.000000e+01 1.276062e+00
      vertex   2.204346e-01 1.900000e+01 9.086438e-01
      vertex   2.896667e-01 2.000000e+01 1.303195e+00
    endloop
  endfacet
  facet normal -1.756836e-01 3.718098e-01 -9.115332e-01
    outer loop
      vertex   2.896667e-01 2.000000e+01 1.303195e+00
      vertex   2.204346e-01 1.900000e+01 9.086438e-01
      vertex   1.330644e-01 1.900000e+01 9.254830e-01
    endloop
  endfacet
  facet normal -1.652922e-01 3.710348e-01 -9.137897e-01
    outer loop
      vertex   2.896667e-01 2.000000e+01 1.303195e+00
      vertex   1.330644e-01 1.900000e+01 9.254830e-01
      vertex   1.852119e-01 2.000000e+01 1.322090e+00
    endloop
  endfacet
  facet normal -9.216042e-02 3.712500e-01 -9.239480e-01
    outer loop
      vertex   1.852119e-01 2.000000e+01 1.322090e+00
      vertex   1.330644e-01 1.900000e+01 9.254830e-01
      vertex   7.958619e-02 2.000000e+01 1.332626e+00
    endloop
  endfacet
  facet normal -8.825076e-02 3.715632e-01 -9.242038e-01
    outer loop
      vertex   7.958619e-02 2.000000e+01 1.332626e+00
      vertex   1.330644e-01 1.900000e+01 9.254830e-01
      vertex   4.448909e-02 1.900000e+01 9.339410e-01
    endloop
  endfacet
  facet normal -1.846458e-02 3.708331e-01 -9.285159e-01
    outer loop
      vertex   7.958619e-02 2.000000e+01 1.332626e+00
      vertex   4.448909e-02 1.900000e+01 9.339410e-01
      vertex   -2.654272e-02 2.000000e+01 1.334736e+00
    endloop
  endfacet
  facet normal 0.000000e+00 3.720269e-01 -9.282220e-01
    outer loop
      vertex   -2.654272e-02 2.000000e+01 1.334736e+00
      vertex   4.448909e-02 1.900000e+01 9.339410e-01
      vertex   -4.448909e-02 1.900000e+01 9.339410e-01
    endloop
  endfacet
  facet normal 5.537009e-02 3.705998e-01 -9.271407e-01
    outer loop
      vertex   -2.654272e-02 2.000000e+01 1.334736e+00
      vertex   -4.448909e-02 1.900000e+01 9.339410e-01
      vertex   -1.325038e-01 2.000000e+01 1.328408e+00
    endloop
  endfacet
  facet normal 8.822543e-02 3.722284e-01 -9.239385e-01
    outer loop
      vertex   -1.325038e-01 2.000000e+01 1.328408e+00
      vertex   -4.448909e-02 1.900000e+01 9.339410e-01
      vertex   -1.330644e-01 1.900000e+01 9.254830e-01
    endloop
  endfacet
  facet normal 1.288593e-01 3.705503e-01 -9.198303e-01
    outer loop
      vertex   -1.325038e-01 2.000000e+01 1.328408e+00
      vertex   -1.330644e-01 1.900000e+01 9.254830e-01
      vertex   -2.376272e-01 2.000000e+01 1.313681e+00
    endloop
  endfacet
  facet normal 1.756565e-01 3.721679e-01 -9.113923e-01
    outer loop
      vertex   -2.376272e-01 2.000000e+01 1.313681e+00
      vertex   -1.330644e-01 1.900000e+01 9.254830e-01
      vertex   -2.204346e-01 1.900000e+01 9.086438e-01
    endloop
  endfacet
  facet normal 2.015210e-01 3.706847e-01 -9.066323e-01
    outer loop
      vertex   -2.376272e-01 2.000000e+01 1.313681e+00
      vertex   -2.204346e-01 1.900000e+01 9.086438e-01
      vertex   -3.412482e-01 2.000000e+01 1.290649e+00
    endloop
  endfacet
  facet normal 2.615308e-01 3.718455e-01 -8.906922e-01
    outer loop
      vertex   -3.412482e-01 2.000000e+01 1.290649e+00
      vertex   -2.204346e-01 1.900000e+01 9.086438e-01
      vertex   -3.058085e-01 1.900000e+01 8.835758e-01
    endloop
  endfacet
  facet normal 2.728787e-01 3.710027e-01 -8.876340e-01
    outer loop
      vertex   -3.412482e-01 2.000000e+01 1.290649e+00
      vertex   -3.058085e-01 1.900000e+01 8.835758e-01
      vertex   -4.427117e-01 2.000000e+01 1.259457e+00
    endloop
  endfacet
  facet normal 3.424965e-01 3.712897e-01 -8.630412e-01
    outer loop
      vertex   -4.427117e-01 2.000000e+01 1.259457e+00
      vertex   -3.058085e-01 1.900000e+01 8.835758e-01
      vertex   -5.413763e-01 2.000000e+01 1.220302e+00
    endloop
  endfacet
  facet normal 3.450612e-01 3.715167e-01 -8.619212e-01
    outer loop
      vertex   -5.413763e-01 2.000000e+01 1.220302e+00
      vertex   -3.058085e-01 1.900000e+01 8.835758e-01
      vertex   -3.884130e-01 1.900000e+01 8.505059e-01
    endloop
  endfacet
  facet normal 4.100586e-01 3.708587e-01 -8.332561e-01
    outer loop
      vertex   -5.413763e-01 2.000000e+01 1.220302e+00
      vertex   -3.884130e-01 1.900000e+01 8.505059e-01
      vertex   -6.366181e-01 2.000000e+01 1.173432e+00
    endloop
  endfacet
  facet normal 4.253408e-01 3.720005e-01 -8.250460e-01
    outer loop
      vertex   -6.366181e-01 2.000000e+01 1.173432e+00
      vertex   -3.884130e-01 1.900000e+01 8.505059e-01
      vertex   -4.675000e-01 1.900000e+01 8.097338e-01
    endloop
  endfacet
  facet normal 4.750152e-01 3.706112e-01 -7.981277e-01
    outer loop
      vertex   -6.366181e-01 2.000000e+01 1.173432e+00
      vertex   -4.675000e-01 1.900000e+01 8.097338e-01
      vertex   -7.278350e-01 2.000000e+01 1.119143e+00
    endloop
  endfacet
  facet normal 5.017923e-01 3.722222e-01 -7.808041e-01
    outer loop
      vertex   -7.278350e-01 2.000000e+01 1.119143e+00
      vertex   -4.675000e-01 1.900000e+01 8.097338e-01
      vertex   -5.423532e-01 1.900000e+01 7.616285e-01
    endloop
  endfacet
  facet normal 5.369396e-01 3.705476e-01 -7.578854e-01
    outer loop
      vertex   -7.278350e-01 2.000000e+01 1.119143e+00
      vertex   -5.423532e-01 1.900000e+01 7.616285e-01
      vertex   -8.144503e-01 2.000000e+01 1.057779e+00
    endloop
  endfacet
  facet normal 5.737503e-01 3.721819e-01 -7.295829e-01
    outer loop
      vertex   -8.144503e-01 2.000000e+01 1.057779e+00
      vertex   -5.423532e-01 1.900000e+01 7.616285e-01
      vertex   -6.122948e-01 1.900000e+01 7.066259e-01
    endloop
  endfacet
  facet normal 5.954257e-01 3.706678e-01 -7.127929e-01
    outer loop
      vertex   -8.144503e-01 2.000000e+01 1.057779e+00
      vertex   -6.122948e-01 1.900000e+01 7.066259e-01
      vertex   -8.959164e-01 2.000000e+01 9.897266e-01
    endloop
  endfacet
  facet normal 6.405872e-01 3.718796e-01 -6.718285e-01
    outer loop
      vertex   -8.959164e-01 2.000000e+01 9.897266e-01
      vertex   -6.122948e-01 1.900000e+01 7.066259e-01
      vertex   -6.766913e-01 1.900000e+01 6.452239e-01
    endloop
  endfacet
  facet normal 6.500900e-01 3.709717e-01 -6.631463e-01
    outer loop
      vertex   -8.959164e-01 2.000000e+01 9.897266e-01
      vertex   -6.766913e-01 1.900000e+01 6.452239e-01
      vertex   -9.717182e-01 2.000000e+01 9.154172e-01
    endloop
  endfacet
  facet normal 7.006139e-01 3.713304e-01 -6.093061e-01
    outer loop
      vertex   -9.717182e-01 2.000000e+01 9.154172e-01
      vertex   -6.766913e-01 1.900000e+01 6.452239e-01
      vertex   -1.041377e+00 2.000000e+01 8.353203e-01
    endloop
  endfacet
  facet normal 7.016723e-01 3.714686e-01 -6.080025e-01
    outer loop
      vertex   -1.041377e+00 2.000000e+01 8.353203e-01
      vertex   -6.766913e-01 1.900000e+01 6.452239e-01
      vertex   -7.349596e-01 1.900000e+01 5.779787e-01
    endloop
  endfacet
  facet normal 7.469516e-01 3.708853e-01 -5.518218e-01
    outer loop
      vertex   -1.041377e+00 2.000000e+01 8.353203e-01
      vertex   -7.349596e-01 1.900000e+01 5.779787e-01
      vertex   -1.104451e+00 2.000000e+01 7.499422e-01
    endloop
  endfacet
  facet normal 7.561250e-01 3.719726e-01 -5.384342e-01
    outer loop
      vertex   -1.104451e+00 2.000000e+01 7.499422e-01
      vertex   -7.349596e-01 1.900000e+01 5.779787e-01
      vertex   -7.865721e-01 1.900000e+01 5.054992e-01
    endloop
  endfacet
  facet normal 7.885214e-01 3.706237e-01 -4.907872e-01
    outer loop
      vertex   -1.104451e+00 2.000000e+01 7.499422e-01
      vertex   -7.865721e-01 1.900000e+01 5.054992e-01
      vertex   -1.160543e+00 2.000000e+01 6.598227e-01
    endloop
  endfacet
  facet normal 8.037987e-01 3.722144e-01 -4.640734e-01
    outer loop
      vertex   -1.160543e+00 2.000000e+01 6.598227e-01
      vertex   -7.865721e-01 1.900000e+01 5.054992e-01
      vertex   -8.310611e-01 1.900000e+01 4.284418e-01
    endloop
  endfacet
  facet normal 8.250494e-01 3.705460e-01 -4.266018e-01
    outer loop
      vertex   -1.160543e+00 2.000000e+01 6.598227e-01
      vertex   -8.310611e-01 1.900000e+01 4.284418e-01
      vertex   -1.209297e+00 2.000000e+01 5.655316e-01
    endloop
  endfacet
  facet normal 8.442793e-01 3.721943e-01 -3.855695e-01
    outer loop
      vertex   -1.209297e+00 2.000000e+01 5.655316e-01
      vertex   -8.310611e-01 1.900000e+01 4.284418e-01
      vertex   -8.680240e-01 1.900000e+01 3.475044e-01
    endloop
  endfacet
  facet normal 8.562959e-01 3.706520e-01 -3.596865e-01
    outer loop
      vertex   -1.209297e+00 2.000000e+01 5.655316e-01
      vertex   -8.680240e-01 1.900000e+01 3.475044e-01
      vertex   -1.250406e+00 2.000000e+01 4.676650e-01
    endloop
  endfacet
  facet normal 8.772140e-01 3.719121e-01 -3.036067e-01
    outer loop
      vertex   -1.250406e+00 2.000000e+01 4.676650e-01
      vertex   -8.680240e-01 1.900000e+01 3.475044e-01
      vertex   -8.971259e-01 1.900000e+01 2.634199e-01
    endloop
  endfacet
  facet normal 8.820563e-01 3.709418e-01 -2.904805e-01
    outer loop
      vertex   -1.250406e+00 2.000000e+01 4.676650e-01
      vertex   -8.971259e-01 1.900000e+01 2.634199e-01
      vertex   -1.283609e+00 2.000000e+01 3.668417e-01
    endloop
  endfacet
  facet normal 9.021795e-01 3.713722e-01 -2.194420e-01
    outer loop
      vertex   -1.283609e+00 2.000000e+01 3.668417e-01
      vertex   -8.971259e-01 1.900000e+01 2.634199e-01
      vertex   -1.308697e+00 2.000000e+01 2.636991e-01
    endloop
  endfacet
  facet normal 9.022934e-01 3.714189e-01 -2.188940e-01
    outer loop
      vertex   -1.308697e+00 2.000000e+01 2.636991e-01
      vertex   -8.971259e-01 1.900000e+01 2.634199e-01
      vertex   -9.181033e-01 1.900000e+01 1.769499e-01
    endloop
  endfacet
  facet normal 9.169435e-01 3.709130e-01 -1.470991e-01
    outer loop
      vertex   -1.308697e+00 2.000000e+01 2.636991e-01
      vertex   -9.181033e-01 1.900000e+01 1.769499e-01
      vertex   -1.325511e+00 2.000000e+01 1.588893e-01
    endloop
  endfacet
  facet normal 9.188072e-01 3.719431e-01 -1.321045e-01
    outer loop
      vertex   -1.325511e+00 2.000000e+01 1.588893e-01
      vertex   -9.181033e-01 1.900000e+01 1.769499e-01
      vertex   -9.307662e-01 1.900000e+01 8.887740e-02
    endloop
  endfacet
  facet normal 9.258417e-01 3.706373e-01 -7.379154e-02
    outer loop
      vertex   -1.325511e+00 2.000000e+01 1.588893e-01
      vertex   -9.307662e-01 1.900000e+01 8.887740e-02
      vertex   -1.333945e+00 2.000000e+01 5.307495e-02
    endloop
  endfacet
  facet normal 9.270992e-01 3.722051e-01 -4.416318e-02
    outer loop
      vertex   -1.333945e+00 2.000000e+01 5.307495e-02
      vertex   -9.307662e-01 1.900000e+01 8.887740e-02
      vertex   -9.350000e-01 1.900000e+01 0.000000e+00
    endloop
  endfacet
  facet normal 9.288143e-01 3.705454e-01 0.000000e+00
    outer loop
      vertex   -1.333945e+00 2.000000e+01 5.307495e-02
      vertex   -9.350000e-01 1.900000e+01 0.000000e+00
      vertex   -1.333945e+00 2.000000e+01 -5.307495e-02
    endloop
  endfacet
  facet normal 9.270992e-01 3.722051e-01 4.416318e-02
    outer loop
      vertex   -1.333945e+00 2.000000e+01 -5.307495e-02
      vertex   -9.350000e-01 1.900000e+01 0.000000e+00
      vertex   -9.307662e-01 1.900000e+01 -8.887740e-02
    endloop
  endfacet
  facet normal 9.258417e-01 3.706373e-01 7.379154e-02
    outer loop
      vertex   -1.333945e+00 2.000000e+01 -5.307495e-02
      vertex   -9.307662e-01 1.900000e+01 -8.887740e-02
      vertex   -1.325511e+00 2.000000e+01 -1.588893e-01
    endloop
  endfacet
  facet normal 9.188072e-01 3.719431e-01 1.321045e-01
    outer loop
      vertex   -1.325511e+00 2.000000e+01 -1.588893e-01
      vertex   -9.307662e-01 1.900000e+01 -8.887740e-02
      vertex   -9.181033e-01 1.900000e+01 -1.769499e-01
    endloop
  endfacet
  facet normal 9.169435e-01 3.709130e-01 1.470991e-01
    outer loop
      vertex   -1.325511e+00 2.000000e+01 -1.588893e-01
      vertex   -9.181033e-01 1.900000e+01 -1.769499e-01
      vertex   -1.308697e+00 2.000000e+01 -2.636991e-01
    endloop
  endfacet
  facet normal 9.022934e-01 3.714189e-01 2.188940e-01
    outer loop
      vertex   -1.308697e+00 2.000000e+01 -2.636991e-01
      vertex   -9.181033e-01 1.900000e+01 -1.769499e-01
      vertex   -8.971259e-01 1.900000e+01 -2.634199e-01
    endloop
  endfacet
  facet normal 9.021795e-01 3.713722e-01 2.194420e-01
    outer loop
      vertex   -1.308697e+00 2.000000e+01 -2.636991e-01
      vertex   -8.971259e-01 1.900000e+01 -2.634199e-01
      vertex   -1.283609e+00 2.000000e+01 -3.668417e-01
    endloop
  endfacet
  facet normal 8.820563e-01 3.709418e-01 2.904805e-01
    outer loop
      vertex   -1.283609e+00 2.000000e+01 -3.668417e-01
      vertex   -8.971259e-01 1.900000e+01 -2.634199e-01
      vertex   -1.250406e+00 2.000000e+01 -4.676650e-01
    endloop
  endfacet
  facet normal 8.772140e-01 3.719121e-01 3.036067e-01
    outer loop
      vertex   -1.250406e+00 2.000000e+01 -4.676650e-01
      vertex   -8.971259e-01 1.900000e+01 -2.634199e-01
      vertex   -8.680240e-01 1.900000e+01 -3.475044e-01
    endloop
  endfacet
  facet normal 8.562959e-01 3.706520e-01 3.596865e-01
    outer loop
      vertex   -1.250406e+00 2.000000e+01 -4.676650e-01
      vertex   -8.680240e-01 1.900000e+01 -3.475044e-01
      vertex   -1.209297e+00 2.000000e+01 -5.655316e-01
    endloop
  endfacet
  facet normal 8.442793e-01 3.721943e-01 3.855695e-01
    outer loop
      vertex   -1.209297e+00 2.000000e+01 -5.655316e-01
      vertex   -8.680240e-01 1.900000e+01 -3.475044e-01
      vertex   -8.310611e-01 1.900000e+01 -4.284418e-01
    endloop
  endfacet
  facet normal 8.250494e-01 3.705460e-01 4.266018e-01
    outer loop
      vertex   -1.209297e+00 2.000000e+01 -5.655316e-01
      vertex   -8.310611e-01 1.900000e+01 -4.284418e-01
      vertex   -1.160543e+00 2.000000e+01 -6.598227e-01
    endloop
  endfacet
  facet normal 8.037987e-01 3.722144e-01 4.640734e-01
    outer loop
      vertex   -1.160543e+00 2.000000e+01 -6.598227e-01
      vertex   -8.310611e-01 1.900000e+01 -4.284418e-01
      vertex   -7.865721e-01 1.900000e+01 -5.054992e-01
    endloop
  endfacet
  facet normal 7.885214e-01 3.706237e-01 4.907872e-01
    outer loop
      vertex   -1.160543e+00 2.000000e+01 -6.598227e-01
      vertex   -7.865721e-01 1.900000e+01 -5.054992e-01
      vertex   -1.104451e+00 2.000000e+01 -7.499422e-01
    endloop
  endfacet
  facet normal 7.561250e-01 3.719726e-01 5.384342e-01
    outer loop
      vertex   -1.104451e+00 2.000000e+01 -7.499422e-01
      vertex   -7.865721e-01 1.900000e+01 -5.054992e-01
      vertex   -7.349596e-01 1.900000e+01 -5.779787e-01
    endloop
  endfacet
  facet normal 7.469516e-01 3.708853e-01 5.518218e-01
    outer loop
      vertex   -1.104451e+00 2.000000e+01 -7.499422e-01
      vertex   -7.349596e-01 1.900000e+01 -5.779787e-01
      vertex   -1.041377e+00 2.000000e+01 -8.353203e-01
    endloop
  endfacet
  facet normal 7.016723e-01 3.714686e-01 6.080025e-01
    outer loop
      vertex   -1.041377e+00 2.000000e+01 -8.353203e-01
      vertex   -7.349596e-01 1.900000e+01 -5.779787e-01
      vertex   -6.766913e-01 1.900000e+01 -6.452239e-01
    endloop
  endfacet
  facet normal 7.006139e-01 3.713304e-01 6.093061e-01
    outer loop
      vertex   -1.041377e+00 2.000000e+01 -8.353203e-01
      vertex   -6.766913e-01 1.900000e+01 -6.452239e-01
      vertex   -9.717182e-01 2.000000e+01 -9.154172e-01
    endloop
  endfacet
  facet normal 6.500900e-01 3.709717e-01 6.631463e-01
    outer loop
      vertex   -9.717182e-01 2.000000e+01 -9.154172e-01
      vertex   -6.766913e-01 1.900000e+01 -6.452239e-01
      vertex   -8.959164e-01 2.000000e+01 -9.897266e-01
    endloop
  endfacet
  facet normal 6.405872e-01 3.718796e-01 6.718285e-01
    outer loop
      vertex   -8.959164e-01 2.000000e+01 -9.897266e-01
      vertex   -6.766913e-01 1.900000e+01 -6.452239e-01
      vertex   -6.122948e-01 1.900000e+01 -7.066259e-01
    endloop
  endfacet
  facet normal 5.954257e-01 3.706678e-01 7.127929e-01
    outer loop
      vertex   -8.959164e-01 2.000000e+01 -9.897266e-01
      vertex   -6.122948e-01 1.900000e+01 -7.066259e-01
      vertex   -8.144503e-01 2.000000e+01 -1.057779e+00
    endloop
  endfacet
  facet normal 5.737503e-01 3.721819e-01 7.295829e-01
    outer loop
      vertex   -8.144503e-01 2.000000e+01 -1.057779e+00
      vertex   -6.122948e-01 1.900000e+01 -7.066259e-01
      vertex   -5.423532e-01 1.900000e+01 -7.616285e-01
    endloop
  endfacet
  facet normal 5.369396e-01 3.705476e-01 7.578854e-01
    outer loop
      vertex   -8.144503e-01 2.000000e+01 -1.057779e+00
      vertex   -5.423532e-01 1.900000e+01 -7.616285e-01
      vertex   -7.278350e-01 2.000000e+01 -1.119143e+00
    endloop
  endfacet
  facet normal 5.017923e-01 3.722222e-01 7.808041e-01
    outer loop
      vertex   -7.278350e-01 2.000000e+01 -1.119143e+00
      vertex   -5.423532e-01 1.900000e+01 -7.616285e-01
      vertex   -4.675000e-01 1.900000e+01 -8.097338e-01
    endloop
  endfacet
  facet normal 4.750152e-01 3.706112e-01 7.981277e-01
    outer loop
      vertex   -7.278350e-01 2.000000e+01 -1.119143e+00
      vertex   -4.675000e-01 1.900000e+01 -8.097338e-01
      vertex   -6.366181e-01 2.000000e+01 -1.173432e+00
    endloop
  endfacet
  facet normal 4.253408e-01 3.720005e-01 8.250460e-01
    outer loop
      vertex   -6.366181e-01 2.000000e+01 -1.173432e+00
      vertex   -4.675000e-01 1.900000e+01 -8.097338e-01
      vertex   -3.884130e-01 1.900000e+01 -8.505059e-01
    endloop
  endfacet
  facet normal 4.100586e-01 3.708587e-01 8.332561e-01
    outer loop
      vertex   -6.366181e-01 2.000000e+01 -1.173432e+00
      vertex   -3.884130e-01 1.900000e+01 -8.505059e-01
      vertex   -5.413763e-01 2.000000e+01 -1.220302e+00
    endloop
  endfacet
  facet normal 3.450612e-01 3.715167e-01 8.619212e-01
    outer loop
      vertex   -5.413763e-01 2.000000e+01 -1.220302e+00
      vertex   -3.884130e-01 1.900000e+01 -8.505059e-01
      vertex   -3.058085e-01 1.900000e+01 -8.835758e-01
    endloop
  endfacet
  facet normal 3.424965e-01 3.712897e-01 8.630412e-01
    outer loop
      vertex   -5.413763e-01 2.000000e+01 -1.220302e+00
      vertex   -3.058085e-01 1.900000e+01 -8.835758e-01
      vertex   -4.427117e-01 2.000000e+01 -1.259457e+00
    endloop
  endfacet
  facet normal 2.728787e-01 3.710027e-01 8.876340e-01
    outer loop
      vertex   -4.427117e-01 2.000000e+01 -1.259457e+00
      vertex   -3.058085e-01 1.900000e+01 -8.835758e-01
      vertex   -3.412482e-01 2.000000e+01 -1.290649e+00
    endloop
  endfacet
  facet normal 2.615308e-01 3.718455e-01 8.906922e-01
    outer loop
      vertex   -3.412482e-01 2.000000e+01 -1.290649e+00
      vertex   -3.058085e-01 1.900000e+01 -8.835758e-01
      vertex   -2.204346e-01 1.900000e+01 -9.086438e-01
    endloop
  endfacet
  facet normal 2.015210e-01 3.706847e-01 9.066323e-01
    outer loop
      vertex   -3.412482e-01 2.000000e+01 -1.290649e+00
      vertex   -2.204346e-01 1.900000e+01 -9.086438e-01
      vertex   -2.376272e-01 2.000000e+01 -1.313681e+00
    endloop
  endfacet
  facet normal 1.756565e-01 3.721679e-01 9.113923e-01
    outer loop
      vertex   -2.376272e-01 2.000000e+01 -1.313681e+00
      vertex   -2.204346e-01 1.900000e+01 -9.086438e-01
      vertex   -1.330644e-01 1.900000e+01 -9.254830e-01
    endloop
  endfacet
  facet normal 1.288593e-01 3.705503e-01 9.198303e-01
    outer loop
      vertex   -2.376272e-01 2.000000e+01 -1.313681e+00
      vertex   -1.330644e-01 1.900000e+01 -9.254830e-01
      vertex   -1.325038e-01 2.000000e+01 -1.328408e+00
    endloop
  endfacet
  facet normal 8.822543e-02 3.722284e-01 9.239385e-01
    outer loop
      vertex   -1.325038e-01 2.000000e+01 -1.328408e+00
      vertex   -1.330644e-01 1.900000e+01 -9.254830e-01
      vertex   -4.448909e-02 1.900000e+01 -9.339410e-01
    endloop
  endfacet
  facet normal 5.537009e-02 3.705998e-01 9.271407e-01
    outer loop
      vertex   -1.325038e-01 2.000000e+01 -1.328408e+00
      vertex   -4.448909e-02 1.900000e+01 -9.339410e-01
      vertex   -2.654272e-02 2.000000e+01 -1.334736e+00
    endloop
  endfacet
  facet normal 0.000000e+00 3.720269e-01 9.282220e-01
    outer loop
      vertex   -2.654272e-02 2.000000e+01 -1.334736e+00
      vertex   -4.448909e-02 1.900000e+01 -9.339410e-01
      vertex   4.448909e-02 1.900000e+01 -9.339410e-01
    endloop
  endfacet
  facet normal -1.846458e-02 3.708331e-01 9.285159e-01
    outer loop
      vertex   -2.654272e-02 2.000000e+01 -1.334736e+00
      vertex   4.448909e-02 1.900000e+01 -9.339410e-01
      vertex   7.958619e-02 2.000000e+01 -1.332626e+00
    endloop
  endfacet
  facet normal -8.825076e-02 3.715632e-01 9.242038e-01
    outer loop
      vertex   7.958619e-02 2.000000e+01 -1.332626e+00
      vertex   4.448909e-02 1.900000e+01 -9.339410e-01
      vertex   1.330644e-01 1.900000e+01 -9.254830e-01
    endloop
  endfacet
  facet normal -9.216042e-02 3.712500e-01 9.239480e-01
    outer loop
      vertex   7.958619e-02 2.000000e+01 -1.332626e+00
      vertex   1.330644e-01 1.900000e+01 -9.254830e-01
      vertex   1.852119e-01 2.000000e+01 -1.322090e+00
    endloop
  endfacet
  facet normal -1.652922e-01 3.710348e-01 9.137897e-01
    outer loop
      vertex   1.852119e-01 2.000000e+01 -1.322090e+00
      vertex   1.330644e-01 1.900000e+01 -9.254830e-01
      vertex   2.896667e-01 2.000000e+01 -1.303195e+00
    endloop
  endfacet
  facet normal -1.756836e-01 3.718098e-01 9.115332e-01
    outer loop
      vertex   2.896667e-01 2.000000e+01 -1.303195e+00
      vertex   1.330644e-01 1.900000e+01 -9.254830e-01
      vertex   2.204346e-01 1.900000e+01 -9.086438e-01
    endloop
  endfacet
  facet normal -2.374044e-01 3.707026e-01 8.978968e-01
    outer loop
      vertex   2.896667e-01 2.000000e+01 -1.303195e+00
      vertex   2.204346e-01 1.900000e+01 -9.086438e-01
      vertex   3.922901e-01 2.000000e+01 -1.276062e+00
    endloop
  endfacet
  facet normal -2.614962e-01 3.721524e-01 8.905742e-01
    outer loop
      vertex   3.922901e-01 2.000000e+01 -1.276062e+00
      vertex   2.204346e-01 1.900000e+01 -9.086438e-01
      vertex   3.058085e-01 1.900000e+01 -8.835758e-01
    endloop
  endfacet
  facet normal -3.080116e-01 3.705541e-01 8.762525e-01
    outer loop
      vertex   3.922901e-01 2.000000e+01 -1.276062e+00
      vertex   3.058085e-01 1.900000e+01 -8.835758e-01
      vertex   4.924333e-01 2.000000e+01 -1.240860e+00
    endloop
  endfacet
  facet normal -3.449545e-01 3.722330e-01 8.616548e-01
    outer loop
      vertex   4.924333e-01 2.000000e+01 -1.240860e+00
      vertex   3.058085e-01 1.900000e+01 -8.835758e-01
      vertex   3.884130e-01 1.900000e+01 -8.505059e-01
    endloop
  endfacet
  facet normal -3.766506e-01 3.705895e-01 8.489981e-01
    outer loop
      vertex   4.924333e-01 2.000000e+01 -1.240860e+00
      vertex   3.884130e-01 1.900000e+01 -8.505059e-01
      vertex   5.894632e-01 2.000000e+01 -1.197814e+00
    endloop
  endfacet
  facet normal -4.253314e-01 3.720517e-01 8.250277e-01
    outer loop
      vertex   5.894632e-01 2.000000e+01 -1.197814e+00
      vertex   3.884130e-01 1.900000e+01 -8.505059e-01
      vertex   4.675000e-01 1.900000e+01 -8.097338e-01
    endloop
  endfacet
  facet normal -4.428713e-01 3.708086e-01 8.163124e-01
    outer loop
      vertex   5.894632e-01 2.000000e+01 -1.197814e+00
      vertex   4.675000e-01 1.900000e+01 -8.097338e-01
      vertex   6.827664e-01 2.000000e+01 -1.147194e+00
    endloop
  endfacet
  facet normal -5.019253e-01 3.716082e-01 7.810111e-01
    outer loop
      vertex   6.827664e-01 2.000000e+01 -1.147194e+00
      vertex   4.675000e-01 1.900000e+01 -8.097338e-01
      vertex   5.423532e-01 1.900000e+01 -7.616285e-01
    endloop
  endfacet
  facet normal -5.062397e-01 3.712114e-01 7.784108e-01
    outer loop
      vertex   6.827664e-01 2.000000e+01 -1.147194e+00
      vertex   5.423532e-01 1.900000e+01 -7.616285e-01
      vertex   7.717528e-01 2.000000e+01 -1.089322e+00
    endloop
  endfacet
  facet normal -5.665193e-01 3.710679e-01 7.357748e-01
    outer loop
      vertex   7.717528e-01 2.000000e+01 -1.089322e+00
      vertex   5.423532e-01 1.900000e+01 -7.616285e-01
      vertex   8.558600e-01 2.000000e+01 -1.024563e+00
    endloop
  endfacet
  facet normal -5.738517e-01 3.717726e-01 7.297118e-01
    outer loop
      vertex   8.558600e-01 2.000000e+01 -1.024563e+00
      vertex   5.423532e-01 1.900000e+01 -7.616285e-01
      vertex   6.122948e-01 1.900000e+01 -7.066259e-01
    endloop
  endfacet
  facet normal -6.232787e-01 3.707216e-01 6.885413e-01
    outer loop
      vertex   8.558600e-01 2.000000e+01 -1.024563e+00
      vertex   6.122948e-01 1.900000e+01 -7.066259e-01
      vertex   9.345562e-01 2.000000e+01 -9.533256e-01
    endloop
  endfacet
  facet normal -6.405165e-01 3.721354e-01 6.717543e-01
    outer loop
      vertex   9.345562e-01 2.000000e+01 -9.533256e-01
      vertex   6.122948e-01 1.900000e+01 -7.066259e-01
      vertex   6.766913e-01 1.900000e+01 -6.452239e-01
    endloop
  endfacet
  facet normal -6.760603e-01 3.705590e-01 6.368897e-01
    outer loop
      vertex   9.345562e-01 2.000000e+01 -9.533256e-01
      vertex   6.766913e-01 1.900000e+01 -6.452239e-01
      vertex   1.007344e+00 2.000000e+01 -8.760614e-01
    endloop
  endfacet
  facet normal -7.014399e-01 3.722361e-01 6.078012e-01
    outer loop
      vertex   1.007344e+00 2.000000e+01 -8.760614e-01
      vertex   6.766913e-01 1.900000e+01 -6.452239e-01
      vertex   7.349596e-01 1.900000e+01 -5.779787e-01
    endloop
  endfacet
  facet normal -7.245176e-01 3.705802e-01 5.811579e-01
    outer loop
      vertex   1.007344e+00 2.000000e+01 -8.760614e-01
      vertex   7.349596e-01 1.900000e+01 -5.779787e-01
      vertex   1.073763e+00 2.000000e+01 -7.932584e-01
    endloop
  endfacet
  facet normal -7.560916e-01 3.720749e-01 5.384104e-01
    outer loop
      vertex   1.073763e+00 2.000000e+01 -7.932584e-01
      vertex   7.349596e-01 1.900000e+01 -5.779787e-01
      vertex   7.865721e-01 1.900000e+01 -5.054992e-01
    endloop
  endfacet
  facet normal -7.683327e-01 3.707853e-01 5.217118e-01
    outer loop
      vertex   1.073763e+00 2.000000e+01 -7.932584e-01
      vertex   7.865721e-01 1.900000e+01 -5.054992e-01
      vertex   1.133393e+00 2.000000e+01 -7.054401e-01
    endloop
  endfacet
  facet normal -8.039940e-01 3.716516e-01 4.641861e-01
    outer loop
      vertex   1.133393e+00 2.000000e+01 -7.054401e-01
      vertex   7.865721e-01 1.900000e+01 -5.054992e-01
      vertex   8.310611e-01 1.900000e+01 -4.284418e-01
    endloop
  endfacet
  facet normal -8.072190e-01 3.711739e-01 4.589417e-01
    outer loop
      vertex   1.133393e+00 2.000000e+01 -7.054401e-01
      vertex   8.310611e-01 1.900000e+01 -4.284418e-01
      vertex   1.185857e+00 2.000000e+01 -6.131619e-01
    endloop
  endfacet
  facet normal -8.411562e-01 3.711022e-01 3.933694e-01
    outer loop
      vertex   1.185857e+00 2.000000e+01 -6.131619e-01
      vertex   8.310611e-01 1.900000e+01 -4.284418e-01
      vertex   1.230824e+00 2.000000e+01 -5.170070e-01
    endloop
  endfacet
  facet normal -8.444472e-01 3.717338e-01 3.856461e-01
    outer loop
      vertex   1.230824e+00 2.000000e+01 -5.170070e-01
      vertex   8.310611e-01 1.900000e+01 -4.284418e-01
      vertex   8.680240e-01 1.900000e+01 -3.475044e-01
    endloop
  endfacet
  facet normal -8.698852e-01 3.707418e-01 3.253463e-01
    outer loop
      vertex   1.230824e+00 2.000000e+01 -5.170070e-01
      vertex   8.680240e-01 1.900000e+01 -3.475044e-01
      vertex   1.268010e+00 2.000000e+01 -4.175835e-01
    endloop
  endfacet
  facet normal -8.771365e-01 3.721168e-01 3.035799e-01
    outer loop
      vertex   1.268010e+00 2.000000e+01 -4.175835e-01
      vertex   8.680240e-01 1.900000e+01 -3.475044e-01
      vertex   8.971259e-01 1.900000e+01 -2.634199e-01
    endloop
  endfacet
  facet normal -8.930520e-01 3.705650e-01 2.552247e-01
    outer loop
      vertex   1.268010e+00 2.000000e+01 -4.175835e-01
      vertex   8.971259e-01 1.900000e+01 -2.634199e-01
      vertex   1.297179e+00 2.000000e+01 -3.155198e-01
    endloop
  endfacet
  facet normal -9.019747e-01 3.722377e-01 2.188167e-01
    outer loop
      vertex   1.297179e+00 2.000000e+01 -3.155198e-01
      vertex   8.971259e-01 1.900000e+01 -2.634199e-01
      vertex   9.181033e-01 1.900000e+01 -1.769499e-01
    endloop
  endfacet
  facet normal -9.105038e-01 3.705721e-01 1.834642e-01
    outer loop
      vertex   1.297179e+00 2.000000e+01 -3.155198e-01
      vertex   9.181033e-01 1.900000e+01 -1.769499e-01
      vertex   1.318146e+00 2.000000e+01 -2.114614e-01
    endloop
  endfacet
  facet normal -9.187463e-01 3.720966e-01 1.320958e-01
    outer loop
      vertex   1.318146e+00 2.000000e+01 -2.114614e-01
      vertex   9.181033e-01 1.900000e+01 -1.769499e-01
      vertex   9.307662e-01 1.900000e+01 -8.887740e-02
    endloop
  endfacet
  facet normal -9.221262e-01 3.707630e-01 1.105355e-01
    outer loop
      vertex   1.318146e+00 2.000000e+01 -2.114614e-01
      vertex   9.307662e-01 1.900000e+01 -8.887740e-02
      vertex   1.330780e+00 2.000000e+01 -1.060660e-01
    endloop
  endfacet
  facet normal -9.273040e-01 3.716935e-01 4.417293e-02
    outer loop
      vertex   1.330780e+00 2.000000e+01 -1.060660e-01
      vertex   9.307662e-01 1.900000e+01 -8.887740e-02
      vertex   9.350000e-01 1.900000e+01 1.145045e-16
    endloop
  endfacet
  facet normal 0.000000e+00 1.000000e+00 0.000000e+00
    outer loop
      vertex   1.600816e+00 2.000000e+01 1.158132e-01
      vertex   1.605000e+00 2.000000e+01 0.000000e+00
      vertex   1.335000e+00 2.000000e+01 -1.634903e-16
    endloop
  endfacet
  facet normal -0.000000e+00 1.000000e+00 0.000000e+00
    outer loop
      vertex   1.335000e+00 2.000000e+01 -1.634903e-16
      vertex   1.605000e+00 2.000000e+01 0.000000e+00
      vertex   1.600816e+00 2.000000e+01 -1.158132e-01
    endloop
  endfacet
  facet normal 0.000000e+00 1.000000e+00 0.000000e+00
    outer loop
      vertex   1.335000e+00 2.000000e+01 -1.634903e-16
      vertex   1.600816e+00 2.000000e+01 -1.158132e-01
      vertex   1.330780e+00 2.000000e+01 -1.060660e-01
    endloop
  endfacet
  facet normal 0.000000e+00 1.000000e+00 0.000000e+00
    outer loop
      vertex   1.330780e+00 2.000000e+01 -1.060660e-01
      vertex   1.600816e+00 2.000000e+01 -1.158132e-01
      vertex   1.588286e+00 2.000000e+01 -2.310226e-01
    endloop
  endfacet
  facet normal 0.000000e+00 1.000000e+00 0.000000e+00
    outer loop
      vertex   1.330780e+00 2.000000e+01 -1.060660e-01
      vertex   1.588286e+00 2.000000e+01 -2.310226e-01
      vertex   1.318146e+00 2.000000e+01 -2.114614e-01
    endloop
  endfacet
  facet normal 0.000000e+00 1.000000e+00 0.000000e+00
    outer loop
      vertex   1.318146e+00 2.000000e+01 -2.114614e-01
      vertex   1.588286e+00 2.000000e+01 -2.310226e-01
      vertex   1.567476e+00 2.000000e+01 -3.450276e-01
    endloop
  endfacet
  facet normal 0.000000e+00 1.000000e+00 0.000000e+00
    outer loop
      vertex   1.318146e+00 2.000000e+01 -2.114614e-01
      vertex   1.567476e+00 2.000000e+01 -3.450276e-01
      vertex   1.297179e+00 2.000000e+01 -3.155198e-01
    endloop
  endfacet
  facet normal 0.000000e+00 1.000000e+00 0.000000e+00
    outer loop
      vertex   1.297179e+00 2.000000e+01 -3.155198e-01
      vertex   1.567476e+00 2.000000e+01 -3.450276e-01
      vertex   1.538494e+00 2.000000e+01 -4.572337e-01
    endloop
  endfacet
  facet normal 0.000000e+00 1.000000e+00 0.000000e+00
    outer loop
      vertex   1.297179e+00 2.000000e+01 -3.155198e-01
      vertex   1.538494e+00 2.000000e+01 -4.572337e-01
      vertex   1.268010e+00 2.000000e+01 -4.175835e-01
    endloop
  endfacet
  facet normal 0.000000e+00 1.000000e+00 0.000000e+00
    outer loop
      vertex   1.268010e+00 2.000000e+01 -4.175835e-01
      vertex   1.538494e+00 2.000000e+01 -4.572337e-01
      vertex   1.501490e+00 2.000000e+01 -5.670560e-01
    endloop
  endfacet
  facet normal 0.000000e+00 1.000000e+00 0.000000e+00
    outer loop
      vertex   1.268010e+00 2.000000e+01 -4.175835e-01
      vertex   1.501490e+00 2.000000e+01 -5.670560e-01
      vertex   1.230824e+00 2.000000e+01 -5.170070e-01
    endloop
  endfacet
  facet normal 0.000000e+00 1.000000e+00 0.000000e+00
    outer loop
      vertex   1.230824e+00 2.000000e+01 -5.170070e-01
      vertex   1.501490e+00 2.000000e+01 -5.670560e-01
      vertex   1.456659e+00 2.000000e+01 -6.739220e-01
    endloop
  endfacet
  facet normal 0.000000e+00 1.000000e+00 0.000000e+00
    outer loop
      vertex   1.230824e+00 2.000000e+01 -5.170070e-01
      vertex   1.456659e+00 2.000000e+01 -6.739220e-01
      vertex   1.185857e+00 2.000000e+01 -6.131619e-01
    endloop
  endfacet
  facet normal 0.000000e+00 1.000000e+00 0.000000e+00
    outer loop
      vertex   1.185857e+00 2.000000e+01 -6.131619e-01
      vertex   1.456659e+00 2.000000e+01 -6.739220e-01
      vertex   1.404233e+00 2.000000e+01 -7.772745e-01
    endloop
  endfacet
  facet normal 0.000000e+00 1.000000e+00 0.000000e+00
    outer loop
      vertex   1.185857e+00 2.000000e+01 -6.131619e-01
      vertex   1.404233e+00 2.000000e+01 -7.772745e-01
      vertex   1.133393e+00 2.000000e+01 -7.054401e-01
    endloop
  endfacet
  facet normal 0.000000e+00 1.000000e+00 0.000000e+00
    outer loop
      vertex   1.133393e+00 2.000000e+01 -7.054401e-01
      vertex   1.404233e+00 2.000000e+01 -7.772745e-01
      vertex   1.344486e+00 2.000000e+01 -8.765746e-01
    endloop
  endfacet
  facet normal 0.000000e+00 1.000000e+00 0.000000e+00
    outer loop
      vertex   1.133393e+00 2.000000e+01 -7.054401e-01
      vertex   1.344486e+00 2.000000e+01 -8.765746e-01
      vertex   1.073763e+00 2.000000e+01 -7.932584e-01
    endloop
  endfacet
  facet normal 0.000000e+00 1.000000e+00 0.000000e+00
    outer loop
      vertex   1.073763e+00 2.000000e+01 -7.932584e-01
      vertex   1.344486e+00 2.000000e+01 -8.765746e-01
      vertex   1.277729e+00 2.000000e+01 -9.713046e-01
    endloop
  endfacet
  facet normal 0.000000e+00 1.000000e+00 0.000000e+00
    outer loop
      vertex   1.073763e+00 2.000000e+01 -7.932584e-01
      vertex   1.277729e+00 2.000000e+01 -9.713046e-01
      vertex   1.007344e+00 2.000000e+01 -8.760614e-01
    endloop
  endfacet
  facet normal 0.000000e+00 1.000000e+00 0.000000e+00
    outer loop
      vertex   1.007344e+00 2.000000e+01 -8.760614e-01
      vertex   1.277729e+00 2.000000e+01 -9.713046e-01
      vertex   1.204311e+00 2.000000e+01 -1.060971e+00
    endloop
  endfacet
  facet normal 0.000000e+00 1.000000e+00 0.000000e+00
    outer loop
      vertex   1.007344e+00 2.000000e+01 -8.760614e-01
      vertex   1.204311e+00 2.000000e+01 -1.060971e+00
      vertex   9.345562e-01 2.000000e+01 -9.533256e-01
    endloop
  endfacet
  facet normal 0.000000e+00 1.000000e+00 0.000000e+00
    outer loop
      vertex   9.345562e-01 2.000000e+01 -9.533256e-01
      vertex   1.204311e+00 2.000000e+01 -1.060971e+00
      vertex   1.124615e+00 2.000000e+01 -1.145105e+00
    endloop
  endfacet
  facet normal 0.000000e+00 1.000000e+00 0.000000e+00
    outer loop
      vertex   9.345562e-01 2.000000e+01 -9.533256e-01
      vertex   1.124615e+00 2.000000e+01 -1.145105e+00
      vertex   1.039055e+00 2.000000e+01 -1.223270e+00
    endloop
  endfacet
  facet normal 0.000000e+00 1.000000e+00 0.000000e+00
    outer loop
      vertex   9.345562e-01 2.000000e+01 -9.533256e-01
      vertex   1.039055e+00 2.000000e+01 -1.223270e+00
      vertex   8.558600e-01 2.000000e+01 -1.024563e+00
    endloop
  endfacet
  facet normal 0.000000e+00 1.000000e+00 0.000000e+00
    outer loop
      vertex   8.558600e-01 2.000000e+01 -1.024563e+00
      vertex   1.039055e+00 2.000000e+01 -1.223270e+00
      vertex   9.480780e-01 2.000000e+01 -1.295057e+00
    endloop
  endfacet
  facet normal 0.000000e+00 1.000000e+00 0.000000e+00
    outer loop
      vertex   8.558600e-01 2.000000e+01 -1.024563e+00
      vertex   9.480780e-01 2.000000e+01 -1.295057e+00
      vertex   7.717528e-01 2.000000e+01 -1.089322e+00
    endloop
  endfacet
  facet normal 0.000000e+00 1.000000e+00 0.000000e+00
    outer loop
      vertex   7.717528e-01 2.000000e+01 -1.089322e+00
      vertex   9.480780e-01 2.000000e+01 -1.295057e+00
      vertex   8.521581e-01 2.000000e+01 -1.360092e+00
    endloop
  endfacet
  facet normal 0.000000e+00 1.000000e+00 0.000000e+00
    outer loop
      vertex   7.717528e-01 2.000000e+01 -1.089322e+00
      vertex   8.521581e-01 2.000000e+01 -1.360092e+00
      vertex   6.827664e-01 2.000000e+01 -1.147194e+00
    endloop
  endfacet
  facet normal 0.000000e+00 1.000000e+00 0.000000e+00
    outer loop
      vertex   6.827664e-01 2.000000e+01 -1.147194e+00
      vertex   8.521581e-01 2.000000e+01 -1.360092e+00
      vertex   7.517955e-01 2.000000e+01 -1.418037e+00
    endloop
  endfacet
  facet normal 0.000000e+00 1.000000e+00 0.000000e+00
    outer loop
      vertex   6.827664e-01 2.000000e+01 -1.147194e+00
      vertex   7.517955e-01 2.000000e+01 -1.418037e+00
      vertex   5.894632e-01 2.000000e+01 -1.197814e+00
    endloop
  endfacet
  facet normal 0.000000e+00 1.000000e+00 0.000000e+00
    outer loop
      vertex   5.894632e-01 2.000000e+01 -1.197814e+00
      vertex   7.517955e-01 2.000000e+01 -1.418037e+00
      vertex   6.475134e-01 2.000000e+01 -1.468588e+00
    endloop
  endfacet
  facet normal 0.000000e+00 1.000000e+00 0.000000e+00
    outer loop
      vertex   5.894632e-01 2.000000e+01 -1.197814e+00
      vertex   6.475134e-01 2.000000e+01 -1.468588e+00
      vertex   4.924333e-01 2.000000e+01 -1.240860e+00
    endloop
  endfacet
  facet normal 0.000000e+00 1.000000e+00 0.000000e+00
    outer loop
      vertex   4.924333e-01 2.000000e+01 -1.240860e+00
      vertex   6.475134e-01 2.000000e+01 -1.468588e+00
      vertex   5.398555e-01 2.000000e+01 -1.511483e+00
    endloop
  endfacet
  facet normal 0.000000e+00 1.000000e+00 0.000000e+00
    outer loop
      vertex   4.924333e-01 2.000000e+01 -1.240860e+00
      vertex   5.398555e-01 2.000000e+01 -1.511483e+00
      vertex   3.922901e-01 2.000000e+01 -1.276062e+00
    endloop
  endfacet
  facet normal 0.000000e+00 1.000000e+00 0.000000e+00
    outer loop
      vertex   3.922901e-01 2.000000e+01 -1.276062e+00
      vertex   5.398555e-01 2.000000e+01 -1.511483e+00
      vertex   4.293830e-01 2.000000e+01 -1.546498e+00
    endloop
  endfacet
  facet normal 0.000000e+00 1.000000e+00 0.000000e+00
    outer loop
      vertex   3.922901e-01 2.000000e+01 -1.276062e+00
      vertex   4.293830e-01 2.000000e+01 -1.546498e+00
      vertex   2.896667e-01 2.000000e+01 -1.303195e+00
    endloop
  endfacet
  facet normal 0.000000e+00 1.000000e+00 0.000000e+00
    outer loop
      vertex   2.896667e-01 2.000000e+01 -1.303195e+00
      vertex   4.293830e-01 2.000000e+01 -1.546498e+00
      vertex   3.166719e-01 2.000000e+01 -1.573450e+00
    endloop
  endfacet
  facet normal 0.000000e+00 1.000000e+00 0.000000e+00
    outer loop
      vertex   2.896667e-01 2.000000e+01 -1.303195e+00
      vertex   3.166719e-01 2.000000e+01 -1.573450e+00
      vertex   1.852119e-01 2.000000e+01 -1.322090e+00
    endloop
  endfacet
  facet normal 0.000000e+00 1.000000e+00 0.000000e+00
    outer loop
      vertex   1.852119e-01 2.000000e+01 -1.322090e+00
      vertex   3.166719e-01 2.000000e+01 -1.573450e+00
      vertex   2.023098e-01 2.000000e+01 -1.592198e+00
    endloop
  endfacet
  facet normal 0.000000e+00 1.000000e+00 0.000000e+00
    outer loop
      vertex   1.852119e-01 2.000000e+01 -1.322090e+00
      vertex   2.023098e-01 2.000000e+01 -1.592198e+00
      vertex   7.958619e-02 2.000000e+01 -1.332626e+00
    endloop
  endfacet
  facet normal 0.000000e+00 1.000000e+00 0.000000e+00
    outer loop
      vertex   7.958619e-02 2.000000e+01 -1.332626e+00
      vertex   2.023098e-01 2.000000e+01 -1.592198e+00
      vertex   8.689295e-02 2.000000e+01 -1.602646e+00
    endloop
  endfacet
  facet normal 0.000000e+00 1.000000e+00 0.000000e+00
    outer loop
      vertex   7.958619e-02 2.000000e+01 -1.332626e+00
      vertex   8.689295e-02 2.000000e+01 -1.602646e+00
      vertex   -2.654272e-02 2.000000e+01 -1.334736e+00
    endloop
  endfacet
  facet normal 0.000000e+00 1.000000e+00 0.000000e+00
    outer loop
      vertex   -2.654272e-02 2.000000e+01 -1.334736e+00
      vertex   8.689295e-02 2.000000e+01 -1.602646e+00
      vertex   -2.897691e-02 2.000000e+01 -1.604738e+00
    endloop
  endfacet
  facet normal 0.000000e+00 1.000000e+00 0.000000e+00
    outer loop
      vertex   -2.654272e-02 2.000000e+01 -1.334736e+00
      vertex   -2.897691e-02 2.000000e+01 -1.604738e+00
      vertex   -1.446957e-01 2.000000e+01 -1.598464e+00
    endloop
  endfacet
  facet normal 0.000000e+00 1.000000e+00 0.000000e+00
    outer loop
      vertex   -2.654272e-02 2.000000e+01 -1.334736e+00
      vertex   -1.446957e-01 2.000000e+01 -1.598464e+00
      vertex   -1.325038e-01 2.000000e+01 -1.328408e+00
    endloop
  endfacet
  facet normal 0.000000e+00 1.000000e+00 0.000000e+00
    outer loop
      vertex   -1.325038e-01 2.000000e+01 -1.328408e+00
      vertex   -1.446957e-01 2.000000e+01 -1.598464e+00
      vertex   -2.596601e-01 2.000000e+01 -1.583857e+00
    endloop
  endfacet
  facet normal 0.000000e+00 1.000000e+00 0.000000e+00
    outer loop
      vertex   -1.325038e-01 2.000000e+01 -1.328408e+00
      vertex   -2.596601e-01 2.000000e+01 -1.583857e+00
      vertex   -2.376272e-01 2.000000e+01 -1.313681e+00
    endloop
  endfacet
  facet normal 0.000000e+00 1.000000e+00 0.000000e+00
    outer loop
      vertex   -2.376272e-01 2.000000e+01 -1.313681e+00
      vertex   -2.596601e-01 2.000000e+01 -1.583857e+00
      vertex   -3.732708e-01 2.000000e+01 -1.560991e+00
    endloop
  endfacet
  facet normal 0.000000e+00 1.000000e+00 0.000000e+00
    outer loop
      vertex   -2.376272e-01 2.000000e+01 -1.313681e+00
      vertex   -3.732708e-01 2.000000e+01 -1.560991e+00
      vertex   -3.412482e-01 2.000000e+01 -1.290649e+00
    endloop
  endfacet
  facet normal 0.000000e+00 1.000000e+00 0.000000e+00
    outer loop
      vertex   -3.412482e-01 2.000000e+01 -1.290649e+00
      vertex   -3.732708e-01 2.000000e+01 -1.560991e+00
      vertex   -4.849354e-01 2.000000e+01 -1.529988e+00
    endloop
  endfacet
  facet normal 0.000000e+00 1.000000e+00 0.000000e+00
    outer loop
      vertex   -3.412482e-01 2.000000e+01 -1.290649e+00
      vertex   -4.849354e-01 2.000000e+01 -1.529988e+00
      vertex   -4.427117e-01 2.000000e+01 -1.259457e+00
    endloop
  endfacet
  facet normal 0.000000e+00 1.000000e+00 0.000000e+00
    outer loop
      vertex   -4.427117e-01 2.000000e+01 -1.259457e+00
      vertex   -4.849354e-01 2.000000e+01 -1.529988e+00
      vertex   -5.940717e-01 2.000000e+01 -1.491008e+00
    endloop
  endfacet
  facet normal 0.000000e+00 1.000000e+00 0.000000e+00
    outer loop
      vertex   -4.427117e-01 2.000000e+01 -1.259457e+00
      vertex   -5.940717e-01 2.000000e+01 -1.491008e+00
      vertex   -5.413763e-01 2.000000e+01 -1.220302e+00
    endloop
  endfacet
  facet normal 0.000000e+00 1.000000e+00 0.000000e+00
    outer loop
      vertex   -5.413763e-01 2.000000e+01 -1.220302e+00
      vertex   -5.940717e-01 2.000000e+01 -1.491008e+00
      vertex   -7.001109e-01 2.000000e+01 -1.444254e+00
    endloop
  endfacet
  facet normal 0.000000e+00 1.000000e+00 0.000000e+00
    outer loop
      vertex   -5.413763e-01 2.000000e+01 -1.220302e+00
      vertex   -7.001109e-01 2.000000e+01 -1.444254e+00
      vertex   -6.366181e-01 2.000000e+01 -1.173432e+00
    endloop
  endfacet
  facet normal 0.000000e+00 1.000000e+00 0.000000e+00
    outer loop
      vertex   -6.366181e-01 2.000000e+01 -1.173432e+00
      vertex   -7.001109e-01 2.000000e+01 -1.444254e+00
      vertex   -8.025000e-01 2.000000e+01 -1.389971e+00
    endloop
  endfacet
  facet normal 0.000000e+00 1.000000e+00 0.000000e+00
    outer loop
      vertex   -6.366181e-01 2.000000e+01 -1.173432e+00
      vertex   -8.025000e-01 2.000000e+01 -1.389971e+00
      vertex   -7.278350e-01 2.000000e+01 -1.119143e+00
    endloop
  endfacet
  facet normal 0.000000e+00 1.000000e+00 0.000000e+00
    outer loop
      vertex   -7.278350e-01 2.000000e+01 -1.119143e+00
      vertex   -8.025000e-01 2.000000e+01 -1.389971e+00
      vertex   -9.007052e-01 2.000000e+01 -1.328441e+00
    endloop
  endfacet
  facet normal 0.000000e+00 1.000000e+00 0.000000e+00
    outer loop
      vertex   -7.278350e-01 2.000000e+01 -1.119143e+00
      vertex   -9.007052e-01 2.000000e+01 -1.328441e+00
      vertex   -8.144503e-01 2.000000e+01 -1.057779e+00
    endloop
  endfacet
  facet normal 0.000000e+00 1.000000e+00 0.000000e+00
    outer loop
      vertex   -8.144503e-01 2.000000e+01 -1.057779e+00
      vertex   -9.007052e-01 2.000000e+01 -1.328441e+00
      vertex   -9.942146e-01 2.000000e+01 -1.259985e+00
    endloop
  endfacet
  facet normal 0.000000e+00 1.000000e+00 0.000000e+00
    outer loop
      vertex   -8.144503e-01 2.000000e+01 -1.057779e+00
      vertex   -9.942146e-01 2.000000e+01 -1.259985e+00
      vertex   -8.959164e-01 2.000000e+01 -9.897266e-01
    endloop
  endfacet
  facet normal 0.000000e+00 1.000000e+00 0.000000e+00
    outer loop
      vertex   -8.959164e-01 2.000000e+01 -9.897266e-01
      vertex   -9.942146e-01 2.000000e+01 -1.259985e+00
      vertex   -1.082541e+00 2.000000e+01 -1.184960e+00
    endloop
  endfacet
  facet normal 0.000000e+00 1.000000e+00 0.000000e+00
    outer loop
      vertex   -8.959164e-01 2.000000e+01 -9.897266e-01
      vertex   -1.082541e+00 2.000000e+01 -1.184960e+00
      vertex   -9.717182e-01 2.000000e+01 -9.154172e-01
    endloop
  endfacet
  facet normal 0.000000e+00 1.000000e+00 0.000000e+00
    outer loop
      vertex   -9.717182e-01 2.000000e+01 -9.154172e-01
      vertex   -1.082541e+00 2.000000e+01 -1.184960e+00
      vertex   -1.165223e+00 2.000000e+01 -1.103758e+00
    endloop
  endfacet
  facet normal 0.000000e+00 1.000000e+00 0.000000e+00
    outer loop
      vertex   -9.717182e-01 2.000000e+01 -9.154172e-01
      vertex   -1.165223e+00 2.000000e+01 -1.103758e+00
      vertex   -1.241830e+00 2.000000e+01 -1.016801e+00
    endloop
  endfacet
  facet normal 0.000000e+00 1.000000e+00 0.000000e+00
    outer loop
      vertex   -9.717182e-01 2.000000e+01 -9.154172e-01
      vertex   -1.241830e+00 2.000000e+01 -1.016801e+00
      vertex   -1.041377e+00 2.000000e+01 -8.353203e-01
    endloop
  endfacet
  facet normal 0.000000e+00 1.000000e+00 0.000000e+00
    outer loop
      vertex   -1.041377e+00 2.000000e+01 -8.353203e-01
      vertex   -1.241830e+00 2.000000e+01 -1.016801e+00
      vertex   -1.311963e+00 2.000000e+01 -9.245423e-01
    endloop
  endfacet
  facet normal 0.000000e+00 1.000000e+00 0.000000e+00
    outer loop
      vertex   -1.041377e+00 2.000000e+01 -8.353203e-01
      vertex   -1.311963e+00 2.000000e+01 -9.245423e-01
      vertex   -1.104451e+00 2.000000e+01 -7.499422e-01
    endloop
  endfacet
  facet normal 0.000000e+00 1.000000e+00 0.000000e+00
    outer loop
      vertex   -1.104451e+00 2.000000e+01 -7.499422e-01
      vertex   -1.311963e+00 2.000000e+01 -9.245423e-01
      vertex   -1.375256e+00 2.000000e+01 -8.274639e-01
    endloop
  endfacet
  facet normal 0.000000e+00 1.000000e+00 0.000000e+00
    outer loop
      vertex   -1.104451e+00 2.000000e+01 -7.499422e-01
      vertex   -1.375256e+00 2.000000e+01 -8.274639e-01
      vertex   -1.160543e+00 2.000000e+01 -6.598227e-01
    endloop
  endfacet
  facet normal 0.000000e+00 1.000000e+00 0.000000e+00
    outer loop
      vertex   -1.160543e+00 2.000000e+01 -6.598227e-01
      vertex   -1.375256e+00 2.000000e+01 -8.274639e-01
      vertex   -1.431379e+00 2.000000e+01 -7.260716e-01
    endloop
  endfacet
  facet normal 0.000000e+00 1.000000e+00 0.000000e+00
    outer loop
      vertex   -1.160543e+00 2.000000e+01 -6.598227e-01
      vertex   -1.431379e+00 2.000000e+01 -7.260716e-01
      vertex   -1.209297e+00 2.000000e+01 -5.655316e-01
    endloop
  endfacet
  facet normal 0.000000e+00 1.000000e+00 0.000000e+00
    outer loop
      vertex   -1.209297e+00 2.000000e+01 -5.655316e-01
      vertex   -1.431379e+00 2.000000e+01 -7.260716e-01
      vertex   -1.480039e+00 2.000000e+01 -6.208938e-01
    endloop
  endfacet
  facet normal 0.000000e+00 1.000000e+00 0.000000e+00
    outer loop
      vertex   -1.209297e+00 2.000000e+01 -5.655316e-01
      vertex   -1.480039e+00 2.000000e+01 -6.208938e-01
      vertex   -1.250406e+00 2.000000e+01 -4.676650e-01
    endloop
  endfacet
  facet normal 0.000000e+00 1.000000e+00 0.000000e+00
    outer loop
      vertex   -1.250406e+00 2.000000e+01 -4.676650e-01
      vertex   -1.480039e+00 2.000000e+01 -6.208938e-01
      vertex   -1.520983e+00 2.000000e+01 -5.124790e-01
    endloop
  endfacet
  facet normal 0.000000e+00 1.000000e+00 0.000000e+00
    outer loop
      vertex   -1.250406e+00 2.000000e+01 -4.676650e-01
      vertex   -1.520983e+00 2.000000e+01 -5.124790e-01
      vertex   -1.283609e+00 2.000000e+01 -3.668417e-01
    endloop
  endfacet
  facet normal 0.000000e+00 1.000000e+00 0.000000e+00
    outer loop
      vertex   -1.283609e+00 2.000000e+01 -3.668417e-01
      vertex   -1.520983e+00 2.000000e+01 -5.124790e-01
      vertex   -1.553998e+00 2.000000e+01 -4.013923e-01
    endloop
  endfacet
  facet normal 0.000000e+00 1.000000e+00 0.000000e+00
    outer loop
      vertex   -1.283609e+00 2.000000e+01 -3.668417e-01
      vertex   -1.553998e+00 2.000000e+01 -4.013923e-01
      vertex   -1.308697e+00 2.000000e+01 -2.636991e-01
    endloop
  endfacet
  facet normal 0.000000e+00 1.000000e+00 0.000000e+00
    outer loop
      vertex   -1.308697e+00 2.000000e+01 -2.636991e-01
      vertex   -1.553998e+00 2.000000e+01 -4.013923e-01
      vertex   -1.578910e+00 2.000000e+01 -2.882130e-01
    endloop
  endfacet
  facet normal 0.000000e+00 1.000000e+00 0.000000e+00
    outer loop
      vertex   -1.308697e+00 2.000000e+01 -2.636991e-01
      vertex   -1.578910e+00 2.000000e+01 -2.882130e-01
      vertex   -1.325511e+00 2.000000e+01 -1.588893e-01
    endloop
  endfacet
  facet normal 0.000000e+00 1.000000e+00 0.000000e+00
    outer loop
      vertex   -1.325511e+00 2.000000e+01 -1.588893e-01
      vertex   -1.578910e+00 2.000000e+01 -2.882130e-01
      vertex   -1.595591e+00 2.000000e+01 -1.735310e-01
    endloop
  endfacet
  facet normal 0.000000e+00 1.000000e+00 0.000000e+00
    outer loop
      vertex   -1.325511e+00 2.000000e+01 -1.588893e-01
      vertex   -1.595591e+00 2.000000e+01 -1.735310e-01
      vertex   -1.333945e+00 2.000000e+01 -5.307495e-02
    endloop
  endfacet
  facet normal 0.000000e+00 1.000000e+00 0.000000e+00
    outer loop
      vertex   -1.333945e+00 2.000000e+01 -5.307495e-02
      vertex   -1.595591e+00 2.000000e+01 -1.735310e-01
      vertex   -1.603954e+00 2.000000e+01 -5.794437e-02
    endloop
  endfacet
  facet normal 0.000000e+00 1.000000e+00 0.000000e+00
    outer loop
      vertex   -1.333945e+00 2.000000e+01 -5.307495e-02
      vertex   -1.603954e+00 2.000000e+01 -5.794437e-02
      vertex   -1.603954e+00 2.000000e+01 5.794437e-02
    endloop
  endfacet
  facet normal 0.000000e+00 1.000000e+00 -0.000000e+00
    outer loop
      vertex   -1.333945e+00 2.000000e+01 -5.307495e-02
      vertex   -1.603954e+00 2.000000e+01 5.794437e-02
      vertex   -1.333945e+00 2.000000e+01 5.307495e-02
    endloop
  endfacet
  facet normal 0.000000e+00 1.000000e+00 0.000000e+00
    outer loop
      vertex   -1.333945e+00 2.000000e+01 5.307495e-02
      vertex   -1.603954e+00 2.000000e+01 5.794437e-02
      vertex   -1.595591e+00 2.000000e+01 1.735310e-01
    endloop
  endfacet
  facet normal 0.000000e+00 1.000000e+00 -0.000000e+00
    outer loop
      vertex   -1.333945e+00 2.000000e+01 5.307495e-02
      vertex   -1.595591e+00 2.000000e+01 1.735310e-01
      vertex   -1.325511e+00 2.000000e+01 1.588893e-01
    endloop
  endfacet
  facet normal 0.000000e+00 1.000000e+00 0.000000e+00
    outer loop
      vertex   -1.325511e+00 2.000000e+01 1.588893e-01
      vertex   -1.595591e+00 2.000000e+01 1.735310e-01
      vertex   -1.578910e+00 2.000000e+01 2.882130e-01
    endloop
  endfacet
  facet normal 0.000000e+00 1.000000e+00 -0.000000e+00
    outer loop
      vertex   -1.325511e+00 2.000000e+01 1.588893e-01
      vertex   -1.578910e+00 2.000000e+01 2.882130e-01
      vertex   -1.308697e+00 2.000000e+01 2.636991e-01
    endloop
  endfacet
  facet normal 0.000000e+00 1.000000e+00 0.000000e+00
    outer loop
      vertex   -1.308697e+00 2.000000e+01 2.636991e-01
      vertex   -1.578910e+00 2.000000e+01 2.882130e-01
      vertex   -1.553998e+00 2.000000e+01 4.013923e-01
    endloop
  endfacet
  facet normal 0.000000e+00 1.000000e+00 -0.000000e+00
    outer loop
      vertex   -1.308697e+00 2.000000e+01 2.636991e-01
      vertex   -1.553998e+00 2.000000e+01 4.013923e-01
      vertex   -1.283609e+00 2.000000e+01 3.668417e-01
    endloop
  endfacet
  facet normal 0.000000e+00 1.000000e+00 0.000000e+00
    outer loop
      vertex   -1.283609e+00 2.000000e+01 3.668417e-01
      vertex   -1.553998e+00 2.000000e+01 4.013923e-01
      vertex   -1.520983e+00 2.000000e+01 5.124790e-01
    endloop
  endfacet
  facet normal 0.000000e+00 1.000000e+00 -0.000000e+00
    outer loop
      vertex   -1.283609e+00 2.000000e+01 3.668417e-01
      vertex   -1.520983e+00 2.000000e+01 5.124790e-01
      vertex   -1.250406e+00 2.000000e+01 4.676650e-01
    endloop
  endfacet
  facet normal 0.000000e+00 1.000000e+00 0.000000e+00
    outer loop
      vertex   -1.250406e+00 2.000000e+01 4.676650e-01
      vertex   -1.520983e+00 2.000000e+01 5.124790e-01
      vertex   -1.480039e+00 2.000000e+01 6.208938e-01
    endloop
  endfacet
  facet normal 0.000000e+00 1.000000e+00 -0.000000e+00
    outer loop
      vertex   -1.250406e+00 2.000000e+01 4.676650e-01
      vertex   -1.480039e+00 2.000000e+01 6.208938e-01
      vertex   -1.209297e+00 2.000000e+01 5.655316e-01
    endloop
  endfacet
  facet normal 0.000000e+00 1.000000e+00 0.000000e+00
    outer loop
      vertex   -1.209297e+00 2.000000e+01 5.655316e-01
      vertex   -1.480039e+00 2.000000e+01 6.208938e-01
      vertex   -1.431379e+00 2.000000e+01 7.260716e-01
    endloop
  endfacet
  facet normal 0.000000e+00 1.000000e+00 -0.000000e+00
    outer loop
      vertex   -1.209297e+00 2.000000e+01 5.655316e-01
      vertex   -1.431379e+00 2.000000e+01 7.260716e-01
      vertex   -1.160543e+00 2.000000e+01 6.598227e-01
    endloop
  endfacet
  facet normal 0.000000e+00 1.000000e+00 0.000000e+00
    outer loop
      vertex   -1.160543e+00 2.000000e+01 6.598227e-01
      vertex   -1.431379e+00 2.000000e+01 7.260716e-01
      vertex   -1.375256e+00 2.000000e+01 8.274639e-01
    endloop
  endfacet
  facet normal 0.000000e+00 1.000000e+00 -0.000000e+00
    outer loop
      vertex   -1.160543e+00 2.000000e+01 6.598227e-01
      vertex   -1.375256e+00 2.000000e+01 8.274639e-01
      vertex   -1.104451e+00 2.000000e+01 7.499422e-01
    endloop
  endfacet
  facet normal 0.000000e+00 1.000000e+00 0.000000e+00
    outer loop
      vertex   -1.104451e+00 2.000000e+01 7.499422e-01
      vertex   -1.375256e+00 2.000000e+01 8.274639e-01
      vertex   -1.311963e+00 2.000000e+01 9.245423e-01
    endloop
  endfacet
  facet normal 0.000000e+00 1.000000e+00 -0.000000e+00
    outer loop
      vertex   -1.104451e+00 2.000000e+01 7.499422e-01
      vertex   -1.311963e+00 2.000000e+01 9.245423e-01
      vertex   -1.041377e+00 2.000000e+01 8.353203e-01
    endloop
  endfacet
  facet normal 0.000000e+00 1.000000e+00 0.000000e+00
    outer loop
      vertex   -1.041377e+00 2.000000e+01 8.353203e-01
      vertex   -1.311963e+00 2.000000e+01 9.245423e-01
      vertex   -1.241830e+00 2.000000e+01 1.016801e+00
    endloop
  endfacet
  facet normal 0.000000e+00 1.000000e+00 -0.000000e+00
    outer loop
      vertex   -1.041377e+00 2.000000e+01 8.353203e-01
      vertex   -1.241830e+00 2.000000e+01 1.016801e+00
      vertex   -9.717182e-01 2.000000e+01 9.154172e-01
    endloop
  endfacet
  facet normal 0.000000e+00 1.000000e+00 0.000000e+00
    outer loop
      vertex   -9.717182e-01 2.000000e+01 9.154172e-01
      vertex   -1.241830e+00 2.000000e+01 1.016801e+00
      vertex   -1.165223e+00 2.000000e+01 1.103758e+00
    endloop
  endfacet
  facet normal 0.000000e+00 1.000000e+00 0.000000e+00
    outer loop
      vertex   -9.717182e-01 2.000000e+01 9.154172e-01
      vertex   -1.165223e+00 2.000000e+01 1.103758e+00
      vertex   -1.082541e+00 2.000000e+01 1.184960e+00
    endloop
  endfacet
  facet normal 0.000000e+00 1.000000e+00 -0.000000e+00
    outer loop
      vertex   -9.717182e-01 2.000000e+01 9.154172e-01
      vertex   -1.082541e+00 2.000000e+01 1.184960e+00
      vertex   -8.959164e-01 2.000000e+01 9.897266e-01
    endloop
  endfacet
  facet normal 0.000000e+00 1.000000e+00 0.000000e+00
    outer loop
      vertex   -8.959164e-01 2.000000e+01 9.897266e-01
      vertex   -1.082541e+00 2.000000e+01 1.184960e+00
      vertex   -9.942146e-01 2.000000e+01 1.259985e+00
    endloop
  endfacet
  facet normal 0.000000e+00 1.000000e+00 -0.000000e+00
    outer loop
      vertex   -8.959164e-01 2.000000e+01 9.897266e-01
      vertex   -9.942146e-01 2.000000e+01 1.259985e+00
      vertex   -8.144503e-01 2.000000e+01 1.057779e+00
    endloop
  endfacet
  facet normal 0.000000e+00 1.000000e+00 0.000000e+00
    outer loop
      vertex   -8.144503e-01 2.000000e+01 1.057779e+00
      vertex   -9.942146e-01 2.000000e+01 1.259985e+00
      vertex   -9.007052e-01 2.000000e+01 1.328441e+00
    endloop
  endfacet
  facet normal 0.000000e+00 1.000000e+00 -0.000000e+00
    outer loop
      vertex   -8.144503e-01 2.000000e+01 1.057779e+00
      vertex   -9.007052e-01 2.000000e+01 1.328441e+00
      vertex   -7.278350e-01 2.000000e+01 1.119143e+00
    endloop
  endfacet
  facet normal 0.000000e+00 1.000000e+00 0.000000e+00
    outer loop
      vertex   -7.278350e-01 2.000000e+01 1.119143e+00
      vertex   -9.007052e-01 2.000000e+01 1.328441e+00
      vertex   -8.025000e-01 2.000000e+01 1.389971e+00
    endloop
  endfacet
  facet normal 0.000000e+00 1.000000e+00 -0.000000e+00
    outer loop
      vertex   -7.278350e-01 2.000000e+01 1.119143e+00
      vertex   -8.025000e-01 2.000000e+01 1.389971e+00
      vertex   -6.366181e-01 2.000000e+01 1.173432e+00
    endloop
  endfacet
  facet normal 0.000000e+00 1.000000e+00 0.000000e+00
    outer loop
      vertex   -6.366181e-01 2.000000e+01 1.173432e+00
      vertex   -8.025000e-01 2.000000e+01 1.389971e+00
      vertex   -7.001109e-01 2.000000e+01 1.444254e+00
    endloop
  endfacet
  facet normal 0.000000e+00 1.000000e+00 -0.000000e+00
    outer loop
      vertex   -6.366181e-01 2.000000e+01 1.173432e+00
      vertex   -7.001109e-01 2.000000e+01 1.444254e+00
      vertex   -5.413763e-01 2.000000e+01 1.220302e+00
    endloop
  endfacet
  facet normal 0.000000e+00 1.000000e+00 0.000000e+00
    outer loop
      vertex   -5.413763e-01 2.000000e+01 1.220302e+00
      vertex   -7.001109e-01 2.000000e+01 1.444254e+00
      vertex   -5.940717e-01 2.000000e+01 1.491008e+00
    endloop
  endfacet
  facet normal 0.000000e+00 1.000000e+00 -0.000000e+00
    outer loop
      vertex   -5.413763e-01 2.000000e+01 1.220302e+00
      vertex   -5.940717e-01 2.000000e+01 1.491008e+00
      vertex   -4.427117e-01 2.000000e+01 1.259457e+00
    endloop
  endfacet
  facet normal 0.000000e+00 1.000000e+00 0.000000e+00
    outer loop
      vertex   -4.427117e-01 2.000000e+01 1.259457e+00
      vertex   -5.940717e-01 2.000000e+01 1.491008e+00
      vertex   -4.849354e-01 2.000000e+01 1.529988e+00
    endloop
  endfacet
  facet normal 0.000000e+00 1.000000e+00 -0.000000e+00
    outer loop
      vertex   -4.427117e-01 2.000000e+01 1.259457e+00
      vertex   -4.849354e-01 2.000000e+01 1.529988e+00
      vertex   -3.412482e-01 2.000000e+01 1.290649e+00
    endloop
  endfacet
  facet normal 0.000000e+00 1.000000e+00 0.000000e+00
    outer loop
      vertex   -3.412482e-01 2.000000e+01 1.290649e+00
      vertex   -4.849354e-01 2.000000e+01 1.529988e+00
      vertex   -3.732708e-01 2.000000e+01 1.560991e+00
    endloop
  endfacet
  facet normal 0.000000e+00 1.000000e+00 -0.000000e+00
    outer loop
      vertex   -3.412482e-01 2.000000e+01 1.290649e+00
      vertex   -3.732708e-01 2.000000e+01 1.560991e+00
      vertex   -2.376272e-01 2.000000e+01 1.313681e+00
    endloop
  endfacet
  facet normal 0.000000e+00 1.000000e+00 0.000000e+00
    outer loop
      vertex   -2.376272e-01 2.000000e+01 1.313681e+00
      vertex   -3.732708e-01 2.000000e+01 1.560991e+00
      vertex   -2.596601e-01 2.000000e+01 1.583857e+00
    endloop
  endfacet
  facet normal 0.000000e+00 1.000000e+00 -0.000000e+00
    outer loop
      vertex   -2.376272e-01 2.000000e+01 1.313681e+00
      vertex   -2.596601e-01 2.000000e+01 1.583857e+00
      vertex   -1.325038e-01 2.000000e+01 1.328408e+00
    endloop
  endfacet
  facet normal 0.000000e+00 1.000000e+00 0.000000e+00
    outer loop
      vertex   -1.325038e-01 2.000000e+01 1.328408e+00
      vertex   -2.596601e-01 2.000000e+01 1.583857e+00
      vertex   -1.446957e-01 2.000000e+01 1.598464e+00
    endloop
  endfacet
  facet normal 0.000000e+00 1.000000e+00 -0.000000e+00
    outer loop
      vertex   -1.325038e-01 2.000000e+01 1.328408e+00
      vertex   -1.446957e-01 2.000000e+01 1.598464e+00
      vertex   -2.654272e-02 2.000000e+01 1.334736e+00
    endloop
  endfacet
  facet normal 0.000000e+00 1.000000e+00 0.000000e+00
    outer loop
      vertex   -2.654272e-02 2.000000e+01 1.334736e+00
      vertex   -1.446957e-01 2.000000e+01 1.598464e+00
      vertex   -2.897691e-02 2.000000e+01 1.604738e+00
    endloop
  endfacet
  facet normal 0.000000e+00 1.000000e+00 -0.000000e+00
    outer loop
      vertex   -2.654272e-02 2.000000e+01 1.334736e+00
      vertex   -2.897691e-02 2.000000e+01 1.604738e+00
      vertex   8.689295e-02 2.000000e+01 1.602646e+00
    endloop
  endfacet
  facet normal -0.000000e+00 1.000000e+00 0.000000e+00
    outer loop
      vertex   -2.654272e-02 2.000000e+01 1.334736e+00
      vertex   8.689295e-02 2.000000e+01 1.602646e+00
      vertex   7.958619e-02 2.000000e+01 1.332626e+00
    endloop
  endfacet
  facet normal 0.000000e+00 1.000000e+00 0.000000e+00
    outer loop
      vertex   7.958619e-02 2.000000e+01 1.332626e+00
      vertex   8.689295e-02 2.000000e+01 1.602646e+00
      vertex   2.023098e-01 2.000000e+01 1.592198e+00
    endloop
  endfacet
  facet normal -0.000000e+00 1.000000e+00 0.000000e+00
    outer loop
      vertex   7.958619e-02 2.000000e+01 1.332626e+00
      vertex   2.023098e-01 2.000000e+01 1.592198e+00
      vertex   1.852119e-01 2.000000e+01 1.322090e+00
    endloop
  endfacet
  facet normal 0.000000e+00 1.000000e+00 0.000000e+00
    outer loop
      vertex   1.852119e-01 2.000000e+01 1.322090e+00
      vertex   2.023098e-01 2.000000e+01 1.592198e+00
      vertex   3.166719e-01 2.000000e+01 1.573450e+00
    endloop
  endfacet
  facet normal -0.000000e+00 1.000000e+00 0.000000e+00
    outer loop
      vertex   1.852119e-01 2.000000e+01 1.322090e+00
      vertex   3.166719e-01 2.000000e+01 1.573450e+00
      vertex   2.896667e-01 2.000000e+01 1.303195e+00
    endloop
  endfacet
  facet normal 0.000000e+00 1.000000e+00 0.000000e+00
    outer loop
      vertex   2.896667e-01 2.000000e+01 1.303195e+00
      vertex   3.166719e-01 2.000000e+01 1.573450e+00
      vertex   4.293830e-01 2.000000e+01 1.546498e+00
    endloop
  endfacet
  facet normal -0.000000e+00 1.000000e+00 0.000000e+00
    outer loop
      vertex   2.896667e-01 2.000000e+01 1.303195e+00
      vertex   4.293830e-01 2.000000e+01 1.546498e+00
      vertex   3.922901e-01 2.000000e+01 1.276062e+00
    endloop
  endfacet
  facet normal 0.000000e+00 1.000000e+00 0.000000e+00
    outer loop
      vertex   3.922901e-01 2.000000e+01 1.276062e+00
      vertex   4.293830e-01 2.000000e+01 1.546498e+00
      vertex   5.398555e-01 2.000000e+01 1.511483e+00
    endloop
  endfacet
  facet normal -0.000000e+00 1.000000e+00 0.000000e+00
    outer loop
      vertex   3.922901e-01 2.000000e+01 1.276062e+00
      vertex   5.398555e-01 2.000000e+01 1.511483e+00
      vertex   4.924333e-01 2.000000e+01 1.240860e+00
    endloop
  endfacet
  facet normal 0.000000e+00 1.000000e+00 0.000000e+00
    outer loop
      vertex   4.924333e-01 2.000000e+01 1.240860e+00
      vertex   5.398555e-01 2.000000e+01 1.511483e+00
      vertex   6.475134e-01 2.000000e+01 1.468588e+00
    endloop
  endfacet
  facet normal -0.000000e+00 1.000000e+00 0.000000e+00
    outer loop
      vertex   4.924333e-01 2.000000e+01 1.240860e+00
      vertex   6.475134e-01 2.000000e+01 1.468588e+00
      vertex   5.894632e-01 2.000000e+01 1.197814e+00
    endloop
  endfacet
  facet normal 0.000000e+00 1.000000e+00 0.000000e+00
    outer loop
      vertex   5.894632e-01 2.000000e+01 1.197814e+00
      vertex   6.475134e-01 2.000000e+01 1.468588e+00
      vertex   7.517955e-01 2.000000e+01 1.418037e+00
    endloop
  endfacet
  facet normal -0.000000e+00 1.000000e+00 0.000000e+00
    outer loop
      vertex   5.894632e-01 2.000000e+01 1.197814e+00
      vertex   7.517955e-01 2.000000e+01 1.418037e+00
      vertex   6.827664e-01 2.000000e+01 1.147194e+00
    endloop
  endfacet
  facet normal 0.000000e+00 1.000000e+00 0.000000e+00
    outer loop
      vertex   6.827664e-01 2.000000e+01 1.147194e+00
      vertex   7.517955e-01 2.000000e+01 1.418037e+00
      vertex   8.521581e-01 2.000000e+01 1.360092e+00
    endloop
  endfacet
  facet normal -0.000000e+00 1.000000e+00 0.000000e+00
    outer loop
      vertex   6.827664e-01 2.000000e+01 1.147194e+00
      vertex   8.521581e-01 2.000000e+01 1.360092e+00
      vertex   7.717528e-01 2.000000e+01 1.089322e+00
    endloop
  endfacet
  facet normal 0.000000e+00 1.000000e+00 0.000000e+00
    outer loop
      vertex   7.717528e-01 2.000000e+01 1.089322e+00
      vertex   8.521581e-01 2.000000e+01 1.360092e+00
      vertex   9.480780e-01 2.000000e+01 1.295057e+00
    endloop
  endfacet
  facet normal -0.000000e+00 1.000000e+00 0.000000e+00
    outer loop
      vertex   7.717528e-01 2.000000e+01 1.089322e+00
      vertex   9.480780e-01 2.000000e+01 1.295057e+00
      vertex   8.558600e-01 2.000000e+01 1.024563e+00
    endloop
  endfacet
  facet normal 0.000000e+00 1.000000e+00 0.000000e+00
    outer loop
      vertex   8.558600e-01 2.000000e+01 1.024563e+00
      vertex   9.480780e-01 2.000000e+01 1.295057e+00
      vertex   1.039055e+00 2.000000e+01 1.223270e+00
    endloop
  endfacet
  facet normal -0.000000e+00 1.000000e+00 0.000000e+00
    outer loop
      vertex   8.558600e-01 2.000000e+01 1.024563e+00
      vertex   1.039055e+00 2.000000e+01 1.223270e+00
      vertex   9.345562e-01 2.000000e+01 9.533256e-01
    endloop
  endfacet
  facet normal 0.000000e+00 1.000000e+00 0.000000e+00
    outer loop
      vertex   9.345562e-01 2.000000e+01 9.533256e-01
      vertex   1.039055e+00 2.000000e+01 1.223270e+00
      vertex   1.124615e+00 2.000000e+01 1.145105e+00
    endloop
  endfacet
  facet normal 0.000000e+00 1.000000e+00 0.000000e+00
    outer loop
      vertex   9.345562e-01 2.000000e+01 9.533256e-01
      vertex   1.124615e+00 2.000000e+01 1.145105e+00
      vertex   1.204311e+00 2.000000e+01 1.060971e+00
    endloop
  endfacet
  facet normal -0.000000e+00 1.000000e+00 0.000000e+00
    outer loop
      vertex   9.345562e-01 2.000000e+01 9.533256e-01
      vertex   1.204311e+00 2.000000e+01 1.060971e+00
      vertex   1.007344e+00 2.000000e+01 8.760614e-01
    endloop
  endfacet
  facet normal 0.000000e+00 1.000000e+00 0.000000e+00
    outer loop
      vertex   1.007344e+00 2.000000e+01 8.760614e-01
      vertex   1.204311e+00 2.000000e+01 1.060971e+00
      vertex   1.277729e+00 2.000000e+01 9.713046e-01
    endloop
  endfacet
  facet normal -0.000000e+00 1.000000e+00 0.000000e+00
    outer loop
      vertex   1.007344e+00 2.000000e+01 8.760614e-01
      vertex   1.277729e+00 2.000000e+01 9.713046e-01
      vertex   1.073763e+00 2.000000e+01 7.932584e-01
    endloop
  endfacet
  facet normal 0.000000e+00 1.000000e+00 0.000000e+00
    outer loop
      vertex   1.073763e+00 2.000000e+01 7.932584e-01
      vertex   1.277729e+00 2.000000e+01 9.713046e-01
      vertex   1.344486e+00 2.000000e+01 8.765746e-01
    endloop
  endfacet
  facet normal -0.000000e+00 1.000000e+00 0.000000e+00
    outer loop
      vertex   1.073763e+00 2.000000e+01 7.932584e-01
      vertex   1.344486e+00 2.000000e+01 8.765746e-01
      vertex   1.133393e+00 2.000000e+01 7.054401e-01
    endloop
  endfacet
  facet normal 0.000000e+00 1.000000e+00 0.000000e+00
    outer loop
      vertex   1.133393e+00 2.000000e+01 7.054401e-01
      vertex   1.344486e+00 2.000000e+01 8.765746e-01
      vertex   1.404233e+00 2.000000e+01 7.772745e-01
    endloop
  endfacet
  facet normal -0.000000e+00 1.000000e+00 0.000000e+00
    outer loop
      vertex   1.133393e+00 2.000000e+01 7.054401e-01
      vertex   1.404233e+00 2.000000e+01 7.772745e-01
      vertex   1.185857e+00 2.000000e+01 6.131619e-01
    endloop
  endfacet
  facet normal 0.000000e+00 1.000000e+00 0.000000e+00
    outer loop
      vertex   1.185857e+00 2.000000e+01 6.131619e-01
      vertex   1.404233e+00 2.000000e+01 7.772745e-01
      vertex   1.456659e+00 2.000000e+01 6.739220e-01
    endloop
  endfacet
  facet normal -0.000000e+00 1.000000e+00 0.000000e+00
    outer loop
      vertex   1.185857e+00 2.000000e+01 6.131619e-01
      vertex   1.456659e+00 2.000000e+01 6.739220e-01
      vertex   1.230824e+00 2.000000e+01 5.170070e-01
    endloop
  endfacet
  facet normal 0.000000e+00 1.000000e+00 0.000000e+00
    outer loop
      vertex   1.230824e+00 2.000000e+01 5.170070e-01
      vertex   1.456659e+00 2.000000e+01 6.739220e-01
      vertex   1.501490e+00 2.000000e+01 5.670560e-01
    endloop
  endfacet
  facet normal -0.000000e+00 1.000000e+00 0.000000e+00
    outer loop
      vertex   1.230824e+00 2.000000e+01 5.170070e-01
      vertex   1.501490e+00 2.000000e+01 5.670560e-01
      vertex   1.268010e+00 2.000000e+01 4.175835e-01
    endloop
  endfacet
  facet normal 0.000000e+00 1.000000e+00 0.000000e+00
    outer loop
      vertex   1.268010e+00 2.000000e+01 4.175835e-01
      vertex   1.501490e+00 2.000000e+01 5.670560e-01
      vertex   1.538494e+00 2.000000e+01 4.572337e-01
    endloop
  endfacet
  facet normal -0.000000e+00 1.000000e+00 0.000000e+00
    outer loop
      vertex   1.268010e+00 2.000000e+01 4.175835e-01
      vertex   1.538494e+00 2.000000e+01 4.572337e-01
      vertex   1.297179e+00 2.000000e+01 3.155198e-01
    endloop
  endfacet
  facet normal 0.000000e+00 1.000000e+00 0.000000e+00
    outer loop
      vertex   1.297179e+00 2.000000e+01 3.155198e-01
      vertex   1.538494e+00 2.000000e+01 4.572337e-01
      vertex   1.567476e+00 2.000000e+01 3.450276e-01
    endloop
  endfacet
  facet normal -0.000000e+00 1.000000e+00 0.000000e+00
    outer loop
      vertex   1.297179e+00 2.000000e+01 3.155198e-01
      vertex   1.567476e+00 2.000000e+01 3.450276e-01
      vertex   1.318146e+00 2.000000e+01 2.114614e-01
    endloop
  endfacet
  facet normal 0.000000e+00 1.000000e+00 0.000000e+00
    outer loop
      vertex   1.318146e+00 2.000000e+01 2.114614e-01
      vertex   1.567476e+00 2.000000e+01 3.450276e-01
      vertex   1.588286e+00 2.000000e+01 2.310226e-01
    endloop
  endfacet
  facet normal -0.000000e+00 1.000000e+00 0.000000e+00
    outer loop
      vertex   1.318146e+00 2.000000e+01 2.114614e-01
      vertex   1.588286e+00 2.000000e+01 2.310226e-01
      vertex   1.330780e+00 2.000000e+01 1.060660e-01
    endloop
  endfacet
  facet normal 0.000000e+00 1.000000e+00 0.000000e+00
    outer loop
      vertex   1.330780e+00 2.000000e+01 1.060660e-01
      vertex   1.588286e+00 2.000000e+01 2.310226e-01
      vertex   1.600816e+00 2.000000e+01 1.158132e-01
    endloop
  endfacet
  facet normal -0.000000e+00 1.000000e+00 0.000000e+00
    outer loop
      vertex   1.330780e+00 2.000000e+01 1.060660e-01
      vertex   1.600816e+00 2.000000e+01 1.158132e-01
      vertex   1.335000e+00 2.000000e+01 -1.634903e-16
    endloop
  endfacet
  facet normal -9.988673e-01 -1.535523e-15 -4.758192e-02
    outer loop
      vertex   9.307662e-01 1.400000e+01 8.887740e-02
      vertex   9.307662e-01 1.566667e+01 8.887740e-02
      vertex   9.350000e-01 1.400000e+01 0.000000e+00
    endloop
  endfacet
  facet normal -9.988673e-01 -1.529283e-15 -4.758192e-02
    outer loop
      vertex   9.350000e-01 1.400000e+01 0.000000e+00
      vertex   9.307662e-01 1.566667e+01 8.887740e-02
      vertex   9.350000e-01 1.566667e+01 3.816816e-17
    endloop
  endfacet
  facet normal -9.988673e-01 -1.531462e-15 4.758192e-02
    outer loop
      vertex   9.350000e-01 1.400000e+01 0.000000e+00
      vertex   9.350000e-01 1.566667e+01 3.816816e-17
      vertex   9.307662e-01 1.400000e+01 -8.887740e-02
    endloop
  endfacet
  facet normal -9.988673e-01 -1.471758e-15 4.758192e-02
    outer loop
      vertex   9.307662e-01 1.400000e+01 -8.887740e-02
      vertex   9.350000e-01 1.566667e+01 3.816816e-17
      vertex   9.307662e-01 1.566667e+01 -8.887740e-02
    endloop
  endfacet
  facet normal -9.898214e-01 -1.474278e-15 1.423148e-01
    outer loop
      vertex   9.307662e-01 1.400000e+01 -8.887740e-02
      vertex   9.307662e-01 1.566667e+01 -8.887740e-02
      vertex   9.181033e-01 1.400000e+01 -1.769499e-01
    endloop
  endfacet
  facet normal -9.898214e-01 -1.427303e-15 1.423148e-01
    outer loop
      vertex   9.181033e-01 1.400000e+01 -1.769499e-01
      vertex   9.307662e-01 1.566667e+01 -8.887740e-02
      vertex   9.181033e-01 1.566667e+01 -1.769499e-01
    endloop
  endfacet
  facet normal -9.718116e-01 -1.430120e-15 2.357589e-01
    outer loop
      vertex   9.181033e-01 1.400000e+01 -1.769499e-01
      vertex   9.181033e-01 1.566667e+01 -1.769499e-01
      vertex   8.971259e-01 1.400000e+01 -2.634199e-01
    endloop
  endfacet
  facet normal -9.718116e-01 -1.469382e-15 2.357589e-01
    outer loop
      vertex   8.971259e-01 1.400000e+01 -2.634199e-01
      vertex   9.181033e-01 1.566667e+01 -1.769499e-01
      vertex   8.971259e-01 1.566667e+01 -2.634199e-01
    endloop
  endfacet
  facet normal -9.450008e-01 -1.474453e-15 3.270680e-01
    outer loop
      vertex   8.971259e-01 1.400000e+01 -2.634199e-01
      vertex   8.971259e-01 1.566667e+01 -2.634199e-01
      vertex   8.680240e-01 1.400000e+01 -3.475044e-01
    endloop
  endfacet
  facet normal -9.450008e-01 -1.455078e-15 3.270680e-01
    outer loop
      vertex   8.680240e-01 1.400000e+01 -3.475044e-01
      vertex   8.971259e-01 1.566667e+01 -2.634199e-01
      vertex   8.680240e-01 1.566667e+01 -3.475044e-01
    endloop
  endfacet
  facet normal -9.096320e-01 -1.460923e-15 4.154150e-01
    outer loop
      vertex   8.680240e-01 1.400000e+01 -3.475044e-01
      vertex   8.680240e-01 1.566667e+01 -3.475044e-01
      vertex   8.310611e-01 1.400000e+01 -4.284418e-01
    endloop
  endfacet
  facet normal -9.096320e-01 -1.502431e-15 4.154150e-01
    outer loop
      vertex   8.310611e-01 1.400000e+01 -4.284418e-01
      vertex   8.680240e-01 1.566667e+01 -3.475044e-01
      vertex   8.310611e-01 1.566667e+01 -4.284418e-01
    endloop
  endfacet
  facet normal -8.660254e-01 -1.503498e-15 5.000000e-01
    outer loop
      vertex   8.310611e-01 1.400000e+01 -4.284418e-01
      vertex   8.310611e-01 1.566667e+01 -4.284418e-01
      vertex   7.865721e-01 1.400000e+01 -5.054992e-01
    endloop
  endfacet
  facet normal -8.660254e-01 -1.413698e-15 5.000000e-01
    outer loop
      vertex   7.865721e-01 1.400000e+01 -5.054992e-01
      vertex   8.310611e-01 1.566667e+01 -4.284418e-01
      vertex   7.865721e-01 1.566667e+01 -5.054992e-01
    endloop
  endfacet
  facet normal -8.145760e-01 -1.424762e-15 5.800569e-01
    outer loop
      vertex   7.865721e-01 1.400000e+01 -5.054992e-01
      vertex   7.865721e-01 1.566667e+01 -5.054992e-01
      vertex   7.349596e-01 1.400000e+01 -5.779787e-01
    endloop
  endfacet
  facet normal -8.145760e-01 -1.517664e-15 5.800569e-01
    outer loop
      vertex   7.349596e-01 1.400000e+01 -5.779787e-01
      vertex   7.865721e-01 1.566667e+01 -5.054992e-01
      vertex   7.349596e-01 1.566667e+01 -5.779787e-01
    endloop
  endfacet
  facet normal -7.557496e-01 -1.516889e-15 6.548607e-01
    outer loop
      vertex   7.349596e-01 1.400000e+01 -5.779787e-01
      vertex   7.349596e-01 1.566667e+01 -5.779787e-01
      vertex   6.766913e-01 1.400000e+01 -6.452239e-01
    endloop
  endfacet
  facet normal -7.557496e-01 -1.409483e-15 6.548607e-01
    outer loop
      vertex   6.766913e-01 1.400000e+01 -6.452239e-01
      vertex   7.349596e-01 1.566667e+01 -5.779787e-01
      vertex   6.766913e-01 1.566667e+01 -6.452239e-01
    endloop
  endfacet
  facet normal -6.900790e-01 -1.412683e-15 7.237340e-01
    outer loop
      vertex   6.766913e-01 1.400000e+01 -6.452239e-01
      vertex   6.766913e-01 1.566667e+01 -6.452239e-01
      vertex   6.122948e-01 1.400000e+01 -7.066259e-01
    endloop
  endfacet
  facet normal -6.900790e-01 -1.465377e-15 7.237340e-01
    outer loop
      vertex   6.122948e-01 1.400000e+01 -7.066259e-01
      vertex   6.766913e-01 1.566667e+01 -6.452239e-01
      vertex   6.122948e-01 1.566667e+01 -7.066259e-01
    endloop
  endfacet
  facet normal -6.181590e-01 -1.477819e-15 7.860531e-01
    outer loop
      vertex   6.122948e-01 1.400000e+01 -7.066259e-01
      vertex   6.122948e-01 1.566667e+01 -7.066259e-01
      vertex   5.423532e-01 1.400000e+01 -7.616285e-01
    endloop
  endfacet
  facet normal -6.181590e-01 -1.530181e-15 7.860531e-01
    outer loop
      vertex   5.423532e-01 1.400000e+01 -7.616285e-01
      vertex   6.122948e-01 1.566667e+01 -7.066259e-01
      vertex   5.423532e-01 1.566667e+01 -7.616285e-01
    endloop
  endfacet
  facet normal -5.406408e-01 -1.532917e-15 8.412535e-01
    outer loop
      vertex   5.423532e-01 1.400000e+01 -7.616285e-01
      vertex   5.423532e-01 1.566667e+01 -7.616285e-01
      vertex   4.675000e-01 1.400000e+01 -8.097338e-01
    endloop
  endfacet
  facet normal -5.406408e-01 -1.498921e-15 8.412535e-01
    outer loop
      vertex   4.675000e-01 1.400000e+01 -8.097338e-01
      vertex   5.423532e-01 1.566667e+01 -7.616285e-01
      vertex   4.675000e-01 1.566667e+01 -8.097338e-01
    endloop
  endfacet
  facet normal -4.582265e-01 -1.504669e-15 8.888354e-01
    outer loop
      vertex   4.675000e-01 1.400000e+01 -8.097338e-01
      vertex   4.675000e-01 1.566667e+01 -8.097338e-01
      vertex   3.884130e-01 1.400000e+01 -8.505059e-01
    endloop
  endfacet
  facet normal -4.582265e-01 -1.592562e-15 8.888354e-01
    outer loop
      vertex   3.884130e-01 1.400000e+01 -8.505059e-01
      vertex   4.675000e-01 1.566667e+01 -8.097338e-01
      vertex   3.884130e-01 1.566667e+01 -8.505059e-01
    endloop
  endfacet
  facet normal -3.716625e-01 -1.595716e-15 9.283679e-01
    outer loop
      vertex   3.884130e-01 1.400000e+01 -8.505059e-01
      vertex   3.884130e-01 1.566667e+01 -8.505059e-01
      vertex   3.058085e-01 1.400000e+01 -8.835758e-01
    endloop
  endfacet
  facet normal -3.716625e-01 -1.608042e-15 9.283679e-01
    outer loop
      vertex   3.058085e-01 1.400000e+01 -8.835758e-01
      vertex   3.884130e-01 1.566667e+01 -8.505059e-01
      vertex   3.058085e-01 1.566667e+01 -8.835758e-01
    endloop
  endfacet
  facet normal -2.817326e-01 -1.610800e-15 9.594930e-01
    outer loop
      vertex   3.058085e-01 1.400000e+01 -8.835758e-01
      vertex   3.058085e-01 1.566667e+01 -8.835758e-01
      vertex   2.204346e-01 1.400000e+01 -9.086438e-01
    endloop
  endfacet
  facet normal -2.817326e-01 -1.568574e-15 9.594930e-01
    outer loop
      vertex   2.204346e-01 1.400000e+01 -9.086438e-01
      vertex   3.058085e-01 1.566667e+01 -8.835758e-01
      vertex   2.204346e-01 1.566667e+01 -9.086438e-01
    endloop
  endfacet
  facet normal -1.892512e-01 -1.570606e-15 9.819287e-01
    outer loop
      vertex   2.204346e-01 1.400000e+01 -9.086438e-01
      vertex   2.204346e-01 1.566667e+01 -9.086438e-01
      vertex   1.330644e-01 1.400000e+01 -9.254830e-01
    endloop
  endfacet
  facet normal -1.892512e-01 -1.411421e-15 9.819287e-01
    outer loop
      vertex   1.330644e-01 1.400000e+01 -9.254830e-01
      vertex   2.204346e-01 1.566667e+01 -9.086438e-01
      vertex   1.330644e-01 1.566667e+01 -9.254830e-01
    endloop
  endfacet
  facet normal -9.505604e-02 -1.411543e-15 9.954719e-01
    outer loop
      vertex   1.330644e-01 1.400000e+01 -9.254830e-01
      vertex   1.330644e-01 1.566667e+01 -9.254830e-01
      vertex   4.448909e-02 1.400000e+01 -9.339410e-01
    endloop
  endfacet
  facet normal -9.505604e-02 -1.531107e-15 9.954719e-01
    outer loop
      vertex   4.448909e-02 1.400000e+01 -9.339410e-01
      vertex   1.330644e-01 1.566667e+01 -9.254830e-01
      vertex   4.448909e-02 1.566667e+01 -9.339410e-01
    endloop
  endfacet
  facet normal 0.000000e+00 -1.532108e-15 1.000000e+00
    outer loop
      vertex   4.448909e-02 1.400000e+01 -9.339410e-01
      vertex   4.448909e-02 1.566667e+01 -9.339410e-01
      vertex   -4.448909e-02 1.400000e+01 -9.339410e-01
    endloop
  endfacet
  facet normal 0.000000e+00 -1.532108e-15 1.000000e+00
    outer loop
      vertex   -4.448909e-02 1.400000e+01 -9.339410e-01
      vertex   4.448909e-02 1.566667e+01 -9.339410e-01
      vertex   -4.448909e-02 1.566667e+01 -9.339410e-01
    endloop
  endfacet
  facet normal 9.505604e-02 -1.533085e-15 9.954719e-01
    outer loop
      vertex   -4.448909e-02 1.400000e+01 -9.339410e-01
      vertex   -4.448909e-02 1.566667e+01 -9.339410e-01
      vertex   -1.330644e-01 1.400000e+01 -9.254830e-01
    endloop
  endfacet
  facet normal 9.505604e-02 -1.547332e-15 9.954719e-01
    outer loop
      vertex   -1.330644e-01 1.400000e+01 -9.254830e-01
      vertex   -4.448909e-02 1.566667e+01 -9.339410e-01
      vertex   -1.330644e-01 1.566667e+01 -9.254830e-01
    endloop
  endfacet
  facet normal 1.892512e-01 -1.548544e-15 9.819287e-01
    outer loop
      vertex   -1.330644e-01 1.400000e+01 -9.254830e-01
      vertex   -1.330644e-01 1.566667e+01 -9.254830e-01
      vertex   -2.204346e-01 1.400000e+01 -9.086438e-01
    endloop
  endfacet
  facet normal 1.892512e-01 -1.439786e-15 9.819287e-01
    outer loop
      vertex   -2.204346e-01 1.400000e+01 -9.086438e-01
      vertex   -1.330644e-01 1.566667e+01 -9.254830e-01
      vertex   -2.204346e-01 1.566667e+01 -9.086438e-01
    endloop
  endfacet
  facet normal 2.817326e-01 -1.440744e-15 9.594930e-01
    outer loop
      vertex   -2.204346e-01 1.400000e+01 -9.086438e-01
      vertex   -2.204346e-01 1.566667e+01 -9.086438e-01
      vertex   -3.058085e-01 1.400000e+01 -8.835758e-01
    endloop
  endfacet
  facet normal 2.817326e-01 -1.409672e-15 9.594930e-01
    outer loop
      vertex   -3.058085e-01 1.400000e+01 -8.835758e-01
      vertex   -2.204346e-01 1.566667e+01 -9.086438e-01
      vertex   -3.058085e-01 1.566667e+01 -8.835758e-01
    endloop
  endfacet
  facet normal 3.716625e-01 -1.410138e-15 9.283679e-01
    outer loop
      vertex   -3.058085e-01 1.400000e+01 -8.835758e-01
      vertex   -3.058085e-01 1.566667e+01 -8.835758e-01
      vertex   -3.884130e-01 1.400000e+01 -8.505059e-01
    endloop
  endfacet
  facet normal 3.716625e-01 -1.472033e-15 9.283679e-01
    outer loop
      vertex   -3.884130e-01 1.400000e+01 -8.505059e-01
      vertex   -3.058085e-01 1.566667e+01 -8.835758e-01
      vertex   -3.884130e-01 1.566667e+01 -8.505059e-01
    endloop
  endfacet
  facet normal 4.582265e-01 -1.474145e-15 8.888354e-01
    outer loop
      vertex   -3.884130e-01 1.400000e+01 -8.505059e-01
      vertex   -3.884130e-01 1.566667e+01 -8.505059e-01
      vertex   -4.675000e-01 1.400000e+01 -8.097338e-01
    endloop
  endfacet
  facet normal 4.582265e-01 -1.504669e-15 8.888354e-01
    outer loop
      vertex   -4.675000e-01 1.400000e+01 -8.097338e-01
      vertex   -3.884130e-01 1.566667e+01 -8.505059e-01
      vertex   -4.675000e-01 1.566667e+01 -8.097338e-01
    endloop
  endfacet
  facet normal 5.406408e-01 -1.498921e-15 8.412535e-01
    outer loop
      vertex   -4.675000e-01 1.400000e+01 -8.097338e-01
      vertex   -4.675000e-01 1.566667e+01 -8.097338e-01
      vertex   -5.423532e-01 1.400000e+01 -7.616285e-01
    endloop
  endfacet
  facet normal 5.406408e-01 -1.440864e-15 8.412535e-01
    outer loop
      vertex   -5.423532e-01 1.400000e+01 -7.616285e-01
      vertex   -4.675000e-01 1.566667e+01 -8.097338e-01
      vertex   -5.423532e-01 1.566667e+01 -7.616285e-01
    endloop
  endfacet
  facet normal 6.181590e-01 -1.436642e-15 7.860531e-01
    outer loop
      vertex   -5.423532e-01 1.400000e+01 -7.616285e-01
      vertex   -5.423532e-01 1.566667e+01 -7.616285e-01
      vertex   -6.122948e-01 1.400000e+01 -7.066259e-01
    endloop
  endfacet
  facet normal 6.181590e-01 -1.518997e-15 7.860531e-01
    outer loop
      vertex   -6.122948e-01 1.400000e+01 -7.066259e-01
      vertex   -5.423532e-01 1.566667e+01 -7.616285e-01
      vertex   -6.122948e-01 1.566667e+01 -7.066259e-01
    endloop
  endfacet
  facet normal 6.900790e-01 -1.511346e-15 7.237340e-01
    outer loop
      vertex   -6.122948e-01 1.400000e+01 -7.066259e-01
      vertex   -6.122948e-01 1.566667e+01 -7.066259e-01
      vertex   -6.766913e-01 1.400000e+01 -6.452239e-01
    endloop
  endfacet
  facet normal 6.900790e-01 -1.550589e-15 7.237340e-01
    outer loop
      vertex   -6.766913e-01 1.400000e+01 -6.452239e-01
      vertex   -6.122948e-01 1.566667e+01 -7.066259e-01
      vertex   -6.766913e-01 1.566667e+01 -6.452239e-01
    endloop
  endfacet
  facet normal 7.557496e-01 -1.560512e-15 6.548607e-01
    outer loop
      vertex   -6.766913e-01 1.400000e+01 -6.452239e-01
      vertex   -6.766913e-01 1.566667e+01 -6.452239e-01
      vertex   -7.349596e-01 1.400000e+01 -5.779787e-01
    endloop
  endfacet
  facet normal 7.557496e-01 -1.560512e-15 6.548607e-01
    outer loop
      vertex   -7.349596e-01 1.400000e+01 -5.779787e-01
      vertex   -6.766913e-01 1.566667e+01 -6.452239e-01
      vertex   -7.349596e-01 1.566667e+01 -5.779787e-01
    endloop
  endfacet
  facet normal 8.145760e-01 -1.556303e-15 5.800569e-01
    outer loop
      vertex   -7.349596e-01 1.400000e+01 -5.779787e-01
      vertex   -7.349596e-01 1.566667e+01 -5.779787e-01
      vertex   -7.865721e-01 1.400000e+01 -5.054992e-01
    endloop
  endfacet
  facet normal 8.145760e-01 -1.510268e-15 5.800569e-01
    outer loop
      vertex   -7.865721e-01 1.400000e+01 -5.054992e-01
      vertex   -7.349596e-01 1.566667e+01 -5.779787e-01
      vertex   -7.865721e-01 1.566667e+01 -5.054992e-01
    endloop
  endfacet
  facet normal 8.660254e-01 -1.520151e-15 5.000000e-01
    outer loop
      vertex   -7.865721e-01 1.400000e+01 -5.054992e-01
      vertex   -7.865721e-01 1.566667e+01 -5.054992e-01
      vertex   -8.310611e-01 1.400000e+01 -4.284418e-01
    endloop
  endfacet
  facet normal 8.660254e-01 -1.453538e-15 5.000000e-01
    outer loop
      vertex   -8.310611e-01 1.400000e+01 -4.284418e-01
      vertex   -7.865721e-01 1.566667e+01 -5.054992e-01
      vertex   -8.310611e-01 1.566667e+01 -4.284418e-01
    endloop
  endfacet
  facet normal 9.096320e-01 -1.460923e-15 4.154150e-01
    outer loop
      vertex   -8.310611e-01 1.400000e+01 -4.284418e-01
      vertex   -8.310611e-01 1.566667e+01 -4.284418e-01
      vertex   -8.680240e-01 1.400000e+01 -3.475044e-01
    endloop
  endfacet
  facet normal 9.096320e-01 -1.438500e-15 4.154150e-01
    outer loop
      vertex   -8.680240e-01 1.400000e+01 -3.475044e-01
      vertex   -8.310611e-01 1.566667e+01 -4.284418e-01
      vertex   -8.680240e-01 1.566667e+01 -3.475044e-01
    endloop
  endfacet
  facet normal 9.450008e-01 -1.452666e-15 3.270680e-01
    outer loop
      vertex   -8.680240e-01 1.400000e+01 -3.475044e-01
      vertex   -8.680240e-01 1.566667e+01 -3.475044e-01
      vertex   -8.971259e-01 1.400000e+01 -2.634199e-01
    endloop
  endfacet
  facet normal 9.450008e-01 -1.496241e-15 3.270680e-01
    outer loop
      vertex   -8.971259e-01 1.400000e+01 -2.634199e-01
      vertex   -8.680240e-01 1.566667e+01 -3.475044e-01
      vertex   -8.971259e-01 1.566667e+01 -2.634199e-01
    endloop
  endfacet
  facet normal 9.718116e-01 -1.485086e-15 2.357589e-01
    outer loop
      vertex   -8.971259e-01 1.400000e+01 -2.634199e-01
      vertex   -8.971259e-01 1.566667e+01 -2.634199e-01
      vertex   -9.181033e-01 1.400000e+01 -1.769499e-01
    endloop
  endfacet
  facet normal 9.718116e-01 -1.583148e-15 2.357589e-01
    outer loop
      vertex   -9.181033e-01 1.400000e+01 -1.769499e-01
      vertex   -8.971259e-01 1.566667e+01 -2.634199e-01
      vertex   -9.181033e-01 1.566667e+01 -1.769499e-01
    endloop
  endfacet
  facet normal 9.898214e-01 -1.573394e-15 1.423148e-01
    outer loop
      vertex   -9.181033e-01 1.400000e+01 -1.769499e-01
      vertex   -9.181033e-01 1.566667e+01 -1.769499e-01
      vertex   -9.307662e-01 1.400000e+01 -8.887740e-02
    endloop
  endfacet
  facet normal 9.898214e-01 -1.554433e-15 1.423148e-01
    outer loop
      vertex   -9.307662e-01 1.400000e+01 -8.887740e-02
      vertex   -9.181033e-01 1.566667e+01 -1.769499e-01
      vertex   -9.307662e-01 1.566667e+01 -8.887740e-02
    endloop
  endfacet
  facet normal 9.988673e-01 -1.543051e-15 4.758192e-02
    outer loop
      vertex   -9.307662e-01 1.400000e+01 -8.887740e-02
      vertex   -9.307662e-01 1.566667e+01 -8.887740e-02
      vertex   -9.350000e-01 1.400000e+01 1.145045e-16
    endloop
  endfacet
  facet normal 9.988673e-01 -1.530372e-15 4.758192e-02
    outer loop
      vertex   -9.350000e-01 1.400000e+01 1.145045e-16
      vertex   -9.307662e-01 1.566667e+01 -8.887740e-02
      vertex   -9.350000e-01 1.566667e+01 1.145045e-16
    endloop
  endfacet
  facet normal 9.988673e-01 -1.530372e-15 -4.758192e-02
    outer loop
      vertex   -9.350000e-01 1.400000e+01 1.145045e-16
      vertex   -9.350000e-01 1.566667e+01 1.145045e-16
      vertex   -9.307662e-01 1.400000e+01 8.887740e-02
    endloop
  endfacet
  facet normal 9.988673e-01 -1.537504e-15 -4.758192e-02
    outer loop
      vertex   -9.307662e-01 1.400000e+01 8.887740e-02
      vertex   -9.350000e-01 1.566667e+01 1.145045e-16
      vertex   -9.307662e-01 1.566667e+01 8.887740e-02
    endloop
  endfacet
  facet normal 9.898214e-01 -1.537843e-15 -1.423148e-01
    outer loop
      vertex   -9.307662e-01 1.400000e+01 8.887740e-02
      vertex   -9.307662e-01 1.566667e+01 8.887740e-02
      vertex   -9.181033e-01 1.400000e+01 1.769499e-01
    endloop
  endfacet
  facet normal 9.898214e-01 -1.424933e-15 -1.423148e-01
    outer loop
      vertex   -9.181033e-01 1.400000e+01 1.769499e-01
      vertex   -9.307662e-01 1.566667e+01 8.887740e-02
      vertex   -9.181033e-01 1.566667e+01 1.769499e-01
    endloop
  endfacet
  facet normal 9.718116e-01 -1.426194e-15 -2.357589e-01
    outer loop
      vertex   -9.181033e-01 1.400000e+01 1.769499e-01
      vertex   -9.181033e-01 1.566667e+01 1.769499e-01
      vertex   -8.971259e-01 1.400000e+01 2.634199e-01
    endloop
  endfacet
  facet normal 9.718116e-01 -1.518413e-15 -2.357589e-01
    outer loop
      vertex   -8.971259e-01 1.400000e+01 2.634199e-01
      vertex   -9.181033e-01 1.566667e+01 1.769499e-01
      vertex   -8.971259e-01 1.566667e+01 2.634199e-01
    endloop
  endfacet
  facet normal 9.450008e-01 -1.515616e-15 -3.270680e-01
    outer loop
      vertex   -8.971259e-01 1.400000e+01 2.634199e-01
      vertex   -8.971259e-01 1.566667e+01 2.634199e-01
      vertex   -8.680240e-01 1.400000e+01 3.475044e-01
    endloop
  endfacet
  facet normal 9.450008e-01 -1.496241e-15 -3.270680e-01
    outer loop
      vertex   -8.680240e-01 1.400000e+01 3.475044e-01
      vertex   -8.971259e-01 1.566667e+01 2.634199e-01
      vertex   -8.680240e-01 1.566667e+01 3.475044e-01
    endloop
  endfacet
  facet normal 9.096320e-01 -1.493845e-15 -4.154150e-01
    outer loop
      vertex   -8.680240e-01 1.400000e+01 3.475044e-01
      vertex   -8.680240e-01 1.566667e+01 3.475044e-01
      vertex   -8.310611e-01 1.400000e+01 4.284418e-01
    endloop
  endfacet
  facet normal 9.096320e-01 -1.502431e-15 -4.154150e-01
    outer loop
      vertex   -8.310611e-01 1.400000e+01 4.284418e-01
      vertex   -8.680240e-01 1.566667e+01 3.475044e-01
      vertex   -8.310611e-01 1.566667e+01 4.284418e-01
    endloop
  endfacet
  facet normal 8.660254e-01 -1.503498e-15 -5.000000e-01
    outer loop
      vertex   -8.310611e-01 1.400000e+01 4.284418e-01
      vertex   -8.310611e-01 1.566667e+01 4.284418e-01
      vertex   -7.865721e-01 1.400000e+01 5.054992e-01
    endloop
  endfacet
  facet normal 8.660254e-01 -1.495769e-15 -5.000000e-01
    outer loop
      vertex   -7.865721e-01 1.400000e+01 5.054992e-01
      vertex   -8.310611e-01 1.566667e+01 4.284418e-01
      vertex   -7.865721e-01 1.566667e+01 5.054992e-01
    endloop
  endfacet
  facet normal 8.145760e-01 -1.494646e-15 -5.800569e-01
    outer loop
      vertex   -7.865721e-01 1.400000e+01 5.054992e-01
      vertex   -7.865721e-01 1.566667e+01 5.054992e-01
      vertex   -7.349596e-01 1.400000e+01 5.779787e-01
    endloop
  endfacet
  facet normal 8.145760e-01 -1.463402e-15 -5.800569e-01
    outer loop
      vertex   -7.349596e-01 1.400000e+01 5.779787e-01
      vertex   -7.865721e-01 1.566667e+01 5.054992e-01
      vertex   -7.349596e-01 1.566667e+01 5.779787e-01
    endloop
  endfacet
  facet normal 7.557496e-01 -1.466546e-15 -6.548607e-01
    outer loop
      vertex   -7.349596e-01 1.400000e+01 5.779787e-01
      vertex   -7.349596e-01 1.566667e+01 5.779787e-01
      vertex   -6.766913e-01 1.400000e+01 6.452239e-01
    endloop
  endfacet
  facet normal 7.557496e-01 -1.503448e-15 -6.548607e-01
    outer loop
      vertex   -6.766913e-01 1.400000e+01 6.452239e-01
      vertex   -7.349596e-01 1.566667e+01 5.779787e-01
      vertex   -6.766913e-01 1.566667e+01 6.452239e-01
    endloop
  endfacet
  facet normal 6.900790e-01 -1.506862e-15 -7.237340e-01
    outer loop
      vertex   -6.766913e-01 1.400000e+01 6.452239e-01
      vertex   -6.766913e-01 1.566667e+01 6.452239e-01
      vertex   -6.122948e-01 1.400000e+01 7.066259e-01
    endloop
  endfacet
  facet normal 6.900790e-01 -1.557314e-15 -7.237340e-01
    outer loop
      vertex   -6.122948e-01 1.400000e+01 7.066259e-01
      vertex   -6.766913e-01 1.566667e+01 6.452239e-01
      vertex   -6.122948e-01 1.566667e+01 7.066259e-01
    endloop
  endfacet
  facet normal 6.181590e-01 -1.560175e-15 -7.860531e-01
    outer loop
      vertex   -6.122948e-01 1.400000e+01 7.066259e-01
      vertex   -6.122948e-01 1.566667e+01 7.066259e-01
      vertex   -5.423532e-01 1.400000e+01 7.616285e-01
    endloop
  endfacet
  facet normal 6.181590e-01 -1.477819e-15 -7.860531e-01
    outer loop
      vertex   -5.423532e-01 1.400000e+01 7.616285e-01
      vertex   -6.122948e-01 1.566667e+01 7.066259e-01
      vertex   -5.423532e-01 1.566667e+01 7.616285e-01
    endloop
  endfacet
  facet normal 5.406408e-01 -1.476878e-15 -8.412535e-01
    outer loop
      vertex   -5.423532e-01 1.400000e+01 7.616285e-01
      vertex   -5.423532e-01 1.566667e+01 7.616285e-01
      vertex   -4.675000e-01 1.400000e+01 8.097338e-01
    endloop
  endfacet
  facet normal 5.406408e-01 -1.460889e-15 -8.412535e-01
    outer loop
      vertex   -4.675000e-01 1.400000e+01 8.097338e-01
      vertex   -5.423532e-01 1.566667e+01 7.616285e-01
      vertex   -4.675000e-01 1.566667e+01 8.097338e-01
    endloop
  endfacet
  facet normal 4.582265e-01 -1.460723e-15 -8.888354e-01
    outer loop
      vertex   -4.675000e-01 1.400000e+01 8.097338e-01
      vertex   -4.675000e-01 1.566667e+01 8.097338e-01
      vertex   -3.884130e-01 1.400000e+01 8.505059e-01
    endloop
  endfacet
  facet normal 4.582265e-01 -1.443621e-15 -8.888354e-01
    outer loop
      vertex   -3.884130e-01 1.400000e+01 8.505059e-01
      vertex   -4.675000e-01 1.566667e+01 8.097338e-01
      vertex   -3.884130e-01 1.566667e+01 8.505059e-01
    endloop
  endfacet
  facet normal 3.716625e-01 -1.447275e-15 -9.283679e-01
    outer loop
      vertex   -3.884130e-01 1.400000e+01 8.505059e-01
      vertex   -3.884130e-01 1.566667e+01 8.505059e-01
      vertex   -3.058085e-01 1.400000e+01 8.835758e-01
    endloop
  endfacet
  facet normal 3.716625e-01 -1.471980e-15 -9.283679e-01
    outer loop
      vertex   -3.058085e-01 1.400000e+01 8.835758e-01
      vertex   -3.884130e-01 1.566667e+01 8.505059e-01
      vertex   -3.058085e-01 1.566667e+01 8.835758e-01
    endloop
  endfacet
  facet normal 2.817326e-01 -1.473587e-15 -9.594930e-01
    outer loop
      vertex   -3.058085e-01 1.400000e+01 8.835758e-01
      vertex   -3.058085e-01 1.566667e+01 8.835758e-01
      vertex   -2.204346e-01 1.400000e+01 9.086438e-01
    endloop
  endfacet
  facet normal 2.817326e-01 -1.440744e-15 -9.594930e-01
    outer loop
      vertex   -2.204346e-01 1.400000e+01 9.086438e-01
      vertex   -3.058085e-01 1.566667e+01 8.835758e-01
      vertex   -2.204346e-01 1.566667e+01 9.086438e-01
    endloop
  endfacet
  facet normal 1.892512e-01 -1.439786e-15 -9.819287e-01
    outer loop
      vertex   -2.204346e-01 1.400000e+01 9.086438e-01
      vertex   -2.204346e-01 1.566667e+01 9.086438e-01
      vertex   -1.330644e-01 1.400000e+01 9.254830e-01
    endloop
  endfacet
  facet normal 1.892512e-01 -1.414573e-15 -9.819287e-01
    outer loop
      vertex   -1.330644e-01 1.400000e+01 9.254830e-01
      vertex   -2.204346e-01 1.566667e+01 9.086438e-01
      vertex   -1.330644e-01 1.566667e+01 9.254830e-01
    endloop
  endfacet
  facet normal 9.505604e-02 -1.413126e-15 -9.954719e-01
    outer loop
      vertex   -1.330644e-01 1.400000e+01 9.254830e-01
      vertex   -1.330644e-01 1.566667e+01 9.254830e-01
      vertex   -4.448909e-02 1.400000e+01 9.339410e-01
    endloop
  endfacet
  facet normal 9.505604e-02 -1.531898e-15 -9.954719e-01
    outer loop
      vertex   -4.448909e-02 1.400000e+01 9.339410e-01
      vertex   -1.330644e-01 1.566667e+01 9.254830e-01
      vertex   -4.448909e-02 1.566667e+01 9.339410e-01
    endloop
  endfacet
  facet normal 0.000000e+00 -1.532108e-15 -1.000000e+00
    outer loop
      vertex   -4.448909e-02 1.400000e+01 9.339410e-01
      vertex   -4.448909e-02 1.566667e+01 9.339410e-01
      vertex   4.448909e-02 1.400000e+01 9.339410e-01
    endloop
  endfacet
  facet normal 0.000000e+00 -1.532108e-15 -1.000000e+00
    outer loop
      vertex   4.448909e-02 1.400000e+01 9.339410e-01
      vertex   -4.448909e-02 1.566667e+01 9.339410e-01
      vertex   4.448909e-02 1.566667e+01 9.339410e-01
    endloop
  endfacet
  facet normal -9.505604e-02 -1.531898e-15 -9.954719e-01
    outer loop
      vertex   4.448909e-02 1.400000e+01 9.339410e-01
      vertex   4.448909e-02 1.566667e+01 9.339410e-01
      vertex   1.330644e-01 1.400000e+01 9.254830e-01
    endloop
  endfacet
  facet normal -9.505604e-02 -1.545749e-15 -9.954719e-01
    outer loop
      vertex   1.330644e-01 1.400000e+01 9.254830e-01
      vertex   4.448909e-02 1.566667e+01 9.339410e-01
      vertex   1.330644e-01 1.566667e+01 9.254830e-01
    endloop
  endfacet
  facet normal -1.892512e-01 -1.545392e-15 -9.819287e-01
    outer loop
      vertex   1.330644e-01 1.400000e+01 9.254830e-01
      vertex   1.330644e-01 1.566667e+01 9.254830e-01
      vertex   2.204346e-01 1.400000e+01 9.086438e-01
    endloop
  endfacet
  facet normal -1.892512e-01 -1.439786e-15 -9.819287e-01
    outer loop
      vertex   2.204346e-01 1.400000e+01 9.086438e-01
      vertex   1.330644e-01 1.566667e+01 9.254830e-01
      vertex   2.204346e-01 1.566667e+01 9.086438e-01
    endloop
  endfacet
  facet normal -2.817326e-01 -1.440744e-15 -9.594930e-01
    outer loop
      vertex   2.204346e-01 1.400000e+01 9.086438e-01
      vertex   2.204346e-01 1.566667e+01 9.086438e-01
      vertex   3.058085e-01 1.400000e+01 8.835758e-01
    endloop
  endfacet
  facet normal -2.817326e-01 -1.546885e-15 -9.594930e-01
    outer loop
      vertex   3.058085e-01 1.400000e+01 8.835758e-01
      vertex   2.204346e-01 1.566667e+01 9.086438e-01
      vertex   3.058085e-01 1.566667e+01 8.835758e-01
    endloop
  endfacet
  facet normal -3.716625e-01 -1.546201e-15 -9.283679e-01
    outer loop
      vertex   3.058085e-01 1.400000e+01 8.835758e-01
      vertex   3.058085e-01 1.566667e+01 8.835758e-01
      vertex   3.884130e-01 1.400000e+01 8.505059e-01
    endloop
  endfacet
  facet normal -3.716625e-01 -1.472033e-15 -9.283679e-01
    outer loop
      vertex   3.884130e-01 1.400000e+01 8.505059e-01
      vertex   3.058085e-01 1.566667e+01 8.835758e-01
      vertex   3.884130e-01 1.566667e+01 8.505059e-01
    endloop
  endfacet
  facet normal -4.582265e-01 -1.474145e-15 -8.888354e-01
    outer loop
      vertex   3.884130e-01 1.400000e+01 8.505059e-01
      vertex   3.884130e-01 1.566667e+01 8.505059e-01
      vertex   4.675000e-01 1.400000e+01 8.097338e-01
    endloop
  endfacet
  facet normal -4.582265e-01 -1.535193e-15 -8.888354e-01
    outer loop
      vertex   4.675000e-01 1.400000e+01 8.097338e-01
      vertex   3.884130e-01 1.566667e+01 8.505059e-01
      vertex   4.675000e-01 1.566667e+01 8.097338e-01
    endloop
  endfacet
  facet normal -5.406408e-01 -1.534935e-15 -8.412535e-01
    outer loop
      vertex   4.675000e-01 1.400000e+01 8.097338e-01
      vertex   4.675000e-01 1.566667e+01 8.097338e-01
      vertex   5.423532e-01 1.400000e+01 7.616285e-01
    endloop
  endfacet
  facet normal -5.406408e-01 -1.420839e-15 -8.412535e-01
    outer loop
      vertex   5.423532e-01 1.400000e+01 7.616285e-01
      vertex   4.675000e-01 1.566667e+01 8.097338e-01
      vertex   5.423532e-01 1.566667e+01 7.616285e-01
    endloop
  endfacet
  facet normal -6.181590e-01 -1.425458e-15 -7.860531e-01
    outer loop
      vertex   5.423532e-01 1.400000e+01 7.616285e-01
      vertex   5.423532e-01 1.566667e+01 7.616285e-01
      vertex   6.122948e-01 1.400000e+01 7.066259e-01
    endloop
  endfacet
  facet normal -6.181590e-01 -1.601352e-15 -7.860531e-01
    outer loop
      vertex   6.122948e-01 1.400000e+01 7.066259e-01
      vertex   5.423532e-01 1.566667e+01 7.616285e-01
      vertex   6.122948e-01 1.566667e+01 7.066259e-01
    endloop
  endfacet
  facet normal -6.900790e-01 -1.603283e-15 -7.237340e-01
    outer loop
      vertex   6.122948e-01 1.400000e+01 7.066259e-01
      vertex   6.122948e-01 1.566667e+01 7.066259e-01
      vertex   6.766913e-01 1.400000e+01 6.452239e-01
    endloop
  endfacet
  facet normal -6.900790e-01 -1.506862e-15 -7.237340e-01
    outer loop
      vertex   6.766913e-01 1.400000e+01 6.452239e-01
      vertex   6.122948e-01 1.566667e+01 7.066259e-01
      vertex   6.766913e-01 1.566667e+01 6.452239e-01
    endloop
  endfacet
  facet normal -7.557496e-01 -1.503448e-15 -6.548607e-01
    outer loop
      vertex   6.766913e-01 1.400000e+01 6.452239e-01
      vertex   6.766913e-01 1.566667e+01 6.452239e-01
      vertex   7.349596e-01 1.400000e+01 5.779787e-01
    endloop
  endfacet
  facet normal -7.557496e-01 -1.422924e-15 -6.548607e-01
    outer loop
      vertex   7.349596e-01 1.400000e+01 5.779787e-01
      vertex   6.766913e-01 1.566667e+01 6.452239e-01
      vertex   7.349596e-01 1.566667e+01 5.779787e-01
    endloop
  endfacet
  facet normal -8.145760e-01 -1.424762e-15 -5.800569e-01
    outer loop
      vertex   7.349596e-01 1.400000e+01 5.779787e-01
      vertex   7.349596e-01 1.566667e+01 5.779787e-01
      vertex   7.865721e-01 1.400000e+01 5.054992e-01
    endloop
  endfacet
  facet normal -8.145760e-01 -1.548908e-15 -5.800569e-01
    outer loop
      vertex   7.865721e-01 1.400000e+01 5.054992e-01
      vertex   7.349596e-01 1.566667e+01 5.779787e-01
      vertex   7.865721e-01 1.566667e+01 5.054992e-01
    endloop
  endfacet
  facet normal -8.660254e-01 -1.553458e-15 -5.000000e-01
    outer loop
      vertex   7.865721e-01 1.400000e+01 5.054992e-01
      vertex   7.865721e-01 1.566667e+01 5.054992e-01
      vertex   8.310611e-01 1.400000e+01 4.284418e-01
    endloop
  endfacet
  facet normal -8.660254e-01 -1.470191e-15 -5.000000e-01
    outer loop
      vertex   8.310611e-01 1.400000e+01 4.284418e-01
      vertex   7.865721e-01 1.566667e+01 5.054992e-01
      vertex   8.310611e-01 1.566667e+01 4.284418e-01
    endloop
  endfacet
  facet normal -9.096320e-01 -1.474759e-15 -4.154150e-01
    outer loop
      vertex   8.310611e-01 1.400000e+01 4.284418e-01
      vertex   8.310611e-01 1.566667e+01 4.284418e-01
      vertex   8.680240e-01 1.400000e+01 3.475044e-01
    endloop
  endfacet
  facet normal -9.096320e-01 -1.480008e-15 -4.154150e-01
    outer loop
      vertex   8.680240e-01 1.400000e+01 3.475044e-01
      vertex   8.310611e-01 1.566667e+01 4.284418e-01
      vertex   8.680240e-01 1.566667e+01 3.475044e-01
    endloop
  endfacet
  facet normal -9.450008e-01 -1.485347e-15 -3.270680e-01
    outer loop
      vertex   8.680240e-01 1.400000e+01 3.475044e-01
      vertex   8.680240e-01 1.566667e+01 3.475044e-01
      vertex   8.971259e-01 1.400000e+01 2.634199e-01
    endloop
  endfacet
  facet normal -9.450008e-01 -1.452666e-15 -3.270680e-01
    outer loop
      vertex   8.971259e-01 1.400000e+01 2.634199e-01
      vertex   8.680240e-01 1.566667e+01 3.475044e-01
      vertex   8.971259e-01 1.566667e+01 2.634199e-01
    endloop
  endfacet
  facet normal -9.718116e-01 -1.453677e-15 -2.357589e-01
    outer loop
      vertex   8.971259e-01 1.400000e+01 2.634199e-01
      vertex   8.971259e-01 1.566667e+01 2.634199e-01
      vertex   9.181033e-01 1.400000e+01 1.769499e-01
    endloop
  endfacet
  facet normal -9.718116e-01 -1.410489e-15 -2.357589e-01
    outer loop
      vertex   9.181033e-01 1.400000e+01 1.769499e-01
      vertex   8.971259e-01 1.566667e+01 2.634199e-01
      vertex   9.181033e-01 1.566667e+01 1.769499e-01
    endloop
  endfacet
  facet normal -9.898214e-01 -1.415453e-15 -1.423148e-01
    outer loop
      vertex   9.181033e-01 1.400000e+01 1.769499e-01
      vertex   9.181033e-01 1.566667e+01 1.769499e-01
      vertex   9.307662e-01 1.400000e+01 8.887740e-02
    endloop
  endfacet
  facet normal -9.898214e-01 -1.531918e-15 -1.423148e-01
    outer loop
      vertex   9.307662e-01 1.400000e+01 8.887740e-02
      vertex   9.181033e-01 1.566667e+01 1.769499e-01
      vertex   9.307662e-01 1.566667e+01 8.887740e-02
    endloop
  endfacet
  facet normal -9.988673e-01 -1.188597e-18 4.758192e-02
    outer loop
      vertex   9.307662e-01 1.900000e+01 -8.887740e-02
      vertex   9.307662e-01 1.733333e+01 -8.887740e-02
      vertex   9.350000e-01 1.900000e+01 1.145045e-16
    endloop
  endfacet
  facet normal -9.988673e-01 -1.089668e-18 4.758192e-02
    outer loop
      vertex   9.350000e-01 1.900000e+01 1.145045e-16
      vertex   9.307662e-01 1.733333e+01 -8.887740e-02
      vertex   9.350000e-01 1.733333e+01 7.633632e-17
    endloop
  endfacet
  facet normal -9.988673e-01 1.089668e-18 -4.758192e-02
    outer loop
      vertex   9.350000e-01 1.900000e+01 1.145045e-16
      vertex   9.350000e-01 1.733333e+01 7.633632e-17
      vertex   9.307662e-01 1.900000e+01 8.887740e-02
    endloop
  endfacet
  facet normal -9.988673e-01 1.584796e-18 -4.758192e-02
    outer loop
      vertex   9.307662e-01 1.900000e+01 8.887740e-02
      vertex   9.350000e-01 1.733333e+01 7.633632e-17
      vertex   9.307662e-01 1.733333e+01 8.887740e-02
    endloop
  endfacet
  facet normal -9.898214e-01 4.740036e-18 -1.423148e-01
    outer loop
      vertex   9.307662e-01 1.900000e+01 8.887740e-02
      vertex   9.307662e-01 1.733333e+01 8.887740e-02
      vertex   9.181033e-01 1.900000e+01 1.769499e-01
    endloop
  endfacet
  facet normal -9.898214e-01 -5.645528e-17 -1.423148e-01
    outer loop
      vertex   9.181033e-01 1.900000e+01 1.769499e-01
      vertex   9.307662e-01 1.733333e+01 8.887740e-02
      vertex   9.181033e-01 1.733333e+01 1.769499e-01
    endloop
  endfacet
  facet normal -9.718116e-01 -4.903095e-17 -2.357589e-01
    outer loop
      vertex   9.181033e-01 1.900000e+01 1.769499e-01
      vertex   9.181033e-01 1.733333e+01 1.769499e-01
      vertex   8.971259e-01 1.900000e+01 2.634199e-01
    endloop
  endfacet
  facet normal -9.718116e-01 -0.000000e+00 -2.357589e-01
    outer loop
      vertex   8.971259e-01 1.900000e+01 2.634199e-01
      vertex   9.181033e-01 1.733333e+01 1.769499e-01
      vertex   8.971259e-01 1.733333e+01 2.634199e-01
    endloop
  endfacet
  facet normal -9.450008e-01 -0.000000e+00 -3.270680e-01
    outer loop
      vertex   8.971259e-01 1.900000e+01 2.634199e-01
      vertex   8.971259e-01 1.733333e+01 2.634199e-01
      vertex   8.680240e-01 1.900000e+01 3.475044e-01
    endloop
  endfacet
  facet normal -9.450008e-01 -0.000000e+00 -3.270680e-01
    outer loop
      vertex   8.680240e-01 1.900000e+01 3.475044e-01
      vertex   8.971259e-01 1.733333e+01 2.634199e-01
      vertex   8.680240e-01 1.733333e+01 3.475044e-01
    endloop
  endfacet
  facet normal -9.096320e-01 -0.000000e+00 -4.154150e-01
    outer loop
      vertex   8.680240e-01 1.900000e+01 3.475044e-01
      vertex   8.680240e-01 1.733333e+01 3.475044e-01
      vertex   8.310611e-01 1.900000e+01 4.284418e-01
    endloop
  endfacet
  facet normal -9.096320e-01 1.383610e-17 -4.154150e-01
    outer loop
      vertex   8.310611e-01 1.900000e+01 4.284418e-01
      vertex   8.680240e-01 1.733333e+01 3.475044e-01
      vertex   8.310611e-01 1.733333e+01 4.284418e-01
    endloop
  endfacet
  facet normal -8.660254e-01 1.665335e-17 -5.000000e-01
    outer loop
      vertex   8.310611e-01 1.900000e+01 4.284418e-01
      vertex   8.310611e-01 1.733333e+01 4.284418e-01
      vertex   7.865721e-01 1.900000e+01 5.054992e-01
    endloop
  endfacet
  facet normal -8.660254e-01 6.661338e-17 -5.000000e-01
    outer loop
      vertex   7.865721e-01 1.900000e+01 5.054992e-01
      vertex   8.310611e-01 1.733333e+01 4.284418e-01
      vertex   7.865721e-01 1.733333e+01 5.054992e-01
    endloop
  endfacet
  facet normal -8.145760e-01 7.727910e-17 -5.800569e-01
    outer loop
      vertex   7.865721e-01 1.900000e+01 5.054992e-01
      vertex   7.865721e-01 1.733333e+01 5.054992e-01
      vertex   7.349596e-01 1.900000e+01 5.779787e-01
    endloop
  endfacet
  facet normal -8.145760e-01 -1.562211e-17 -5.800569e-01
    outer loop
      vertex   7.349596e-01 1.900000e+01 5.779787e-01
      vertex   7.865721e-01 1.733333e+01 5.054992e-01
      vertex   7.349596e-01 1.733333e+01 5.779787e-01
    endloop
  endfacet
  facet normal -7.557496e-01 -6.720547e-18 -6.548607e-01
    outer loop
      vertex   7.349596e-01 1.900000e+01 5.779787e-01
      vertex   7.349596e-01 1.733333e+01 5.779787e-01
      vertex   6.766913e-01 1.900000e+01 6.452239e-01
    endloop
  endfacet
  facet normal -7.557496e-01 -0.000000e+00 -6.548607e-01
    outer loop
      vertex   6.766913e-01 1.900000e+01 6.452239e-01
      vertex   7.349596e-01 1.733333e+01 5.779787e-01
      vertex   6.766913e-01 1.733333e+01 6.452239e-01
    endloop
  endfacet
  facet normal -6.900790e-01 -0.000000e+00 -7.237340e-01
    outer loop
      vertex   6.766913e-01 1.900000e+01 6.452239e-01
      vertex   6.766913e-01 1.733333e+01 6.452239e-01
      vertex   6.122948e-01 1.900000e+01 7.066259e-01
    endloop
  endfacet
  facet normal -6.900790e-01 -0.000000e+00 -7.237340e-01
    outer loop
      vertex   6.122948e-01 1.900000e+01 7.066259e-01
      vertex   6.766913e-01 1.733333e+01 6.452239e-01
      vertex   6.122948e-01 1.733333e+01 7.066259e-01
    endloop
  endfacet
  facet normal -6.181590e-01 -0.000000e+00 -7.860531e-01
    outer loop
      vertex   6.122948e-01 1.900000e+01 7.066259e-01
      vertex   6.122948e-01 1.733333e+01 7.066259e-01
      vertex   5.423532e-01 1.900000e+01 7.616285e-01
    endloop
  endfacet
  facet normal -6.181590e-01 -4.117766e-17 -7.860531e-01
    outer loop
      vertex   5.423532e-01 1.900000e+01 7.616285e-01
      vertex   6.122948e-01 1.733333e+01 7.066259e-01
      vertex   5.423532e-01 1.733333e+01 7.616285e-01
    endloop
  endfacet
  facet normal -5.406408e-01 -3.601391e-17 -8.412535e-01
    outer loop
      vertex   5.423532e-01 1.900000e+01 7.616285e-01
      vertex   5.423532e-01 1.733333e+01 7.616285e-01
      vertex   4.675000e-01 1.900000e+01 8.097338e-01
    endloop
  endfacet
  facet normal -5.406408e-01 5.402087e-17 -8.412535e-01
    outer loop
      vertex   4.675000e-01 1.900000e+01 8.097338e-01
      vertex   5.423532e-01 1.733333e+01 7.616285e-01
      vertex   4.675000e-01 1.733333e+01 8.097338e-01
    endloop
  endfacet
  facet normal -4.582265e-01 4.578603e-17 -8.888354e-01
    outer loop
      vertex   4.675000e-01 1.900000e+01 8.097338e-01
      vertex   4.675000e-01 1.733333e+01 8.097338e-01
      vertex   3.884130e-01 1.900000e+01 8.505059e-01
    endloop
  endfacet
  facet normal -4.582265e-01 1.526201e-17 -8.888354e-01
    outer loop
      vertex   3.884130e-01 1.900000e+01 8.505059e-01
      vertex   4.675000e-01 1.733333e+01 8.097338e-01
      vertex   3.884130e-01 1.733333e+01 8.505059e-01
    endloop
  endfacet
  facet normal -3.716625e-01 1.237885e-17 -9.283679e-01
    outer loop
      vertex   3.884130e-01 1.900000e+01 8.505059e-01
      vertex   3.884130e-01 1.733333e+01 8.505059e-01
      vertex   3.058085e-01 1.900000e+01 8.835758e-01
    endloop
  endfacet
  facet normal -3.716625e-01 -2.475769e-17 -9.283679e-01
    outer loop
      vertex   3.058085e-01 1.900000e+01 8.835758e-01
      vertex   3.884130e-01 1.733333e+01 8.505059e-01
      vertex   3.058085e-01 1.733333e+01 8.835758e-01
    endloop
  endfacet
  facet normal -2.817326e-01 -1.876716e-17 -9.594930e-01
    outer loop
      vertex   3.058085e-01 1.900000e+01 8.835758e-01
      vertex   3.058085e-01 1.733333e+01 8.835758e-01
      vertex   2.204346e-01 1.900000e+01 9.086438e-01
    endloop
  endfacet
  facet normal -2.817326e-01 -1.876716e-17 -9.594930e-01
    outer loop
      vertex   2.204346e-01 1.900000e+01 9.086438e-01
      vertex   3.058085e-01 1.733333e+01 8.835758e-01
      vertex   2.204346e-01 1.733333e+01 9.086438e-01
    endloop
  endfacet
  facet normal -1.892512e-01 -1.260667e-17 -9.819287e-01
    outer loop
      vertex   2.204346e-01 1.900000e+01 9.086438e-01
      vertex   2.204346e-01 1.733333e+01 9.086438e-01
      vertex   1.330644e-01 1.900000e+01 9.254830e-01
    endloop
  endfacet
  facet normal -1.892512e-01 -1.260667e-17 -9.819287e-01
    outer loop
      vertex   1.330644e-01 1.900000e+01 9.254830e-01
      vertex   2.204346e-01 1.733333e+01 9.086438e-01
      vertex   1.330644e-01 1.733333e+01 9.254830e-01
    endloop
  endfacet
  facet normal -9.505604e-02 -6.332004e-18 -9.954719e-01
    outer loop
      vertex   1.330644e-01 1.900000e+01 9.254830e-01
      vertex   1.330644e-01 1.733333e+01 9.254830e-01
      vertex   4.448909e-02 1.900000e+01 9.339410e-01
    endloop
  endfacet
  facet normal -9.505604e-02 5.540504e-18 -9.954719e-01
    outer loop
      vertex   4.448909e-02 1.900000e+01 9.339410e-01
      vertex   1.330644e-01 1.733333e+01 9.254830e-01
      vertex   4.448909e-02 1.733333e+01 9.339410e-01
    endloop
  endfacet
  facet normal -0.000000e+00 0.000000e+00 -1.000000e+00
    outer loop
      vertex   4.448909e-02 1.900000e+01 9.339410e-01
      vertex   4.448909e-02 1.733333e+01 9.339410e-01
      vertex   -4.448909e-02 1.900000e+01 9.339410e-01
    endloop
  endfacet
  facet normal 0.000000e+00 -0.000000e+00 -1.000000e+00
    outer loop
      vertex   -4.448909e-02 1.900000e+01 9.339410e-01
      vertex   4.448909e-02 1.733333e+01 9.339410e-01
      vertex   -4.448909e-02 1.733333e+01 9.339410e-01
    endloop
  endfacet
  facet normal 9.505604e-02 -5.540504e-18 -9.954719e-01
    outer loop
      vertex   -4.448909e-02 1.900000e+01 9.339410e-01
      vertex   -4.448909e-02 1.733333e+01 9.339410e-01
      vertex   -1.330644e-01 1.900000e+01 9.254830e-01
    endloop
  endfacet
  facet normal 9.505604e-02 -1.262915e-16 -9.954719e-01
    outer loop
      vertex   -1.330644e-01 1.900000e+01 9.254830e-01
      vertex   -4.448909e-02 1.733333e+01 9.339410e-01
      vertex   -1.330644e-01 1.733333e+01 9.254830e-01
    endloop
  endfacet
  facet normal 1.892512e-01 -1.182125e-16 -9.819287e-01
    outer loop
      vertex   -1.330644e-01 1.900000e+01 9.254830e-01
      vertex   -1.330644e-01 1.733333e+01 9.254830e-01
      vertex   -2.204346e-01 1.900000e+01 9.086438e-01
    endloop
  endfacet
  facet normal 1.892512e-01 1.260667e-17 -9.819287e-01
    outer loop
      vertex   -2.204346e-01 1.900000e+01 9.086438e-01
      vertex   -1.330644e-01 1.733333e+01 9.254830e-01
      vertex   -2.204346e-01 1.733333e+01 9.086438e-01
    endloop
  endfacet
  facet normal 2.817326e-01 1.876716e-17 -9.594930e-01
    outer loop
      vertex   -2.204346e-01 1.900000e+01 9.086438e-01
      vertex   -2.204346e-01 1.733333e+01 9.086438e-01
      vertex   -3.058085e-01 1.900000e+01 8.835758e-01
    endloop
  endfacet
  facet normal 2.817326e-01 -1.876716e-17 -9.594930e-01
    outer loop
      vertex   -3.058085e-01 1.900000e+01 8.835758e-01
      vertex   -2.204346e-01 1.733333e+01 9.086438e-01
      vertex   -3.058085e-01 1.733333e+01 8.835758e-01
    endloop
  endfacet
  facet normal 3.716625e-01 -2.475769e-17 -9.283679e-01
    outer loop
      vertex   -3.058085e-01 1.900000e+01 8.835758e-01
      vertex   -3.058085e-01 1.733333e+01 8.835758e-01
      vertex   -3.884130e-01 1.900000e+01 8.505059e-01
    endloop
  endfacet
  facet normal 3.716625e-01 -3.713654e-17 -9.283679e-01
    outer loop
      vertex   -3.884130e-01 1.900000e+01 8.505059e-01
      vertex   -3.058085e-01 1.733333e+01 8.835758e-01
      vertex   -3.884130e-01 1.733333e+01 8.505059e-01
    endloop
  endfacet
  facet normal 4.582265e-01 -4.578603e-17 -8.888354e-01
    outer loop
      vertex   -3.884130e-01 1.900000e+01 8.505059e-01
      vertex   -3.884130e-01 1.733333e+01 8.505059e-01
      vertex   -4.675000e-01 1.900000e+01 8.097338e-01
    endloop
  endfacet
  facet normal 4.582265e-01 3.052402e-17 -8.888354e-01
    outer loop
      vertex   -4.675000e-01 1.900000e+01 8.097338e-01
      vertex   -3.884130e-01 1.733333e+01 8.505059e-01
      vertex   -4.675000e-01 1.733333e+01 8.097338e-01
    endloop
  endfacet
  facet normal 5.406408e-01 3.601391e-17 -8.412535e-01
    outer loop
      vertex   -4.675000e-01 1.900000e+01 8.097338e-01
      vertex   -4.675000e-01 1.733333e+01 8.097338e-01
      vertex   -5.423532e-01 1.900000e+01 7.616285e-01
    endloop
  endfacet
  facet normal 5.406408e-01 3.601391e-17 -8.412535e-01
    outer loop
      vertex   -5.423532e-01 1.900000e+01 7.616285e-01
      vertex   -4.675000e-01 1.733333e+01 8.097338e-01
      vertex   -5.423532e-01 1.733333e+01 7.616285e-01
    endloop
  endfacet
  facet normal 6.181590e-01 4.117766e-17 -7.860531e-01
    outer loop
      vertex   -5.423532e-01 1.900000e+01 7.616285e-01
      vertex   -5.423532e-01 1.733333e+01 7.616285e-01
      vertex   -6.122948e-01 1.900000e+01 7.066259e-01
    endloop
  endfacet
  facet normal 6.181590e-01 4.117766e-17 -7.860531e-01
    outer loop
      vertex   -6.122948e-01 1.900000e+01 7.066259e-01
      vertex   -5.423532e-01 1.733333e+01 7.616285e-01
      vertex   -6.122948e-01 1.733333e+01 7.066259e-01
    endloop
  endfacet
  facet normal 6.900790e-01 4.596850e-17 -7.237340e-01
    outer loop
      vertex   -6.122948e-01 1.900000e+01 7.066259e-01
      vertex   -6.122948e-01 1.733333e+01 7.066259e-01
      vertex   -6.766913e-01 1.900000e+01 6.452239e-01
    endloop
  endfacet
  facet normal 6.900790e-01 -2.241875e-18 -7.237340e-01
    outer loop
      vertex   -6.766913e-01 1.900000e+01 6.452239e-01
      vertex   -6.122948e-01 1.733333e+01 7.066259e-01
      vertex   -6.766913e-01 1.733333e+01 6.452239e-01
    endloop
  endfacet
  facet normal 7.557496e-01 6.720547e-18 -6.548607e-01
    outer loop
      vertex   -6.766913e-01 1.900000e+01 6.452239e-01
      vertex   -6.766913e-01 1.733333e+01 6.452239e-01
      vertex   -7.349596e-01 1.900000e+01 5.779787e-01
    endloop
  endfacet
  facet normal 7.557496e-01 6.720547e-18 -6.548607e-01
    outer loop
      vertex   -7.349596e-01 1.900000e+01 5.779787e-01
      vertex   -6.766913e-01 1.733333e+01 6.452239e-01
      vertex   -7.349596e-01 1.733333e+01 5.779787e-01
    endloop
  endfacet
  facet normal 8.145760e-01 1.562211e-17 -5.800569e-01
    outer loop
      vertex   -7.349596e-01 1.900000e+01 5.779787e-01
      vertex   -7.349596e-01 1.733333e+01 5.779787e-01
      vertex   -7.865721e-01 1.900000e+01 5.054992e-01
    endloop
  endfacet
  facet normal 8.145760e-01 -7.727910e-17 -5.800569e-01
    outer loop
      vertex   -7.865721e-01 1.900000e+01 5.054992e-01
      vertex   -7.349596e-01 1.733333e+01 5.779787e-01
      vertex   -7.865721e-01 1.733333e+01 5.054992e-01
    endloop
  endfacet
  facet normal 8.660254e-01 -6.661338e-17 -5.000000e-01
    outer loop
      vertex   -7.865721e-01 1.900000e+01 5.054992e-01
      vertex   -7.865721e-01 1.733333e+01 5.054992e-01
      vertex   -8.310611e-01 1.900000e+01 4.284418e-01
    endloop
  endfacet
  facet normal 8.660254e-01 -1.665335e-17 -5.000000e-01
    outer loop
      vertex   -8.310611e-01 1.900000e+01 4.284418e-01
      vertex   -7.865721e-01 1.733333e+01 5.054992e-01
      vertex   -8.310611e-01 1.733333e+01 4.284418e-01
    endloop
  endfacet
  facet normal 9.096320e-01 -1.383610e-17 -4.154150e-01
    outer loop
      vertex   -8.310611e-01 1.900000e+01 4.284418e-01
      vertex   -8.310611e-01 1.733333e+01 4.284418e-01
      vertex   -8.680240e-01 1.900000e+01 3.475044e-01
    endloop
  endfacet
  facet normal 9.096320e-01 1.908537e-17 -4.154150e-01
    outer loop
      vertex   -8.680240e-01 1.900000e+01 3.475044e-01
      vertex   -8.310611e-01 1.733333e+01 4.284418e-01
      vertex   -8.680240e-01 1.733333e+01 3.475044e-01
    endloop
  endfacet
  facet normal 9.450008e-01 3.026905e-17 -3.270680e-01
    outer loop
      vertex   -8.680240e-01 1.900000e+01 3.475044e-01
      vertex   -8.680240e-01 1.733333e+01 3.475044e-01
      vertex   -8.971259e-01 1.900000e+01 2.634199e-01
    endloop
  endfacet
  facet normal 9.450008e-01 4.116260e-17 -3.270680e-01
    outer loop
      vertex   -8.971259e-01 1.900000e+01 2.634199e-01
      vertex   -8.680240e-01 1.733333e+01 3.475044e-01
      vertex   -8.971259e-01 1.733333e+01 2.634199e-01
    endloop
  endfacet
  facet normal 9.718116e-01 4.903095e-17 -2.357589e-01
    outer loop
      vertex   -8.971259e-01 1.900000e+01 2.634199e-01
      vertex   -8.971259e-01 1.733333e+01 2.634199e-01
      vertex   -9.181033e-01 1.900000e+01 1.769499e-01
    endloop
  endfacet
  facet normal 9.718116e-01 4.903095e-17 -2.357589e-01
    outer loop
      vertex   -9.181033e-01 1.900000e+01 1.769499e-01
      vertex   -8.971259e-01 1.733333e+01 2.634199e-01
      vertex   -9.181033e-01 1.733333e+01 1.769499e-01
    endloop
  endfacet
  facet normal 9.898214e-01 5.645528e-17 -1.423148e-01
    outer loop
      vertex   -9.181033e-01 1.900000e+01 1.769499e-01
      vertex   -9.181033e-01 1.733333e+01 1.769499e-01
      vertex   -9.307662e-01 1.900000e+01 8.887740e-02
    endloop
  endfacet
  facet normal 9.898214e-01 -8.295064e-18 -1.423148e-01
    outer loop
      vertex   -9.307662e-01 1.900000e+01 8.887740e-02
      vertex   -9.181033e-01 1.733333e+01 1.769499e-01
      vertex   -9.307662e-01 1.733333e+01 8.887740e-02
    endloop
  endfacet
  facet normal 9.988673e-01 -2.773393e-18 -4.758192e-02
    outer loop
      vertex   -9.307662e-01 1.900000e+01 8.887740e-02
      vertex   -9.307662e-01 1.733333e+01 8.887740e-02
      vertex   -9.350000e-01 1.900000e+01 0.000000e+00
    endloop
  endfacet
  facet normal 9.988673e-01 -3.269005e-18 -4.758192e-02
    outer loop
      vertex   -9.350000e-01 1.900000e+01 0.000000e+00
      vertex   -9.307662e-01 1.733333e+01 8.887740e-02
      vertex   -9.350000e-01 1.733333e+01 1.145045e-16
    endloop
  endfacet
  facet normal 9.988673e-01 3.269005e-18 4.758192e-02
    outer loop
      vertex   -9.350000e-01 1.900000e+01 0.000000e+00
      vertex   -9.350000e-01 1.733333e+01 1.145045e-16
      vertex   -9.307662e-01 1.900000e+01 -8.887740e-02
    endloop
  endfacet
  facet normal 9.988673e-01 9.112578e-18 4.758192e-02
    outer loop
      vertex   -9.307662e-01 1.900000e+01 -8.887740e-02
      vertex   -9.350000e-01 1.733333e+01 1.145045e-16
      vertex   -9.307662e-01 1.733333e+01 -8.887740e-02
    endloop
  endfacet
  facet normal 9.898214e-01 2.725521e-17 1.423148e-01
    outer loop
      vertex   -9.307662e-01 1.900000e+01 -8.887740e-02
      vertex   -9.307662e-01 1.733333e+01 -8.887740e-02
      vertex   -9.181033e-01 1.900000e+01 -1.769499e-01
    endloop
  endfacet
  facet normal 9.898214e-01 2.607020e-17 1.423148e-01
    outer loop
      vertex   -9.181033e-01 1.900000e+01 -1.769499e-01
      vertex   -9.307662e-01 1.733333e+01 -8.887740e-02
      vertex   -9.181033e-01 1.733333e+01 -1.769499e-01
    endloop
  endfacet
  facet normal 9.718116e-01 4.318792e-17 2.357589e-01
    outer loop
      vertex   -9.181033e-01 1.900000e+01 -1.769499e-01
      vertex   -9.181033e-01 1.733333e+01 -1.769499e-01
      vertex   -8.971259e-01 1.900000e+01 -2.634199e-01
    endloop
  endfacet
  facet normal 9.718116e-01 4.117860e-17 2.357589e-01
    outer loop
      vertex   -8.971259e-01 1.900000e+01 -2.634199e-01
      vertex   -9.181033e-01 1.733333e+01 -1.769499e-01
      vertex   -8.971259e-01 1.733333e+01 -2.634199e-01
    endloop
  endfacet
  facet normal 9.450008e-01 3.026905e-17 3.270680e-01
    outer loop
      vertex   -8.971259e-01 1.900000e+01 -2.634199e-01
      vertex   -8.971259e-01 1.733333e+01 -2.634199e-01
      vertex   -8.680240e-01 1.900000e+01 -3.475044e-01
    endloop
  endfacet
  facet normal 9.450008e-01 3.026905e-17 3.270680e-01
    outer loop
      vertex   -8.680240e-01 1.900000e+01 -3.475044e-01
      vertex   -8.971259e-01 1.733333e+01 -2.634199e-01
      vertex   -8.680240e-01 1.733333e+01 -3.475044e-01
    endloop
  endfacet
  facet normal 9.096320e-01 1.908537e-17 4.154150e-01
    outer loop
      vertex   -8.680240e-01 1.900000e+01 -3.475044e-01
      vertex   -8.680240e-01 1.733333e+01 -3.475044e-01
      vertex   -8.310611e-01 1.900000e+01 -4.284418e-01
    endloop
  endfacet
  facet normal 9.096320e-01 -1.383610e-17 4.154150e-01
    outer loop
      vertex   -8.310611e-01 1.900000e+01 -4.284418e-01
      vertex   -8.680240e-01 1.733333e+01 -3.475044e-01
      vertex   -8.310611e-01 1.733333e+01 -4.284418e-01
    endloop
  endfacet
  facet normal 8.660254e-01 -1.665335e-17 5.000000e-01
    outer loop
      vertex   -8.310611e-01 1.900000e+01 -4.284418e-01
      vertex   -8.310611e-01 1.733333e+01 -4.284418e-01
      vertex   -7.865721e-01 1.900000e+01 -5.054992e-01
    endloop
  endfacet
  facet normal 8.660254e-01 0.000000e+00 5.000000e-01
    outer loop
      vertex   -7.865721e-01 1.900000e+01 -5.054992e-01
      vertex   -8.310611e-01 1.733333e+01 -4.284418e-01
      vertex   -7.865721e-01 1.733333e+01 -5.054992e-01
    endloop
  endfacet
  facet normal 8.145760e-01 0.000000e+00 5.800569e-01
    outer loop
      vertex   -7.865721e-01 1.900000e+01 -5.054992e-01
      vertex   -7.865721e-01 1.733333e+01 -5.054992e-01
      vertex   -7.349596e-01 1.900000e+01 -5.779787e-01
    endloop
  endfacet
  facet normal 8.145760e-01 2.301745e-17 5.800569e-01
    outer loop
      vertex   -7.349596e-01 1.900000e+01 -5.779787e-01
      vertex   -7.865721e-01 1.733333e+01 -5.054992e-01
      vertex   -7.349596e-01 1.733333e+01 -5.779787e-01
    endloop
  endfacet
  facet normal 7.557496e-01 3.690194e-17 6.548607e-01
    outer loop
      vertex   -7.349596e-01 1.900000e+01 -5.779787e-01
      vertex   -7.349596e-01 1.733333e+01 -5.779787e-01
      vertex   -6.766913e-01 1.900000e+01 -6.452239e-01
    endloop
  endfacet
  facet normal 7.557496e-01 6.720547e-18 6.548607e-01
    outer loop
      vertex   -6.766913e-01 1.900000e+01 -6.452239e-01
      vertex   -7.349596e-01 1.733333e+01 -5.779787e-01
      vertex   -6.766913e-01 1.733333e+01 -6.452239e-01
    endloop
  endfacet
  facet normal 6.900790e-01 -2.241875e-18 7.237340e-01
    outer loop
      vertex   -6.766913e-01 1.900000e+01 -6.452239e-01
      vertex   -6.766913e-01 1.733333e+01 -6.452239e-01
      vertex   -6.122948e-01 1.900000e+01 -7.066259e-01
    endloop
  endfacet
  facet normal 6.900790e-01 -4.372662e-17 7.237340e-01
    outer loop
      vertex   -6.122948e-01 1.900000e+01 -7.066259e-01
      vertex   -6.766913e-01 1.733333e+01 -6.452239e-01
      vertex   -6.122948e-01 1.733333e+01 -7.066259e-01
    endloop
  endfacet
  facet normal 6.181590e-01 -2.999367e-17 7.860531e-01
    outer loop
      vertex   -6.122948e-01 1.900000e+01 -7.066259e-01
      vertex   -6.122948e-01 1.733333e+01 -7.066259e-01
      vertex   -5.423532e-01 1.900000e+01 -7.616285e-01
    endloop
  endfacet
  facet normal 6.181590e-01 4.117766e-17 7.860531e-01
    outer loop
      vertex   -5.423532e-01 1.900000e+01 -7.616285e-01
      vertex   -6.122948e-01 1.733333e+01 -7.066259e-01
      vertex   -5.423532e-01 1.733333e+01 -7.616285e-01
    endloop
  endfacet
  facet normal 5.406408e-01 3.601391e-17 8.412535e-01
    outer loop
      vertex   -5.423532e-01 1.900000e+01 -7.616285e-01
      vertex   -5.423532e-01 1.733333e+01 -7.616285e-01
      vertex   -4.675000e-01 1.900000e+01 -8.097338e-01
    endloop
  endfacet
  facet normal 5.406408e-01 -3.803179e-17 8.412535e-01
    outer loop
      vertex   -4.675000e-01 1.900000e+01 -8.097338e-01
      vertex   -5.423532e-01 1.733333e+01 -7.616285e-01
      vertex   -4.675000e-01 1.733333e+01 -8.097338e-01
    endloop
  endfacet
  facet normal 4.582265e-01 -4.394633e-17 8.888354e-01
    outer loop
      vertex   -4.675000e-01 1.900000e+01 -8.097338e-01
      vertex   -4.675000e-01 1.733333e+01 -8.097338e-01
      vertex   -3.884130e-01 1.900000e+01 -8.505059e-01
    endloop
  endfacet
  facet normal 4.582265e-01 -1.526201e-17 8.888354e-01
    outer loop
      vertex   -3.884130e-01 1.900000e+01 -8.505059e-01
      vertex   -4.675000e-01 1.733333e+01 -8.097338e-01
      vertex   -3.884130e-01 1.733333e+01 -8.505059e-01
    endloop
  endfacet
  facet normal 3.716625e-01 -1.237885e-17 9.283679e-01
    outer loop
      vertex   -3.884130e-01 1.900000e+01 -8.505059e-01
      vertex   -3.884130e-01 1.733333e+01 -8.505059e-01
      vertex   -3.058085e-01 1.900000e+01 -8.835758e-01
    endloop
  endfacet
  facet normal 3.716625e-01 -2.475769e-17 9.283679e-01
    outer loop
      vertex   -3.058085e-01 1.900000e+01 -8.835758e-01
      vertex   -3.884130e-01 1.733333e+01 -8.505059e-01
      vertex   -3.058085e-01 1.733333e+01 -8.835758e-01
    endloop
  endfacet
  facet normal 2.817326e-01 -1.876716e-17 9.594930e-01
    outer loop
      vertex   -3.058085e-01 1.900000e+01 -8.835758e-01
      vertex   -3.058085e-01 1.733333e+01 -8.835758e-01
      vertex   -2.204346e-01 1.900000e+01 -9.086438e-01
    endloop
  endfacet
  facet normal 2.817326e-01 -9.383579e-18 9.594930e-01
    outer loop
      vertex   -2.204346e-01 1.900000e+01 -9.086438e-01
      vertex   -3.058085e-01 1.733333e+01 -8.835758e-01
      vertex   -2.204346e-01 1.733333e+01 -9.086438e-01
    endloop
  endfacet
  facet normal 1.892512e-01 -6.303333e-18 9.819287e-01
    outer loop
      vertex   -2.204346e-01 1.900000e+01 -9.086438e-01
      vertex   -2.204346e-01 1.733333e+01 -9.086438e-01
      vertex   -1.330644e-01 1.900000e+01 -9.254830e-01
    endloop
  endfacet
  facet normal 1.892512e-01 -9.454999e-18 9.819287e-01
    outer loop
      vertex   -1.330644e-01 1.900000e+01 -9.254830e-01
      vertex   -2.204346e-01 1.733333e+01 -9.086438e-01
      vertex   -1.330644e-01 1.733333e+01 -9.254830e-01
    endloop
  endfacet
  facet normal 9.505604e-02 -4.749003e-18 9.954719e-01
    outer loop
      vertex   -1.330644e-01 1.900000e+01 -9.254830e-01
      vertex   -1.330644e-01 1.733333e+01 -9.254830e-01
      vertex   -4.448909e-02 1.900000e+01 -9.339410e-01
    endloop
  endfacet
  facet normal 9.505604e-02 -5.540504e-18 9.954719e-01
    outer loop
      vertex   -4.448909e-02 1.900000e+01 -9.339410e-01
      vertex   -1.330644e-01 1.733333e+01 -9.254830e-01
      vertex   -4.448909e-02 1.733333e+01 -9.339410e-01
    endloop
  endfacet
  facet normal -0.000000e+00 0.000000e+00 1.000000e+00
    outer loop
      vertex   -4.448909e-02 1.900000e+01 -9.339410e-01
      vertex   -4.448909e-02 1.733333e+01 -9.339410e-01
      vertex   4.448909e-02 1.900000e+01 -9.339410e-01
    endloop
  endfacet
  facet normal 0.000000e+00 0.000000e+00 1.000000e+00
    outer loop
      vertex   4.448909e-02 1.900000e+01 -9.339410e-01
      vertex   -4.448909e-02 1.733333e+01 -9.339410e-01
      vertex   4.448909e-02 1.733333e+01 -9.339410e-01
    endloop
  endfacet
  facet normal -9.505604e-02 5.540504e-18 9.954719e-01
    outer loop
      vertex   4.448909e-02 1.900000e+01 -9.339410e-01
      vertex   4.448909e-02 1.733333e+01 -9.339410e-01
      vertex   1.330644e-01 1.900000e+01 -9.254830e-01
    endloop
  endfacet
  facet normal -9.505604e-02 6.332004e-18 9.954719e-01
    outer loop
      vertex   1.330644e-01 1.900000e+01 -9.254830e-01
      vertex   4.448909e-02 1.733333e+01 -9.339410e-01
      vertex   1.330644e-01 1.733333e+01 -9.254830e-01
    endloop
  endfacet
  facet normal -1.892512e-01 1.260667e-17 9.819287e-01
    outer loop
      vertex   1.330644e-01 1.900000e+01 -9.254830e-01
      vertex   1.330644e-01 1.733333e+01 -9.254830e-01
      vertex   2.204346e-01 1.900000e+01 -9.086438e-01
    endloop
  endfacet
  facet normal -1.892512e-01 -1.260667e-17 9.819287e-01
    outer loop
      vertex   2.204346e-01 1.900000e+01 -9.086438e-01
      vertex   1.330644e-01 1.733333e+01 -9.254830e-01
      vertex   2.204346e-01 1.733333e+01 -9.086438e-01
    endloop
  endfacet
  facet normal -2.817326e-01 -1.876716e-17 9.594930e-01
    outer loop
      vertex   2.204346e-01 1.900000e+01 -9.086438e-01
      vertex   2.204346e-01 1.733333e+01 -9.086438e-01
      vertex   3.058085e-01 1.900000e+01 -8.835758e-01
    endloop
  endfacet
  facet normal -2.817326e-01 1.876716e-17 9.594930e-01
    outer loop
      vertex   3.058085e-01 1.900000e+01 -8.835758e-01
      vertex   2.204346e-01 1.733333e+01 -9.086438e-01
      vertex   3.058085e-01 1.733333e+01 -8.835758e-01
    endloop
  endfacet
  facet normal -3.716625e-01 2.475769e-17 9.283679e-01
    outer loop
      vertex   3.058085e-01 1.900000e+01 -8.835758e-01
      vertex   3.058085e-01 1.733333e+01 -8.835758e-01
      vertex   3.884130e-01 1.900000e+01 -8.505059e-01
    endloop
  endfacet
  facet normal -3.716625e-01 1.237885e-17 9.283679e-01
    outer loop
      vertex   3.884130e-01 1.900000e+01 -8.505059e-01
      vertex   3.058085e-01 1.733333e+01 -8.835758e-01
      vertex   3.884130e-01 1.733333e+01 -8.505059e-01
    endloop
  endfacet
  facet normal -4.582265e-01 1.526201e-17 8.888354e-01
    outer loop
      vertex   3.884130e-01 1.900000e+01 -8.505059e-01
      vertex   3.884130e-01 1.733333e+01 -8.505059e-01
      vertex   4.675000e-01 1.900000e+01 -8.097338e-01
    endloop
  endfacet
  facet normal -4.582265e-01 1.526201e-17 8.888354e-01
    outer loop
      vertex   4.675000e-01 1.900000e+01 -8.097338e-01
      vertex   3.884130e-01 1.733333e+01 -8.505059e-01
      vertex   4.675000e-01 1.733333e+01 -8.097338e-01
    endloop
  endfacet
  facet normal -5.406408e-01 1.800696e-17 8.412535e-01
    outer loop
      vertex   4.675000e-01 1.900000e+01 -8.097338e-01
      vertex   4.675000e-01 1.733333e+01 -8.097338e-01
      vertex   5.423532e-01 1.900000e+01 -7.616285e-01
    endloop
  endfacet
  facet normal -5.406408e-01 3.601391e-17 8.412535e-01
    outer loop
      vertex   5.423532e-01 1.900000e+01 -7.616285e-01
      vertex   4.675000e-01 1.733333e+01 -8.097338e-01
      vertex   5.423532e-01 1.733333e+01 -7.616285e-01
    endloop
  endfacet
  facet normal -6.181590e-01 4.117766e-17 7.860531e-01
    outer loop
      vertex   5.423532e-01 1.900000e+01 -7.616285e-01
      vertex   5.423532e-01 1.733333e+01 -7.616285e-01
      vertex   6.122948e-01 1.900000e+01 -7.066259e-01
    endloop
  endfacet
  facet normal -6.181590e-01 -5.236165e-17 7.860531e-01
    outer loop
      vertex   6.122948e-01 1.900000e+01 -7.066259e-01
      vertex   5.423532e-01 1.733333e+01 -7.616285e-01
      vertex   6.122948e-01 1.733333e+01 -7.066259e-01
    endloop
  endfacet
  facet normal -6.900790e-01 -4.821037e-17 7.237340e-01
    outer loop
      vertex   6.122948e-01 1.900000e+01 -7.066259e-01
      vertex   6.122948e-01 1.733333e+01 -7.066259e-01
      vertex   6.766913e-01 1.900000e+01 -6.452239e-01
    endloop
  endfacet
  facet normal -6.900790e-01 -4.821037e-17 7.237340e-01
    outer loop
      vertex   6.766913e-01 1.900000e+01 -6.452239e-01
      vertex   6.122948e-01 1.733333e+01 -7.066259e-01
      vertex   6.766913e-01 1.733333e+01 -6.452239e-01
    endloop
  endfacet
  facet normal -7.557496e-01 -4.362249e-17 6.548607e-01
    outer loop
      vertex   6.766913e-01 1.900000e+01 -6.452239e-01
      vertex   6.766913e-01 1.733333e+01 -6.452239e-01
      vertex   7.349596e-01 1.900000e+01 -5.779787e-01
    endloop
  endfacet
  facet normal -7.557496e-01 1.006861e-16 6.548607e-01
    outer loop
      vertex   7.349596e-01 1.900000e+01 -5.779787e-01
      vertex   6.766913e-01 1.733333e+01 -6.452239e-01
      vertex   7.349596e-01 1.733333e+01 -5.779787e-01
    endloop
  endfacet
  facet normal -8.145760e-01 1.085233e-16 5.800569e-01
    outer loop
      vertex   7.349596e-01 1.900000e+01 -5.779787e-01
      vertex   7.349596e-01 1.733333e+01 -5.779787e-01
      vertex   7.865721e-01 1.900000e+01 -5.054992e-01
    endloop
  endfacet
  facet normal -8.145760e-01 0.000000e+00 5.800569e-01
    outer loop
      vertex   7.865721e-01 1.900000e+01 -5.054992e-01
      vertex   7.349596e-01 1.733333e+01 -5.779787e-01
      vertex   7.865721e-01 1.733333e+01 -5.054992e-01
    endloop
  endfacet
  facet normal -8.660254e-01 0.000000e+00 5.000000e-01
    outer loop
      vertex   7.865721e-01 1.900000e+01 -5.054992e-01
      vertex   7.865721e-01 1.733333e+01 -5.054992e-01
      vertex   8.310611e-01 1.900000e+01 -4.284418e-01
    endloop
  endfacet
  facet normal -8.660254e-01 0.000000e+00 5.000000e-01
    outer loop
      vertex   8.310611e-01 1.900000e+01 -4.284418e-01
      vertex   7.865721e-01 1.733333e+01 -5.054992e-01
      vertex   8.310611e-01 1.733333e+01 -4.284418e-01
    endloop
  endfacet
  facet normal -9.096320e-01 0.000000e+00 4.154150e-01
    outer loop
      vertex   8.310611e-01 1.900000e+01 -4.284418e-01
      vertex   8.310611e-01 1.733333e+01 -4.284418e-01
      vertex   8.680240e-01 1.900000e+01 -3.475044e-01
    endloop
  endfacet
  facet normal -9.096320e-01 -1.383610e-17 4.154150e-01
    outer loop
      vertex   8.680240e-01 1.900000e+01 -3.475044e-01
      vertex   8.310611e-01 1.733333e+01 -4.284418e-01
      vertex   8.680240e-01 1.733333e+01 -3.475044e-01
    endloop
  endfacet
  facet normal -9.450008e-01 -1.089355e-17 3.270680e-01
    outer loop
      vertex   8.680240e-01 1.900000e+01 -3.475044e-01
      vertex   8.680240e-01 1.733333e+01 -3.475044e-01
      vertex   8.971259e-01 1.900000e+01 -2.634199e-01
    endloop
  endfacet
  facet normal -9.450008e-01 0.000000e+00 3.270680e-01
    outer loop
      vertex   8.971259e-01 1.900000e+01 -2.634199e-01
      vertex   8.680240e-01 1.733333e+01 -3.475044e-01
      vertex   8.971259e-01 1.733333e+01 -2.634199e-01
    endloop
  endfacet
  facet normal -9.718116e-01 0.000000e+00 2.357589e-01
    outer loop
      vertex   8.971259e-01 1.900000e+01 -2.634199e-01
      vertex   8.971259e-01 1.733333e+01 -2.634199e-01
      vertex   9.181033e-01 1.900000e+01 -1.769499e-01
    endloop
  endfacet
  facet normal -9.718116e-01 -7.852350e-18 2.357589e-01
    outer loop
      vertex   9.181033e-01 1.900000e+01 -1.769499e-01
      vertex   8.971259e-01 1.733333e+01 -2.634199e-01
      vertex   9.181033e-01 1.733333e+01 -1.769499e-01
    endloop
  endfacet
  facet normal -9.898214e-01 -4.740036e-18 1.423148e-01
    outer loop
      vertex   9.181033e-01 1.900000e+01 -1.769499e-01
      vertex   9.181033e-01 1.733333e+01 -1.769499e-01
      vertex   9.307662e-01 1.900000e+01 -8.887740e-02
    endloop
  endfacet
  facet normal -9.898214e-01 -3.555027e-18 1.423148e-01
    outer loop
      vertex   9.307662e-01 1.900000e+01 -8.887740e-02
      vertex   9.181033e-01 1.733333e+01 -1.769499e-01
      vertex   9.307662e-01 1.733333e+01 -8.887740e-02
    endloop
  endfacet
  facet normal 9.988673e-01 0.000000e+00 -4.758192e-02
    outer loop
      vertex   -9.350000e-01 1.566667e+01 1.145045e-16
      vertex   -9.350000e-01 1.733333e+01 1.145045e-16
      vertex   -9.307662e-01 1.566667e+01 8.887740e-02
    endloop
  endfacet
  facet normal 9.988673e-01 0.000000e+00 -4.758192e-02
    outer loop
      vertex   -9.307662e-01 1.566667e+01 8.887740e-02
      vertex   -9.350000e-01 1.733333e+01 1.145045e-16
      vertex   -9.307662e-01 1.733333e+01 8.887740e-02
    endloop
  endfacet
  facet normal 9.898214e-01 0.000000e+00 -1.423148e-01
    outer loop
      vertex   -9.307662e-01 1.566667e+01 8.887740e-02
      vertex   -9.307662e-01 1.733333e+01 8.887740e-02
      vertex   -9.181033e-01 1.566667e+01 1.769499e-01
    endloop
  endfacet
  facet normal 9.898214e-01 0.000000e+00 -1.423148e-01
    outer loop
      vertex   -9.181033e-01 1.566667e+01 1.769499e-01
      vertex   -9.307662e-01 1.733333e+01 8.887740e-02
      vertex   -9.181033e-01 1.733333e+01 1.769499e-01
    endloop
  endfacet
  facet normal 9.718116e-01 0.000000e+00 -2.357589e-01
    outer loop
      vertex   -9.181033e-01 1.566667e+01 1.769499e-01
      vertex   -9.181033e-01 1.733333e+01 1.769499e-01
      vertex   -8.971259e-01 1.566667e+01 2.634199e-01
    endloop
  endfacet
  facet normal 9.718116e-01 0.000000e+00 -2.357589e-01
    outer loop
      vertex   -8.971259e-01 1.566667e+01 2.634199e-01
      vertex   -9.181033e-01 1.733333e+01 1.769499e-01
      vertex   -8.971259e-01 1.733333e+01 2.634199e-01
    endloop
  endfacet
  facet normal 9.450008e-01 0.000000e+00 -3.270680e-01
    outer loop
      vertex   -8.971259e-01 1.566667e+01 2.634199e-01
      vertex   -8.971259e-01 1.733333e+01 2.634199e-01
      vertex   -8.680240e-01 1.566667e+01 3.475044e-01
    endloop
  endfacet
  facet normal 9.450008e-01 0.000000e+00 -3.270680e-01
    outer loop
      vertex   -8.680240e-01 1.566667e+01 3.475044e-01
      vertex   -8.971259e-01 1.733333e+01 2.634199e-01
      vertex   -8.680240e-01 1.733333e+01 3.475044e-01
    endloop
  endfacet
  facet normal 9.096320e-01 0.000000e+00 -4.154150e-01
    outer loop
      vertex   -8.680240e-01 1.566667e+01 3.475044e-01
      vertex   -8.680240e-01 1.733333e+01 3.475044e-01
      vertex   -8.310611e-01 1.566667e+01 4.284418e-01
    endloop
  endfacet
  facet normal 9.096320e-01 0.000000e+00 -4.154150e-01
    outer loop
      vertex   -8.310611e-01 1.566667e+01 4.284418e-01
      vertex   -8.680240e-01 1.733333e+01 3.475044e-01
      vertex   -8.310611e-01 1.733333e+01 4.284418e-01
    endloop
  endfacet
  facet normal 8.660254e-01 0.000000e+00 -5.000000e-01
    outer loop
      vertex   -8.310611e-01 1.566667e+01 4.284418e-01
      vertex   -8.310611e-01 1.733333e+01 4.284418e-01
      vertex   -7.865721e-01 1.566667e+01 5.054992e-01
    endloop
  endfacet
  facet normal 8.660254e-01 0.000000e+00 -5.000000e-01
    outer loop
      vertex   -7.865721e-01 1.566667e+01 5.054992e-01
      vertex   -8.310611e-01 1.733333e+01 4.284418e-01
      vertex   -7.865721e-01 1.733333e+01 5.054992e-01
    endloop
  endfacet
  facet normal 8.145760e-01 0.000000e+00 -5.800569e-01
    outer loop
      vertex   -7.865721e-01 1.566667e+01 5.054992e-01
      vertex   -7.865721e-01 1.733333e+01 5.054992e-01
      vertex   -7.349596e-01 1.566667e+01 5.779787e-01
    endloop
  endfacet
  facet normal 8.145760e-01 0.000000e+00 -5.800569e-01
    outer loop
      vertex   -7.349596e-01 1.566667e+01 5.779787e-01
      vertex   -7.865721e-01 1.733333e+01 5.054992e-01
      vertex   -7.349596e-01 1.733333e+01 5.779787e-01
    endloop
  endfacet
  facet normal 7.557496e-01 0.000000e+00 -6.548607e-01
    outer loop
      vertex   -7.349596e-01 1.566667e+01 5.779787e-01
      vertex   -7.349596e-01 1.733333e+01 5.779787e-01
      vertex   -6.766913e-01 1.566667e+01 6.452239e-01
    endloop
  endfacet
  facet normal 7.557496e-01 0.000000e+00 -6.548607e-01
    outer loop
      vertex   -6.766913e-01 1.566667e+01 6.452239e-01
      vertex   -7.349596e-01 1.733333e+01 5.779787e-01
      vertex   -6.766913e-01 1.733333e+01 6.452239e-01
    endloop
  endfacet
  facet normal 6.900790e-01 0.000000e+00 -7.237340e-01
    outer loop
      vertex   -6.766913e-01 1.566667e+01 6.452239e-01
      vertex   -6.766913e-01 1.733333e+01 6.452239e-01
      vertex   -6.122948e-01 1.566667e+01 7.066259e-01
    endloop
  endfacet
  facet normal 6.900790e-01 0.000000e+00 -7.237340e-01
    outer loop
      vertex   -6.122948e-01 1.566667e+01 7.066259e-01
      vertex   -6.766913e-01 1.733333e+01 6.452239e-01
      vertex   -6.122948e-01 1.733333e+01 7.066259e-01
    endloop
  endfacet
  facet normal 6.181590e-01 0.000000e+00 -7.860531e-01
    outer loop
      vertex   -6.122948e-01 1.566667e+01 7.066259e-01
      vertex   -6.122948e-01 1.733333e+01 7.066259e-01
      vertex   -5.423532e-01 1.566667e+01 7.616285e-01
    endloop
  endfacet
  facet normal 6.181590e-01 0.000000e+00 -7.860531e-01
    outer loop
      vertex   -5.423532e-01 1.566667e+01 7.616285e-01
      vertex   -6.122948e-01 1.733333e+01 7.066259e-01
      vertex   -5.423532e-01 1.733333e+01 7.616285e-01
    endloop
  endfacet
  facet normal 5.406408e-01 0.000000e+00 -8.412535e-01
    outer loop
      vertex   -5.423532e-01 1.566667e+01 7.616285e-01
      vertex   -5.423532e-01 1.733333e+01 7.616285e-01
      vertex   -4.675000e-01 1.566667e+01 8.097338e-01
    endloop
  endfacet
  facet normal 5.406408e-01 0.000000e+00 -8.412535e-01
    outer loop
      vertex   -4.675000e-01 1.566667e+01 8.097338e-01
      vertex   -5.423532e-01 1.733333e+01 7.616285e-01
      vertex   -4.675000e-01 1.733333e+01 8.097338e-01
    endloop
  endfacet
  facet normal 4.582265e-01 0.000000e+00 -8.888354e-01
    outer loop
      vertex   -4.675000e-01 1.566667e+01 8.097338e-01
      vertex   -4.675000e-01 1.733333e+01 8.097338e-01
      vertex   -3.884130e-01 1.566667e+01 8.505059e-01
    endloop
  endfacet
  facet normal 4.582265e-01 1.839701e-18 -8.888354e-01
    outer loop
      vertex   -3.884130e-01 1.566667e+01 8.505059e-01
      vertex   -4.675000e-01 1.733333e+01 8.097338e-01
      vertex   -3.884130e-01 1.733333e+01 8.505059e-01
    endloop
  endfacet
  facet normal 3.716625e-01 -1.232634e-17 -9.283679e-01
    outer loop
      vertex   -3.884130e-01 1.566667e+01 8.505059e-01
      vertex   -3.884130e-01 1.733333e+01 8.505059e-01
      vertex   -3.058085e-01 1.566667e+01 8.835758e-01
    endloop
  endfacet
  facet normal 3.716625e-01 -8.654692e-17 -9.283679e-01
    outer loop
      vertex   -3.058085e-01 1.566667e+01 8.835758e-01
      vertex   -3.884130e-01 1.733333e+01 8.505059e-01
      vertex   -3.058085e-01 1.733333e+01 8.835758e-01
    endloop
  endfacet
  facet normal 2.817326e-01 -9.967941e-17 -9.594930e-01
    outer loop
      vertex   -3.058085e-01 1.566667e+01 8.835758e-01
      vertex   -3.058085e-01 1.733333e+01 8.835758e-01
      vertex   -2.204346e-01 1.566667e+01 9.086438e-01
    endloop
  endfacet
  facet normal 2.817326e-01 0.000000e+00 -9.594930e-01
    outer loop
      vertex   -2.204346e-01 1.566667e+01 9.086438e-01
      vertex   -3.058085e-01 1.733333e+01 8.835758e-01
      vertex   -2.204346e-01 1.733333e+01 9.086438e-01
    endloop
  endfacet
  facet normal 1.892512e-01 0.000000e+00 -9.819287e-01
    outer loop
      vertex   -2.204346e-01 1.566667e+01 9.086438e-01
      vertex   -2.204346e-01 1.733333e+01 9.086438e-01
      vertex   -1.330644e-01 1.566667e+01 9.254830e-01
    endloop
  endfacet
  facet normal 1.892512e-01 0.000000e+00 -9.819287e-01
    outer loop
      vertex   -1.330644e-01 1.566667e+01 9.254830e-01
      vertex   -2.204346e-01 1.733333e+01 9.086438e-01
      vertex   -1.330644e-01 1.733333e+01 9.254830e-01
    endloop
  endfacet
  facet normal 9.505604e-02 0.000000e+00 -9.954719e-01
    outer loop
      vertex   -1.330644e-01 1.566667e+01 9.254830e-01
      vertex   -1.330644e-01 1.733333e+01 9.254830e-01
      vertex   -4.448909e-02 1.566667e+01 9.339410e-01
    endloop
  endfacet
  facet normal 9.505604e-02 1.187251e-17 -9.954719e-01
    outer loop
      vertex   -4.448909e-02 1.566667e+01 9.339410e-01
      vertex   -1.330644e-01 1.733333e+01 9.254830e-01
      vertex   -4.448909e-02 1.733333e+01 9.339410e-01
    endloop
  endfacet
  facet normal 0.000000e+00 0.000000e+00 -1.000000e+00
    outer loop
      vertex   -4.448909e-02 1.566667e+01 9.339410e-01
      vertex   -4.448909e-02 1.733333e+01 9.339410e-01
      vertex   4.448909e-02 1.566667e+01 9.339410e-01
    endloop
  endfacet
  facet normal 0.000000e+00 0.000000e+00 -1.000000e+00
    outer loop
      vertex   4.448909e-02 1.566667e+01 9.339410e-01
      vertex   -4.448909e-02 1.733333e+01 9.339410e-01
      vertex   4.448909e-02 1.733333e+01 9.339410e-01
    endloop
  endfacet
  facet normal -9.505604e-02 -1.187251e-17 -9.954719e-01
    outer loop
      vertex   4.448909e-02 1.566667e+01 9.339410e-01
      vertex   4.448909e-02 1.733333e+01 9.339410e-01
      vertex   1.330644e-01 1.566667e+01 9.254830e-01
    endloop
  endfacet
  facet normal -9.505604e-02 0.000000e+00 -9.954719e-01
    outer loop
      vertex   1.330644e-01 1.566667e+01 9.254830e-01
      vertex   4.448909e-02 1.733333e+01 9.339410e-01
      vertex   1.330644e-01 1.733333e+01 9.254830e-01
    endloop
  endfacet
  facet normal -1.892512e-01 0.000000e+00 -9.819287e-01
    outer loop
      vertex   1.330644e-01 1.566667e+01 9.254830e-01
      vertex   1.330644e-01 1.733333e+01 9.254830e-01
      vertex   2.204346e-01 1.566667e+01 9.086438e-01
    endloop
  endfacet
  facet normal -1.892512e-01 0.000000e+00 -9.819287e-01
    outer loop
      vertex   2.204346e-01 1.566667e+01 9.086438e-01
      vertex   1.330644e-01 1.733333e+01 9.254830e-01
      vertex   2.204346e-01 1.733333e+01 9.086438e-01
    endloop
  endfacet
  facet normal -2.817326e-01 0.000000e+00 -9.594930e-01
    outer loop
      vertex   2.204346e-01 1.566667e+01 9.086438e-01
      vertex   2.204346e-01 1.733333e+01 9.086438e-01
      vertex   3.058085e-01 1.566667e+01 8.835758e-01
    endloop
  endfacet
  facet normal -2.817326e-01 0.000000e+00 -9.594930e-01
    outer loop
      vertex   3.058085e-01 1.566667e+01 8.835758e-01
      vertex   2.204346e-01 1.733333e+01 9.086438e-01
      vertex   3.058085e-01 1.733333e+01 8.835758e-01
    endloop
  endfacet
  facet normal -3.716625e-01 0.000000e+00 -9.283679e-01
    outer loop
      vertex   3.058085e-01 1.566667e+01 8.835758e-01
      vertex   3.058085e-01 1.733333e+01 8.835758e-01
      vertex   3.884130e-01 1.566667e+01 8.505059e-01
    endloop
  endfacet
  facet normal -3.716625e-01 3.708403e-17 -9.283679e-01
    outer loop
      vertex   3.884130e-01 1.566667e+01 8.505059e-01
      vertex   3.058085e-01 1.733333e+01 8.835758e-01
      vertex   3.884130e-01 1.733333e+01 8.505059e-01
    endloop
  endfacet
  facet normal -4.582265e-01 2.868432e-17 -8.888354e-01
    outer loop
      vertex   3.884130e-01 1.566667e+01 8.505059e-01
      vertex   3.884130e-01 1.733333e+01 8.505059e-01
      vertex   4.675000e-01 1.566667e+01 8.097338e-01
    endloop
  endfacet
  facet normal -4.582265e-01 0.000000e+00 -8.888354e-01
    outer loop
      vertex   4.675000e-01 1.566667e+01 8.097338e-01
      vertex   3.884130e-01 1.733333e+01 8.505059e-01
      vertex   4.675000e-01 1.733333e+01 8.097338e-01
    endloop
  endfacet
  facet normal -5.406408e-01 0.000000e+00 -8.412535e-01
    outer loop
      vertex   4.675000e-01 1.566667e+01 8.097338e-01
      vertex   4.675000e-01 1.733333e+01 8.097338e-01
      vertex   5.423532e-01 1.566667e+01 7.616285e-01
    endloop
  endfacet
  facet normal -5.406408e-01 2.002483e-17 -8.412535e-01
    outer loop
      vertex   5.423532e-01 1.566667e+01 7.616285e-01
      vertex   4.675000e-01 1.733333e+01 8.097338e-01
      vertex   5.423532e-01 1.733333e+01 7.616285e-01
    endloop
  endfacet
  facet normal -6.181590e-01 1.118399e-17 -7.860531e-01
    outer loop
      vertex   5.423532e-01 1.566667e+01 7.616285e-01
      vertex   5.423532e-01 1.733333e+01 7.616285e-01
      vertex   6.122948e-01 1.566667e+01 7.066259e-01
    endloop
  endfacet
  facet normal -6.181590e-01 0.000000e+00 -7.860531e-01
    outer loop
      vertex   6.122948e-01 1.566667e+01 7.066259e-01
      vertex   5.423532e-01 1.733333e+01 7.616285e-01
      vertex   6.122948e-01 1.733333e+01 7.066259e-01
    endloop
  endfacet
  facet normal -6.900790e-01 0.000000e+00 -7.237340e-01
    outer loop
      vertex   6.122948e-01 1.566667e+01 7.066259e-01
      vertex   6.122948e-01 1.733333e+01 7.066259e-01
      vertex   6.766913e-01 1.566667e+01 6.452239e-01
    endloop
  endfacet
  facet normal -6.900790e-01 0.000000e+00 -7.237340e-01
    outer loop
      vertex   6.766913e-01 1.566667e+01 6.452239e-01
      vertex   6.122948e-01 1.733333e+01 7.066259e-01
      vertex   6.766913e-01 1.733333e+01 6.452239e-01
    endloop
  endfacet
  facet normal -7.557496e-01 0.000000e+00 -6.548607e-01
    outer loop
      vertex   6.766913e-01 1.566667e+01 6.452239e-01
      vertex   6.766913e-01 1.733333e+01 6.452239e-01
      vertex   7.349596e-01 1.566667e+01 5.779787e-01
    endloop
  endfacet
  facet normal -7.557496e-01 4.362249e-17 -6.548607e-01
    outer loop
      vertex   7.349596e-01 1.566667e+01 5.779787e-01
      vertex   6.766913e-01 1.733333e+01 6.452239e-01
      vertex   7.349596e-01 1.733333e+01 5.779787e-01
    endloop
  endfacet
  facet normal -8.145760e-01 3.863955e-17 -5.800569e-01
    outer loop
      vertex   7.349596e-01 1.566667e+01 5.779787e-01
      vertex   7.349596e-01 1.733333e+01 5.779787e-01
      vertex   7.865721e-01 1.566667e+01 5.054992e-01
    endloop
  endfacet
  facet normal -8.145760e-01 0.000000e+00 -5.800569e-01
    outer loop
      vertex   7.865721e-01 1.566667e+01 5.054992e-01
      vertex   7.349596e-01 1.733333e+01 5.779787e-01
      vertex   7.865721e-01 1.733333e+01 5.054992e-01
    endloop
  endfacet
  facet normal -8.660254e-01 0.000000e+00 -5.000000e-01
    outer loop
      vertex   7.865721e-01 1.566667e+01 5.054992e-01
      vertex   7.865721e-01 1.733333e+01 5.054992e-01
      vertex   8.310611e-01 1.566667e+01 4.284418e-01
    endloop
  endfacet
  facet normal -8.660254e-01 0.000000e+00 -5.000000e-01
    outer loop
      vertex   8.310611e-01 1.566667e+01 4.284418e-01
      vertex   7.865721e-01 1.733333e+01 5.054992e-01
      vertex   8.310611e-01 1.733333e+01 4.284418e-01
    endloop
  endfacet
  facet normal -9.096320e-01 0.000000e+00 -4.154150e-01
    outer loop
      vertex   8.310611e-01 1.566667e+01 4.284418e-01
      vertex   8.310611e-01 1.733333e+01 4.284418e-01
      vertex   8.680240e-01 1.566667e+01 3.475044e-01
    endloop
  endfacet
  facet normal -9.096320e-01 0.000000e+00 -4.154150e-01
    outer loop
      vertex   8.680240e-01 1.566667e+01 3.475044e-01
      vertex   8.310611e-01 1.733333e+01 4.284418e-01
      vertex   8.680240e-01 1.733333e+01 3.475044e-01
    endloop
  endfacet
  facet normal -9.450008e-01 0.000000e+00 -3.270680e-01
    outer loop
      vertex   8.680240e-01 1.566667e+01 3.475044e-01
      vertex   8.680240e-01 1.733333e+01 3.475044e-01
      vertex   8.971259e-01 1.566667e+01 2.634199e-01
    endloop
  endfacet
  facet normal -9.450008e-01 0.000000e+00 -3.270680e-01
    outer loop
      vertex   8.971259e-01 1.566667e+01 2.634199e-01
      vertex   8.680240e-01 1.733333e+01 3.475044e-01
      vertex   8.971259e-01 1.733333e+01 2.634199e-01
    endloop
  endfacet
  facet normal -9.718116e-01 0.000000e+00 -2.357589e-01
    outer loop
      vertex   8.971259e-01 1.566667e+01 2.634199e-01
      vertex   8.971259e-01 1.733333e+01 2.634199e-01
      vertex   9.181033e-01 1.566667e+01 1.769499e-01
    endloop
  endfacet
  facet normal -9.718116e-01 7.852350e-18 -2.357589e-01
    outer loop
      vertex   9.181033e-01 1.566667e+01 1.769499e-01
      vertex   8.971259e-01 1.733333e+01 2.634199e-01
      vertex   9.181033e-01 1.733333e+01 1.769499e-01
    endloop
  endfacet
  facet normal -9.898214e-01 4.740036e-18 -1.423148e-01
    outer loop
      vertex   9.181033e-01 1.566667e+01 1.769499e-01
      vertex   9.181033e-01 1.733333e+01 1.769499e-01
      vertex   9.307662e-01 1.566667e+01 8.887740e-02
    endloop
  endfacet
  facet normal -9.898214e-01 7.110054e-18 -1.423148e-01
    outer loop
      vertex   9.307662e-01 1.566667e+01 8.887740e-02
      vertex   9.181033e-01 1.733333e+01 1.769499e-01
      vertex   9.307662e-01 1.733333e+01 8.887740e-02
    endloop
  endfacet
  facet normal -9.988673e-01 2.377194e-18 -4.758192e-02
    outer loop
      vertex   9.307662e-01 1.566667e+01 8.887740e-02
      vertex   9.307662e-01 1.733333e+01 8.887740e-02
      vertex   9.350000e-01 1.566667e+01 3.816816e-17
    endloop
  endfacet
  facet normal -9.988673e-01 1.089668e-18 -4.758192e-02
    outer loop
      vertex   9.350000e-01 1.566667e+01 3.816816e-17
      vertex   9.307662e-01 1.733333e+01 8.887740e-02
      vertex   9.350000e-01 1.733333e+01 7.633632e-17
    endloop
  endfacet
  facet normal -9.988673e-01 -1.089668e-18 4.758192e-02
    outer loop
      vertex   9.350000e-01 1.566667e+01 3.816816e-17
      vertex   9.350000e-01 1.733333e+01 7.633632e-17
      vertex   9.307662e-01 1.566667e+01 -8.887740e-02
    endloop
  endfacet
  facet normal -9.988673e-01 -1.188597e-18 4.758192e-02
    outer loop
      vertex   9.307662e-01 1.566667e+01 -8.887740e-02
      vertex   9.350000e-01 1.733333e+01 7.633632e-17
      vertex   9.307662e-01 1.733333e+01 -8.887740e-02
    endloop
  endfacet
  facet normal -9.898214e-01 -3.555027e-18 1.423148e-01
    outer loop
      vertex   9.307662e-01 1.566667e+01 -8.887740e-02
      vertex   9.307662e-01 1.733333e+01 -8.887740e-02
      vertex   9.181033e-01 1.566667e+01 -1.769499e-01
    endloop
  endfacet
  facet normal -9.898214e-01 -4.740036e-18 1.423148e-01
    outer loop
      vertex   9.181033e-01 1.566667e+01 -1.769499e-01
      vertex   9.307662e-01 1.733333e+01 -8.887740e-02
      vertex   9.181033e-01 1.733333e+01 -1.769499e-01
    endloop
  endfacet
  facet normal -9.718116e-01 -7.852350e-18 2.357589e-01
    outer loop
      vertex   9.181033e-01 1.566667e+01 -1.769499e-01
      vertex   9.181033e-01 1.733333e+01 -1.769499e-01
      vertex   8.971259e-01 1.566667e+01 -2.634199e-01
    endloop
  endfacet
  facet normal -9.718116e-01 0.000000e+00 2.357589e-01
    outer loop
      vertex   8.971259e-01 1.566667e+01 -2.634199e-01
      vertex   9.181033e-01 1.733333e+01 -1.769499e-01
      vertex   8.971259e-01 1.733333e+01 -2.634199e-01
    endloop
  endfacet
  facet normal -9.450008e-01 0.000000e+00 3.270680e-01
    outer loop
      vertex   8.971259e-01 1.566667e+01 -2.634199e-01
      vertex   8.971259e-01 1.733333e+01 -2.634199e-01
      vertex   8.680240e-01 1.566667e+01 -3.475044e-01
    endloop
  endfacet
  facet normal -9.450008e-01 0.000000e+00 3.270680e-01
    outer loop
      vertex   8.680240e-01 1.566667e+01 -3.475044e-01
      vertex   8.971259e-01 1.733333e+01 -2.634199e-01
      vertex   8.680240e-01 1.733333e+01 -3.475044e-01
    endloop
  endfacet
  facet normal -9.096320e-01 0.000000e+00 4.154150e-01
    outer loop
      vertex   8.680240e-01 1.566667e+01 -3.475044e-01
      vertex   8.680240e-01 1.733333e+01 -3.475044e-01
      vertex   8.310611e-01 1.566667e+01 -4.284418e-01
    endloop
  endfacet
  facet normal -9.096320e-01 -1.383610e-17 4.154150e-01
    outer loop
      vertex   8.310611e-01 1.566667e+01 -4.284418e-01
      vertex   8.680240e-01 1.733333e+01 -3.475044e-01
      vertex   8.310611e-01 1.733333e+01 -4.284418e-01
    endloop
  endfacet
  facet normal -8.660254e-01 -1.665335e-17 5.000000e-01
    outer loop
      vertex   8.310611e-01 1.566667e+01 -4.284418e-01
      vertex   8.310611e-01 1.733333e+01 -4.284418e-01
      vertex   7.865721e-01 1.566667e+01 -5.054992e-01
    endloop
  endfacet
  facet normal -8.660254e-01 0.000000e+00 5.000000e-01
    outer loop
      vertex   7.865721e-01 1.566667e+01 -5.054992e-01
      vertex   8.310611e-01 1.733333e+01 -4.284418e-01
      vertex   7.865721e-01 1.733333e+01 -5.054992e-01
    endloop
  endfacet
  facet normal -8.145760e-01 0.000000e+00 5.800569e-01
    outer loop
      vertex   7.865721e-01 1.566667e+01 -5.054992e-01
      vertex   7.865721e-01 1.733333e+01 -5.054992e-01
      vertex   7.349596e-01 1.566667e+01 -5.779787e-01
    endloop
  endfacet
  facet normal -8.145760e-01 0.000000e+00 5.800569e-01
    outer loop
      vertex   7.349596e-01 1.566667e+01 -5.779787e-01
      vertex   7.865721e-01 1.733333e+01 -5.054992e-01
      vertex   7.349596e-01 1.733333e+01 -5.779787e-01
    endloop
  endfacet
  facet normal -7.557496e-01 0.000000e+00 6.548607e-01
    outer loop
      vertex   7.349596e-01 1.566667e+01 -5.779787e-01
      vertex   7.349596e-01 1.733333e+01 -5.779787e-01
      vertex   6.766913e-01 1.566667e+01 -6.452239e-01
    endloop
  endfacet
  facet normal -7.557496e-01 0.000000e+00 6.548607e-01
    outer loop
      vertex   6.766913e-01 1.566667e+01 -6.452239e-01
      vertex   7.349596e-01 1.733333e+01 -5.779787e-01
      vertex   6.766913e-01 1.733333e+01 -6.452239e-01
    endloop
  endfacet
  facet normal -6.900790e-01 0.000000e+00 7.237340e-01
    outer loop
      vertex   6.766913e-01 1.566667e+01 -6.452239e-01
      vertex   6.766913e-01 1.733333e+01 -6.452239e-01
      vertex   6.122948e-01 1.566667e+01 -7.066259e-01
    endloop
  endfacet
  facet normal -6.900790e-01 0.000000e+00 7.237340e-01
    outer loop
      vertex   6.122948e-01 1.566667e+01 -7.066259e-01
      vertex   6.766913e-01 1.733333e+01 -6.452239e-01
      vertex   6.122948e-01 1.733333e+01 -7.066259e-01
    endloop
  endfacet
  facet normal -6.181590e-01 0.000000e+00 7.860531e-01
    outer loop
      vertex   6.122948e-01 1.566667e+01 -7.066259e-01
      vertex   6.122948e-01 1.733333e+01 -7.066259e-01
      vertex   5.423532e-01 1.566667e+01 -7.616285e-01
    endloop
  endfacet
  facet normal -6.181590e-01 0.000000e+00 7.860531e-01
    outer loop
      vertex   5.423532e-01 1.566667e+01 -7.616285e-01
      vertex   6.122948e-01 1.733333e+01 -7.066259e-01
      vertex   5.423532e-01 1.733333e+01 -7.616285e-01
    endloop
  endfacet
  facet normal -5.406408e-01 0.000000e+00 8.412535e-01
    outer loop
      vertex   5.423532e-01 1.566667e+01 -7.616285e-01
      vertex   5.423532e-01 1.733333e+01 -7.616285e-01
      vertex   4.675000e-01 1.566667e+01 -8.097338e-01
    endloop
  endfacet
  facet normal -5.406408e-01 0.000000e+00 8.412535e-01
    outer loop
      vertex   4.675000e-01 1.566667e+01 -8.097338e-01
      vertex   5.423532e-01 1.733333e+01 -7.616285e-01
      vertex   4.675000e-01 1.733333e+01 -8.097338e-01
    endloop
  endfacet
  facet normal -4.582265e-01 0.000000e+00 8.888354e-01
    outer loop
      vertex   4.675000e-01 1.566667e+01 -8.097338e-01
      vertex   4.675000e-01 1.733333e+01 -8.097338e-01
      vertex   3.884130e-01 1.566667e+01 -8.505059e-01
    endloop
  endfacet
  facet normal -4.582265e-01 0.000000e+00 8.888354e-01
    outer loop
      vertex   3.884130e-01 1.566667e+01 -8.505059e-01
      vertex   4.675000e-01 1.733333e+01 -8.097338e-01
      vertex   3.884130e-01 1.733333e+01 -8.505059e-01
    endloop
  endfacet
  facet normal -3.716625e-01 0.000000e+00 9.283679e-01
    outer loop
      vertex   3.884130e-01 1.566667e+01 -8.505059e-01
      vertex   3.884130e-01 1.733333e+01 -8.505059e-01
      vertex   3.058085e-01 1.566667e+01 -8.835758e-01
    endloop
  endfacet
  facet normal -3.716625e-01 0.000000e+00 9.283679e-01
    outer loop
      vertex   3.058085e-01 1.566667e+01 -8.835758e-01
      vertex   3.884130e-01 1.733333e+01 -8.505059e-01
      vertex   3.058085e-01 1.733333e+01 -8.835758e-01
    endloop
  endfacet
  facet normal -2.817326e-01 0.000000e+00 9.594930e-01
    outer loop
      vertex   3.058085e-01 1.566667e+01 -8.835758e-01
      vertex   3.058085e-01 1.733333e+01 -8.835758e-01
      vertex   2.204346e-01 1.566667e+01 -9.086438e-01
    endloop
  endfacet
  facet normal -2.817326e-01 -2.638075e-17 9.594930e-01
    outer loop
      vertex   2.204346e-01 1.566667e+01 -9.086438e-01
      vertex   3.058085e-01 1.733333e+01 -8.835758e-01
      vertex   2.204346e-01 1.733333e+01 -9.086438e-01
    endloop
  endfacet
  facet normal -1.892512e-01 -4.019626e-17 9.819287e-01
    outer loop
      vertex   2.204346e-01 1.566667e+01 -9.086438e-01
      vertex   2.204346e-01 1.733333e+01 -9.086438e-01
      vertex   1.330644e-01 1.566667e+01 -9.254830e-01
    endloop
  endfacet
  facet normal -1.892512e-01 0.000000e+00 9.819287e-01
    outer loop
      vertex   1.330644e-01 1.566667e+01 -9.254830e-01
      vertex   2.204346e-01 1.733333e+01 -9.086438e-01
      vertex   1.330644e-01 1.733333e+01 -9.254830e-01
    endloop
  endfacet
  facet normal -9.505604e-02 0.000000e+00 9.954719e-01
    outer loop
      vertex   1.330644e-01 1.566667e+01 -9.254830e-01
      vertex   1.330644e-01 1.733333e+01 -9.254830e-01
      vertex   4.448909e-02 1.566667e+01 -9.339410e-01
    endloop
  endfacet
  facet normal -9.505604e-02 0.000000e+00 9.954719e-01
    outer loop
      vertex   4.448909e-02 1.566667e+01 -9.339410e-01
      vertex   1.330644e-01 1.733333e+01 -9.254830e-01
      vertex   4.448909e-02 1.733333e+01 -9.339410e-01
    endloop
  endfacet
  facet normal 0.000000e+00 -0.000000e+00 1.000000e+00
    outer loop
      vertex   4.448909e-02 1.566667e+01 -9.339410e-01
      vertex   4.448909e-02 1.733333e+01 -9.339410e-01
      vertex   -4.448909e-02 1.566667e+01 -9.339410e-01
    endloop
  endfacet
  facet normal 0.000000e+00 0.000000e+00 1.000000e+00
    outer loop
      vertex   -4.448909e-02 1.566667e+01 -9.339410e-01
      vertex   4.448909e-02 1.733333e+01 -9.339410e-01
      vertex   -4.448909e-02 1.733333e+01 -9.339410e-01
    endloop
  endfacet
  facet normal 9.505604e-02 -0.000000e+00 9.954719e-01
    outer loop
      vertex   -4.448909e-02 1.566667e+01 -9.339410e-01
      vertex   -4.448909e-02 1.733333e+01 -9.339410e-01
      vertex   -1.330644e-01 1.566667e+01 -9.254830e-01
    endloop
  endfacet
  facet normal 9.505604e-02 -0.000000e+00 9.954719e-01
    outer loop
      vertex   -1.330644e-01 1.566667e+01 -9.254830e-01
      vertex   -4.448909e-02 1.733333e+01 -9.339410e-01
      vertex   -1.330644e-01 1.733333e+01 -9.254830e-01
    endloop
  endfacet
  facet normal 1.892512e-01 -0.000000e+00 9.819287e-01
    outer loop
      vertex   -1.330644e-01 1.566667e+01 -9.254830e-01
      vertex   -1.330644e-01 1.733333e+01 -9.254830e-01
      vertex   -2.204346e-01 1.566667e+01 -9.086438e-01
    endloop
  endfacet
  facet normal 1.892512e-01 -0.000000e+00 9.819287e-01
    outer loop
      vertex   -2.204346e-01 1.566667e+01 -9.086438e-01
      vertex   -1.330644e-01 1.733333e+01 -9.254830e-01
      vertex   -2.204346e-01 1.733333e+01 -9.086438e-01
    endloop
  endfacet
  facet normal 2.817326e-01 -0.000000e+00 9.594930e-01
    outer loop
      vertex   -2.204346e-01 1.566667e+01 -9.086438e-01
      vertex   -2.204346e-01 1.733333e+01 -9.086438e-01
      vertex   -3.058085e-01 1.566667e+01 -8.835758e-01
    endloop
  endfacet
  facet normal 2.817326e-01 -0.000000e+00 9.594930e-01
    outer loop
      vertex   -3.058085e-01 1.566667e+01 -8.835758e-01
      vertex   -2.204346e-01 1.733333e+01 -9.086438e-01
      vertex   -3.058085e-01 1.733333e+01 -8.835758e-01
    endloop
  endfacet
  facet normal 3.716625e-01 -0.000000e+00 9.283679e-01
    outer loop
      vertex   -3.058085e-01 1.566667e+01 -8.835758e-01
      vertex   -3.058085e-01 1.733333e+01 -8.835758e-01
      vertex   -3.884130e-01 1.566667e+01 -8.505059e-01
    endloop
  endfacet
  facet normal 3.716625e-01 -0.000000e+00 9.283679e-01
    outer loop
      vertex   -3.884130e-01 1.566667e+01 -8.505059e-01
      vertex   -3.058085e-01 1.733333e+01 -8.835758e-01
      vertex   -3.884130e-01 1.733333e+01 -8.505059e-01
    endloop
  endfacet
  facet normal 4.582265e-01 -0.000000e+00 8.888354e-01
    outer loop
      vertex   -3.884130e-01 1.566667e+01 -8.505059e-01
      vertex   -3.884130e-01 1.733333e+01 -8.505059e-01
      vertex   -4.675000e-01 1.566667e+01 -8.097338e-01
    endloop
  endfacet
  facet normal 4.582265e-01 1.013150e-16 8.888354e-01
    outer loop
      vertex   -4.675000e-01 1.566667e+01 -8.097338e-01
      vertex   -3.884130e-01 1.733333e+01 -8.505059e-01
      vertex   -4.675000e-01 1.733333e+01 -8.097338e-01
    endloop
  endfacet
  facet normal 5.406408e-01 7.808144e-17 8.412535e-01
    outer loop
      vertex   -4.675000e-01 1.566667e+01 -8.097338e-01
      vertex   -4.675000e-01 1.733333e+01 -8.097338e-01
      vertex   -5.423532e-01 1.566667e+01 -7.616285e-01
    endloop
  endfacet
  facet normal 5.406408e-01 4.035746e-18 8.412535e-01
    outer loop
      vertex   -5.423532e-01 1.566667e+01 -7.616285e-01
      vertex   -4.675000e-01 1.733333e+01 -8.097338e-01
      vertex   -5.423532e-01 1.733333e+01 -7.616285e-01
    endloop
  endfacet
  facet normal 6.181590e-01 -1.880967e-17 7.860531e-01
    outer loop
      vertex   -5.423532e-01 1.566667e+01 -7.616285e-01
      vertex   -5.423532e-01 1.733333e+01 -7.616285e-01
      vertex   -6.122948e-01 1.566667e+01 -7.066259e-01
    endloop
  endfacet
  facet normal 6.181590e-01 -0.000000e+00 7.860531e-01
    outer loop
      vertex   -6.122948e-01 1.566667e+01 -7.066259e-01
      vertex   -5.423532e-01 1.733333e+01 -7.616285e-01
      vertex   -6.122948e-01 1.733333e+01 -7.066259e-01
    endloop
  endfacet
  facet normal 6.900790e-01 -0.000000e+00 7.237340e-01
    outer loop
      vertex   -6.122948e-01 1.566667e+01 -7.066259e-01
      vertex   -6.122948e-01 1.733333e+01 -7.066259e-01
      vertex   -6.766913e-01 1.566667e+01 -6.452239e-01
    endloop
  endfacet
  facet normal 6.900790e-01 -0.000000e+00 7.237340e-01
    outer loop
      vertex   -6.766913e-01 1.566667e+01 -6.452239e-01
      vertex   -6.122948e-01 1.733333e+01 -7.066259e-01
      vertex   -6.766913e-01 1.733333e+01 -6.452239e-01
    endloop
  endfacet
  facet normal 7.557496e-01 -0.000000e+00 6.548607e-01
    outer loop
      vertex   -6.766913e-01 1.566667e+01 -6.452239e-01
      vertex   -6.766913e-01 1.733333e+01 -6.452239e-01
      vertex   -7.349596e-01 1.566667e+01 -5.779787e-01
    endloop
  endfacet
  facet normal 7.557496e-01 -0.000000e+00 6.548607e-01
    outer loop
      vertex   -7.349596e-01 1.566667e+01 -5.779787e-01
      vertex   -6.766913e-01 1.733333e+01 -6.452239e-01
      vertex   -7.349596e-01 1.733333e+01 -5.779787e-01
    endloop
  endfacet
  facet normal 8.145760e-01 -0.000000e+00 5.800569e-01
    outer loop
      vertex   -7.349596e-01 1.566667e+01 -5.779787e-01
      vertex   -7.349596e-01 1.733333e+01 -5.779787e-01
      vertex   -7.865721e-01 1.566667e+01 -5.054992e-01
    endloop
  endfacet
  facet normal 8.145760e-01 -0.000000e+00 5.800569e-01
    outer loop
      vertex   -7.865721e-01 1.566667e+01 -5.054992e-01
      vertex   -7.349596e-01 1.733333e+01 -5.779787e-01
      vertex   -7.865721e-01 1.733333e+01 -5.054992e-01
    endloop
  endfacet
  facet normal 8.660254e-01 -0.000000e+00 5.000000e-01
    outer loop
      vertex   -7.865721e-01 1.566667e+01 -5.054992e-01
      vertex   -7.865721e-01 1.733333e+01 -5.054992e-01
      vertex   -8.310611e-01 1.566667e+01 -4.284418e-01
    endloop
  endfacet
  facet normal 8.660254e-01 -0.000000e+00 5.000000e-01
    outer loop
      vertex   -8.310611e-01 1.566667e+01 -4.284418e-01
      vertex   -7.865721e-01 1.733333e+01 -5.054992e-01
      vertex   -8.310611e-01 1.733333e+01 -4.284418e-01
    endloop
  endfacet
  facet normal 9.096320e-01 -0.000000e+00 4.154150e-01
    outer loop
      vertex   -8.310611e-01 1.566667e+01 -4.284418e-01
      vertex   -8.310611e-01 1.733333e+01 -4.284418e-01
      vertex   -8.680240e-01 1.566667e+01 -3.475044e-01
    endloop
  endfacet
  facet normal 9.096320e-01 -0.000000e+00 4.154150e-01
    outer loop
      vertex   -8.680240e-01 1.566667e+01 -3.475044e-01
      vertex   -8.310611e-01 1.733333e+01 -4.284418e-01
      vertex   -8.680240e-01 1.733333e+01 -3.475044e-01
    endloop
  endfacet
  facet normal 9.450008e-01 -0.000000e+00 3.270680e-01
    outer loop
      vertex   -8.680240e-01 1.566667e+01 -3.475044e-01
      vertex   -8.680240e-01 1.733333e+01 -3.475044e-01
      vertex   -8.971259e-01 1.566667e+01 -2.634199e-01
    endloop
  endfacet
  facet normal 9.450008e-01 2.419871e-17 3.270680e-01
    outer loop
      vertex   -8.971259e-01 1.566667e+01 -2.634199e-01
      vertex   -8.680240e-01 1.733333e+01 -3.475044e-01
      vertex   -8.971259e-01 1.733333e+01 -2.634199e-01
    endloop
  endfacet
  facet normal 9.718116e-01 -1.916855e-18 2.357589e-01
    outer loop
      vertex   -8.971259e-01 1.566667e+01 -2.634199e-01
      vertex   -8.971259e-01 1.733333e+01 -2.634199e-01
      vertex   -9.181033e-01 1.566667e+01 -1.769499e-01
    endloop
  endfacet
  facet normal 9.718116e-01 -0.000000e+00 2.357589e-01
    outer loop
      vertex   -9.181033e-01 1.566667e+01 -1.769499e-01
      vertex   -8.971259e-01 1.733333e+01 -2.634199e-01
      vertex   -9.181033e-01 1.733333e+01 -1.769499e-01
    endloop
  endfacet
  facet normal 9.898214e-01 -0.000000e+00 1.423148e-01
    outer loop
      vertex   -9.181033e-01 1.566667e+01 -1.769499e-01
      vertex   -9.181033e-01 1.733333e+01 -1.769499e-01
      vertex   -9.307662e-01 1.566667e+01 -8.887740e-02
    endloop
  endfacet
  facet normal 9.898214e-01 -0.000000e+00 1.423148e-01
    outer loop
      vertex   -9.307662e-01 1.566667e+01 -8.887740e-02
      vertex   -9.181033e-01 1.733333e+01 -1.769499e-01
      vertex   -9.307662e-01 1.733333e+01 -8.887740e-02
    endloop
  endfacet
  facet normal 9.988673e-01 -0.000000e+00 4.758192e-02
    outer loop
      vertex   -9.307662e-01 1.566667e+01 -8.887740e-02
      vertex   -9.307662e-01 1.733333e+01 -8.887740e-02
      vertex   -9.350000e-01 1.566667e+01 1.145045e-16
    endloop
  endfacet
  facet normal 9.988673e-01 -0.000000e+00 4.758192e-02
    outer loop
      vertex   -9.350000e-01 1.566667e+01 1.145045e-16
      vertex   -9.307662e-01 1.733333e+01 -8.887740e-02
      vertex   -9.350000e-01 1.733333e+01 1.145045e-16
    endloop
  endfacet
  facet normal 9.993480e-01 5.265047e-04 3.610241e-02
    outer loop
      vertex   1.600816e+00 2.000000e+01 1.158132e-01
      vertex   1.603954e+00 1.801273e+01 5.794437e-02
      vertex   1.605000e+00 2.000000e+01 0.000000e+00
    endloop
  endfacet
  facet normal 9.999999e-01 -5.265047e-04 0.000000e+00
    outer loop
      vertex   1.605000e+00 2.000000e+01 0.000000e+00
      vertex   1.603954e+00 1.801273e+01 5.794437e-02
      vertex   1.603954e+00 1.801273e+01 -5.794437e-02
    endloop
  endfacet
  facet normal 9.993480e-01 5.265047e-04 -3.610241e-02
    outer loop
      vertex   1.605000e+00 2.000000e+01 0.000000e+00
      vertex   1.603954e+00 1.801273e+01 -5.794437e-02
      vertex   1.600816e+00 2.000000e+01 -1.158132e-01
    endloop
  endfacet
  facet normal 9.973931e-01 -5.265047e-04 -7.215775e-02
    outer loop
      vertex   1.600816e+00 2.000000e+01 -1.158132e-01
      vertex   1.603954e+00 1.801273e+01 -5.794437e-02
      vertex   1.595591e+00 1.801273e+01 -1.735310e-01
    endloop
  endfacet
  facet normal 9.941378e-01 5.265047e-04 -1.081190e-01
    outer loop
      vertex   1.600816e+00 2.000000e+01 -1.158132e-01
      vertex   1.595591e+00 1.801273e+01 -1.735310e-01
      vertex   1.588286e+00 2.000000e+01 -2.310226e-01
    endloop
  endfacet
  facet normal 9.895864e-01 -5.265047e-04 -1.439393e-01
    outer loop
      vertex   1.588286e+00 2.000000e+01 -2.310226e-01
      vertex   1.595591e+00 1.801273e+01 -1.735310e-01
      vertex   1.578910e+00 1.801273e+01 -2.882130e-01
    endloop
  endfacet
  facet normal 9.837447e-01 5.265047e-04 -1.795719e-01
    outer loop
      vertex   1.588286e+00 2.000000e+01 -2.310226e-01
      vertex   1.578910e+00 1.801273e+01 -2.882130e-01
      vertex   1.567476e+00 2.000000e+01 -3.450276e-01
    endloop
  endfacet
  facet normal 9.766204e-01 -5.265047e-04 -2.149704e-01
    outer loop
      vertex   1.567476e+00 2.000000e+01 -3.450276e-01
      vertex   1.578910e+00 1.801273e+01 -2.882130e-01
      vertex   1.553998e+00 1.801273e+01 -4.013923e-01
    endloop
  endfacet
  facet normal 9.682228e-01 5.265047e-04 -2.500886e-01
    outer loop
      vertex   1.567476e+00 2.000000e+01 -3.450276e-01
      vertex   1.553998e+00 1.801273e+01 -4.013923e-01
      vertex   1.538494e+00 2.000000e+01 -4.572337e-01
    endloop
  endfacet
  facet normal 9.585628e-01 -5.265047e-04 -2.848808e-01
    outer loop
      vertex   1.538494e+00 2.000000e+01 -4.572337e-01
      vertex   1.553998e+00 1.801273e+01 -4.013923e-01
      vertex   1.520983e+00 1.801273e+01 -5.124790e-01
    endloop
  endfacet
  facet normal 9.476530e-01 5.265047e-04 -3.193015e-01
    outer loop
      vertex   1.538494e+00 2.000000e+01 -4.572337e-01
      vertex   1.520983e+00 1.801273e+01 -5.124790e-01
      vertex   1.501490e+00 2.000000e+01 -5.670560e-01
    endloop
  endfacet
  facet normal 9.355077e-01 -5.265047e-04 -3.533059e-01
    outer loop
      vertex   1.501490e+00 2.000000e+01 -5.670560e-01
      vertex   1.520983e+00 1.801273e+01 -5.124790e-01
      vertex   1.480039e+00 1.801273e+01 -6.208938e-01
    endloop
  endfacet
  facet normal 9.221426e-01 5.265047e-04 -3.868497e-01
    outer loop
      vertex   1.501490e+00 2.000000e+01 -5.670560e-01
      vertex   1.480039e+00 1.801273e+01 -6.208938e-01
      vertex   1.456659e+00 2.000000e+01 -6.739220e-01
    endloop
  endfacet
  facet normal 9.075753e-01 -5.265047e-04 -4.198890e-01
    outer loop
      vertex   1.456659e+00 2.000000e+01 -6.739220e-01
      vertex   1.480039e+00 1.801273e+01 -6.208938e-01
      vertex   1.431379e+00 1.801273e+01 -7.260716e-01
    endloop
  endfacet
  facet normal 8.918246e-01 5.265047e-04 -4.523810e-01
    outer loop
      vertex   1.456659e+00 2.000000e+01 -6.739220e-01
      vertex   1.431379e+00 1.801273e+01 -7.260716e-01
      vertex   1.404233e+00 2.000000e+01 -7.772745e-01
    endloop
  endfacet
  facet normal 8.749112e-01 -5.265047e-04 -4.842831e-01
    outer loop
      vertex   1.404233e+00 2.000000e+01 -7.772745e-01
      vertex   1.431379e+00 1.801273e+01 -7.260716e-01
      vertex   1.375256e+00 1.801273e+01 -8.274639e-01
    endloop
  endfacet
  facet normal 8.568571e-01 5.265047e-04 -5.155538e-01
    outer loop
      vertex   1.404233e+00 2.000000e+01 -7.772745e-01
      vertex   1.375256e+00 1.801273e+01 -8.274639e-01
      vertex   1.344486e+00 2.000000e+01 -8.765746e-01
    endloop
  endfacet
  facet normal 8.376857e-01 -5.265047e-04 -5.461523e-01
    outer loop
      vertex   1.344486e+00 2.000000e+01 -8.765746e-01
      vertex   1.375256e+00 1.801273e+01 -8.274639e-01
      vertex   1.311963e+00 1.801273e+01 -9.245423e-01
    endloop
  endfacet
  facet normal 8.174222e-01 5.265047e-04 -5.760387e-01
    outer loop
      vertex   1.344486e+00 2.000000e+01 -8.765746e-01
      vertex   1.311963e+00 1.801273e+01 -9.245423e-01
      vertex   1.277729e+00 2.000000e+01 -9.713046e-01
    endloop
  endfacet
  facet normal 7.960930e-01 -5.265047e-04 -6.051741e-01
    outer loop
      vertex   1.277729e+00 2.000000e+01 -9.713046e-01
      vertex   1.311963e+00 1.801273e+01 -9.245423e-01
      vertex   1.241830e+00 1.801273e+01 -1.016801e+00
    endloop
  endfacet
  facet normal 7.737257e-01 5.265047e-04 -6.335205e-01
    outer loop
      vertex   1.277729e+00 2.000000e+01 -9.713046e-01
      vertex   1.241830e+00 1.801273e+01 -1.016801e+00
      vertex   1.204311e+00 2.000000e+01 -1.060971e+00
    endloop
  endfacet
  facet normal 7.503497e-01 -5.265047e-04 -6.610409e-01
    outer loop
      vertex   1.204311e+00 2.000000e+01 -1.060971e+00
      vertex   1.241830e+00 1.801273e+01 -1.016801e+00
      vertex   1.165223e+00 1.801273e+01 -1.103758e+00
    endloop
  endfacet
  facet normal 7.259954e-01 5.265047e-04 -6.876994e-01
    outer loop
      vertex   1.204311e+00 2.000000e+01 -1.060971e+00
      vertex   1.165223e+00 1.801273e+01 -1.103758e+00
      vertex   1.124615e+00 2.000000e+01 -1.145105e+00
    endloop
  endfacet
  facet normal 7.006945e-01 -5.265047e-04 -7.134612e-01
    outer loop
      vertex   1.124615e+00 2.000000e+01 -1.145105e+00
      vertex   1.165223e+00 1.801273e+01 -1.103758e+00
      vertex   1.082541e+00 1.801273e+01 -1.184960e+00
    endloop
  endfacet
  facet normal 6.744800e-01 5.265047e-04 -7.382929e-01
    outer loop
      vertex   1.124615e+00 2.000000e+01 -1.145105e+00
      vertex   1.082541e+00 1.801273e+01 -1.184960e+00
      vertex   1.039055e+00 2.000000e+01 -1.223270e+00
    endloop
  endfacet
  facet normal 6.473862e-01 -5.265047e-04 -7.621619e-01
    outer loop
      vertex   1.039055e+00 2.000000e+01 -1.223270e+00
      vertex   1.082541e+00 1.801273e+01 -1.184960e+00
      vertex   9.942146e-01 1.801273e+01 -1.259985e+00
    endloop
  endfacet
  facet normal 6.194483e-01 5.265047e-04 -7.850373e-01
    outer loop
      vertex   1.039055e+00 2.000000e+01 -1.223270e+00
      vertex   9.942146e-01 1.801273e+01 -1.259985e+00
      vertex   9.480780e-01 2.000000e+01 -1.295057e+00
    endloop
  endfacet
  facet normal 5.907027e-01 -5.265047e-04 -8.068891e-01
    outer loop
      vertex   9.480780e-01 2.000000e+01 -1.295057e+00
      vertex   9.942146e-01 1.801273e+01 -1.259985e+00
      vertex   9.007052e-01 1.801273e+01 -1.328441e+00
    endloop
  endfacet
  facet normal 5.611870e-01 5.265047e-04 -8.276889e-01
    outer loop
      vertex   9.480780e-01 2.000000e+01 -1.295057e+00
      vertex   9.007052e-01 1.801273e+01 -1.328441e+00
      vertex   8.521581e-01 2.000000e+01 -1.360092e+00
    endloop
  endfacet
  facet normal 5.309396e-01 -5.265047e-04 -8.474095e-01
    outer loop
      vertex   8.521581e-01 2.000000e+01 -1.360092e+00
      vertex   9.007052e-01 1.801273e+01 -1.328441e+00
      vertex   8.025000e-01 1.801273e+01 -1.389971e+00
    endloop
  endfacet
  facet normal 4.999999e-01 5.265047e-04 -8.660253e-01
    outer loop
      vertex   8.521581e-01 2.000000e+01 -1.360092e+00
      vertex   8.025000e-01 1.801273e+01 -1.389971e+00
      vertex   7.517955e-01 2.000000e+01 -1.418037e+00
    endloop
  endfacet
  facet normal 4.684084e-01 -5.265047e-04 -8.835119e-01
    outer loop
      vertex   7.517955e-01 2.000000e+01 -1.418037e+00
      vertex   8.025000e-01 1.801273e+01 -1.389971e+00
      vertex   7.001109e-01 1.801273e+01 -1.444254e+00
    endloop
  endfacet
  facet normal 4.362061e-01 5.265047e-04 -8.998466e-01
    outer loop
      vertex   7.517955e-01 2.000000e+01 -1.418037e+00
      vertex   7.001109e-01 1.801273e+01 -1.444254e+00
      vertex   6.475134e-01 2.000000e+01 -1.468588e+00
    endloop
  endfacet
  facet normal 4.034351e-01 -5.265047e-04 -9.150081e-01
    outer loop
      vertex   6.475134e-01 2.000000e+01 -1.468588e+00
      vertex   7.001109e-01 1.801273e+01 -1.444254e+00
      vertex   5.940717e-01 1.801273e+01 -1.491008e+00
    endloop
  endfacet
  facet normal 3.701381e-01 5.265047e-04 -9.289766e-01
    outer loop
      vertex   6.475134e-01 2.000000e+01 -1.468588e+00
      vertex   5.940717e-01 1.801273e+01 -1.491008e+00
      vertex   5.398555e-01 2.000000e+01 -1.511483e+00
    endloop
  endfacet
  facet normal 3.363585e-01 -5.265047e-04 -9.417339e-01
    outer loop
      vertex   5.398555e-01 2.000000e+01 -1.511483e+00
      vertex   5.940717e-01 1.801273e+01 -1.491008e+00
      vertex   4.849354e-01 1.801273e+01 -1.529988e+00
    endloop
  endfacet
  facet normal 3.021404e-01 5.265047e-04 -9.532633e-01
    outer loop
      vertex   5.398555e-01 2.000000e+01 -1.511483e+00
      vertex   4.849354e-01 1.801273e+01 -1.529988e+00
      vertex   4.293830e-01 2.000000e+01 -1.546498e+00
    endloop
  endfacet
  facet normal 2.675283e-01 -5.265047e-04 -9.635499e-01
    outer loop
      vertex   4.293830e-01 2.000000e+01 -1.546498e+00
      vertex   4.849354e-01 1.801273e+01 -1.529988e+00
      vertex   3.732708e-01 1.801273e+01 -1.560991e+00
    endloop
  endfacet
  facet normal 2.325674e-01 5.265047e-04 -9.725801e-01
    outer loop
      vertex   4.293830e-01 2.000000e+01 -1.546498e+00
      vertex   3.732708e-01 1.801273e+01 -1.560991e+00
      vertex   3.166719e-01 2.000000e+01 -1.573450e+00
    endloop
  endfacet
  facet normal 1.973033e-01 -5.265047e-04 -9.803423e-01
    outer loop
      vertex   3.166719e-01 2.000000e+01 -1.573450e+00
      vertex   3.732708e-01 1.801273e+01 -1.560991e+00
      vertex   2.596601e-01 1.801273e+01 -1.583857e+00
    endloop
  endfacet
  facet normal 1.617820e-01 5.265047e-04 -9.868264e-01
    outer loop
      vertex   3.166719e-01 2.000000e+01 -1.573450e+00
      vertex   2.596601e-01 1.801273e+01 -1.583857e+00
      vertex   2.023098e-01 2.000000e+01 -1.592198e+00
    endloop
  endfacet
  facet normal 1.260497e-01 -5.265047e-04 -9.920238e-01
    outer loop
      vertex   2.023098e-01 2.000000e+01 -1.592198e+00
      vertex   2.596601e-01 1.801273e+01 -1.583857e+00
      vertex   1.446957e-01 1.801273e+01 -1.598464e+00
    endloop
  endfacet
  facet normal 9.015307e-02 5.265047e-04 -9.959278e-01
    outer loop
      vertex   2.023098e-01 2.000000e+01 -1.592198e+00
      vertex   1.446957e-01 1.801273e+01 -1.598464e+00
      vertex   8.689295e-02 2.000000e+01 -1.602646e+00
    endloop
  endfacet
  facet normal 5.413890e-02 -5.265047e-04 -9.985333e-01
    outer loop
      vertex   8.689295e-02 2.000000e+01 -1.602646e+00
      vertex   1.446957e-01 1.801273e+01 -1.598464e+00
      vertex   2.897691e-02 1.801273e+01 -1.604738e+00
    endloop
  endfacet
  facet normal 1.805415e-02 5.265047e-04 -9.998369e-01
    outer loop
      vertex   8.689295e-02 2.000000e+01 -1.602646e+00
      vertex   2.897691e-02 1.801273e+01 -1.604738e+00
      vertex   -2.897691e-02 2.000000e+01 -1.604738e+00
    endloop
  endfacet
  facet normal -1.805415e-02 -5.265047e-04 -9.998369e-01
    outer loop
      vertex   -2.897691e-02 2.000000e+01 -1.604738e+00
      vertex   2.897691e-02 1.801273e+01 -1.604738e+00
      vertex   -8.689295e-02 1.801273e+01 -1.602646e+00
    endloop
  endfacet
  facet normal -5.413890e-02 5.265047e-04 -9.985333e-01
    outer loop
      vertex   -2.897691e-02 2.000000e+01 -1.604738e+00
      vertex   -8.689295e-02 1.801273e+01 -1.602646e+00
      vertex   -1.446957e-01 2.000000e+01 -1.598464e+00
    endloop
  endfacet
  facet normal -9.015307e-02 -5.265047e-04 -9.959278e-01
    outer loop
      vertex   -1.446957e-01 2.000000e+01 -1.598464e+00
      vertex   -8.689295e-02 1.801273e+01 -1.602646e+00
      vertex   -2.023098e-01 1.801273e+01 -1.592198e+00
    endloop
  endfacet
  facet normal -1.260497e-01 5.265047e-04 -9.920238e-01
    outer loop
      vertex   -1.446957e-01 2.000000e+01 -1.598464e+00
      vertex   -2.023098e-01 1.801273e+01 -1.592198e+00
      vertex   -2.596601e-01 2.000000e+01 -1.583857e+00
    endloop
  endfacet
  facet normal -1.617820e-01 -5.265047e-04 -9.868264e-01
    outer loop
      vertex   -2.596601e-01 2.000000e+01 -1.583857e+00
      vertex   -2.023098e-01 1.801273e+01 -1.592198e+00
      vertex   -3.166719e-01 1.801273e+01 -1.573450e+00
    endloop
  endfacet
  facet normal -1.973033e-01 5.265047e-04 -9.803423e-01
    outer loop
      vertex   -2.596601e-01 2.000000e+01 -1.583857e+00
      vertex   -3.166719e-01 1.801273e+01 -1.573450e+00
      vertex   -3.732708e-01 2.000000e+01 -1.560991e+00
    endloop
  endfacet
  facet normal -2.325674e-01 -5.265047e-04 -9.725801e-01
    outer loop
      vertex   -3.732708e-01 2.000000e+01 -1.560991e+00
      vertex   -3.166719e-01 1.801273e+01 -1.573450e+00
      vertex   -4.293830e-01 1.801273e+01 -1.546498e+00
    endloop
  endfacet
  facet normal -2.675283e-01 5.265047e-04 -9.635499e-01
    outer loop
      vertex   -3.732708e-01 2.000000e+01 -1.560991e+00
      vertex   -4.293830e-01 1.801273e+01 -1.546498e+00
      vertex   -4.849354e-01 2.000000e+01 -1.529988e+00
    endloop
  endfacet
  facet normal -3.021404e-01 -5.265047e-04 -9.532633e-01
    outer loop
      vertex   -4.849354e-01 2.000000e+01 -1.529988e+00
      vertex   -4.293830e-01 1.801273e+01 -1.546498e+00
      vertex   -5.398555e-01 1.801273e+01 -1.511483e+00
    endloop
  endfacet
  facet normal -3.363585e-01 5.265047e-04 -9.417339e-01
    outer loop
      vertex   -4.849354e-01 2.000000e+01 -1.529988e+00
      vertex   -5.398555e-01 1.801273e+01 -1.511483e+00
      vertex   -5.940717e-01 2.000000e+01 -1.491008e+00
    endloop
  endfacet
  facet normal -3.701381e-01 -5.265047e-04 -9.289766e-01
    outer loop
      vertex   -5.940717e-01 2.000000e+01 -1.491008e+00
      vertex   -5.398555e-01 1.801273e+01 -1.511483e+00
      vertex   -6.475134e-01 1.801273e+01 -1.468588e+00
    endloop
  endfacet
  facet normal -4.034351e-01 5.265047e-04 -9.150081e-01
    outer loop
      vertex   -5.940717e-01 2.000000e+01 -1.491008e+00
      vertex   -6.475134e-01 1.801273e+01 -1.468588e+00
      vertex   -7.001109e-01 2.000000e+01 -1.444254e+00
    endloop
  endfacet
  facet normal -4.362061e-01 -5.265047e-04 -8.998466e-01
    outer loop
      vertex   -7.001109e-01 2.000000e+01 -1.444254e+00
      vertex   -6.475134e-01 1.801273e+01 -1.468588e+00
      vertex   -7.517955e-01 1.801273e+01 -1.418037e+00
    endloop
  endfacet
  facet normal -4.684084e-01 5.265047e-04 -8.835119e-01
    outer loop
      vertex   -7.001109e-01 2.000000e+01 -1.444254e+00
      vertex   -7.517955e-01 1.801273e+01 -1.418037e+00
      vertex   -8.025000e-01 2.000000e+01 -1.389971e+00
    endloop
  endfacet
  facet normal -4.999999e-01 -5.265047e-04 -8.660253e-01
    outer loop
      vertex   -8.025000e-01 2.000000e+01 -1.389971e+00
      vertex   -7.517955e-01 1.801273e+01 -1.418037e+00
      vertex   -8.521581e-01 1.801273e+01 -1.360092e+00
    endloop
  endfacet
  facet normal -5.309396e-01 5.265047e-04 -8.474095e-01
    outer loop
      vertex   -8.025000e-01 2.000000e+01 -1.389971e+00
      vertex   -8.521581e-01 1.801273e+01 -1.360092e+00
      vertex   -9.007052e-01 2.000000e+01 -1.328441e+00
    endloop
  endfacet
  facet normal -5.611870e-01 -5.265047e-04 -8.276889e-01
    outer loop
      vertex   -9.007052e-01 2.000000e+01 -1.328441e+00
      vertex   -8.521581e-01 1.801273e+01 -1.360092e+00
      vertex   -9.480780e-01 1.801273e+01 -1.295057e+00
    endloop
  endfacet
  facet normal -5.907027e-01 5.265047e-04 -8.068891e-01
    outer loop
      vertex   -9.007052e-01 2.000000e+01 -1.328441e+00
      vertex   -9.480780e-01 1.801273e+01 -1.295057e+00
      vertex   -9.942146e-01 2.000000e+01 -1.259985e+00
    endloop
  endfacet
  facet normal -6.194483e-01 -5.265047e-04 -7.850373e-01
    outer loop
      vertex   -9.942146e-01 2.000000e+01 -1.259985e+00
      vertex   -9.480780e-01 1.801273e+01 -1.295057e+00
      vertex   -1.039055e+00 1.801273e+01 -1.223270e+00
    endloop
  endfacet
  facet normal -6.473862e-01 5.265047e-04 -7.621619e-01
    outer loop
      vertex   -9.942146e-01 2.000000e+01 -1.259985e+00
      vertex   -1.039055e+00 1.801273e+01 -1.223270e+00
      vertex   -1.082541e+00 2.000000e+01 -1.184960e+00
    endloop
  endfacet
  facet normal -6.744800e-01 -5.265047e-04 -7.382929e-01
    outer loop
      vertex   -1.082541e+00 2.000000e+01 -1.184960e+00
      vertex   -1.039055e+00 1.801273e+01 -1.223270e+00
      vertex   -1.124615e+00 1.801273e+01 -1.145105e+00
    endloop
  endfacet
  facet normal -7.006945e-01 5.265047e-04 -7.134612e-01
    outer loop
      vertex   -1.082541e+00 2.000000e+01 -1.184960e+00
      vertex   -1.124615e+00 1.801273e+01 -1.145105e+00
      vertex   -1.165223e+00 2.000000e+01 -1.103758e+00
    endloop
  endfacet
  facet normal -7.259954e-01 -5.265047e-04 -6.876994e-01
    outer loop
      vertex   -1.165223e+00 2.000000e+01 -1.103758e+00
      vertex   -1.124615e+00 1.801273e+01 -1.145105e+00
      vertex   -1.204311e+00 1.801273e+01 -1.060971e+00
    endloop
  endfacet
  facet normal -7.503497e-01 5.265047e-04 -6.610409e-01
    outer loop
      vertex   -1.165223e+00 2.000000e+01 -1.103758e+00
      vertex   -1.204311e+00 1.801273e+01 -1.060971e+00
      vertex   -1.241830e+00 2.000000e+01 -1.016801e+00
    endloop
  endfacet
  facet normal -7.737257e-01 -5.265047e-04 -6.335205e-01
    outer loop
      vertex   -1.241830e+00 2.000000e+01 -1.016801e+00
      vertex   -1.204311e+00 1.801273e+01 -1.060971e+00
      vertex   -1.277729e+00 1.801273e+01 -9.713046e-01
    endloop
  endfacet
  facet normal -7.960930e-01 5.265047e-04 -6.051741e-01
    outer loop
      vertex   -1.241830e+00 2.000000e+01 -1.016801e+00
      vertex   -1.277729e+00 1.801273e+01 -9.713046e-01
      vertex   -1.311963e+00 2.000000e+01 -9.245423e-01
    endloop
  endfacet
  facet normal -8.174222e-01 -5.265047e-04 -5.760387e-01
    outer loop
      vertex   -1.311963e+00 2.000000e+01 -9.245423e-01
      vertex   -1.277729e+00 1.801273e+01 -9.713046e-01
      vertex   -1.344486e+00 1.801273e+01 -8.765746e-01
    endloop
  endfacet
  facet normal -8.376857e-01 5.265047e-04 -5.461523e-01
    outer loop
      vertex   -1.311963e+00 2.000000e+01 -9.245423e-01
      vertex   -1.344486e+00 1.801273e+01 -8.765746e-01
      vertex   -1.375256e+00 2.000000e+01 -8.274639e-01
    endloop
  endfacet
  facet normal -8.568571e-01 -5.265047e-04 -5.155538e-01
    outer loop
      vertex   -1.375256e+00 2.000000e+01 -8.274639e-01
      vertex   -1.344486e+00 1.801273e+01 -8.765746e-01
      vertex   -1.404233e+00 1.801273e+01 -7.772745e-01
    endloop
  endfacet
  facet normal -8.749112e-01 5.265047e-04 -4.842831e-01
    outer loop
      vertex   -1.375256e+00 2.000000e+01 -8.274639e-01
      vertex   -1.404233e+00 1.801273e+01 -7.772745e-01
      vertex   -1.431379e+00 2.000000e+01 -7.260716e-01
    endloop
  endfacet
  facet normal -8.918246e-01 -5.265047e-04 -4.523810e-01
    outer loop
      vertex   -1.431379e+00 2.000000e+01 -7.260716e-01
      vertex   -1.404233e+00 1.801273e+01 -7.772745e-01
      vertex   -1.456659e+00 1.801273e+01 -6.739220e-01
    endloop
  endfacet
  facet normal -9.075753e-01 5.265047e-04 -4.198890e-01
    outer loop
      vertex   -1.431379e+00 2.000000e+01 -7.260716e-01
      vertex   -1.456659e+00 1.801273e+01 -6.739220e-01
      vertex   -1.480039e+00 2.000000e+01 -6.208938e-01
    endloop
  endfacet
  facet normal -9.221426e-01 -5.265047e-04 -3.868497e-01
    outer loop
      vertex   -1.480039e+00 2.000000e+01 -6.208938e-01
      vertex   -1.456659e+00 1.801273e+01 -6.739220e-01
      vertex   -1.501490e+00 1.801273e+01 -5.670560e-01
    endloop
  endfacet
  facet normal -9.355077e-01 5.265047e-04 -3.533059e-01
    outer loop
      vertex   -1.480039e+00 2.000000e+01 -6.208938e-01
      vertex   -1.501490e+00 1.801273e+01 -5.670560e-01
      vertex   -1.520983e+00 2.000000e+01 -5.124790e-01
    endloop
  endfacet
  facet normal -9.476530e-01 -5.265047e-04 -3.193015e-01
    outer loop
      vertex   -1.520983e+00 2.000000e+01 -5.124790e-01
      vertex   -1.501490e+00 1.801273e+01 -5.670560e-01
      vertex   -1.538494e+00 1.801273e+01 -4.572337e-01
    endloop
  endfacet
  facet normal -9.585628e-01 5.265047e-04 -2.848808e-01
    outer loop
      vertex   -1.520983e+00 2.000000e+01 -5.124790e-01
      vertex   -1.538494e+00 1.801273e+01 -4.572337e-01
      vertex   -1.553998e+00 2.000000e+01 -4.013923e-01
    endloop
  endfacet
  facet normal -9.682228e-01 -5.265047e-04 -2.500886e-01
    outer loop
      vertex   -1.553998e+00 2.000000e+01 -4.013923e-01
      vertex   -1.538494e+00 1.801273e+01 -4.572337e-01
      vertex   -1.567476e+00 1.801273e+01 -3.450276e-01
    endloop
  endfacet
  facet normal -9.766204e-01 5.265047e-04 -2.149704e-01
    outer loop
      vertex   -1.553998e+00 2.000000e+01 -4.013923e-01
      vertex   -1.567476e+00 1.801273e+01 -3.450276e-01
      vertex   -1.578910e+00 2.000000e+01 -2.882130e-01
    endloop
  endfacet
  facet normal -9.837447e-01 -5.265047e-04 -1.795719e-01
    outer loop
      vertex   -1.578910e+00 2.000000e+01 -2.882130e-01
      vertex   -1.567476e+00 1.801273e+01 -3.450276e-01
      vertex   -1.588286e+00 1.801273e+01 -2.310226e-01
    endloop
  endfacet
  facet normal -9.895864e-01 5.265047e-04 -1.439393e-01
    outer loop
      vertex   -1.578910e+00 2.000000e+01 -2.882130e-01
      vertex   -1.588286e+00 1.801273e+01 -2.310226e-01
      vertex   -1.595591e+00 2.000000e+01 -1.735310e-01
    endloop
  endfacet
  facet normal -9.941378e-01 -5.265047e-04 -1.081190e-01
    outer loop
      vertex   -1.595591e+00 2.000000e+01 -1.735310e-01
      vertex   -1.588286e+00 1.801273e+01 -2.310226e-01
      vertex   -1.600816e+00 1.801273e+01 -1.158132e-01
    endloop
  endfacet
  facet normal -9.973931e-01 5.265047e-04 -7.215775e-02
    outer loop
      vertex   -1.595591e+00 2.000000e+01 -1.735310e-01
      vertex   -1.600816e+00 1.801273e+01 -1.158132e-01
      vertex   -1.603954e+00 2.000000e+01 -5.794437e-02
    endloop
  endfacet
  facet normal -9.993480e-01 -5.265047e-04 -3.610241e-02
    outer loop
      vertex   -1.603954e+00 2.000000e+01 -5.794437e-02
      vertex   -1.600816e+00 1.801273e+01 -1.158132e-01
      vertex   -1.605000e+00 1.801273e+01 1.965558e-16
    endloop
  endfacet
  facet normal -9.999999e-01 5.265047e-04 0.000000e+00
    outer loop
      vertex   -1.603954e+00 2.000000e+01 -5.794437e-02
      vertex   -1.605000e+00 1.801273e+01 1.965558e-16
      vertex   -1.603954e+00 2.000000e+01 5.794437e-02
    endloop
  endfacet
  facet normal -9.993480e-01 -5.265047e-04 3.610241e-02
    outer loop
      vertex   -1.603954e+00 2.000000e+01 5.794437e-02
      vertex   -1.605000e+00 1.801273e+01 1.965558e-16
      vertex   -1.600816e+00 1.801273e+01 1.158132e-01
    endloop
  endfacet
  facet normal -9.973931e-01 5.265047e-04 7.215775e-02
    outer loop
      vertex   -1.603954e+00 2.000000e+01 5.794437e-02
      vertex   -1.600816e+00 1.801273e+01 1.158132e-01
      vertex   -1.595591e+00 2.000000e+01 1.735310e-01
    endloop
  endfacet
  facet normal -9.941378e-01 -5.265047e-04 1.081190e-01
    outer loop
      vertex   -1.595591e+00 2.000000e+01 1.735310e-01
      vertex   -1.600816e+00 1.801273e+01 1.158132e-01
      vertex   -1.588286e+00 1.801273e+01 2.310226e-01
    endloop
  endfacet
  facet normal -9.895864e-01 5.265047e-04 1.439393e-01
    outer loop
      vertex   -1.595591e+00 2.000000e+01 1.735310e-01
      vertex   -1.588286e+00 1.801273e+01 2.310226e-01
      vertex   -1.578910e+00 2.000000e+01 2.882130e-01
    endloop
  endfacet
  facet normal -9.837447e-01 -5.265047e-04 1.795719e-01
    outer loop
      vertex   -1.578910e+00 2.000000e+01 2.882130e-01
      vertex   -1.588286e+00 1.801273e+01 2.310226e-01
      vertex   -1.567476e+00 1.801273e+01 3.450276e-01
    endloop
  endfacet
  facet normal -9.766204e-01 5.265047e-04 2.149704e-01
    outer loop
      vertex   -1.578910e+00 2.000000e+01 2.882130e-01
      vertex   -1.567476e+00 1.801273e+01 3.450276e-01
      vertex   -1.553998e+00 2.000000e+01 4.013923e-01
    endloop
  endfacet
  facet normal -9.682228e-01 -5.265047e-04 2.500886e-01
    outer loop
      vertex   -1.553998e+00 2.000000e+01 4.013923e-01
      vertex   -1.567476e+00 1.801273e+01 3.450276e-01
      vertex   -1.538494e+00 1.801273e+01 4.572337e-01
    endloop
  endfacet
  facet normal -9.585628e-01 5.265047e-04 2.848808e-01
    outer loop
      vertex   -1.553998e+00 2.000000e+01 4.013923e-01
      vertex   -1.538494e+00 1.801273e+01 4.572337e-01
      vertex   -1.520983e+00 2.000000e+01 5.124790e-01
    endloop
  endfacet
  facet normal -9.476530e-01 -5.265047e-04 3.193015e-01
    outer loop
      vertex   -1.520983e+00 2.000000e+01 5.124790e-01
      vertex   -1.538494e+00 1.801273e+01 4.572337e-01
      vertex   -1.501490e+00 1.801273e+01 5.670560e-01
    endloop
  endfacet
  facet normal -9.355077e-01 5.265047e-04 3.533059e-01
    outer loop
      vertex   -1.520983e+00 2.000000e+01 5.124790e-01
      vertex   -1.501490e+00 1.801273e+01 5.670560e-01
      vertex   -1.480039e+00 2.000000e+01 6.208938e-01
    endloop
  endfacet
  facet normal -9.221426e-01 -5.265047e-04 3.868497e-01
    outer loop
      vertex   -1.480039e+00 2.000000e+01 6.208938e-01
      vertex   -1.501490e+00 1.801273e+01 5.670560e-01
      vertex   -1.456659e+00 1.801273e+01 6.739220e-01
    endloop
  endfacet
  facet normal -9.075753e-01 5.265047e-04 4.198890e-01
    outer loop
      vertex   -1.480039e+00 2.000000e+01 6.208938e-01
      vertex   -1.456659e+00 1.801273e+01 6.739220e-01
      vertex   -1.431379e+00 2.000000e+01 7.260716e-01
    endloop
  endfacet
  facet normal -8.918246e-01 -5.265047e-04 4.523810e-01
    outer loop
      vertex   -1.431379e+00 2.000000e+01 7.260716e-01
      vertex   -1.456659e+00 1.801273e+01 6.739220e-01
      vertex   -1.404233e+00 1.801273e+01 7.772745e-01
    endloop
  endfacet
  facet normal -8.749112e-01 5.265047e-04 4.842831e-01
    outer loop
      vertex   -1.431379e+00 2.000000e+01 7.260716e-01
      vertex   -1.404233e+00 1.801273e+01 7.772745e-01
      vertex   -1.375256e+00 2.000000e+01 8.274639e-01
    endloop
  endfacet
  facet normal -8.568571e-01 -5.265047e-04 5.155538e-01
    outer loop
      vertex   -1.375256e+00 2.000000e+01 8.274639e-01
      vertex   -1.404233e+00 1.801273e+01 7.772745e-01
      vertex   -1.344486e+00 1.801273e+01 8.765746e-01
    endloop
  endfacet
  facet normal -8.376857e-01 5.265047e-04 5.461523e-01
    outer loop
      vertex   -1.375256e+00 2.000000e+01 8.274639e-01
      vertex   -1.344486e+00 1.801273e+01 8.765746e-01
      vertex   -1.311963e+00 2.000000e+01 9.245423e-01
    endloop
  endfacet
  facet normal -8.174222e-01 -5.265047e-04 5.760387e-01
    outer loop
      vertex   -1.311963e+00 2.000000e+01 9.245423e-01
      vertex   -1.344486e+00 1.801273e+01 8.765746e-01
      vertex   -1.277729e+00 1.801273e+01 9.713046e-01
    endloop
  endfacet
  facet normal -7.960930e-01 5.265047e-04 6.051741e-01
    outer loop
      vertex   -1.311963e+00 2.000000e+01 9.245423e-01
      vertex   -1.277729e+00 1.801273e+01 9.713046e-01
      vertex   -1.241830e+00 2.000000e+01 1.016801e+00
    endloop
  endfacet
  facet normal -7.737257e-01 -5.265047e-04 6.335205e-01
    outer loop
      vertex   -1.241830e+00 2.000000e+01 1.016801e+00
      vertex   -1.277729e+00 1.801273e+01 9.713046e-01
      vertex   -1.204311e+00 1.801273e+01 1.060971e+00
    endloop
  endfacet
  facet normal -7.503497e-01 5.265047e-04 6.610409e-01
    outer loop
      vertex   -1.241830e+00 2.000000e+01 1.016801e+00
      vertex   -1.204311e+00 1.801273e+01 1.060971e+00
      vertex   -1.165223e+00 2.000000e+01 1.103758e+00
    endloop
  endfacet
  facet normal -7.259954e-01 -5.265047e-04 6.876994e-01
    outer loop
      vertex   -1.165223e+00 2.000000e+01 1.103758e+00
      vertex   -1.204311e+00 1.801273e+01 1.060971e+00
      vertex   -1.124615e+00 1.801273e+01 1.145105e+00
    endloop
  endfacet
  facet normal -7.006945e-01 5.265047e-04 7.134612e-01
    outer loop
      vertex   -1.165223e+00 2.000000e+01 1.103758e+00
      vertex   -1.124615e+00 1.801273e+01 1.145105e+00
      vertex   -1.082541e+00 2.000000e+01 1.184960e+00
    endloop
  endfacet
  facet normal -6.744800e-01 -5.265047e-04 7.382929e-01
    outer loop
      vertex   -1.082541e+00 2.000000e+01 1.184960e+00
      vertex   -1.124615e+00 1.801273e+01 1.145105e+00
      vertex   -1.039055e+00 1.801273e+01 1.223270e+00
    endloop
  endfacet
  facet normal -6.473862e-01 5.265047e-04 7.621619e-01
    outer loop
      vertex   -1.082541e+00 2.000000e+01 1.184960e+00
      vertex   -1.039055e+00 1.801273e+01 1.223270e+00
      vertex   -9.942146e-01 2.000000e+01 1.259985e+00
    endloop
  endfacet
  facet normal -6.194483e-01 -5.265047e-04 7.850373e-01
    outer loop
      vertex   -9.942146e-01 2.000000e+01 1.259985e+00
      vertex   -1.039055e+00 1.801273e+01 1.223270e+00
      vertex   -9.480780e-01 1.801273e+01 1.295057e+00
    endloop
  endfacet
  facet normal -5.907027e-01 5.265047e-04 8.068891e-01
    outer loop
      vertex   -9.942146e-01 2.000000e+01 1.259985e+00
      vertex   -9.480780e-01 1.801273e+01 1.295057e+00
      vertex   -9.007052e-01 2.000000e+01 1.328441e+00
    endloop
  endfacet
  facet normal -5.611870e-01 -5.265047e-04 8.276889e-01
    outer loop
      vertex   -9.007052e-01 2.000000e+01 1.328441e+00
      vertex   -9.480780e-01 1.801273e+01 1.295057e+00
      vertex   -8.521581e-01 1.801273e+01 1.360092e+00
    endloop
  endfacet
  facet normal -5.309396e-01 5.265047e-04 8.474095e-01
    outer loop
      vertex   -9.007052e-01 2.000000e+01 1.328441e+00
      vertex   -8.521581e-01 1.801273e+01 1.360092e+00
      vertex   -8.025000e-01 2.000000e+01 1.389971e+00
    endloop
  endfacet
  facet normal -4.999999e-01 -5.265047e-04 8.660253e-01
    outer loop
      vertex   -8.025000e-01 2.000000e+01 1.389971e+00
      vertex   -8.521581e-01 1.801273e+01 1.360092e+00
      vertex   -7.517955e-01 1.801273e+01 1.418037e+00
    endloop
  endfacet
  facet normal -4.684084e-01 5.265047e-04 8.835119e-01
    outer loop
      vertex   -8.025000e-01 2.000000e+01 1.389971e+00
      vertex   -7.517955e-01 1.801273e+01 1.418037e+00
      vertex   -7.001109e-01 2.000000e+01 1.444254e+00
    endloop
  endfacet
  facet normal -4.362061e-01 -5.265047e-04 8.998466e-01
    outer loop
      vertex   -7.001109e-01 2.000000e+01 1.444254e+00
      vertex   -7.517955e-01 1.801273e+01 1.418037e+00
      vertex   -6.475134e-01 1.801273e+01 1.468588e+00
    endloop
  endfacet
  facet normal -4.034351e-01 5.265047e-04 9.150081e-01
    outer loop
      vertex   -7.001109e-01 2.000000e+01 1.444254e+00
      vertex   -6.475134e-01 1.801273e+01 1.468588e+00
      vertex   -5.940717e-01 2.000000e+01 1.491008e+00
    endloop
  endfacet
  facet normal -3.701381e-01 -5.265047e-04 9.289766e-01
    outer loop
      vertex   -5.940717e-01 2.000000e+01 1.491008e+00
      vertex   -6.475134e-01 1.801273e+01 1.468588e+00
      vertex   -5.398555e-01 1.801273e+01 1.511483e+00
    endloop
  endfacet
  facet normal -3.363585e-01 5.265047e-04 9.417339e-01
    outer loop
      vertex   -5.940717e-01 2.000000e+01 1.491008e+00
      vertex   -5.398555e-01 1.801273e+01 1.511483e+00
      vertex   -4.849354e-01 2.000000e+01 1.529988e+00
    endloop
  endfacet
  facet normal -3.021404e-01 -5.265047e-04 9.532633e-01
    outer loop
      vertex   -4.849354e-01 2.000000e+01 1.529988e+00
      vertex   -5.398555e-01 1.801273e+01 1.511483e+00
      vertex   -4.293830e-01 1.801273e+01 1.546498e+00
    endloop
  endfacet
  facet normal -2.675283e-01 5.265047e-04 9.635499e-01
    outer loop
      vertex   -4.849354e-01 2.000000e+01 1.529988e+00
      vertex   -4.293830e-01 1.801273e+01 1.546498e+00
      vertex   -3.732708e-01 2.000000e+01 1.560991e+00
    endloop
  endfacet
  facet normal -2.325674e-01 -5.265047e-04 9.725801e-01
    outer loop
      vertex   -3.732708e-01 2.000000e+01 1.560991e+00
      vertex   -4.293830e-01 1.801273e+01 1.546498e+00
      vertex   -3.166719e-01 1.801273e+01 1.573450e+00
    endloop
  endfacet
  facet normal -1.973033e-01 5.265047e-04 9.803423e-01
    outer loop
      vertex   -3.732708e-01 2.000000e+01 1.560991e+00
      vertex   -3.166719e-01 1.801273e+01 1.573450e+00
      vertex   -2.596601e-01 2.000000e+01 1.583857e+00
    endloop
  endfacet
  facet normal -1.617820e-01 -5.265047e-04 9.868264e-01
    outer loop
      vertex   -2.596601e-01 2.000000e+01 1.583857e+00
      vertex   -3.166719e-01 1.801273e+01 1.573450e+00
      vertex   -2.023098e-01 1.801273e+01 1.592198e+00
    endloop
  endfacet
  facet normal -1.260497e-01 5.265047e-04 9.920238e-01
    outer loop
      vertex   -2.596601e-01 2.000000e+01 1.583857e+00
      vertex   -2.023098e-01 1.801273e+01 1.592198e+00
      vertex   -1.446957e-01 2.000000e+01 1.598464e+00
    endloop
  endfacet
  facet normal -9.015307e-02 -5.265047e-04 9.959278e-01
    outer loop
      vertex   -1.446957e-01 2.000000e+01 1.598464e+00
      vertex   -2.023098e-01 1.801273e+01 1.592198e+00
      vertex   -8.689295e-02 1.801273e+01 1.602646e+00
    endloop
  endfacet
  facet normal -5.413890e-02 5.265047e-04 9.985333e-01
    outer loop
      vertex   -1.446957e-01 2.000000e+01 1.598464e+00
      vertex   -8.689295e-02 1.801273e+01 1.602646e+00
      vertex   -2.897691e-02 2.000000e+01 1.604738e+00
    endloop
  endfacet
  facet normal -1.805415e-02 -5.265047e-04 9.998369e-01
    outer loop
      vertex   -2.897691e-02 2.000000e+01 1.604738e+00
      vertex   -8.689295e-02 1.801273e+01 1.602646e+00
      vertex   2.897691e-02 1.801273e+01 1.604738e+00
    endloop
  endfacet
  facet normal 1.805415e-02 5.265047e-04 9.998369e-01
    outer loop
      vertex   -2.897691e-02 2.000000e+01 1.604738e+00
      vertex   2.897691e-02 1.801273e+01 1.604738e+00
      vertex   8.689295e-02 2.000000e+01 1.602646e+00
    endloop
  endfacet
  facet normal 5.413890e-02 -5.265047e-04 9.985333e-01
    outer loop
      vertex   8.689295e-02 2.000000e+01 1.602646e+00
      vertex   2.897691e-02 1.801273e+01 1.604738e+00
      vertex   1.446957e-01 1.801273e+01 1.598464e+00
    endloop
  endfacet
  facet normal 9.015307e-02 5.265047e-04 9.959278e-01
    outer loop
      vertex   8.689295e-02 2.000000e+01 1.602646e+00
      vertex   1.446957e-01 1.801273e+01 1.598464e+00
      vertex   2.023098e-01 2.000000e+01 1.592198e+00
    endloop
  endfacet
  facet normal 1.260497e-01 -5.265047e-04 9.920238e-01
    outer loop
      vertex   2.023098e-01 2.000000e+01 1.592198e+00
      vertex   1.446957e-01 1.801273e+01 1.598464e+00
      vertex   2.596601e-01 1.801273e+01 1.583857e+00
    endloop
  endfacet
  facet normal 1.617820e-01 5.265047e-04 9.868264e-01
    outer loop
      vertex   2.023098e-01 2.000000e+01 1.592198e+00
      vertex   2.596601e-01 1.801273e+01 1.583857e+00
      vertex   3.166719e-01 2.000000e+01 1.573450e+00
    endloop
  endfacet
  facet normal 1.973033e-01 -5.265047e-04 9.803423e-01
    outer loop
      vertex   3.166719e-01 2.000000e+01 1.573450e+00
      vertex   2.596601e-01 1.801273e+01 1.583857e+00
      vertex   3.732708e-01 1.801273e+01 1.560991e+00
    endloop
  endfacet
  facet normal 2.325674e-01 5.265047e-04 9.725801e-01
    outer loop
      vertex   3.166719e-01 2.000000e+01 1.573450e+00
      vertex   3.732708e-01 1.801273e+01 1.560991e+00
      vertex   4.293830e-01 2.000000e+01 1.546498e+00
    endloop
  endfacet
  facet normal 2.675283e-01 -5.265047e-04 9.635499e-01
    outer loop
      vertex   4.293830e-01 2.000000e+01 1.546498e+00
      vertex   3.732708e-01 1.801273e+01 1.560991e+00
      vertex   4.849354e-01 1.801273e+01 1.529988e+00
    endloop
  endfacet
  facet normal 3.021404e-01 5.265047e-04 9.532633e-01
    outer loop
      vertex   4.293830e-01 2.000000e+01 1.546498e+00
      vertex   4.849354e-01 1.801273e+01 1.529988e+00
      vertex   5.398555e-01 2.000000e+01 1.511483e+00
    endloop
  endfacet
  facet normal 3.363585e-01 -5.265047e-04 9.417339e-01
    outer loop
      vertex   5.398555e-01 2.000000e+01 1.511483e+00
      vertex   4.849354e-01 1.801273e+01 1.529988e+00
      vertex   5.940717e-01 1.801273e+01 1.491008e+00
    endloop
  endfacet
  facet normal 3.701381e-01 5.265047e-04 9.289766e-01
    outer loop
      vertex   5.398555e-01 2.000000e+01 1.511483e+00
      vertex   5.940717e-01 1.801273e+01 1.491008e+00
      vertex   6.475134e-01 2.000000e+01 1.468588e+00
    endloop
  endfacet
  facet normal 4.034351e-01 -5.265047e-04 9.150081e-01
    outer loop
      vertex   6.475134e-01 2.000000e+01 1.468588e+00
      vertex   5.940717e-01 1.801273e+01 1.491008e+00
      vertex   7.001109e-01 1.801273e+01 1.444254e+00
    endloop
  endfacet
  facet normal 4.362061e-01 5.265047e-04 8.998466e-01
    outer loop
      vertex   6.475134e-01 2.000000e+01 1.468588e+00
      vertex   7.001109e-01 1.801273e+01 1.444254e+00
      vertex   7.517955e-01 2.000000e+01 1.418037e+00
    endloop
  endfacet
  facet normal 4.684084e-01 -5.265047e-04 8.835119e-01
    outer loop
      vertex   7.517955e-01 2.000000e+01 1.418037e+00
      vertex   7.001109e-01 1.801273e+01 1.444254e+00
      vertex   8.025000e-01 1.801273e+01 1.389971e+00
    endloop
  endfacet
  facet normal 4.999999e-01 5.265047e-04 8.660253e-01
    outer loop
      vertex   7.517955e-01 2.000000e+01 1.418037e+00
      vertex   8.025000e-01 1.801273e+01 1.389971e+00
      vertex   8.521581e-01 2.000000e+01 1.360092e+00
    endloop
  endfacet
  facet normal 5.309396e-01 -5.265047e-04 8.474095e-01
    outer loop
      vertex   8.521581e-01 2.000000e+01 1.360092e+00
      vertex   8.025000e-01 1.801273e+01 1.389971e+00
      vertex   9.007052e-01 1.801273e+01 1.328441e+00
    endloop
  endfacet
  facet normal 5.611870e-01 5.265047e-04 8.276889e-01
    outer loop
      vertex   8.521581e-01 2.000000e+01 1.360092e+00
      vertex   9.007052e-01 1.801273e+01 1.328441e+00
      vertex   9.480780e-01 2.000000e+01 1.295057e+00
    endloop
  endfacet
  facet normal 5.907027e-01 -5.265047e-04 8.068891e-01
    outer loop
      vertex   9.480780e-01 2.000000e+01 1.295057e+00
      vertex   9.007052e-01 1.801273e+01 1.328441e+00
      vertex   9.942146e-01 1.801273e+01 1.259985e+00
    endloop
  endfacet
  facet normal 6.194483e-01 5.265047e-04 7.850373e-01
    outer loop
      vertex   9.480780e-01 2.000000e+01 1.295057e+00
      vertex   9.942146e-01 1.801273e+01 1.259985e+00
      vertex   1.039055e+00 2.000000e+01 1.223270e+00
    endloop
  endfacet
  facet normal 6.473862e-01 -5.265047e-04 7.621619e-01
    outer loop
      vertex   1.039055e+00 2.000000e+01 1.223270e+00
      vertex   9.942146e-01 1.801273e+01 1.259985e+00
      vertex   1.082541e+00 1.801273e+01 1.184960e+00
    endloop
  endfacet
  facet normal 6.744800e-01 5.265047e-04 7.382929e-01
    outer loop
      vertex   1.039055e+00 2.000000e+01 1.223270e+00
      vertex   1.082541e+00 1.801273e+01 1.184960e+00
      vertex   1.124615e+00 2.000000e+01 1.145105e+00
    endloop
  endfacet
  facet normal 7.006945e-01 -5.265047e-04 7.134612e-01
    outer loop
      vertex   1.124615e+00 2.000000e+01 1.145105e+00
      vertex   1.082541e+00 1.801273e+01 1.184960e+00
      vertex   1.165223e+00 1.801273e+01 1.103758e+00
    endloop
  endfacet
  facet normal 7.259954e-01 5.265047e-04 6.876994e-01
    outer loop
      vertex   1.124615e+00 2.000000e+01 1.145105e+00
      vertex   1.165223e+00 1.801273e+01 1.103758e+00
      vertex   1.204311e+00 2.000000e+01 1.060971e+00
    endloop
  endfacet
  facet normal 7.503497e-01 -5.265047e-04 6.610409e-01
    outer loop
      vertex   1.204311e+00 2.000000e+01 1.060971e+00
      vertex   1.165223e+00 1.801273e+01 1.103758e+00
      vertex   1.241830e+00 1.801273e+01 1.016801e+00
    endloop
  endfacet
  facet normal 7.737257e-01 5.265047e-04 6.335205e-01
    outer loop
      vertex   1.204311e+00 2.000000e+01 1.060971e+00
      vertex   1.241830e+00 1.801273e+01 1.016801e+00
      vertex   1.277729e+00 2.000000e+01 9.713046e-01
    endloop
  endfacet
  facet normal 7.960930e-01 -5.265047e-04 6.051741e-01
    outer loop
      vertex   1.277729e+00 2.000000e+01 9.713046e-01
      vertex   1.241830e+00 1.801273e+01 1.016801e+00
      vertex   1.311963e+00 1.801273e+01 9.245423e-01
    endloop
  endfacet
  facet normal 8.174222e-01 5.265047e-04 5.760387e-01
    outer loop
      vertex   1.277729e+00 2.000000e+01 9.713046e-01
      vertex   1.311963e+00 1.801273e+01 9.245423e-01
      vertex   1.344486e+00 2.000000e+01 8.765746e-01
    endloop
  endfacet
  facet normal 8.376857e-01 -5.265047e-04 5.461523e-01
    outer loop
      vertex   1.344486e+00 2.000000e+01 8.765746e-01
      vertex   1.311963e+00 1.801273e+01 9.245423e-01
      vertex   1.375256e+00 1.801273e+01 8.274639e-01
    endloop
  endfacet
  facet normal 8.568571e-01 5.265047e-04 5.155538e-01
    outer loop
      vertex   1.344486e+00 2.000000e+01 8.765746e-01
      vertex   1.375256e+00 1.801273e+01 8.274639e-01
      vertex   1.404233e+00 2.000000e+01 7.772745e-01
    endloop
  endfacet
  facet normal 8.749112e-01 -5.265047e-04 4.842831e-01
    outer loop
      vertex   1.404233e+00 2.000000e+01 7.772745e-01
      vertex   1.375256e+00 1.801273e+01 8.274639e-01
      vertex   1.431379e+00 1.801273e+01 7.260716e-01
    endloop
  endfacet
  facet normal 8.918246e-01 5.265047e-04 4.523810e-01
    outer loop
      vertex   1.404233e+00 2.000000e+01 7.772745e-01
      vertex   1.431379e+00 1.801273e+01 7.260716e-01
      vertex   1.456659e+00 2.000000e+01 6.739220e-01
    endloop
  endfacet
  facet normal 9.075753e-01 -5.265047e-04 4.198890e-01
    outer loop
      vertex   1.456659e+00 2.000000e+01 6.739220e-01
      vertex   1.431379e+00 1.801273e+01 7.260716e-01
      vertex   1.480039e+00 1.801273e+01 6.208938e-01
    endloop
  endfacet
  facet normal 9.221426e-01 5.265047e-04 3.868497e-01
    outer loop
      vertex   1.456659e+00 2.000000e+01 6.739220e-01
      vertex   1.480039e+00 1.801273e+01 6.208938e-01
      vertex   1.501490e+00 2.000000e+01 5.670560e-01
    endloop
  endfacet
  facet normal 9.355077e-01 -5.265047e-04 3.533059e-01
    outer loop
      vertex   1.501490e+00 2.000000e+01 5.670560e-01
      vertex   1.480039e+00 1.801273e+01 6.208938e-01
      vertex   1.520983e+00 1.801273e+01 5.124790e-01
    endloop
  endfacet
  facet normal 9.476530e-01 5.265047e-04 3.193015e-01
    outer loop
      vertex   1.501490e+00 2.000000e+01 5.670560e-01
      vertex   1.520983e+00 1.801273e+01 5.124790e-01
      vertex   1.538494e+00 2.000000e+01 4.572337e-01
    endloop
  endfacet
  facet normal 9.585628e-01 -5.265047e-04 2.848808e-01
    outer loop
      vertex   1.538494e+00 2.000000e+01 4.572337e-01
      vertex   1.520983e+00 1.801273e+01 5.124790e-01
      vertex   1.553998e+00 1.801273e+01 4.013923e-01
    endloop
  endfacet
  facet normal 9.682228e-01 5.265047e-04 2.500886e-01
    outer loop
      vertex   1.538494e+00 2.000000e+01 4.572337e-01
      vertex   1.553998e+00 1.801273e+01 4.013923e-01
      vertex   1.567476e+00 2.000000e+01 3.450276e-01
    endloop
  endfacet
  facet normal 9.766204e-01 -5.265047e-04 2.149704e-01
    outer loop
      vertex   1.567476e+00 2.000000e+01 3.450276e-01
      vertex   1.553998e+00 1.801273e+01 4.013923e-01
      vertex   1.578910e+00 1.801273e+01 2.882130e-01
    endloop
  endfacet
  facet normal 9.837447e-01 5.265047e-04 1.795719e-01
    outer loop
      vertex   1.567476e+00 2.000000e+01 3.450276e-01
      vertex   1.578910e+00 1.801273e+01 2.882130e-01
      vertex   1.588286e+00 2.000000e+01 2.310226e-01
    endloop
  endfacet
  facet normal 9.895864e-01 -5.265047e-04 1.439393e-01
    outer loop
      vertex   1.588286e+00 2.000000e+01 2.310226e-01
      vertex   1.578910e+00 1.801273e+01 2.882130e-01
      vertex   1.595591e+00 1.801273e+01 1.735310e-01
    endloop
  endfacet
  facet normal 9.941378e-01 5.265047e-04 1.081190e-01
    outer loop
      vertex   1.588286e+00 2.000000e+01 2.310226e-01
      vertex   1.595591e+00 1.801273e+01 1.735310e-01
      vertex   1.600816e+00 2.000000e+01 1.158132e-01
    endloop
  endfacet
  facet normal 9.973931e-01 -5.265047e-04 7.215775e-02
    outer loop
      vertex   1.600816e+00 2.000000e+01 1.158132e-01
      vertex   1.595591e+00 1.801273e+01 1.735310e-01
      vertex   1.603954e+00 1.801273e+01 5.794437e-02
    endloop
  endfacet
  facet normal 9.993480e-01 -5.265047e-04 -3.610241e-02
    outer loop
      vertex   1.600816e+00 1.403819e+01 -1.158132e-01
      vertex   1.603954e+00 1.602546e+01 -5.794437e-02
      vertex   1.605000e+00 1.403819e+01 0.000000e+00
    endloop
  endfacet
  facet normal 9.999999e-01 5.265047e-04 0.000000e+00
    outer loop
      vertex   1.605000e+00 1.403819e+01 0.000000e+00
      vertex   1.603954e+00 1.602546e+01 -5.794437e-02
      vertex   1.603954e+00 1.602546e+01 5.794437e-02
    endloop
  endfacet
  facet normal 9.993480e-01 -5.265047e-04 3.610241e-02
    outer loop
      vertex   1.605000e+00 1.403819e+01 0.000000e+00
      vertex   1.603954e+00 1.602546e+01 5.794437e-02
      vertex   1.600816e+00 1.403819e+01 1.158132e-01
    endloop
  endfacet
  facet normal 9.973931e-01 5.265047e-04 7.215775e-02
    outer loop
      vertex   1.600816e+00 1.403819e+01 1.158132e-01
      vertex   1.603954e+00 1.602546e+01 5.794437e-02
      vertex   1.595591e+00 1.602546e+01 1.735310e-01
    endloop
  endfacet
  facet normal 9.941378e-01 -5.265047e-04 1.081190e-01
    outer loop
      vertex   1.600816e+00 1.403819e+01 1.158132e-01
      vertex   1.595591e+00 1.602546e+01 1.735310e-01
      vertex   1.588286e+00 1.403819e+01 2.310226e-01
    endloop
  endfacet
  facet normal 9.895864e-01 5.265047e-04 1.439393e-01
    outer loop
      vertex   1.588286e+00 1.403819e+01 2.310226e-01
      vertex   1.595591e+00 1.602546e+01 1.735310e-01
      vertex   1.578910e+00 1.602546e+01 2.882130e-01
    endloop
  endfacet
  facet normal 9.837447e-01 -5.265047e-04 1.795719e-01
    outer loop
      vertex   1.588286e+00 1.403819e+01 2.310226e-01
      vertex   1.578910e+00 1.602546e+01 2.882130e-01
      vertex   1.567476e+00 1.403819e+01 3.450276e-01
    endloop
  endfacet
  facet normal 9.766204e-01 5.265047e-04 2.149704e-01
    outer loop
      vertex   1.567476e+00 1.403819e+01 3.450276e-01
      vertex   1.578910e+00 1.602546e+01 2.882130e-01
      vertex   1.553998e+00 1.602546e+01 4.013923e-01
    endloop
  endfacet
  facet normal 9.682228e-01 -5.265047e-04 2.500886e-01
    outer loop
      vertex   1.567476e+00 1.403819e+01 3.450276e-01
      vertex   1.553998e+00 1.602546e+01 4.013923e-01
      vertex   1.538494e+00 1.403819e+01 4.572337e-01
    endloop
  endfacet
  facet normal 9.585628e-01 5.265047e-04 2.848808e-01
    outer loop
      vertex   1.538494e+00 1.403819e+01 4.572337e-01
      vertex   1.553998e+00 1.602546e+01 4.013923e-01
      vertex   1.520983e+00 1.602546e+01 5.124790e-01
    endloop
  endfacet
  facet normal 9.476530e-01 -5.265047e-04 3.193015e-01
    outer loop
      vertex   1.538494e+00 1.403819e+01 4.572337e-01
      vertex   1.520983e+00 1.602546e+01 5.124790e-01
      vertex   1.501490e+00 1.403819e+01 5.670560e-01
    endloop
  endfacet
  facet normal 9.355077e-01 5.265047e-04 3.533059e-01
    outer loop
      vertex   1.501490e+00 1.403819e+01 5.670560e-01
      vertex   1.520983e+00 1.602546e+01 5.124790e-01
      vertex   1.480039e+00 1.602546e+01 6.208938e-01
    endloop
  endfacet
  facet normal 9.221426e-01 -5.265047e-04 3.868497e-01
    outer loop
      vertex   1.501490e+00 1.403819e+01 5.670560e-01
      vertex   1.480039e+00 1.602546e+01 6.208938e-01
      vertex   1.456659e+00 1.403819e+01 6.739220e-01
    endloop
  endfacet
  facet normal 9.075753e-01 5.265047e-04 4.198890e-01
    outer loop
      vertex   1.456659e+00 1.403819e+01 6.739220e-01
      vertex   1.480039e+00 1.602546e+01 6.208938e-01
      vertex   1.431379e+00 1.602546e+01 7.260716e-01
    endloop
  endfacet
  facet normal 8.918246e-01 -5.265047e-04 4.523810e-01
    outer loop
      vertex   1.456659e+00 1.403819e+01 6.739220e-01
      vertex   1.431379e+00 1.602546e+01 7.260716e-01
      vertex   1.404233e+00 1.403819e+01 7.772745e-01
    endloop
  endfacet
  facet normal 8.749112e-01 5.265047e-04 4.842831e-01
    outer loop
      vertex   1.404233e+00 1.403819e+01 7.772745e-01
      vertex   1.431379e+00 1.602546e+01 7.260716e-01
      vertex   1.375256e+00 1.602546e+01 8.274639e-01
    endloop
  endfacet
  facet normal 8.568571e-01 -5.265047e-04 5.155538e-01
    outer loop
      vertex   1.404233e+00 1.403819e+01 7.772745e-01
      vertex   1.375256e+00 1.602546e+01 8.274639e-01
      vertex   1.344486e+00 1.403819e+01 8.765746e-01
    endloop
  endfacet
  facet normal 8.376857e-01 5.265047e-04 5.461523e-01
    outer loop
      vertex   1.344486e+00 1.403819e+01 8.765746e-01
      vertex   1.375256e+00 1.602546e+01 8.274639e-01
      vertex   1.311963e+00 1.602546e+01 9.245423e-01
    endloop
  endfacet
  facet normal 8.174222e-01 -5.265047e-04 5.760387e-01
    outer loop
      vertex   1.344486e+00 1.403819e+01 8.765746e-01
      vertex   1.311963e+00 1.602546e+01 9.245423e-01
      vertex   1.277729e+00 1.403819e+01 9.713046e-01
    endloop
  endfacet
  facet normal 7.960930e-01 5.265047e-04 6.051741e-01
    outer loop
      vertex   1.277729e+00 1.403819e+01 9.713046e-01
      vertex   1.311963e+00 1.602546e+01 9.245423e-01
      vertex   1.241830e+00 1.602546e+01 1.016801e+00
    endloop
  endfacet
  facet normal 7.737257e-01 -5.265047e-04 6.335205e-01
    outer loop
      vertex   1.277729e+00 1.403819e+01 9.713046e-01
      vertex   1.241830e+00 1.602546e+01 1.016801e+00
      vertex   1.204311e+00 1.403819e+01 1.060971e+00
    endloop
  endfacet
  facet normal 7.503497e-01 5.265047e-04 6.610409e-01
    outer loop
      vertex   1.204311e+00 1.403819e+01 1.060971e+00
      vertex   1.241830e+00 1.602546e+01 1.016801e+00
      vertex   1.165223e+00 1.602546e+01 1.103758e+00
    endloop
  endfacet
  facet normal 7.259954e-01 -5.265047e-04 6.876994e-01
    outer loop
      vertex   1.204311e+00 1.403819e+01 1.060971e+00
      vertex   1.165223e+00 1.602546e+01 1.103758e+00
      vertex   1.124615e+00 1.403819e+01 1.145105e+00
    endloop
  endfacet
  facet normal 7.006945e-01 5.265047e-04 7.134612e-01
    outer loop
      vertex   1.124615e+00 1.403819e+01 1.145105e+00
      vertex   1.165223e+00 1.602546e+01 1.103758e+00
      vertex   1.082541e+00 1.602546e+01 1.184960e+00
    endloop
  endfacet
  facet normal 6.744800e-01 -5.265047e-04 7.382929e-01
    outer loop
      vertex   1.124615e+00 1.403819e+01 1.145105e+00
      vertex   1.082541e+00 1.602546e+01 1.184960e+00
      vertex   1.039055e+00 1.403819e+01 1.223270e+00
    endloop
  endfacet
  facet normal 6.473862e-01 5.265047e-04 7.621619e-01
    outer loop
      vertex   1.039055e+00 1.403819e+01 1.223270e+00
      vertex   1.082541e+00 1.602546e+01 1.184960e+00
      vertex   9.942146e-01 1.602546e+01 1.259985e+00
    endloop
  endfacet
  facet normal 6.194483e-01 -5.265047e-04 7.850373e-01
    outer loop
      vertex   1.039055e+00 1.403819e+01 1.223270e+00
      vertex   9.942146e-01 1.602546e+01 1.259985e+00
      vertex   9.480780e-01 1.403819e+01 1.295057e+00
    endloop
  endfacet
  facet normal 5.907027e-01 5.265047e-04 8.068891e-01
    outer loop
      vertex   9.480780e-01 1.403819e+01 1.295057e+00
      vertex   9.942146e-01 1.602546e+01 1.259985e+00
      vertex   9.007052e-01 1.602546e+01 1.328441e+00
    endloop
  endfacet
  facet normal 5.611870e-01 -5.265047e-04 8.276889e-01
    outer loop
      vertex   9.480780e-01 1.403819e+01 1.295057e+00
      vertex   9.007052e-01 1.602546e+01 1.328441e+00
      vertex   8.521581e-01 1.403819e+01 1.360092e+00
    endloop
  endfacet
  facet normal 5.309396e-01 5.265047e-04 8.474095e-01
    outer loop
      vertex   8.521581e-01 1.403819e+01 1.360092e+00
      vertex   9.007052e-01 1.602546e+01 1.328441e+00
      vertex   8.025000e-01 1.602546e+01 1.389971e+00
    endloop
  endfacet
  facet normal 4.999999e-01 -5.265047e-04 8.660253e-01
    outer loop
      vertex   8.521581e-01 1.403819e+01 1.360092e+00
      vertex   8.025000e-01 1.602546e+01 1.389971e+00
      vertex   7.517955e-01 1.403819e+01 1.418037e+00
    endloop
  endfacet
  facet normal 4.684084e-01 5.265047e-04 8.835119e-01
    outer loop
      vertex   7.517955e-01 1.403819e+01 1.418037e+00
      vertex   8.025000e-01 1.602546e+01 1.389971e+00
      vertex   7.001109e-01 1.602546e+01 1.444254e+00
    endloop
  endfacet
  facet normal 4.362061e-01 -5.265047e-04 8.998466e-01
    outer loop
      vertex   7.517955e-01 1.403819e+01 1.418037e+00
      vertex   7.001109e-01 1.602546e+01 1.444254e+00
      vertex   6.475134e-01 1.403819e+01 1.468588e+00
    endloop
  endfacet
  facet normal 4.034351e-01 5.265047e-04 9.150081e-01
    outer loop
      vertex   6.475134e-01 1.403819e+01 1.468588e+00
      vertex   7.001109e-01 1.602546e+01 1.444254e+00
      vertex   5.940717e-01 1.602546e+01 1.491008e+00
    endloop
  endfacet
  facet normal 3.701381e-01 -5.265047e-04 9.289766e-01
    outer loop
      vertex   6.475134e-01 1.403819e+01 1.468588e+00
      vertex   5.940717e-01 1.602546e+01 1.491008e+00
      vertex   5.398555e-01 1.403819e+01 1.511483e+00
    endloop
  endfacet
  facet normal 3.363585e-01 5.265047e-04 9.417339e-01
    outer loop
      vertex   5.398555e-01 1.403819e+01 1.511483e+00
      vertex   5.940717e-01 1.602546e+01 1.491008e+00
      vertex   4.849354e-01 1.602546e+01 1.529988e+00
    endloop
  endfacet
  facet normal 3.021404e-01 -5.265047e-04 9.532633e-01
    outer loop
      vertex   5.398555e-01 1.403819e+01 1.511483e+00
      vertex   4.849354e-01 1.602546e+01 1.529988e+00
      vertex   4.293830e-01 1.403819e+01 1.546498e+00
    endloop
  endfacet
  facet normal 2.675283e-01 5.265047e-04 9.635499e-01
    outer loop
      vertex   4.293830e-01 1.403819e+01 1.546498e+00
      vertex   4.849354e-01 1.602546e+01 1.529988e+00
      vertex   3.732708e-01 1.602546e+01 1.560991e+00
    endloop
  endfacet
  facet normal 2.325674e-01 -5.265047e-04 9.725801e-01
    outer loop
      vertex   4.293830e-01 1.403819e+01 1.546498e+00
      vertex   3.732708e-01 1.602546e+01 1.560991e+00
      vertex   3.166719e-01 1.403819e+01 1.573450e+00
    endloop
  endfacet
  facet normal 1.973033e-01 5.265047e-04 9.803423e-01
    outer loop
      vertex   3.166719e-01 1.403819e+01 1.573450e+00
      vertex   3.732708e-01 1.602546e+01 1.560991e+00
      vertex   2.596601e-01 1.602546e+01 1.583857e+00
    endloop
  endfacet
  facet normal 1.617820e-01 -5.265047e-04 9.868264e-01
    outer loop
      vertex   3.166719e-01 1.403819e+01 1.573450e+00
      vertex   2.596601e-01 1.602546e+01 1.583857e+00
      vertex   2.023098e-01 1.403819e+01 1.592198e+00
    endloop
  endfacet
  facet normal 1.260497e-01 5.265047e-04 9.920238e-01
    outer loop
      vertex   2.023098e-01 1.403819e+01 1.592198e+00
      vertex   2.596601e-01 1.602546e+01 1.583857e+00
      vertex   1.446957e-01 1.602546e+01 1.598464e+00
    endloop
  endfacet
  facet normal 9.015307e-02 -5.265047e-04 9.959278e-01
    outer loop
      vertex   2.023098e-01 1.403819e+01 1.592198e+00
      vertex   1.446957e-01 1.602546e+01 1.598464e+00
      vertex   8.689295e-02 1.403819e+01 1.602646e+00
    endloop
  endfacet
  facet normal 5.413890e-02 5.265047e-04 9.985333e-01
    outer loop
      vertex   8.689295e-02 1.403819e+01 1.602646e+00
      vertex   1.446957e-01 1.602546e+01 1.598464e+00
      vertex   2.897691e-02 1.602546e+01 1.604738e+00
    endloop
  endfacet
  facet normal 1.805415e-02 -5.265047e-04 9.998369e-01
    outer loop
      vertex   8.689295e-02 1.403819e+01 1.602646e+00
      vertex   2.897691e-02 1.602546e+01 1.604738e+00
      vertex   -2.897691e-02 1.403819e+01 1.604738e+00
    endloop
  endfacet
  facet normal -1.805415e-02 5.265047e-04 9.998369e-01
    outer loop
      vertex   -2.897691e-02 1.403819e+01 1.604738e+00
      vertex   2.897691e-02 1.602546e+01 1.604738e+00
      vertex   -8.689295e-02 1.602546e+01 1.602646e+00
    endloop
  endfacet
  facet normal -5.413890e-02 -5.265047e-04 9.985333e-01
    outer loop
      vertex   -2.897691e-02 1.403819e+01 1.604738e+00
      vertex   -8.689295e-02 1.602546e+01 1.602646e+00
      vertex   -1.446957e-01 1.403819e+01 1.598464e+00
    endloop
  endfacet
  facet normal -9.015307e-02 5.265047e-04 9.959278e-01
    outer loop
      vertex   -1.446957e-01 1.403819e+01 1.598464e+00
      vertex   -8.689295e-02 1.602546e+01 1.602646e+00
      vertex   -2.023098e-01 1.602546e+01 1.592198e+00
    endloop
  endfacet
  facet normal -1.260497e-01 -5.265047e-04 9.920238e-01
    outer loop
      vertex   -1.446957e-01 1.403819e+01 1.598464e+00
      vertex   -2.023098e-01 1.602546e+01 1.592198e+00
      vertex   -2.596601e-01 1.403819e+01 1.583857e+00
    endloop
  endfacet
  facet normal -1.617820e-01 5.265047e-04 9.868264e-01
    outer loop
      vertex   -2.596601e-01 1.403819e+01 1.583857e+00
      vertex   -2.023098e-01 1.602546e+01 1.592198e+00
      vertex   -3.166719e-01 1.602546e+01 1.573450e+00
    endloop
  endfacet
  facet normal -1.973033e-01 -5.265047e-04 9.803423e-01
    outer loop
      vertex   -2.596601e-01 1.403819e+01 1.583857e+00
      vertex   -3.166719e-01 1.602546e+01 1.573450e+00
      vertex   -3.732708e-01 1.403819e+01 1.560991e+00
    endloop
  endfacet
  facet normal -2.325674e-01 5.265047e-04 9.725801e-01
    outer loop
      vertex   -3.732708e-01 1.403819e+01 1.560991e+00
      vertex   -3.166719e-01 1.602546e+01 1.573450e+00
      vertex   -4.293830e-01 1.602546e+01 1.546498e+00
    endloop
  endfacet
  facet normal -2.675283e-01 -5.265047e-04 9.635499e-01
    outer loop
      vertex   -3.732708e-01 1.403819e+01 1.560991e+00
      vertex   -4.293830e-01 1.602546e+01 1.546498e+00
      vertex   -4.849354e-01 1.403819e+01 1.529988e+00
    endloop
  endfacet
  facet normal -3.021404e-01 5.265047e-04 9.532633e-01
    outer loop
      vertex   -4.849354e-01 1.403819e+01 1.529988e+00
      vertex   -4.293830e-01 1.602546e+01 1.546498e+00
      vertex   -5.398555e-01 1.602546e+01 1.511483e+00
    endloop
  endfacet
  facet normal -3.363585e-01 -5.265047e-04 9.417339e-01
    outer loop
      vertex   -4.849354e-01 1.403819e+01 1.529988e+00
      vertex   -5.398555e-01 1.602546e+01 1.511483e+00
      vertex   -5.940717e-01 1.403819e+01 1.491008e+00
    endloop
  endfacet
  facet normal -3.701381e-01 5.265047e-04 9.289766e-01
    outer loop
      vertex   -5.940717e-01 1.403819e+01 1.491008e+00
      vertex   -5.398555e-01 1.602546e+01 1.511483e+00
      vertex   -6.475134e-01 1.602546e+01 1.468588e+00
    endloop
  endfacet
  facet normal -4.034351e-01 -5.265047e-04 9.150081e-01
    outer loop
      vertex   -5.940717e-01 1.403819e+01 1.491008e+00
      vertex   -6.475134e-01 1.602546e+01 1.468588e+00
      vertex   -7.001109e-01 1.403819e+01 1.444254e+00
    endloop
  endfacet
  facet normal -4.362061e-01 5.265047e-04 8.998466e-01
    outer loop
      vertex   -7.001109e-01 1.403819e+01 1.444254e+00
      vertex   -6.475134e-01 1.602546e+01 1.468588e+00
      vertex   -7.517955e-01 1.602546e+01 1.418037e+00
    endloop
  endfacet
  facet normal -4.684084e-01 -5.265047e-04 8.835119e-01
    outer loop
      vertex   -7.001109e-01 1.403819e+01 1.444254e+00
      vertex   -7.517955e-01 1.602546e+01 1.418037e+00
      vertex   -8.025000e-01 1.403819e+01 1.389971e+00
    endloop
  endfacet
  facet normal -4.999999e-01 5.265047e-04 8.660253e-01
    outer loop
      vertex   -8.025000e-01 1.403819e+01 1.389971e+00
      vertex   -7.517955e-01 1.602546e+01 1.418037e+00
      vertex   -8.521581e-01 1.602546e+01 1.360092e+00
    endloop
  endfacet
  facet normal -5.309396e-01 -5.265047e-04 8.474095e-01
    outer loop
      vertex   -8.025000e-01 1.403819e+01 1.389971e+00
      vertex   -8.521581e-01 1.602546e+01 1.360092e+00
      vertex   -9.007052e-01 1.403819e+01 1.328441e+00
    endloop
  endfacet
  facet normal -5.611870e-01 5.265047e-04 8.276889e-01
    outer loop
      vertex   -9.007052e-01 1.403819e+01 1.328441e+00
      vertex   -8.521581e-01 1.602546e+01 1.360092e+00
      vertex   -9.480780e-01 1.602546e+01 1.295057e+00
    endloop
  endfacet
  facet normal -5.907027e-01 -5.265047e-04 8.068891e-01
    outer loop
      vertex   -9.007052e-01 1.403819e+01 1.328441e+00
      vertex   -9.480780e-01 1.602546e+01 1.295057e+00
      vertex   -9.942146e-01 1.403819e+01 1.259985e+00
    endloop
  endfacet
  facet normal -6.194483e-01 5.265047e-04 7.850373e-01
    outer loop
      vertex   -9.942146e-01 1.403819e+01 1.259985e+00
      vertex   -9.480780e-01 1.602546e+01 1.295057e+00
      vertex   -1.039055e+00 1.602546e+01 1.223270e+00
    endloop
  endfacet
  facet normal -6.473862e-01 -5.265047e-04 7.621619e-01
    outer loop
      vertex   -9.942146e-01 1.403819e+01 1.259985e+00
      vertex   -1.039055e+00 1.602546e+01 1.223270e+00
      vertex   -1.082541e+00 1.403819e+01 1.184960e+00
    endloop
  endfacet
  facet normal -6.744800e-01 5.265047e-04 7.382929e-01
    outer loop
      vertex   -1.082541e+00 1.403819e+01 1.184960e+00
      vertex   -1.039055e+00 1.602546e+01 1.223270e+00
      vertex   -1.124615e+00 1.602546e+01 1.145105e+00
    endloop
  endfacet
  facet normal -7.006945e-01 -5.265047e-04 7.134612e-01
    outer loop
      vertex   -1.082541e+00 1.403819e+01 1.184960e+00
      vertex   -1.124615e+00 1.602546e+01 1.145105e+00
      vertex   -1.165223e+00 1.403819e+01 1.103758e+00
    endloop
  endfacet
  facet normal -7.259954e-01 5.265047e-04 6.876994e-01
    outer loop
      vertex   -1.165223e+00 1.403819e+01 1.103758e+00
      vertex   -1.124615e+00 1.602546e+01 1.145105e+00
      vertex   -1.204311e+00 1.602546e+01 1.060971e+00
    endloop
  endfacet
  facet normal -7.503497e-01 -5.265047e-04 6.610409e-01
    outer loop
      vertex   -1.165223e+00 1.403819e+01 1.103758e+00
      vertex   -1.204311e+00 1.602546e+01 1.060971e+00
      vertex   -1.241830e+00 1.403819e+01 1.016801e+00
    endloop
  endfacet
  facet normal -7.737257e-01 5.265047e-04 6.335205e-01
    outer loop
      vertex   -1.241830e+00 1.403819e+01 1.016801e+00
      vertex   -1.204311e+00 1.602546e+01 1.060971e+00
      vertex   -1.277729e+00 1.602546e+01 9.713046e-01
    endloop
  endfacet
  facet normal -7.960930e-01 -5.265047e-04 6.051741e-01
    outer loop
      vertex   -1.241830e+00 1.403819e+01 1.016801e+00
      vertex   -1.277729e+00 1.602546e+01 9.713046e-01
      vertex   -1.311963e+00 1.403819e+01 9.245423e-01
    endloop
  endfacet
  facet normal -8.174222e-01 5.265047e-04 5.760387e-01
    outer loop
      vertex   -1.311963e+00 1.403819e+01 9.245423e-01
      vertex   -1.277729e+00 1.602546e+01 9.713046e-01
      vertex   -1.344486e+00 1.602546e+01 8.765746e-01
    endloop
  endfacet
  facet normal -8.376857e-01 -5.265047e-04 5.461523e-01
    outer loop
      vertex   -1.311963e+00 1.403819e+01 9.245423e-01
      vertex   -1.344486e+00 1.602546e+01 8.765746e-01
      vertex   -1.375256e+00 1.403819e+01 8.274639e-01
    endloop
  endfacet
  facet normal -8.568571e-01 5.265047e-04 5.155538e-01
    outer loop
      vertex   -1.375256e+00 1.403819e+01 8.274639e-01
      vertex   -1.344486e+00 1.602546e+01 8.765746e-01
      vertex   -1.404233e+00 1.602546e+01 7.772745e-01
    endloop
  endfacet
  facet normal -8.749112e-01 -5.265047e-04 4.842831e-01
    outer loop
      vertex   -1.375256e+00 1.403819e+01 8.274639e-01
      vertex   -1.404233e+00 1.602546e+01 7.772745e-01
      vertex   -1.431379e+00 1.403819e+01 7.260716e-01
    endloop
  endfacet
  facet normal -8.918246e-01 5.265047e-04 4.523810e-01
    outer loop
      vertex   -1.431379e+00 1.403819e+01 7.260716e-01
      vertex   -1.404233e+00 1.602546e+01 7.772745e-01
      vertex   -1.456659e+00 1.602546e+01 6.739220e-01
    endloop
  endfacet
  facet normal -9.075753e-01 -5.265047e-04 4.198890e-01
    outer loop
      vertex   -1.431379e+00 1.403819e+01 7.260716e-01
      vertex   -1.456659e+00 1.602546e+01 6.739220e-01
      vertex   -1.480039e+00 1.403819e+01 6.208938e-01
    endloop
  endfacet
  facet normal -9.221426e-01 5.265047e-04 3.868497e-01
    outer loop
      vertex   -1.480039e+00 1.403819e+01 6.208938e-01
      vertex   -1.456659e+00 1.602546e+01 6.739220e-01
      vertex   -1.501490e+00 1.602546e+01 5.670560e-01
    endloop
  endfacet
  facet normal -9.355077e-01 -5.265047e-04 3.533059e-01
    outer loop
      vertex   -1.480039e+00 1.403819e+01 6.208938e-01
      vertex   -1.501490e+00 1.602546e+01 5.670560e-01
      vertex   -1.520983e+00 1.403819e+01 5.124790e-01
    endloop
  endfacet
  facet normal -9.476530e-01 5.265047e-04 3.193015e-01
    outer loop
      vertex   -1.520983e+00 1.403819e+01 5.124790e-01
      vertex   -1.501490e+00 1.602546e+01 5.670560e-01
      vertex   -1.538494e+00 1.602546e+01 4.572337e-01
    endloop
  endfacet
  facet normal -9.585628e-01 -5.265047e-04 2.848808e-01
    outer loop
      vertex   -1.520983e+00 1.403819e+01 5.124790e-01
      vertex   -1.538494e+00 1.602546e+01 4.572337e-01
      vertex   -1.553998e+00 1.403819e+01 4.013923e-01
    endloop
  endfacet
  facet normal -9.682228e-01 5.265047e-04 2.500886e-01
    outer loop
      vertex   -1.553998e+00 1.403819e+01 4.013923e-01
      vertex   -1.538494e+00 1.602546e+01 4.572337e-01
      vertex   -1.567476e+00 1.602546e+01 3.450276e-01
    endloop
  endfacet
  facet normal -9.766204e-01 -5.265047e-04 2.149704e-01
    outer loop
      vertex   -1.553998e+00 1.403819e+01 4.013923e-01
      vertex   -1.567476e+00 1.602546e+01 3.450276e-01
      vertex   -1.578910e+00 1.403819e+01 2.882130e-01
    endloop
  endfacet
  facet normal -9.837447e-01 5.265047e-04 1.795719e-01
    outer loop
      vertex   -1.578910e+00 1.403819e+01 2.882130e-01
      vertex   -1.567476e+00 1.602546e+01 3.450276e-01
      vertex   -1.588286e+00 1.602546e+01 2.310226e-01
    endloop
  endfacet
  facet normal -9.895864e-01 -5.265047e-04 1.439393e-01
    outer loop
      vertex   -1.578910e+00 1.403819e+01 2.882130e-01
      vertex   -1.588286e+00 1.602546e+01 2.310226e-01
      vertex   -1.595591e+00 1.403819e+01 1.735310e-01
    endloop
  endfacet
  facet normal -9.941378e-01 5.265047e-04 1.081190e-01
    outer loop
      vertex   -1.595591e+00 1.403819e+01 1.735310e-01
      vertex   -1.588286e+00 1.602546e+01 2.310226e-01
      vertex   -1.600816e+00 1.602546e+01 1.158132e-01
    endloop
  endfacet
  facet normal -9.973931e-01 -5.265047e-04 7.215775e-02
    outer loop
      vertex   -1.595591e+00 1.403819e+01 1.735310e-01
      vertex   -1.600816e+00 1.602546e+01 1.158132e-01
      vertex   -1.603954e+00 1.403819e+01 5.794437e-02
    endloop
  endfacet
  facet normal -9.993480e-01 5.265047e-04 3.610241e-02
    outer loop
      vertex   -1.603954e+00 1.403819e+01 5.794437e-02
      vertex   -1.600816e+00 1.602546e+01 1.158132e-01
      vertex   -1.605000e+00 1.602546e+01 -1.965558e-16
    endloop
  endfacet
  facet normal -9.999999e-01 -5.265047e-04 -0.000000e+00
    outer loop
      vertex   -1.603954e+00 1.403819e+01 5.794437e-02
      vertex   -1.605000e+00 1.602546e+01 -1.965558e-16
      vertex   -1.603954e+00 1.403819e+01 -5.794437e-02
    endloop
  endfacet
  facet normal -9.993480e-01 5.265047e-04 -3.610241e-02
    outer loop
      vertex   -1.603954e+00 1.403819e+01 -5.794437e-02
      vertex   -1.605000e+00 1.602546e+01 -1.965558e-16
      vertex   -1.600816e+00 1.602546e+01 -1.158132e-01
    endloop
  endfacet
  facet normal -9.973931e-01 -5.265047e-04 -7.215775e-02
    outer loop
      vertex   -1.603954e+00 1.403819e+01 -5.794437e-02
      vertex   -1.600816e+00 1.602546e+01 -1.158132e-01
      vertex   -1.595591e+00 1.403819e+01 -1.735310e-01
    endloop
  endfacet
  facet normal -9.941378e-01 5.265047e-04 -1.081190e-01
    outer loop
      vertex   -1.595591e+00 1.403819e+01 -1.735310e-01
      vertex   -1.600816e+00 1.602546e+01 -1.158132e-01
      vertex   -1.588286e+00 1.602546e+01 -2.310226e-01
    endloop
  endfacet
  facet normal -9.895864e-01 -5.265047e-04 -1.439393e-01
    outer loop
      vertex   -1.595591e+00 1.403819e+01 -1.735310e-01
      vertex   -1.588286e+00 1.602546e+01 -2.310226e-01
      vertex   -1.578910e+00 1.403819e+01 -2.882130e-01
    endloop
  endfacet
  facet normal -9.837447e-01 5.265047e-04 -1.795719e-01
    outer loop
      vertex   -1.578910e+00 1.403819e+01 -2.882130e-01
      vertex   -1.588286e+00 1.602546e+01 -2.310226e-01
      vertex   -1.567476e+00 1.602546e+01 -3.450276e-01
    endloop
  endfacet
  facet normal -9.766204e-01 -5.265047e-04 -2.149704e-01
    outer loop
      vertex   -1.578910e+00 1.403819e+01 -2.882130e-01
      vertex   -1.567476e+00 1.602546e+01 -3.450276e-01
      vertex   -1.553998e+00 1.403819e+01 -4.013923e-01
    endloop
  endfacet
  facet normal -9.682228e-01 5.265047e-04 -2.500886e-01
    outer loop
      vertex   -1.553998e+00 1.403819e+01 -4.013923e-01
      vertex   -1.567476e+00 1.602546e+01 -3.450276e-01
      vertex   -1.538494e+00 1.602546e+01 -4.572337e-01
    endloop
  endfacet
  facet normal -9.585628e-01 -5.265047e-04 -2.848808e-01
    outer loop
      vertex   -1.553998e+00 1.403819e+01 -4.013923e-01
      vertex   -1.538494e+00 1.602546e+01 -4.572337e-01
      vertex   -1.520983e+00 1.403819e+01 -5.124790e-01
    endloop
  endfacet
  facet normal -9.476530e-01 5.265047e-04 -3.193015e-01
    outer loop
      vertex   -1.520983e+00 1.403819e+01 -5.124790e-01
      vertex   -1.538494e+00 1.602546e+01 -4.572337e-01
      vertex   -1.501490e+00 1.602546e+01 -5.670560e-01
    endloop
  endfacet
  facet normal -9.355077e-01 -5.265047e-04 -3.533059e-01
    outer loop
      vertex   -1.520983e+00 1.403819e+01 -5.124790e-01
      vertex   -1.501490e+00 1.602546e+01 -5.670560e-01
      vertex   -1.480039e+00 1.403819e+01 -6.208938e-01
    endloop
  endfacet
  facet normal -9.221426e-01 5.265047e-04 -3.868497e-01
    outer loop
      vertex   -1.480039e+00 1.403819e+01 -6.208938e-01
      vertex   -1.501490e+00 1.602546e+01 -5.670560e-01
      vertex   -1.456659e+00 1.602546e+01 -6.739220e-01
    endloop
  endfacet
  facet normal -9.075753e-01 -5.265047e-04 -4.198890e-01
    outer loop
      vertex   -1.480039e+00 1.403819e+01 -6.208938e-01
      vertex   -1.456659e+00 1.602546e+01 -6.739220e-01
      vertex   -1.431379e+00 1.403819e+01 -7.260716e-01
    endloop
  endfacet
  facet normal -8.918246e-01 5.265047e-04 -4.523810e-01
    outer loop
      vertex   -1.431379e+00 1.403819e+01 -7.260716e-01
      vertex   -1.456659e+00 1.602546e+01 -6.739220e-01
      vertex   -1.404233e+00 1.602546e+01 -7.772745e-01
    endloop
  endfacet
  facet normal -8.749112e-01 -5.265047e-04 -4.842831e-01
    outer loop
      vertex   -1.431379e+00 1.403819e+01 -7.260716e-01
      vertex   -1.404233e+00 1.602546e+01 -7.772745e-01
      vertex   -1.375256e+00 1.403819e+01 -8.274639e-01
    endloop
  endfacet
  facet normal -8.568571e-01 5.265047e-04 -5.155538e-01
    outer loop
      vertex   -1.375256e+00 1.403819e+01 -8.274639e-01
      vertex   -1.404233e+00 1.602546e+01 -7.772745e-01
      vertex   -1.344486e+00 1.602546e+01 -8.765746e-01
    endloop
  endfacet
  facet normal -8.376857e-01 -5.265047e-04 -5.461523e-01
    outer loop
      vertex   -1.375256e+00 1.403819e+01 -8.274639e-01
      vertex   -1.344486e+00 1.602546e+01 -8.765746e-01
      vertex   -1.311963e+00 1.403819e+01 -9.245423e-01
    endloop
  endfacet
  facet normal -8.174222e-01 5.265047e-04 -5.760387e-01
    outer loop
      vertex   -1.311963e+00 1.403819e+01 -9.245423e-01
      vertex   -1.344486e+00 1.602546e+01 -8.765746e-01
      vertex   -1.277729e+00 1.602546e+01 -9.713046e-01
    endloop
  endfacet
  facet normal -7.960930e-01 -5.265047e-04 -6.051741e-01
    outer loop
      vertex   -1.311963e+00 1.403819e+01 -9.245423e-01
      vertex   -1.277729e+00 1.602546e+01 -9.713046e-01
      vertex   -1.241830e+00 1.403819e+01 -1.016801e+00
    endloop
  endfacet
  facet normal -7.737257e-01 5.265047e-04 -6.335205e-01
    outer loop
      vertex   -1.241830e+00 1.403819e+01 -1.016801e+00
      vertex   -1.277729e+00 1.602546e+01 -9.713046e-01
      vertex   -1.204311e+00 1.602546e+01 -1.060971e+00
    endloop
  endfacet
  facet normal -7.503497e-01 -5.265047e-04 -6.610409e-01
    outer loop
      vertex   -1.241830e+00 1.403819e+01 -1.016801e+00
      vertex   -1.204311e+00 1.602546e+01 -1.060971e+00
      vertex   -1.165223e+00 1.403819e+01 -1.103758e+00
    endloop
  endfacet
  facet normal -7.259954e-01 5.265047e-04 -6.876994e-01
    outer loop
      vertex   -1.165223e+00 1.403819e+01 -1.103758e+00
      vertex   -1.204311e+00 1.602546e+01 -1.060971e+00
      vertex   -1.124615e+00 1.602546e+01 -1.145105e+00
    endloop
  endfacet
  facet normal -7.006945e-01 -5.265047e-04 -7.134612e-01
    outer loop
      vertex   -1.165223e+00 1.403819e+01 -1.103758e+00
      vertex   -1.124615e+00 1.602546e+01 -1.145105e+00
      vertex   -1.082541e+00 1.403819e+01 -1.184960e+00
    endloop
  endfacet
  facet normal -6.744800e-01 5.265047e-04 -7.382929e-01
    outer loop
      vertex   -1.082541e+00 1.403819e+01 -1.184960e+00
      vertex   -1.124615e+00 1.602546e+01 -1.145105e+00
      vertex   -1.039055e+00 1.602546e+01 -1.223270e+00
    endloop
  endfacet
  facet normal -6.473862e-01 -5.265047e-04 -7.621619e-01
    outer loop
      vertex   -1.082541e+00 1.403819e+01 -1.184960e+00
      vertex   -1.039055e+00 1.602546e+01 -1.223270e+00
      vertex   -9.942146e-01 1.403819e+01 -1.259985e+00
    endloop
  endfacet
  facet normal -6.194483e-01 5.265047e-04 -7.850373e-01
    outer loop
      vertex   -9.942146e-01 1.403819e+01 -1.259985e+00
      vertex   -1.039055e+00 1.602546e+01 -1.223270e+00
      vertex   -9.480780e-01 1.602546e+01 -1.295057e+00
    endloop
  endfacet
  facet normal -5.907027e-01 -5.265047e-04 -8.068891e-01
    outer loop
      vertex   -9.942146e-01 1.403819e+01 -1.259985e+00
      vertex   -9.480780e-01 1.602546e+01 -1.295057e+00
      vertex   -9.007052e-01 1.403819e+01 -1.328441e+00
    endloop
  endfacet
  facet normal -5.611870e-01 5.265047e-04 -8.276889e-01
    outer loop
      vertex   -9.007052e-01 1.403819e+01 -1.328441e+00
      vertex   -9.480780e-01 1.602546e+01 -1.295057e+00
      vertex   -8.521581e-01 1.602546e+01 -1.360092e+00
    endloop
  endfacet
  facet normal -5.309396e-01 -5.265047e-04 -8.474095e-01
    outer loop
      vertex   -9.007052e-01 1.403819e+01 -1.328441e+00
      vertex   -8.521581e-01 1.602546e+01 -1.360092e+00
      vertex   -8.025000e-01 1.403819e+01 -1.389971e+00
    endloop
  endfacet
  facet normal -4.999999e-01 5.265047e-04 -8.660253e-01
    outer loop
      vertex   -8.025000e-01 1.403819e+01 -1.389971e+00
      vertex   -8.521581e-01 1.602546e+01 -1.360092e+00
      vertex   -7.517955e-01 1.602546e+01 -1.418037e+00
    endloop
  endfacet
  facet normal -4.684084e-01 -5.265047e-04 -8.835119e-01
    outer loop
      vertex   -8.025000e-01 1.403819e+01 -1.389971e+00
      vertex   -7.517955e-01 1.602546e+01 -1.418037e+00
      vertex   -7.001109e-01 1.403819e+01 -1.444254e+00
    endloop
  endfacet
  facet normal -4.362061e-01 5.265047e-04 -8.998466e-01
    outer loop
      vertex   -7.001109e-01 1.403819e+01 -1.444254e+00
      vertex   -7.517955e-01 1.602546e+01 -1.418037e+00
      vertex   -6.475134e-01 1.602546e+01 -1.468588e+00
    endloop
  endfacet
  facet normal -4.034351e-01 -5.265047e-04 -9.150081e-01
    outer loop
      vertex   -7.001109e-01 1.403819e+01 -1.444254e+00
      vertex   -6.475134e-01 1.602546e+01 -1.468588e+00
      vertex   -5.940717e-01 1.403819e+01 -1.491008e+00
    endloop
  endfacet
  facet normal -3.701381e-01 5.265047e-04 -9.289766e-01
    outer loop
      vertex   -5.940717e-01 1.403819e+01 -1.491008e+00
      vertex   -6.475134e-01 1.602546e+01 -1.468588e+00
      vertex   -5.398555e-01 1.602546e+01 -1.511483e+00
    endloop
  endfacet
  facet normal -3.363585e-01 -5.265047e-04 -9.417339e-01
    outer loop
      vertex   -5.940717e-01 1.403819e+01 -1.491008e+00
      vertex   -5.398555e-01 1.602546e+01 -1.511483e+00
      vertex   -4.849354e-01 1.403819e+01 -1.529988e+00
    endloop
  endfacet
  facet normal -3.021404e-01 5.265047e-04 -9.532633e-01
    outer loop
      vertex   -4.849354e-01 1.403819e+01 -1.529988e+00
      vertex   -5.398555e-01 1.602546e+01 -1.511483e+00
      vertex   -4.293830e-01 1.602546e+01 -1.546498e+00
    endloop
  endfacet
  facet normal -2.675283e-01 -5.265047e-04 -9.635499e-01
    outer loop
      vertex   -4.849354e-01 1.403819e+01 -1.529988e+00
      vertex   -4.293830e-01 1.602546e+01 -1.546498e+00
      vertex   -3.732708e-01 1.403819e+01 -1.560991e+00
    endloop
  endfacet
  facet normal -2.325674e-01 5.265047e-04 -9.725801e-01
    outer loop
      vertex   -3.732708e-01 1.403819e+01 -1.560991e+00
      vertex   -4.293830e-01 1.602546e+01 -1.546498e+00
      vertex   -3.166719e-01 1.602546e+01 -1.573450e+00
    endloop
  endfacet
  facet normal -1.973033e-01 -5.265047e-04 -9.803423e-01
    outer loop
      vertex   -3.732708e-01 1.403819e+01 -1.560991e+00
      vertex   -3.166719e-01 1.602546e+01 -1.573450e+00
      vertex   -2.596601e-01 1.403819e+01 -1.583857e+00
    endloop
  endfacet
  facet normal -1.617820e-01 5.265047e-04 -9.868264e-01
    outer loop
      vertex   -2.596601e-01 1.403819e+01 -1.583857e+00
      vertex   -3.166719e-01 1.602546e+01 -1.573450e+00
      vertex   -2.023098e-01 1.602546e+01 -1.592198e+00
    endloop
  endfacet
  facet normal -1.260497e-01 -5.265047e-04 -9.920238e-01
    outer loop
      vertex   -2.596601e-01 1.403819e+01 -1.583857e+00
      vertex   -2.023098e-01 1.602546e+01 -1.592198e+00
      vertex   -1.446957e-01 1.403819e+01 -1.598464e+00
    endloop
  endfacet
  facet normal -9.015307e-02 5.265047e-04 -9.959278e-01
    outer loop
      vertex   -1.446957e-01 1.403819e+01 -1.598464e+00
      vertex   -2.023098e-01 1.602546e+01 -1.592198e+00
      vertex   -8.689295e-02 1.602546e+01 -1.602646e+00
    endloop
  endfacet
  facet normal -5.413890e-02 -5.265047e-04 -9.985333e-01
    outer loop
      vertex   -1.446957e-01 1.403819e+01 -1.598464e+00
      vertex   -8.689295e-02 1.602546e+01 -1.602646e+00
      vertex   -2.897691e-02 1.403819e+01 -1.604738e+00
    endloop
  endfacet
  facet normal -1.805415e-02 5.265047e-04 -9.998369e-01
    outer loop
      vertex   -2.897691e-02 1.403819e+01 -1.604738e+00
      vertex   -8.689295e-02 1.602546e+01 -1.602646e+00
      vertex   2.897691e-02 1.602546e+01 -1.604738e+00
    endloop
  endfacet
  facet normal 1.805415e-02 -5.265047e-04 -9.998369e-01
    outer loop
      vertex   -2.897691e-02 1.403819e+01 -1.604738e+00
      vertex   2.897691e-02 1.602546e+01 -1.604738e+00
      vertex   8.689295e-02 1.403819e+01 -1.602646e+00
    endloop
  endfacet
  facet normal 5.413890e-02 5.265047e-04 -9.985333e-01
    outer loop
      vertex   8.689295e-02 1.403819e+01 -1.602646e+00
      vertex   2.897691e-02 1.602546e+01 -1.604738e+00
      vertex   1.446957e-01 1.602546e+01 -1.598464e+00
    endloop
  endfacet
  facet normal 9.015307e-02 -5.265047e-04 -9.959278e-01
    outer loop
      vertex   8.689295e-02 1.403819e+01 -1.602646e+00
      vertex   1.446957e-01 1.602546e+01 -1.598464e+00
      vertex   2.023098e-01 1.403819e+01 -1.592198e+00
    endloop
  endfacet
  facet normal 1.260497e-01 5.265047e-04 -9.920238e-01
    outer loop
      vertex   2.023098e-01 1.403819e+01 -1.592198e+00
      vertex   1.446957e-01 1.602546e+01 -1.598464e+00
      vertex   2.596601e-01 1.602546e+01 -1.583857e+00
    endloop
  endfacet
  facet normal 1.617820e-01 -5.265047e-04 -9.868264e-01
    outer loop
      vertex   2.023098e-01 1.403819e+01 -1.592198e+00
      vertex   2.596601e-01 1.602546e+01 -1.583857e+00
      vertex   3.166719e-01 1.403819e+01 -1.573450e+00
    endloop
  endfacet
  facet normal 1.973033e-01 5.265047e-04 -9.803423e-01
    outer loop
      vertex   3.166719e-01 1.403819e+01 -1.573450e+00
      vertex   2.596601e-01 1.602546e+01 -1.583857e+00
      vertex   3.732708e-01 1.602546e+01 -1.560991e+00
    endloop
  endfacet
  facet normal 2.325674e-01 -5.265047e-04 -9.725801e-01
    outer loop
      vertex   3.166719e-01 1.403819e+01 -1.573450e+00
      vertex   3.732708e-01 1.602546e+01 -1.560991e+00
      vertex   4.293830e-01 1.403819e+01 -1.546498e+00
    endloop
  endfacet
  facet normal 2.675283e-01 5.265047e-04 -9.635499e-01
    outer loop
      vertex   4.293830e-01 1.403819e+01 -1.546498e+00
      vertex   3.732708e-01 1.602546e+01 -1.560991e+00
      vertex   4.849354e-01 1.602546e+01 -1.529988e+00
    endloop
  endfacet
  facet normal 3.021404e-01 -5.265047e-04 -9.532633e-01
    outer loop
      vertex   4.293830e-01 1.403819e+01 -1.546498e+00
      vertex   4.849354e-01 1.602546e+01 -1.529988e+00
      vertex   5.398555e-01 1.403819e+01 -1.511483e+00
    endloop
  endfacet
  facet normal 3.363585e-01 5.265047e-04 -9.417339e-01
    outer loop
      vertex   5.398555e-01 1.403819e+01 -1.511483e+00
      vertex   4.849354e-01 1.602546e+01 -1.529988e+00
      vertex   5.940717e-01 1.602546e+01 -1.491008e+00
    endloop
  endfacet
  facet normal 3.701381e-01 -5.265047e-04 -9.289766e-01
    outer loop
      vertex   5.398555e-01 1.403819e+01 -1.511483e+00
      vertex   5.940717e-01 1.602546e+01 -1.491008e+00
      vertex   6.475134e-01 1.403819e+01 -1.468588e+00
    endloop
  endfacet
  facet normal 4.034351e-01 5.265047e-04 -9.150081e-01
    outer loop
      vertex   6.475134e-01 1.403819e+01 -1.468588e+00
      vertex   5.940717e-01 1.602546e+01 -1.491008e+00
      vertex   7.001109e-01 1.602546e+01 -1.444254e+00
    endloop
  endfacet
  facet normal 4.362061e-01 -5.265047e-04 -8.998466e-01
    outer loop
      vertex   6.475134e-01 1.403819e+01 -1.468588e+00
      vertex   7.001109e-01 1.602546e+01 -1.444254e+00
      vertex   7.517955e-01 1.403819e+01 -1.418037e+00
    endloop
  endfacet
  facet normal 4.684084e-01 5.265047e-04 -8.835119e-01
    outer loop
      vertex   7.517955e-01 1.403819e+01 -1.418037e+00
      vertex   7.001109e-01 1.602546e+01 -1.444254e+00
      vertex   8.025000e-01 1.602546e+01 -1.389971e+00
    endloop
  endfacet
  facet normal 4.999999e-01 -5.265047e-04 -8.660253e-01
    outer loop
      vertex   7.517955e-01 1.403819e+01 -1.418037e+00
      vertex   8.025000e-01 1.602546e+01 -1.389971e+00
      vertex   8.521581e-01 1.403819e+01 -1.360092e+00
    endloop
  endfacet
  facet normal 5.309396e-01 5.265047e-04 -8.474095e-01
    outer loop
      vertex   8.521581e-01 1.403819e+01 -1.360092e+00
      vertex   8.025000e-01 1.602546e+01 -1.389971e+00
      vertex   9.007052e-01 1.602546e+01 -1.328441e+00
    endloop
  endfacet
  facet normal 5.611870e-01 -5.265047e-04 -8.276889e-01
    outer loop
      vertex   8.521581e-01 1.403819e+01 -1.360092e+00
      vertex   9.007052e-01 1.602546e+01 -1.328441e+00
      vertex   9.480780e-01 1.403819e+01 -1.295057e+00
    endloop
  endfacet
  facet normal 5.907027e-01 5.265047e-04 -8.068891e-01
    outer loop
      vertex   9.480780e-01 1.403819e+01 -1.295057e+00
      vertex   9.007052e-01 1.602546e+01 -1.328441e+00
      vertex   9.942146e-01 1.602546e+01 -1.259985e+00
    endloop
  endfacet
  facet normal 6.194483e-01 -5.265047e-04 -7.850373e-01
    outer loop
      vertex   9.480780e-01 1.403819e+01 -1.295057e+00
      vertex   9.942146e-01 1.602546e+01 -1.259985e+00
      vertex   1.039055e+00 1.403819e+01 -1.223270e+00
    endloop
  endfacet
  facet normal 6.473862e-01 5.265047e-04 -7.621619e-01
    outer loop
      vertex   1.039055e+00 1.403819e+01 -1.223270e+00
      vertex   9.942146e-01 1.602546e+01 -1.259985e+00
      vertex   1.082541e+00 1.602546e+01 -1.184960e+00
    endloop
  endfacet
  facet normal 6.744800e-01 -5.265047e-04 -7.382929e-01
    outer loop
      vertex   1.039055e+00 1.403819e+01 -1.223270e+00
      vertex   1.082541e+00 1.602546e+01 -1.184960e+00
      vertex   1.124615e+00 1.403819e+01 -1.145105e+00
    endloop
  endfacet
  facet normal 7.006945e-01 5.265047e-04 -7.134612e-01
    outer loop
      vertex   1.124615e+00 1.403819e+01 -1.145105e+00
      vertex   1.082541e+00 1.602546e+01 -1.184960e+00
      vertex   1.165223e+00 1.602546e+01 -1.103758e+00
    endloop
  endfacet
  facet normal 7.259954e-01 -5.265047e-04 -6.876994e-01
    outer loop
      vertex   1.124615e+00 1.403819e+01 -1.145105e+00
      vertex   1.165223e+00 1.602546e+01 -1.103758e+00
      vertex   1.204311e+00 1.403819e+01 -1.060971e+00
    endloop
  endfacet
  facet normal 7.503497e-01 5.265047e-04 -6.610409e-01
    outer loop
      vertex   1.204311e+00 1.403819e+01 -1.060971e+00
      vertex   1.165223e+00 1.602546e+01 -1.103758e+00
      vertex   1.241830e+00 1.602546e+01 -1.016801e+00
    endloop
  endfacet
  facet normal 7.737257e-01 -5.265047e-04 -6.335205e-01
    outer loop
      vertex   1.204311e+00 1.403819e+01 -1.060971e+00
      vertex   1.241830e+00 1.602546e+01 -1.016801e+00
      vertex   1.277729e+00 1.403819e+01 -9.713046e-01
    endloop
  endfacet
  facet normal 7.960930e-01 5.265047e-04 -6.051741e-01
    outer loop
      vertex   1.277729e+00 1.403819e+01 -9.713046e-01
      vertex   1.241830e+00 1.602546e+01 -1.016801e+00
      vertex   1.311963e+00 1.602546e+01 -9.245423e-01
    endloop
  endfacet
  facet normal 8.174222e-01 -5.265047e-04 -5.760387e-01
    outer loop
      vertex   1.277729e+00 1.403819e+01 -9.713046e-01
      vertex   1.311963e+00 1.602546e+01 -9.245423e-01
      vertex   1.344486e+00 1.403819e+01 -8.765746e-01
    endloop
  endfacet
  facet normal 8.376857e-01 5.265047e-04 -5.461523e-01
    outer loop
      vertex   1.344486e+00 1.403819e+01 -8.765746e-01
      vertex   1.311963e+00 1.602546e+01 -9.245423e-01
      vertex   1.375256e+00 1.602546e+01 -8.274639e-01
    endloop
  endfacet
  facet normal 8.568571e-01 -5.265047e-04 -5.155538e-01
    outer loop
      vertex   1.344486e+00 1.403819e+01 -8.765746e-01
      vertex   1.375256e+00 1.602546e+01 -8.274639e-01
      vertex   1.404233e+00 1.403819e+01 -7.772745e-01
    endloop
  endfacet
  facet normal 8.749112e-01 5.265047e-04 -4.842831e-01
    outer loop
      vertex   1.404233e+00 1.403819e+01 -7.772745e-01
      vertex   1.375256e+00 1.602546e+01 -8.274639e-01
      vertex   1.431379e+00 1.602546e+01 -7.260716e-01
    endloop
  endfacet
  facet normal 8.918246e-01 -5.265047e-04 -4.523810e-01
    outer loop
      vertex   1.404233e+00 1.403819e+01 -7.772745e-01
      vertex   1.431379e+00 1.602546e+01 -7.260716e-01
      vertex   1.456659e+00 1.403819e+01 -6.739220e-01
    endloop
  endfacet
  facet normal 9.075753e-01 5.265047e-04 -4.198890e-01
    outer loop
      vertex   1.456659e+00 1.403819e+01 -6.739220e-01
      vertex   1.431379e+00 1.602546e+01 -7.260716e-01
      vertex   1.480039e+00 1.602546e+01 -6.208938e-01
    endloop
  endfacet
  facet normal 9.221426e-01 -5.265047e-04 -3.868497e-01
    outer loop
      vertex   1.456659e+00 1.403819e+01 -6.739220e-01
      vertex   1.480039e+00 1.602546e+01 -6.208938e-01
      vertex   1.501490e+00 1.403819e+01 -5.670560e-01
    endloop
  endfacet
  facet normal 9.355077e-01 5.265047e-04 -3.533059e-01
    outer loop
      vertex   1.501490e+00 1.403819e+01 -5.670560e-01
      vertex   1.480039e+00 1.602546e+01 -6.208938e-01
      vertex   1.520983e+00 1.602546e+01 -5.124790e-01
    endloop
  endfacet
  facet normal 9.476530e-01 -5.265047e-04 -3.193015e-01
    outer loop
      vertex   1.501490e+00 1.403819e+01 -5.670560e-01
      vertex   1.520983e+00 1.602546e+01 -5.124790e-01
      vertex   1.538494e+00 1.403819e+01 -4.572337e-01
    endloop
  endfacet
  facet normal 9.585628e-01 5.265047e-04 -2.848808e-01
    outer loop
      vertex   1.538494e+00 1.403819e+01 -4.572337e-01
      vertex   1.520983e+00 1.602546e+01 -5.124790e-01
      vertex   1.553998e+00 1.602546e+01 -4.013923e-01
    endloop
  endfacet
  facet normal 9.682228e-01 -5.265047e-04 -2.500886e-01
    outer loop
      vertex   1.538494e+00 1.403819e+01 -4.572337e-01
      vertex   1.553998e+00 1.602546e+01 -4.013923e-01
      vertex   1.567476e+00 1.403819e+01 -3.450276e-01
    endloop
  endfacet
  facet normal 9.766204e-01 5.265047e-04 -2.149704e-01
    outer loop
      vertex   1.567476e+00 1.403819e+01 -3.450276e-01
      vertex   1.553998e+00 1.602546e+01 -4.013923e-01
      vertex   1.578910e+00 1.602546e+01 -2.882130e-01
    endloop
  endfacet
  facet normal 9.837447e-01 -5.265047e-04 -1.795719e-01
    outer loop
      vertex   1.567476e+00 1.403819e+01 -3.450276e-01
      vertex   1.578910e+00 1.602546e+01 -2.882130e-01
      vertex   1.588286e+00 1.403819e+01 -2.310226e-01
    endloop
  endfacet
  facet normal 9.895864e-01 5.265047e-04 -1.439393e-01
    outer loop
      vertex   1.588286e+00 1.403819e+01 -2.310226e-01
      vertex   1.578910e+00 1.602546e+01 -2.882130e-01
      vertex   1.595591e+00 1.602546e+01 -1.735310e-01
    endloop
  endfacet
  facet normal 9.941378e-01 -5.265047e-04 -1.081190e-01
    outer loop
      vertex   1.588286e+00 1.403819e+01 -2.310226e-01
      vertex   1.595591e+00 1.602546e+01 -1.735310e-01
      vertex   1.600816e+00 1.403819e+01 -1.158132e-01
    endloop
  endfacet
  facet normal 9.973931e-01 5.265047e-04 -7.215775e-02
    outer loop
      vertex   1.600816e+00 1.403819e+01 -1.158132e-01
      vertex   1.595591e+00 1.602546e+01 -1.735310e-01
      vertex   1.603954e+00 1.602546e+01 -5.794437e-02
    endloop
  endfacet
  facet normal -9.993481e-01 -7.141597e-18 3.610241e-02
    outer loop
      vertex   -1.605000e+00 1.801273e+01 1.965558e-16
      vertex   -1.605000e+00 1.602546e+01 -1.965558e-16
      vertex   -1.600816e+00 1.801273e+01 1.158132e-01
    endloop
  endfacet
  facet normal -9.993481e-01 0.000000e+00 3.610241e-02
    outer loop
      vertex   -1.600816e+00 1.801273e+01 1.158132e-01
      vertex   -1.605000e+00 1.602546e+01 -1.965558e-16
      vertex   -1.600816e+00 1.602546e+01 1.158132e-01
    endloop
  endfacet
  facet normal -9.941380e-01 0.000000e+00 1.081190e-01
    outer loop
      vertex   -1.600816e+00 1.801273e+01 1.158132e-01
      vertex   -1.600816e+00 1.602546e+01 1.158132e-01
      vertex   -1.588286e+00 1.801273e+01 2.310226e-01
    endloop
  endfacet
  facet normal -9.941380e-01 0.000000e+00 1.081190e-01
    outer loop
      vertex   -1.588286e+00 1.801273e+01 2.310226e-01
      vertex   -1.600816e+00 1.602546e+01 1.158132e-01
      vertex   -1.588286e+00 1.602546e+01 2.310226e-01
    endloop
  endfacet
  facet normal -9.837448e-01 0.000000e+00 1.795719e-01
    outer loop
      vertex   -1.588286e+00 1.801273e+01 2.310226e-01
      vertex   -1.588286e+00 1.602546e+01 2.310226e-01
      vertex   -1.567476e+00 1.801273e+01 3.450276e-01
    endloop
  endfacet
  facet normal -9.837448e-01 0.000000e+00 1.795719e-01
    outer loop
      vertex   -1.567476e+00 1.801273e+01 3.450276e-01
      vertex   -1.588286e+00 1.602546e+01 2.310226e-01
      vertex   -1.567476e+00 1.602546e+01 3.450276e-01
    endloop
  endfacet
  facet normal -9.682229e-01 0.000000e+00 2.500887e-01
    outer loop
      vertex   -1.567476e+00 1.801273e+01 3.450276e-01
      vertex   -1.567476e+00 1.602546e+01 3.450276e-01
      vertex   -1.538494e+00 1.801273e+01 4.572337e-01
    endloop
  endfacet
  facet normal -9.682229e-01 0.000000e+00 2.500887e-01
    outer loop
      vertex   -1.538494e+00 1.801273e+01 4.572337e-01
      vertex   -1.567476e+00 1.602546e+01 3.450276e-01
      vertex   -1.538494e+00 1.602546e+01 4.572337e-01
    endloop
  endfacet
  facet normal -9.476532e-01 0.000000e+00 3.193015e-01
    outer loop
      vertex   -1.538494e+00 1.801273e+01 4.572337e-01
      vertex   -1.538494e+00 1.602546e+01 4.572337e-01
      vertex   -1.501490e+00 1.801273e+01 5.670560e-01
    endloop
  endfacet
  facet normal -9.476532e-01 0.000000e+00 3.193015e-01
    outer loop
      vertex   -1.501490e+00 1.801273e+01 5.670560e-01
      vertex   -1.538494e+00 1.602546e+01 4.572337e-01
      vertex   -1.501490e+00 1.602546e+01 5.670560e-01
    endloop
  endfacet
  facet normal -9.221428e-01 0.000000e+00 3.868497e-01
    outer loop
      vertex   -1.501490e+00 1.801273e+01 5.670560e-01
      vertex   -1.501490e+00 1.602546e+01 5.670560e-01
      vertex   -1.456659e+00 1.801273e+01 6.739220e-01
    endloop
  endfacet
  facet normal -9.221428e-01 0.000000e+00 3.868497e-01
    outer loop
      vertex   -1.456659e+00 1.801273e+01 6.739220e-01
      vertex   -1.501490e+00 1.602546e+01 5.670560e-01
      vertex   -1.456659e+00 1.602546e+01 6.739220e-01
    endloop
  endfacet
  facet normal -8.918248e-01 0.000000e+00 4.523810e-01
    outer loop
      vertex   -1.456659e+00 1.801273e+01 6.739220e-01
      vertex   -1.456659e+00 1.602546e+01 6.739220e-01
      vertex   -1.404233e+00 1.801273e+01 7.772745e-01
    endloop
  endfacet
  facet normal -8.918248e-01 0.000000e+00 4.523810e-01
    outer loop
      vertex   -1.404233e+00 1.801273e+01 7.772745e-01
      vertex   -1.456659e+00 1.602546e+01 6.739220e-01
      vertex   -1.404233e+00 1.602546e+01 7.772745e-01
    endloop
  endfacet
  facet normal -8.568572e-01 0.000000e+00 5.155539e-01
    outer loop
      vertex   -1.404233e+00 1.801273e+01 7.772745e-01
      vertex   -1.404233e+00 1.602546e+01 7.772745e-01
      vertex   -1.344486e+00 1.801273e+01 8.765746e-01
    endloop
  endfacet
  facet normal -8.568572e-01 0.000000e+00 5.155539e-01
    outer loop
      vertex   -1.344486e+00 1.801273e+01 8.765746e-01
      vertex   -1.404233e+00 1.602546e+01 7.772745e-01
      vertex   -1.344486e+00 1.602546e+01 8.765746e-01
    endloop
  endfacet
  facet normal -8.174223e-01 0.000000e+00 5.760388e-01
    outer loop
      vertex   -1.344486e+00 1.801273e+01 8.765746e-01
      vertex   -1.344486e+00 1.602546e+01 8.765746e-01
      vertex   -1.277729e+00 1.801273e+01 9.713046e-01
    endloop
  endfacet
  facet normal -8.174223e-01 0.000000e+00 5.760388e-01
    outer loop
      vertex   -1.277729e+00 1.801273e+01 9.713046e-01
      vertex   -1.344486e+00 1.602546e+01 8.765746e-01
      vertex   -1.277729e+00 1.602546e+01 9.713046e-01
    endloop
  endfacet
  facet normal -7.737258e-01 0.000000e+00 6.335206e-01
    outer loop
      vertex   -1.277729e+00 1.801273e+01 9.713046e-01
      vertex   -1.277729e+00 1.602546e+01 9.713046e-01
      vertex   -1.204311e+00 1.801273e+01 1.060971e+00
    endloop
  endfacet
  facet normal -7.737258e-01 0.000000e+00 6.335206e-01
    outer loop
      vertex   -1.204311e+00 1.801273e+01 1.060971e+00
      vertex   -1.277729e+00 1.602546e+01 9.713046e-01
      vertex   -1.204311e+00 1.602546e+01 1.060971e+00
    endloop
  endfacet
  facet normal -7.259955e-01 0.000000e+00 6.876995e-01
    outer loop
      vertex   -1.204311e+00 1.801273e+01 1.060971e+00
      vertex   -1.204311e+00 1.602546e+01 1.060971e+00
      vertex   -1.124615e+00 1.801273e+01 1.145105e+00
    endloop
  endfacet
  facet normal -7.259955e-01 0.000000e+00 6.876995e-01
    outer loop
      vertex   -1.124615e+00 1.801273e+01 1.145105e+00
      vertex   -1.204311e+00 1.602546e+01 1.060971e+00
      vertex   -1.124615e+00 1.602546e+01 1.145105e+00
    endloop
  endfacet
  facet normal -6.744801e-01 0.000000e+00 7.382930e-01
    outer loop
      vertex   -1.124615e+00 1.801273e+01 1.145105e+00
      vertex   -1.124615e+00 1.602546e+01 1.145105e+00
      vertex   -1.039055e+00 1.801273e+01 1.223270e+00
    endloop
  endfacet
  facet normal -6.744801e-01 0.000000e+00 7.382930e-01
    outer loop
      vertex   -1.039055e+00 1.801273e+01 1.223270e+00
      vertex   -1.124615e+00 1.602546e+01 1.145105e+00
      vertex   -1.039055e+00 1.602546e+01 1.223270e+00
    endloop
  endfacet
  facet normal -6.194484e-01 0.000000e+00 7.850374e-01
    outer loop
      vertex   -1.039055e+00 1.801273e+01 1.223270e+00
      vertex   -1.039055e+00 1.602546e+01 1.223270e+00
      vertex   -9.480780e-01 1.801273e+01 1.295057e+00
    endloop
  endfacet
  facet normal -6.194484e-01 0.000000e+00 7.850374e-01
    outer loop
      vertex   -9.480780e-01 1.801273e+01 1.295057e+00
      vertex   -1.039055e+00 1.602546e+01 1.223270e+00
      vertex   -9.480780e-01 1.602546e+01 1.295057e+00
    endloop
  endfacet
  facet normal -5.611871e-01 0.000000e+00 8.276890e-01
    outer loop
      vertex   -9.480780e-01 1.801273e+01 1.295057e+00
      vertex   -9.480780e-01 1.602546e+01 1.295057e+00
      vertex   -8.521581e-01 1.801273e+01 1.360092e+00
    endloop
  endfacet
  facet normal -5.611871e-01 0.000000e+00 8.276890e-01
    outer loop
      vertex   -8.521581e-01 1.801273e+01 1.360092e+00
      vertex   -9.480780e-01 1.602546e+01 1.295057e+00
      vertex   -8.521581e-01 1.602546e+01 1.360092e+00
    endloop
  endfacet
  facet normal -5.000000e-01 0.000000e+00 8.660254e-01
    outer loop
      vertex   -8.521581e-01 1.801273e+01 1.360092e+00
      vertex   -8.521581e-01 1.602546e+01 1.360092e+00
      vertex   -7.517955e-01 1.801273e+01 1.418037e+00
    endloop
  endfacet
  facet normal -5.000000e-01 0.000000e+00 8.660254e-01
    outer loop
      vertex   -7.517955e-01 1.801273e+01 1.418037e+00
      vertex   -8.521581e-01 1.602546e+01 1.360092e+00
      vertex   -7.517955e-01 1.602546e+01 1.418037e+00
    endloop
  endfacet
  facet normal -4.362062e-01 0.000000e+00 8.998468e-01
    outer loop
      vertex   -7.517955e-01 1.801273e+01 1.418037e+00
      vertex   -7.517955e-01 1.602546e+01 1.418037e+00
      vertex   -6.475134e-01 1.801273e+01 1.468588e+00
    endloop
  endfacet
  facet normal -4.362062e-01 0.000000e+00 8.998468e-01
    outer loop
      vertex   -6.475134e-01 1.801273e+01 1.468588e+00
      vertex   -7.517955e-01 1.602546e+01 1.418037e+00
      vertex   -6.475134e-01 1.602546e+01 1.468588e+00
    endloop
  endfacet
  facet normal -3.701382e-01 0.000000e+00 9.289767e-01
    outer loop
      vertex   -6.475134e-01 1.801273e+01 1.468588e+00
      vertex   -6.475134e-01 1.602546e+01 1.468588e+00
      vertex   -5.398555e-01 1.801273e+01 1.511483e+00
    endloop
  endfacet
  facet normal -3.701382e-01 0.000000e+00 9.289767e-01
    outer loop
      vertex   -5.398555e-01 1.801273e+01 1.511483e+00
      vertex   -6.475134e-01 1.602546e+01 1.468588e+00
      vertex   -5.398555e-01 1.602546e+01 1.511483e+00
    endloop
  endfacet
  facet normal -3.021404e-01 0.000000e+00 9.532634e-01
    outer loop
      vertex   -5.398555e-01 1.801273e+01 1.511483e+00
      vertex   -5.398555e-01 1.602546e+01 1.511483e+00
      vertex   -4.293830e-01 1.801273e+01 1.546498e+00
    endloop
  endfacet
  facet normal -3.021404e-01 0.000000e+00 9.532634e-01
    outer loop
      vertex   -4.293830e-01 1.801273e+01 1.546498e+00
      vertex   -5.398555e-01 1.602546e+01 1.511483e+00
      vertex   -4.293830e-01 1.602546e+01 1.546498e+00
    endloop
  endfacet
  facet normal -2.325675e-01 0.000000e+00 9.725803e-01
    outer loop
      vertex   -4.293830e-01 1.801273e+01 1.546498e+00
      vertex   -4.293830e-01 1.602546e+01 1.546498e+00
      vertex   -3.166719e-01 1.801273e+01 1.573450e+00
    endloop
  endfacet
  facet normal -2.325675e-01 0.000000e+00 9.725803e-01
    outer loop
      vertex   -3.166719e-01 1.801273e+01 1.573450e+00
      vertex   -4.293830e-01 1.602546e+01 1.546498e+00
      vertex   -3.166719e-01 1.602546e+01 1.573450e+00
    endloop
  endfacet
  facet normal -1.617820e-01 0.000000e+00 9.868265e-01
    outer loop
      vertex   -3.166719e-01 1.801273e+01 1.573450e+00
      vertex   -3.166719e-01 1.602546e+01 1.573450e+00
      vertex   -2.023098e-01 1.801273e+01 1.592198e+00
    endloop
  endfacet
  facet normal -1.617820e-01 0.000000e+00 9.868265e-01
    outer loop
      vertex   -2.023098e-01 1.801273e+01 1.592198e+00
      vertex   -3.166719e-01 1.602546e+01 1.573450e+00
      vertex   -2.023098e-01 1.602546e+01 1.592198e+00
    endloop
  endfacet
  facet normal -9.015308e-02 0.000000e+00 9.959279e-01
    outer loop
      vertex   -2.023098e-01 1.801273e+01 1.592198e+00
      vertex   -2.023098e-01 1.602546e+01 1.592198e+00
      vertex   -8.689295e-02 1.801273e+01 1.602646e+00
    endloop
  endfacet
  facet normal -9.015308e-02 0.000000e+00 9.959279e-01
    outer loop
      vertex   -8.689295e-02 1.801273e+01 1.602646e+00
      vertex   -2.023098e-01 1.602546e+01 1.592198e+00
      vertex   -8.689295e-02 1.602546e+01 1.602646e+00
    endloop
  endfacet
  facet normal -1.805415e-02 0.000000e+00 9.998370e-01
    outer loop
      vertex   -8.689295e-02 1.801273e+01 1.602646e+00
      vertex   -8.689295e-02 1.602546e+01 1.602646e+00
      vertex   2.897691e-02 1.801273e+01 1.604738e+00
    endloop
  endfacet
  facet normal -1.805415e-02 0.000000e+00 9.998370e-01
    outer loop
      vertex   2.897691e-02 1.801273e+01 1.604738e+00
      vertex   -8.689295e-02 1.602546e+01 1.602646e+00
      vertex   2.897691e-02 1.602546e+01 1.604738e+00
    endloop
  endfacet
  facet normal 5.413891e-02 0.000000e+00 9.985334e-01
    outer loop
      vertex   2.897691e-02 1.801273e+01 1.604738e+00
      vertex   2.897691e-02 1.602546e+01 1.604738e+00
      vertex   1.446957e-01 1.801273e+01 1.598464e+00
    endloop
  endfacet
  facet normal 5.413891e-02 0.000000e+00 9.985334e-01
    outer loop
      vertex   1.446957e-01 1.801273e+01 1.598464e+00
      vertex   2.897691e-02 1.602546e+01 1.604738e+00
      vertex   1.446957e-01 1.602546e+01 1.598464e+00
    endloop
  endfacet
  facet normal 1.260497e-01 0.000000e+00 9.920239e-01
    outer loop
      vertex   1.446957e-01 1.801273e+01 1.598464e+00
      vertex   1.446957e-01 1.602546e+01 1.598464e+00
      vertex   2.596601e-01 1.801273e+01 1.583857e+00
    endloop
  endfacet
  facet normal 1.260497e-01 0.000000e+00 9.920239e-01
    outer loop
      vertex   2.596601e-01 1.801273e+01 1.583857e+00
      vertex   1.446957e-01 1.602546e+01 1.598464e+00
      vertex   2.596601e-01 1.602546e+01 1.583857e+00
    endloop
  endfacet
  facet normal 1.973033e-01 0.000000e+00 9.803425e-01
    outer loop
      vertex   2.596601e-01 1.801273e+01 1.583857e+00
      vertex   2.596601e-01 1.602546e+01 1.583857e+00
      vertex   3.732708e-01 1.801273e+01 1.560991e+00
    endloop
  endfacet
  facet normal 1.973033e-01 0.000000e+00 9.803425e-01
    outer loop
      vertex   3.732708e-01 1.801273e+01 1.560991e+00
      vertex   2.596601e-01 1.602546e+01 1.583857e+00
      vertex   3.732708e-01 1.602546e+01 1.560991e+00
    endloop
  endfacet
  facet normal 2.675283e-01 0.000000e+00 9.635500e-01
    outer loop
      vertex   3.732708e-01 1.801273e+01 1.560991e+00
      vertex   3.732708e-01 1.602546e+01 1.560991e+00
      vertex   4.849354e-01 1.801273e+01 1.529988e+00
    endloop
  endfacet
  facet normal 2.675283e-01 0.000000e+00 9.635500e-01
    outer loop
      vertex   4.849354e-01 1.801273e+01 1.529988e+00
      vertex   3.732708e-01 1.602546e+01 1.560991e+00
      vertex   4.849354e-01 1.602546e+01 1.529988e+00
    endloop
  endfacet
  facet normal 3.363586e-01 0.000000e+00 9.417340e-01
    outer loop
      vertex   4.849354e-01 1.801273e+01 1.529988e+00
      vertex   4.849354e-01 1.602546e+01 1.529988e+00
      vertex   5.940717e-01 1.801273e+01 1.491008e+00
    endloop
  endfacet
  facet normal 3.363586e-01 0.000000e+00 9.417340e-01
    outer loop
      vertex   5.940717e-01 1.801273e+01 1.491008e+00
      vertex   4.849354e-01 1.602546e+01 1.529988e+00
      vertex   5.940717e-01 1.602546e+01 1.491008e+00
    endloop
  endfacet
  facet normal 4.034352e-01 0.000000e+00 9.150082e-01
    outer loop
      vertex   5.940717e-01 1.801273e+01 1.491008e+00
      vertex   5.940717e-01 1.602546e+01 1.491008e+00
      vertex   7.001109e-01 1.801273e+01 1.444254e+00
    endloop
  endfacet
  facet normal 4.034352e-01 0.000000e+00 9.150082e-01
    outer loop
      vertex   7.001109e-01 1.801273e+01 1.444254e+00
      vertex   5.940717e-01 1.602546e+01 1.491008e+00
      vertex   7.001109e-01 1.602546e+01 1.444254e+00
    endloop
  endfacet
  facet normal 4.684084e-01 0.000000e+00 8.835120e-01
    outer loop
      vertex   7.001109e-01 1.801273e+01 1.444254e+00
      vertex   7.001109e-01 1.602546e+01 1.444254e+00
      vertex   8.025000e-01 1.801273e+01 1.389971e+00
    endloop
  endfacet
  facet normal 4.684084e-01 0.000000e+00 8.835120e-01
    outer loop
      vertex   8.025000e-01 1.801273e+01 1.389971e+00
      vertex   7.001109e-01 1.602546e+01 1.444254e+00
      vertex   8.025000e-01 1.602546e+01 1.389971e+00
    endloop
  endfacet
  facet normal 5.309397e-01 0.000000e+00 8.474096e-01
    outer loop
      vertex   8.025000e-01 1.801273e+01 1.389971e+00
      vertex   8.025000e-01 1.602546e+01 1.389971e+00
      vertex   9.007052e-01 1.801273e+01 1.328441e+00
    endloop
  endfacet
  facet normal 5.309397e-01 0.000000e+00 8.474096e-01
    outer loop
      vertex   9.007052e-01 1.801273e+01 1.328441e+00
      vertex   8.025000e-01 1.602546e+01 1.389971e+00
      vertex   9.007052e-01 1.602546e+01 1.328441e+00
    endloop
  endfacet
  facet normal 5.907028e-01 0.000000e+00 8.068892e-01
    outer loop
      vertex   9.007052e-01 1.801273e+01 1.328441e+00
      vertex   9.007052e-01 1.602546e+01 1.328441e+00
      vertex   9.942146e-01 1.801273e+01 1.259985e+00
    endloop
  endfacet
  facet normal 5.907028e-01 0.000000e+00 8.068892e-01
    outer loop
      vertex   9.942146e-01 1.801273e+01 1.259985e+00
      vertex   9.007052e-01 1.602546e+01 1.328441e+00
      vertex   9.942146e-01 1.602546e+01 1.259985e+00
    endloop
  endfacet
  facet normal 6.473863e-01 0.000000e+00 7.621621e-01
    outer loop
      vertex   9.942146e-01 1.801273e+01 1.259985e+00
      vertex   9.942146e-01 1.602546e+01 1.259985e+00
      vertex   1.082541e+00 1.801273e+01 1.184960e+00
    endloop
  endfacet
  facet normal 6.473863e-01 0.000000e+00 7.621621e-01
    outer loop
      vertex   1.082541e+00 1.801273e+01 1.184960e+00
      vertex   9.942146e-01 1.602546e+01 1.259985e+00
      vertex   1.082541e+00 1.602546e+01 1.184960e+00
    endloop
  endfacet
  facet normal 7.006946e-01 0.000000e+00 7.134613e-01
    outer loop
      vertex   1.082541e+00 1.801273e+01 1.184960e+00
      vertex   1.082541e+00 1.602546e+01 1.184960e+00
      vertex   1.165223e+00 1.801273e+01 1.103758e+00
    endloop
  endfacet
  facet normal 7.006946e-01 0.000000e+00 7.134613e-01
    outer loop
      vertex   1.165223e+00 1.801273e+01 1.103758e+00
      vertex   1.082541e+00 1.602546e+01 1.184960e+00
      vertex   1.165223e+00 1.602546e+01 1.103758e+00
    endloop
  endfacet
  facet normal 7.503498e-01 0.000000e+00 6.610410e-01
    outer loop
      vertex   1.165223e+00 1.801273e+01 1.103758e+00
      vertex   1.165223e+00 1.602546e+01 1.103758e+00
      vertex   1.241830e+00 1.801273e+01 1.016801e+00
    endloop
  endfacet
  facet normal 7.503498e-01 0.000000e+00 6.610410e-01
    outer loop
      vertex   1.241830e+00 1.801273e+01 1.016801e+00
      vertex   1.165223e+00 1.602546e+01 1.103758e+00
      vertex   1.241830e+00 1.602546e+01 1.016801e+00
    endloop
  endfacet
  facet normal 7.960931e-01 0.000000e+00 6.051742e-01
    outer loop
      vertex   1.241830e+00 1.801273e+01 1.016801e+00
      vertex   1.241830e+00 1.602546e+01 1.016801e+00
      vertex   1.311963e+00 1.801273e+01 9.245423e-01
    endloop
  endfacet
  facet normal 7.960931e-01 0.000000e+00 6.051742e-01
    outer loop
      vertex   1.311963e+00 1.801273e+01 9.245423e-01
      vertex   1.241830e+00 1.602546e+01 1.016801e+00
      vertex   1.311963e+00 1.602546e+01 9.245423e-01
    endloop
  endfacet
  facet normal 8.376858e-01 0.000000e+00 5.461524e-01
    outer loop
      vertex   1.311963e+00 1.801273e+01 9.245423e-01
      vertex   1.311963e+00 1.602546e+01 9.245423e-01
      vertex   1.375256e+00 1.801273e+01 8.274639e-01
    endloop
  endfacet
  facet normal 8.376858e-01 0.000000e+00 5.461524e-01
    outer loop
      vertex   1.375256e+00 1.801273e+01 8.274639e-01
      vertex   1.311963e+00 1.602546e+01 9.245423e-01
      vertex   1.375256e+00 1.602546e+01 8.274639e-01
    endloop
  endfacet
  facet normal 8.749113e-01 0.000000e+00 4.842832e-01
    outer loop
      vertex   1.375256e+00 1.801273e+01 8.274639e-01
      vertex   1.375256e+00 1.602546e+01 8.274639e-01
      vertex   1.431379e+00 1.801273e+01 7.260716e-01
    endloop
  endfacet
  facet normal 8.749113e-01 0.000000e+00 4.842832e-01
    outer loop
      vertex   1.431379e+00 1.801273e+01 7.260716e-01
      vertex   1.375256e+00 1.602546e+01 8.274639e-01
      vertex   1.431379e+00 1.602546e+01 7.260716e-01
    endloop
  endfacet
  facet normal 9.075754e-01 0.000000e+00 4.198891e-01
    outer loop
      vertex   1.431379e+00 1.801273e+01 7.260716e-01
      vertex   1.431379e+00 1.602546e+01 7.260716e-01
      vertex   1.480039e+00 1.801273e+01 6.208938e-01
    endloop
  endfacet
  facet normal 9.075754e-01 0.000000e+00 4.198891e-01
    outer loop
      vertex   1.480039e+00 1.801273e+01 6.208938e-01
      vertex   1.431379e+00 1.602546e+01 7.260716e-01
      vertex   1.480039e+00 1.602546e+01 6.208938e-01
    endloop
  endfacet
  facet normal 9.355078e-01 0.000000e+00 3.533059e-01
    outer loop
      vertex   1.480039e+00 1.801273e+01 6.208938e-01
      vertex   1.480039e+00 1.602546e+01 6.208938e-01
      vertex   1.520983e+00 1.801273e+01 5.124790e-01
    endloop
  endfacet
  facet normal 9.355078e-01 0.000000e+00 3.533059e-01
    outer loop
      vertex   1.520983e+00 1.801273e+01 5.124790e-01
      vertex   1.480039e+00 1.602546e+01 6.208938e-01
      vertex   1.520983e+00 1.602546e+01 5.124790e-01
    endloop
  endfacet
  facet normal 9.585629e-01 0.000000e+00 2.848808e-01
    outer loop
      vertex   1.520983e+00 1.801273e+01 5.124790e-01
      vertex   1.520983e+00 1.602546e+01 5.124790e-01
      vertex   1.553998e+00 1.801273e+01 4.013923e-01
    endloop
  endfacet
  facet normal 9.585629e-01 0.000000e+00 2.848808e-01
    outer loop
      vertex   1.553998e+00 1.801273e+01 4.013923e-01
      vertex   1.520983e+00 1.602546e+01 5.124790e-01
      vertex   1.553998e+00 1.602546e+01 4.013923e-01
    endloop
  endfacet
  facet normal 9.766206e-01 0.000000e+00 2.149704e-01
    outer loop
      vertex   1.553998e+00 1.801273e+01 4.013923e-01
      vertex   1.553998e+00 1.602546e+01 4.013923e-01
      vertex   1.578910e+00 1.801273e+01 2.882130e-01
    endloop
  endfacet
  facet normal 9.766206e-01 0.000000e+00 2.149704e-01
    outer loop
      vertex   1.578910e+00 1.801273e+01 2.882130e-01
      vertex   1.553998e+00 1.602546e+01 4.013923e-01
      vertex   1.578910e+00 1.602546e+01 2.882130e-01
    endloop
  endfacet
  facet normal 9.895865e-01 0.000000e+00 1.439393e-01
    outer loop
      vertex   1.578910e+00 1.801273e+01 2.882130e-01
      vertex   1.578910e+00 1.602546e+01 2.882130e-01
      vertex   1.595591e+00 1.801273e+01 1.735310e-01
    endloop
  endfacet
  facet normal 9.895865e-01 0.000000e+00 1.439393e-01
    outer loop
      vertex   1.595591e+00 1.801273e+01 1.735310e-01
      vertex   1.578910e+00 1.602546e+01 2.882130e-01
      vertex   1.595591e+00 1.602546e+01 1.735310e-01
    endloop
  endfacet
  facet normal 9.973932e-01 0.000000e+00 7.215776e-02
    outer loop
      vertex   1.595591e+00 1.801273e+01 1.735310e-01
      vertex   1.595591e+00 1.602546e+01 1.735310e-01
      vertex   1.603954e+00 1.801273e+01 5.794437e-02
    endloop
  endfacet
  facet normal 9.973932e-01 0.000000e+00 7.215776e-02
    outer loop
      vertex   1.603954e+00 1.801273e+01 5.794437e-02
      vertex   1.595591e+00 1.602546e+01 1.735310e-01
      vertex   1.603954e+00 1.602546e+01 5.794437e-02
    endloop
  endfacet
  facet normal 1.000000e+00 0.000000e+00 0.000000e+00
    outer loop
      vertex   1.603954e+00 1.801273e+01 5.794437e-02
      vertex   1.603954e+00 1.602546e+01 5.794437e-02
      vertex   1.603954e+00 1.801273e+01 -5.794437e-02
    endloop
  endfacet
  facet normal 1.000000e+00 0.000000e+00 0.000000e+00
    outer loop
      vertex   1.603954e+00 1.801273e+01 -5.794437e-02
      vertex   1.603954e+00 1.602546e+01 5.794437e-02
      vertex   1.603954e+00 1.602546e+01 -5.794437e-02
    endloop
  endfacet
  facet normal 9.973932e-01 0.000000e+00 -7.215776e-02
    outer loop
      vertex   1.603954e+00 1.801273e+01 -5.794437e-02
      vertex   1.603954e+00 1.602546e+01 -5.794437e-02
      vertex   1.595591e+00 1.801273e+01 -1.735310e-01
    endloop
  endfacet
  facet normal 9.973932e-01 0.000000e+00 -7.215776e-02
    outer loop
      vertex   1.595591e+00 1.801273e+01 -1.735310e-01
      vertex   1.603954e+00 1.602546e+01 -5.794437e-02
      vertex   1.595591e+00 1.602546e+01 -1.735310e-01
    endloop
  endfacet
  facet normal 9.895865e-01 0.000000e+00 -1.439393e-01
    outer loop
      vertex   1.595591e+00 1.801273e+01 -1.735310e-01
      vertex   1.595591e+00 1.602546e+01 -1.735310e-01
      vertex   1.578910e+00 1.801273e+01 -2.882130e-01
    endloop
  endfacet
  facet normal 9.895865e-01 0.000000e+00 -1.439393e-01
    outer loop
      vertex   1.578910e+00 1.801273e+01 -2.882130e-01
      vertex   1.595591e+00 1.602546e+01 -1.735310e-01
      vertex   1.578910e+00 1.602546e+01 -2.882130e-01
    endloop
  endfacet
  facet normal 9.766206e-01 0.000000e+00 -2.149704e-01
    outer loop
      vertex   1.578910e+00 1.801273e+01 -2.882130e-01
      vertex   1.578910e+00 1.602546e+01 -2.882130e-01
      vertex   1.553998e+00 1.801273e+01 -4.013923e-01
    endloop
  endfacet
  facet normal 9.766206e-01 0.000000e+00 -2.149704e-01
    outer loop
      vertex   1.553998e+00 1.801273e+01 -4.013923e-01
      vertex   1.578910e+00 1.602546e+01 -2.882130e-01
      vertex   1.553998e+00 1.602546e+01 -4.013923e-01
    endloop
  endfacet
  facet normal 9.585629e-01 0.000000e+00 -2.848808e-01
    outer loop
      vertex   1.553998e+00 1.801273e+01 -4.013923e-01
      vertex   1.553998e+00 1.602546e+01 -4.013923e-01
      vertex   1.520983e+00 1.801273e+01 -5.124790e-01
    endloop
  endfacet
  facet normal 9.585629e-01 0.000000e+00 -2.848808e-01
    outer loop
      vertex   1.520983e+00 1.801273e+01 -5.124790e-01
      vertex   1.553998e+00 1.602546e+01 -4.013923e-01
      vertex   1.520983e+00 1.602546e+01 -5.124790e-01
    endloop
  endfacet
  facet normal 9.355078e-01 0.000000e+00 -3.533059e-01
    outer loop
      vertex   1.520983e+00 1.801273e+01 -5.124790e-01
      vertex   1.520983e+00 1.602546e+01 -5.124790e-01
      vertex   1.480039e+00 1.801273e+01 -6.208938e-01
    endloop
  endfacet
  facet normal 9.355078e-01 0.000000e+00 -3.533059e-01
    outer loop
      vertex   1.480039e+00 1.801273e+01 -6.208938e-01
      vertex   1.520983e+00 1.602546e+01 -5.124790e-01
      vertex   1.480039e+00 1.602546e+01 -6.208938e-01
    endloop
  endfacet
  facet normal 9.075754e-01 0.000000e+00 -4.198891e-01
    outer loop
      vertex   1.480039e+00 1.801273e+01 -6.208938e-01
      vertex   1.480039e+00 1.602546e+01 -6.208938e-01
      vertex   1.431379e+00 1.801273e+01 -7.260716e-01
    endloop
  endfacet
  facet normal 9.075754e-01 0.000000e+00 -4.198891e-01
    outer loop
      vertex   1.431379e+00 1.801273e+01 -7.260716e-01
      vertex   1.480039e+00 1.602546e+01 -6.208938e-01
      vertex   1.431379e+00 1.602546e+01 -7.260716e-01
    endloop
  endfacet
  facet normal 8.749113e-01 0.000000e+00 -4.842832e-01
    outer loop
      vertex   1.431379e+00 1.801273e+01 -7.260716e-01
      vertex   1.431379e+00 1.602546e+01 -7.260716e-01
      vertex   1.375256e+00 1.801273e+01 -8.274639e-01
    endloop
  endfacet
  facet normal 8.749113e-01 0.000000e+00 -4.842832e-01
    outer loop
      vertex   1.375256e+00 1.801273e+01 -8.274639e-01
      vertex   1.431379e+00 1.602546e+01 -7.260716e-01
      vertex   1.375256e+00 1.602546e+01 -8.274639e-01
    endloop
  endfacet
  facet normal 8.376858e-01 0.000000e+00 -5.461524e-01
    outer loop
      vertex   1.375256e+00 1.801273e+01 -8.274639e-01
      vertex   1.375256e+00 1.602546e+01 -8.274639e-01
      vertex   1.311963e+00 1.801273e+01 -9.245423e-01
    endloop
  endfacet
  facet normal 8.376858e-01 0.000000e+00 -5.461524e-01
    outer loop
      vertex   1.311963e+00 1.801273e+01 -9.245423e-01
      vertex   1.375256e+00 1.602546e+01 -8.274639e-01
      vertex   1.311963e+00 1.602546e+01 -9.245423e-01
    endloop
  endfacet
  facet normal 7.960931e-01 0.000000e+00 -6.051742e-01
    outer loop
      vertex   1.311963e+00 1.801273e+01 -9.245423e-01
      vertex   1.311963e+00 1.602546e+01 -9.245423e-01
      vertex   1.241830e+00 1.801273e+01 -1.016801e+00
    endloop
  endfacet
  facet normal 7.960931e-01 0.000000e+00 -6.051742e-01
    outer loop
      vertex   1.241830e+00 1.801273e+01 -1.016801e+00
      vertex   1.311963e+00 1.602546e+01 -9.245423e-01
      vertex   1.241830e+00 1.602546e+01 -1.016801e+00
    endloop
  endfacet
  facet normal 7.503498e-01 0.000000e+00 -6.610410e-01
    outer loop
      vertex   1.241830e+00 1.801273e+01 -1.016801e+00
      vertex   1.241830e+00 1.602546e+01 -1.016801e+00
      vertex   1.165223e+00 1.801273e+01 -1.103758e+00
    endloop
  endfacet
  facet normal 7.503498e-01 0.000000e+00 -6.610410e-01
    outer loop
      vertex   1.165223e+00 1.801273e+01 -1.103758e+00
      vertex   1.241830e+00 1.602546e+01 -1.016801e+00
      vertex   1.165223e+00 1.602546e+01 -1.103758e+00
    endloop
  endfacet
  facet normal 7.006946e-01 0.000000e+00 -7.134613e-01
    outer loop
      vertex   1.165223e+00 1.801273e+01 -1.103758e+00
      vertex   1.165223e+00 1.602546e+01 -1.103758e+00
      vertex   1.082541e+00 1.801273e+01 -1.184960e+00
    endloop
  endfacet
  facet normal 7.006946e-01 0.000000e+00 -7.134613e-01
    outer loop
      vertex   1.082541e+00 1.801273e+01 -1.184960e+00
      vertex   1.165223e+00 1.602546e+01 -1.103758e+00
      vertex   1.082541e+00 1.602546e+01 -1.184960e+00
    endloop
  endfacet
  facet normal 6.473863e-01 0.000000e+00 -7.621621e-01
    outer loop
      vertex   1.082541e+00 1.801273e+01 -1.184960e+00
      vertex   1.082541e+00 1.602546e+01 -1.184960e+00
      vertex   9.942146e-01 1.801273e+01 -1.259985e+00
    endloop
  endfacet
  facet normal 6.473863e-01 0.000000e+00 -7.621621e-01
    outer loop
      vertex   9.942146e-01 1.801273e+01 -1.259985e+00
      vertex   1.082541e+00 1.602546e+01 -1.184960e+00
      vertex   9.942146e-01 1.602546e+01 -1.259985e+00
    endloop
  endfacet
  facet normal 5.907028e-01 0.000000e+00 -8.068892e-01
    outer loop
      vertex   9.942146e-01 1.801273e+01 -1.259985e+00
      vertex   9.942146e-01 1.602546e+01 -1.259985e+00
      vertex   9.007052e-01 1.801273e+01 -1.328441e+00
    endloop
  endfacet
  facet normal 5.907028e-01 0.000000e+00 -8.068892e-01
    outer loop
      vertex   9.007052e-01 1.801273e+01 -1.328441e+00
      vertex   9.942146e-01 1.602546e+01 -1.259985e+00
      vertex   9.007052e-01 1.602546e+01 -1.328441e+00
    endloop
  endfacet
  facet normal 5.309397e-01 0.000000e+00 -8.474096e-01
    outer loop
      vertex   9.007052e-01 1.801273e+01 -1.328441e+00
      vertex   9.007052e-01 1.602546e+01 -1.328441e+00
      vertex   8.025000e-01 1.801273e+01 -1.389971e+00
    endloop
  endfacet
  facet normal 5.309397e-01 0.000000e+00 -8.474096e-01
    outer loop
      vertex   8.025000e-01 1.801273e+01 -1.389971e+00
      vertex   9.007052e-01 1.602546e+01 -1.328441e+00
      vertex   8.025000e-01 1.602546e+01 -1.389971e+00
    endloop
  endfacet
  facet normal 4.684084e-01 0.000000e+00 -8.835120e-01
    outer loop
      vertex   8.025000e-01 1.801273e+01 -1.389971e+00
      vertex   8.025000e-01 1.602546e+01 -1.389971e+00
      vertex   7.001109e-01 1.801273e+01 -1.444254e+00
    endloop
  endfacet
  facet normal 4.684084e-01 0.000000e+00 -8.835120e-01
    outer loop
      vertex   7.001109e-01 1.801273e+01 -1.444254e+00
      vertex   8.025000e-01 1.602546e+01 -1.389971e+00
      vertex   7.001109e-01 1.602546e+01 -1.444254e+00
    endloop
  endfacet
  facet normal 4.034352e-01 0.000000e+00 -9.150082e-01
    outer loop
      vertex   7.001109e-01 1.801273e+01 -1.444254e+00
      vertex   7.001109e-01 1.602546e+01 -1.444254e+00
      vertex   5.940717e-01 1.801273e+01 -1.491008e+00
    endloop
  endfacet
  facet normal 4.034352e-01 0.000000e+00 -9.150082e-01
    outer loop
      vertex   5.940717e-01 1.801273e+01 -1.491008e+00
      vertex   7.001109e-01 1.602546e+01 -1.444254e+00
      vertex   5.940717e-01 1.602546e+01 -1.491008e+00
    endloop
  endfacet
  facet normal 3.363586e-01 0.000000e+00 -9.417340e-01
    outer loop
      vertex   5.940717e-01 1.801273e+01 -1.491008e+00
      vertex   5.940717e-01 1.602546e+01 -1.491008e+00
      vertex   4.849354e-01 1.801273e+01 -1.529988e+00
    endloop
  endfacet
  facet normal 3.363586e-01 0.000000e+00 -9.417340e-01
    outer loop
      vertex   4.849354e-01 1.801273e+01 -1.529988e+00
      vertex   5.940717e-01 1.602546e+01 -1.491008e+00
      vertex   4.849354e-01 1.602546e+01 -1.529988e+00
    endloop
  endfacet
  facet normal 2.675283e-01 0.000000e+00 -9.635500e-01
    outer loop
      vertex   4.849354e-01 1.801273e+01 -1.529988e+00
      vertex   4.849354e-01 1.602546e+01 -1.529988e+00
      vertex   3.732708e-01 1.801273e+01 -1.560991e+00
    endloop
  endfacet
  facet normal 2.675283e-01 0.000000e+00 -9.635500e-01
    outer loop
      vertex   3.732708e-01 1.801273e+01 -1.560991e+00
      vertex   4.849354e-01 1.602546e+01 -1.529988e+00
      vertex   3.732708e-01 1.602546e+01 -1.560991e+00
    endloop
  endfacet
  facet normal 1.973033e-01 0.000000e+00 -9.803425e-01
    outer loop
      vertex   3.732708e-01 1.801273e+01 -1.560991e+00
      vertex   3.732708e-01 1.602546e+01 -1.560991e+00
      vertex   2.596601e-01 1.801273e+01 -1.583857e+00
    endloop
  endfacet
  facet normal 1.973033e-01 0.000000e+00 -9.803425e-01
    outer loop
      vertex   2.596601e-01 1.801273e+01 -1.583857e+00
      vertex   3.732708e-01 1.602546e+01 -1.560991e+00
      vertex   2.596601e-01 1.602546e+01 -1.583857e+00
    endloop
  endfacet
  facet normal 1.260497e-01 0.000000e+00 -9.920239e-01
    outer loop
      vertex   2.596601e-01 1.801273e+01 -1.583857e+00
      vertex   2.596601e-01 1.602546e+01 -1.583857e+00
      vertex   1.446957e-01 1.801273e+01 -1.598464e+00
    endloop
  endfacet
  facet normal 1.260497e-01 0.000000e+00 -9.920239e-01
    outer loop
      vertex   1.446957e-01 1.801273e+01 -1.598464e+00
      vertex   2.596601e-01 1.602546e+01 -1.583857e+00
      vertex   1.446957e-01 1.602546e+01 -1.598464e+00
    endloop
  endfacet
  facet normal 5.413891e-02 0.000000e+00 -9.985334e-01
    outer loop
      vertex   1.446957e-01 1.801273e+01 -1.598464e+00
      vertex   1.446957e-01 1.602546e+01 -1.598464e+00
      vertex   2.897691e-02 1.801273e+01 -1.604738e+00
    endloop
  endfacet
  facet normal 5.413891e-02 0.000000e+00 -9.985334e-01
    outer loop
      vertex   2.897691e-02 1.801273e+01 -1.604738e+00
      vertex   1.446957e-01 1.602546e+01 -1.598464e+00
      vertex   2.897691e-02 1.602546e+01 -1.604738e+00
    endloop
  endfacet
  facet normal -1.805415e-02 -0.000000e+00 -9.998370e-01
    outer loop
      vertex   2.897691e-02 1.801273e+01 -1.604738e+00
      vertex   2.897691e-02 1.602546e+01 -1.604738e+00
      vertex   -8.689295e-02 1.801273e+01 -1.602646e+00
    endloop
  endfacet
  facet normal -1.805415e-02 -0.000000e+00 -9.998370e-01
    outer loop
      vertex   -8.689295e-02 1.801273e+01 -1.602646e+00
      vertex   2.897691e-02 1.602546e+01 -1.604738e+00
      vertex   -8.689295e-02 1.602546e+01 -1.602646e+00
    endloop
  endfacet
  facet normal -9.015308e-02 -0.000000e+00 -9.959279e-01
    outer loop
      vertex   -8.689295e-02 1.801273e+01 -1.602646e+00
      vertex   -8.689295e-02 1.602546e+01 -1.602646e+00
      vertex   -2.023098e-01 1.801273e+01 -1.592198e+00
    endloop
  endfacet
  facet normal -9.015308e-02 -0.000000e+00 -9.959279e-01
    outer loop
      vertex   -2.023098e-01 1.801273e+01 -1.592198e+00
      vertex   -8.689295e-02 1.602546e+01 -1.602646e+00
      vertex   -2.023098e-01 1.602546e+01 -1.592198e+00
    endloop
  endfacet
  facet normal -1.617820e-01 -0.000000e+00 -9.868265e-01
    outer loop
      vertex   -2.023098e-01 1.801273e+01 -1.592198e+00
      vertex   -2.023098e-01 1.602546e+01 -1.592198e+00
      vertex   -3.166719e-01 1.801273e+01 -1.573450e+00
    endloop
  endfacet
  facet normal -1.617820e-01 -0.000000e+00 -9.868265e-01
    outer loop
      vertex   -3.166719e-01 1.801273e+01 -1.573450e+00
      vertex   -2.023098e-01 1.602546e+01 -1.592198e+00
      vertex   -3.166719e-01 1.602546e+01 -1.573450e+00
    endloop
  endfacet
  facet normal -2.325675e-01 -0.000000e+00 -9.725803e-01
    outer loop
      vertex   -3.166719e-01 1.801273e+01 -1.573450e+00
      vertex   -3.166719e-01 1.602546e+01 -1.573450e+00
      vertex   -4.293830e-01 1.801273e+01 -1.546498e+00
    endloop
  endfacet
  facet normal -2.325675e-01 -0.000000e+00 -9.725803e-01
    outer loop
      vertex   -4.293830e-01 1.801273e+01 -1.546498e+00
      vertex   -3.166719e-01 1.602546e+01 -1.573450e+00
      vertex   -4.293830e-01 1.602546e+01 -1.546498e+00
    endloop
  endfacet
  facet normal -3.021404e-01 -0.000000e+00 -9.532634e-01
    outer loop
      vertex   -4.293830e-01 1.801273e+01 -1.546498e+00
      vertex   -4.293830e-01 1.602546e+01 -1.546498e+00
      vertex   -5.398555e-01 1.801273e+01 -1.511483e+00
    endloop
  endfacet
  facet normal -3.021404e-01 -0.000000e+00 -9.532634e-01
    outer loop
      vertex   -5.398555e-01 1.801273e+01 -1.511483e+00
      vertex   -4.293830e-01 1.602546e+01 -1.546498e+00
      vertex   -5.398555e-01 1.602546e+01 -1.511483e+00
    endloop
  endfacet
  facet normal -3.701382e-01 -0.000000e+00 -9.289767e-01
    outer loop
      vertex   -5.398555e-01 1.801273e+01 -1.511483e+00
      vertex   -5.398555e-01 1.602546e+01 -1.511483e+00
      vertex   -6.475134e-01 1.801273e+01 -1.468588e+00
    endloop
  endfacet
  facet normal -3.701382e-01 -0.000000e+00 -9.289767e-01
    outer loop
      vertex   -6.475134e-01 1.801273e+01 -1.468588e+00
      vertex   -5.398555e-01 1.602546e+01 -1.511483e+00
      vertex   -6.475134e-01 1.602546e+01 -1.468588e+00
    endloop
  endfacet
  facet normal -4.362062e-01 -0.000000e+00 -8.998468e-01
    outer loop
      vertex   -6.475134e-01 1.801273e+01 -1.468588e+00
      vertex   -6.475134e-01 1.602546e+01 -1.468588e+00
      vertex   -7.517955e-01 1.801273e+01 -1.418037e+00
    endloop
  endfacet
  facet normal -4.362062e-01 -0.000000e+00 -8.998468e-01
    outer loop
      vertex   -7.517955e-01 1.801273e+01 -1.418037e+00
      vertex   -6.475134e-01 1.602546e+01 -1.468588e+00
      vertex   -7.517955e-01 1.602546e+01 -1.418037e+00
    endloop
  endfacet
  facet normal -5.000000e-01 -0.000000e+00 -8.660254e-01
    outer loop
      vertex   -7.517955e-01 1.801273e+01 -1.418037e+00
      vertex   -7.517955e-01 1.602546e+01 -1.418037e+00
      vertex   -8.521581e-01 1.801273e+01 -1.360092e+00
    endloop
  endfacet
  facet normal -5.000000e-01 -0.000000e+00 -8.660254e-01
    outer loop
      vertex   -8.521581e-01 1.801273e+01 -1.360092e+00
      vertex   -7.517955e-01 1.602546e+01 -1.418037e+00
      vertex   -8.521581e-01 1.602546e+01 -1.360092e+00
    endloop
  endfacet
  facet normal -5.611871e-01 -0.000000e+00 -8.276890e-01
    outer loop
      vertex   -8.521581e-01 1.801273e+01 -1.360092e+00
      vertex   -8.521581e-01 1.602546e+01 -1.360092e+00
      vertex   -9.480780e-01 1.801273e+01 -1.295057e+00
    endloop
  endfacet
  facet normal -5.611871e-01 -0.000000e+00 -8.276890e-01
    outer loop
      vertex   -9.480780e-01 1.801273e+01 -1.295057e+00
      vertex   -8.521581e-01 1.602546e+01 -1.360092e+00
      vertex   -9.480780e-01 1.602546e+01 -1.295057e+00
    endloop
  endfacet
  facet normal -6.194484e-01 -0.000000e+00 -7.850374e-01
    outer loop
      vertex   -9.480780e-01 1.801273e+01 -1.295057e+00
      vertex   -9.480780e-01 1.602546e+01 -1.295057e+00
      vertex   -1.039055e+00 1.801273e+01 -1.223270e+00
    endloop
  endfacet
  facet normal -6.194484e-01 -0.000000e+00 -7.850374e-01
    outer loop
      vertex   -1.039055e+00 1.801273e+01 -1.223270e+00
      vertex   -9.480780e-01 1.602546e+01 -1.295057e+00
      vertex   -1.039055e+00 1.602546e+01 -1.223270e+00
    endloop
  endfacet
  facet normal -6.744801e-01 -0.000000e+00 -7.382930e-01
    outer loop
      vertex   -1.039055e+00 1.801273e+01 -1.223270e+00
      vertex   -1.039055e+00 1.602546e+01 -1.223270e+00
      vertex   -1.124615e+00 1.801273e+01 -1.145105e+00
    endloop
  endfacet
  facet normal -6.744801e-01 -0.000000e+00 -7.382930e-01
    outer loop
      vertex   -1.124615e+00 1.801273e+01 -1.145105e+00
      vertex   -1.039055e+00 1.602546e+01 -1.223270e+00
      vertex   -1.124615e+00 1.602546e+01 -1.145105e+00
    endloop
  endfacet
  facet normal -7.259955e-01 -0.000000e+00 -6.876995e-01
    outer loop
      vertex   -1.124615e+00 1.801273e+01 -1.145105e+00
      vertex   -1.124615e+00 1.602546e+01 -1.145105e+00
      vertex   -1.204311e+00 1.801273e+01 -1.060971e+00
    endloop
  endfacet
  facet normal -7.259955e-01 -0.000000e+00 -6.876995e-01
    outer loop
      vertex   -1.204311e+00 1.801273e+01 -1.060971e+00
      vertex   -1.124615e+00 1.602546e+01 -1.145105e+00
      vertex   -1.204311e+00 1.602546e+01 -1.060971e+00
    endloop
  endfacet
  facet normal -7.737258e-01 -0.000000e+00 -6.335206e-01
    outer loop
      vertex   -1.204311e+00 1.801273e+01 -1.060971e+00
      vertex   -1.204311e+00 1.602546e+01 -1.060971e+00
      vertex   -1.277729e+00 1.801273e+01 -9.713046e-01
    endloop
  endfacet
  facet normal -7.737258e-01 -0.000000e+00 -6.335206e-01
    outer loop
      vertex   -1.277729e+00 1.801273e+01 -9.713046e-01
      vertex   -1.204311e+00 1.602546e+01 -1.060971e+00
      vertex   -1.277729e+00 1.602546e+01 -9.713046e-01
    endloop
  endfacet
  facet normal -8.174223e-01 -0.000000e+00 -5.760388e-01
    outer loop
      vertex   -1.277729e+00 1.801273e+01 -9.713046e-01
      vertex   -1.277729e+00 1.602546e+01 -9.713046e-01
      vertex   -1.344486e+00 1.801273e+01 -8.765746e-01
    endloop
  endfacet
  facet normal -8.174223e-01 -0.000000e+00 -5.760388e-01
    outer loop
      vertex   -1.344486e+00 1.801273e+01 -8.765746e-01
      vertex   -1.277729e+00 1.602546e+01 -9.713046e-01
      vertex   -1.344486e+00 1.602546e+01 -8.765746e-01
    endloop
  endfacet
  facet normal -8.568572e-01 -0.000000e+00 -5.155539e-01
    outer loop
      vertex   -1.344486e+00 1.801273e+01 -8.765746e-01
      vertex   -1.344486e+00 1.602546e+01 -8.765746e-01
      vertex   -1.404233e+00 1.801273e+01 -7.772745e-01
    endloop
  endfacet
  facet normal -8.568572e-01 -0.000000e+00 -5.155539e-01
    outer loop
      vertex   -1.404233e+00 1.801273e+01 -7.772745e-01
      vertex   -1.344486e+00 1.602546e+01 -8.765746e-01
      vertex   -1.404233e+00 1.602546e+01 -7.772745e-01
    endloop
  endfacet
  facet normal -8.918248e-01 -0.000000e+00 -4.523810e-01
    outer loop
      vertex   -1.404233e+00 1.801273e+01 -7.772745e-01
      vertex   -1.404233e+00 1.602546e+01 -7.772745e-01
      vertex   -1.456659e+00 1.801273e+01 -6.739220e-01
    endloop
  endfacet
  facet normal -8.918248e-01 -0.000000e+00 -4.523810e-01
    outer loop
      vertex   -1.456659e+00 1.801273e+01 -6.739220e-01
      vertex   -1.404233e+00 1.602546e+01 -7.772745e-01
      vertex   -1.456659e+00 1.602546e+01 -6.739220e-01
    endloop
  endfacet
  facet normal -9.221428e-01 -0.000000e+00 -3.868497e-01
    outer loop
      vertex   -1.456659e+00 1.801273e+01 -6.739220e-01
      vertex   -1.456659e+00 1.602546e+01 -6.739220e-01
      vertex   -1.501490e+00 1.801273e+01 -5.670560e-01
    endloop
  endfacet
  facet normal -9.221428e-01 -0.000000e+00 -3.868497e-01
    outer loop
      vertex   -1.501490e+00 1.801273e+01 -5.670560e-01
      vertex   -1.456659e+00 1.602546e+01 -6.739220e-01
      vertex   -1.501490e+00 1.602546e+01 -5.670560e-01
    endloop
  endfacet
  facet normal -9.476532e-01 -0.000000e+00 -3.193015e-01
    outer loop
      vertex   -1.501490e+00 1.801273e+01 -5.670560e-01
      vertex   -1.501490e+00 1.602546e+01 -5.670560e-01
      vertex   -1.538494e+00 1.801273e+01 -4.572337e-01
    endloop
  endfacet
  facet normal -9.476532e-01 -0.000000e+00 -3.193015e-01
    outer loop
      vertex   -1.538494e+00 1.801273e+01 -4.572337e-01
      vertex   -1.501490e+00 1.602546e+01 -5.670560e-01
      vertex   -1.538494e+00 1.602546e+01 -4.572337e-01
    endloop
  endfacet
  facet normal -9.682229e-01 -0.000000e+00 -2.500887e-01
    outer loop
      vertex   -1.538494e+00 1.801273e+01 -4.572337e-01
      vertex   -1.538494e+00 1.602546e+01 -4.572337e-01
      vertex   -1.567476e+00 1.801273e+01 -3.450276e-01
    endloop
  endfacet
  facet normal -9.682229e-01 -0.000000e+00 -2.500887e-01
    outer loop
      vertex   -1.567476e+00 1.801273e+01 -3.450276e-01
      vertex   -1.538494e+00 1.602546e+01 -4.572337e-01
      vertex   -1.567476e+00 1.602546e+01 -3.450276e-01
    endloop
  endfacet
  facet normal -9.837448e-01 -0.000000e+00 -1.795719e-01
    outer loop
      vertex   -1.567476e+00 1.801273e+01 -3.450276e-01
      vertex   -1.567476e+00 1.602546e+01 -3.450276e-01
      vertex   -1.588286e+00 1.801273e+01 -2.310226e-01
    endloop
  endfacet
  facet normal -9.837448e-01 -0.000000e+00 -1.795719e-01
    outer loop
      vertex   -1.588286e+00 1.801273e+01 -2.310226e-01
      vertex   -1.567476e+00 1.602546e+01 -3.450276e-01
      vertex   -1.588286e+00 1.602546e+01 -2.310226e-01
    endloop
  endfacet
  facet normal -9.941380e-01 -0.000000e+00 -1.081190e-01
    outer loop
      vertex   -1.588286e+00 1.801273e+01 -2.310226e-01
      vertex   -1.588286e+00 1.602546e+01 -2.310226e-01
      vertex   -1.600816e+00 1.801273e+01 -1.158132e-01
    endloop
  endfacet
  facet normal -9.941380e-01 -0.000000e+00 -1.081190e-01
    outer loop
      vertex   -1.600816e+00 1.801273e+01 -1.158132e-01
      vertex   -1.588286e+00 1.602546e+01 -2.310226e-01
      vertex   -1.600816e+00 1.602546e+01 -1.158132e-01
    endloop
  endfacet
  facet normal -9.993481e-01 -0.000000e+00 -3.610241e-02
    outer loop
      vertex   -1.600816e+00 1.801273e+01 -1.158132e-01
      vertex   -1.600816e+00 1.602546e+01 -1.158132e-01
      vertex   -1.605000e+00 1.801273e+01 1.965558e-16
    endloop
  endfacet
  facet normal -9.993481e-01 7.141597e-18 -3.610241e-02
    outer loop
      vertex   -1.605000e+00 1.801273e+01 1.965558e-16
      vertex   -1.600816e+00 1.602546e+01 -1.158132e-01
      vertex   -1.605000e+00 1.602546e+01 -1.965558e-16
    endloop
  endfacet
  facet normal 9.928502e-01 1.138507e-01 3.586767e-02
    outer loop
      vertex   1.600816e+00 1.403819e+01 1.158132e-01
      vertex   1.906788e+00 1.137152e+01 1.107174e-01
      vertex   1.605000e+00 1.403819e+01 0.000000e+00
    endloop
  endfacet
  facet normal 9.931103e-01 1.135870e-01 2.880814e-02
    outer loop
      vertex   1.605000e+00 1.403819e+01 0.000000e+00
      vertex   1.906788e+00 1.137152e+01 1.107174e-01
      vertex   1.910000e+00 1.137152e+01 0.000000e+00
    endloop
  endfacet
  facet normal 9.931103e-01 1.135870e-01 -2.880814e-02
    outer loop
      vertex   1.605000e+00 1.403819e+01 0.000000e+00
      vertex   1.910000e+00 1.137152e+01 0.000000e+00
      vertex   1.906788e+00 1.137152e+01 -1.107174e-01
    endloop
  endfacet
  facet normal 9.931098e-01 1.135912e-01 -2.880813e-02
    outer loop
      vertex   1.906788e+00 1.137152e+01 -1.107174e-01
      vertex   1.910000e+00 1.137152e+01 0.000000e+00
      vertex   2.211298e+00 8.704858e+00 -1.280040e-01
    endloop
  endfacet
  facet normal 9.897633e-01 1.135825e-01 -8.641563e-02
    outer loop
      vertex   1.906788e+00 1.137152e+01 -1.107174e-01
      vertex   2.211298e+00 8.704858e+00 -1.280040e-01
      vertex   2.200023e+00 8.704858e+00 -2.571458e-01
    endloop
  endfacet
  facet normal 9.897596e-01 1.136145e-01 -8.641531e-02
    outer loop
      vertex   2.200023e+00 8.704858e+00 -2.571458e-01
      vertex   2.211298e+00 8.704858e+00 -1.280040e-01
      vertex   2.503272e+00 6.038191e+00 -2.898821e-01
    endloop
  endfacet
  facet normal 9.832320e-01 1.135630e-01 -1.426824e-01
    outer loop
      vertex   2.200023e+00 8.704858e+00 -2.571458e-01
      vertex   2.503272e+00 6.038191e+00 -2.898821e-01
      vertex   2.482413e+00 6.038191e+00 -4.336191e-01
    endloop
  endfacet
  facet normal 9.897762e-01 1.134012e-01 8.650548e-02
    outer loop
      vertex   1.906788e+00 1.137152e+01 1.107174e-01
      vertex   1.600816e+00 1.403819e+01 1.158132e-01
      vertex   1.897085e+00 1.137152e+01 2.217375e-01
    endloop
  endfacet
  facet normal 9.876573e-01 1.139963e-01 1.074142e-01
    outer loop
      vertex   1.897085e+00 1.137152e+01 2.217375e-01
      vertex   1.600816e+00 1.403819e+01 1.158132e-01
      vertex   1.588286e+00 1.403819e+01 2.310226e-01
    endloop
  endfacet
  facet normal 9.830662e-01 1.133373e-01 1.439980e-01
    outer loop
      vertex   1.897085e+00 1.137152e+01 2.217375e-01
      vertex   1.588286e+00 1.403819e+01 2.310226e-01
      vertex   1.880983e+00 1.137152e+01 3.316680e-01
    endloop
  endfacet
  facet normal 9.773309e-01 1.140062e-01 1.784011e-01
    outer loop
      vertex   1.880983e+00 1.137152e+01 3.316680e-01
      vertex   1.588286e+00 1.403819e+01 2.310226e-01
      vertex   1.567476e+00 1.403819e+01 3.450276e-01
    endloop
  endfacet
  facet normal 9.730247e-01 1.133872e-01 2.009134e-01
    outer loop
      vertex   1.880983e+00 1.137152e+01 3.316680e-01
      vertex   1.567476e+00 1.403819e+01 3.450276e-01
      vertex   1.858516e+00 1.137152e+01 4.404763e-01
    endloop
  endfacet
  facet normal 9.619244e-01 1.138776e-01 2.484618e-01
    outer loop
      vertex   1.858516e+00 1.137152e+01 4.404763e-01
      vertex   1.567476e+00 1.403819e+01 3.450276e-01
      vertex   1.538494e+00 1.403819e+01 4.572337e-01
    endloop
  endfacet
  facet normal 9.596781e-01 1.135534e-01 2.571450e-01
    outer loop
      vertex   1.858516e+00 1.137152e+01 4.404763e-01
      vertex   1.538494e+00 1.403819e+01 4.572337e-01
      vertex   1.829760e+00 1.137152e+01 5.477942e-01
    endloop
  endfacet
  facet normal 9.430954e-01 1.136223e-01 3.125078e-01
    outer loop
      vertex   1.829760e+00 1.137152e+01 5.477942e-01
      vertex   1.538494e+00 1.403819e+01 4.572337e-01
      vertex   1.794813e+00 1.137152e+01 6.532585e-01
    endloop
  endfacet
  facet normal 9.430992e-01 1.135867e-01 3.125091e-01
    outer loop
      vertex   1.829760e+00 1.137152e+01 5.477942e-01
      vertex   1.794813e+00 1.137152e+01 6.532585e-01
      vertex   2.081419e+00 8.704858e+00 7.575746e-01
    endloop
  endfacet
  facet normal 9.233329e-01 1.135867e-01 3.668167e-01
    outer loop
      vertex   2.081419e+00 8.704858e+00 7.575746e-01
      vertex   1.794813e+00 1.137152e+01 6.532585e-01
      vertex   2.033849e+00 8.704858e+00 8.773167e-01
    endloop
  endfacet
  facet normal 9.233229e-01 1.136809e-01 3.668127e-01
    outer loop
      vertex   2.081419e+00 8.704858e+00 7.575746e-01
      vertex   2.033849e+00 8.704858e+00 8.773167e-01
      vertex   2.317618e+00 6.038191e+00 9.894689e-01
    endloop
  endfacet
  facet normal 9.021243e-01 1.135055e-01 4.162791e-01
    outer loop
      vertex   2.317618e+00 6.038191e+00 9.894689e-01
      vertex   2.033849e+00 8.704858e+00 8.773167e-01
      vertex   2.256763e+00 6.038191e+00 1.121348e+00
    endloop
  endfacet
  facet normal 9.004312e-01 1.136933e-01 4.198780e-01
    outer loop
      vertex   2.256763e+00 6.038191e+00 1.121348e+00
      vertex   2.033849e+00 8.704858e+00 8.773167e-01
      vertex   1.979396e+00 8.704858e+00 9.940902e-01
    endloop
  endfacet
  facet normal 8.766443e-01 1.134948e-01 4.675615e-01
    outer loop
      vertex   2.256763e+00 6.038191e+00 1.121348e+00
      vertex   1.979396e+00 8.704858e+00 9.940902e-01
      vertex   2.188411e+00 6.038191e+00 1.249502e+00
    endloop
  endfacet
  facet normal 8.744928e-01 1.137055e-01 4.715223e-01
    outer loop
      vertex   2.188411e+00 6.038191e+00 1.249502e+00
      vertex   1.979396e+00 8.704858e+00 9.940902e-01
      vertex   1.918246e+00 8.704858e+00 1.107500e+00
    endloop
  endfacet
  facet normal 8.482521e-01 1.134842e-01 5.172907e-01
    outer loop
      vertex   2.188411e+00 6.038191e+00 1.249502e+00
      vertex   1.918246e+00 8.704858e+00 1.107500e+00
      vertex   2.112790e+00 6.038191e+00 1.373505e+00
    endloop
  endfacet
  facet normal 8.455956e-01 1.137174e-01 5.215711e-01
    outer loop
      vertex   2.112790e+00 6.038191e+00 1.373505e+00
      vertex   1.918246e+00 8.704858e+00 1.107500e+00
      vertex   1.850606e+00 8.704858e+00 1.217162e+00
    endloop
  endfacet
  facet normal 8.170420e-01 1.134739e-01 5.653017e-01
    outer loop
      vertex   2.112790e+00 6.038191e+00 1.373505e+00
      vertex   1.850606e+00 8.704858e+00 1.217162e+00
      vertex   2.030151e+00 6.038191e+00 1.492946e+00
    endloop
  endfacet
  facet normal 8.138372e-01 1.137290e-01 5.698550e-01
    outer loop
      vertex   2.030151e+00 6.038191e+00 1.492946e+00
      vertex   1.850606e+00 8.704858e+00 1.217162e+00
      vertex   1.776703e+00 8.704858e+00 1.322706e+00
    endloop
  endfacet
  facet normal 7.831177e-01 1.134638e-01 6.114349e-01
    outer loop
      vertex   2.030151e+00 6.038191e+00 1.492946e+00
      vertex   1.776703e+00 8.704858e+00 1.322706e+00
      vertex   1.940767e+00 6.038191e+00 1.607427e+00
    endloop
  endfacet
  facet normal 7.793252e-01 1.137403e-01 6.162105e-01
    outer loop
      vertex   1.940767e+00 6.038191e+00 1.607427e+00
      vertex   1.776703e+00 8.704858e+00 1.322706e+00
      vertex   1.696788e+00 8.704858e+00 1.423775e+00
    endloop
  endfacet
  facet normal 7.465919e-01 1.134539e-01 6.555370e-01
    outer loop
      vertex   1.940767e+00 6.038191e+00 1.607427e+00
      vertex   1.696788e+00 8.704858e+00 1.423775e+00
      vertex   1.844937e+00 6.038191e+00 1.716569e+00
    endloop
  endfacet
  facet normal 7.421763e-01 1.137514e-01 6.604808e-01
    outer loop
      vertex   1.844937e+00 6.038191e+00 1.716569e+00
      vertex   1.696788e+00 8.704858e+00 1.423775e+00
      vertex   1.611133e+00 8.704858e+00 1.520025e+00
    endloop
  endfacet
  facet normal 7.075858e-01 1.134443e-01 6.974616e-01
    outer loop
      vertex   1.844937e+00 6.038191e+00 1.716569e+00
      vertex   1.611133e+00 8.704858e+00 1.520025e+00
      vertex   1.742977e+00 6.038191e+00 1.820008e+00
    endloop
  endfacet
  facet normal 7.025162e-01 1.137622e-01 7.025162e-01
    outer loop
      vertex   1.742977e+00 6.038191e+00 1.820008e+00
      vertex   1.611133e+00 8.704858e+00 1.520025e+00
      vertex   1.520025e+00 8.704858e+00 1.611133e+00
    endloop
  endfacet
  facet normal 6.662291e-01 1.134349e-01 7.370694e-01
    outer loop
      vertex   1.742977e+00 6.038191e+00 1.820008e+00
      vertex   1.520025e+00 8.704858e+00 1.611133e+00
      vertex   1.635228e+00 6.038191e+00 1.917402e+00
    endloop
  endfacet
  facet normal 6.604792e-01 1.137728e-01 7.421745e-01
    outer loop
      vertex   1.635228e+00 6.038191e+00 1.917402e+00
      vertex   1.520025e+00 8.704858e+00 1.611133e+00
      vertex   1.423775e+00 8.704858e+00 1.696788e+00
    endloop
  endfacet
  facet normal 6.226592e-01 1.134257e-01 7.742287e-01
    outer loop
      vertex   1.635228e+00 6.038191e+00 1.917402e+00
      vertex   1.423775e+00 8.704858e+00 1.696788e+00
      vertex   1.522047e+00 6.038191e+00 2.008426e+00
    endloop
  endfacet
  facet normal 6.162074e-01 1.137831e-01 7.793214e-01
    outer loop
      vertex   1.522047e+00 6.038191e+00 2.008426e+00
      vertex   1.423775e+00 8.704858e+00 1.696788e+00
      vertex   1.322706e+00 8.704858e+00 1.776703e+00
    endloop
  endfacet
  facet normal 5.770207e-01 1.134168e-01 8.088162e-01
    outer loop
      vertex   1.522047e+00 6.038191e+00 2.008426e+00
      vertex   1.322706e+00 8.704858e+00 1.776703e+00
      vertex   1.403809e+00 6.038191e+00 2.092778e+00
    endloop
  endfacet
  facet normal 5.698508e-01 1.137931e-01 8.138312e-01
    outer loop
      vertex   1.403809e+00 6.038191e+00 2.092778e+00
      vertex   1.322706e+00 8.704858e+00 1.776703e+00
      vertex   1.217162e+00 8.704858e+00 1.850606e+00
    endloop
  endfacet
  facet normal 5.294653e-01 1.134081e-01 8.407170e-01
    outer loop
      vertex   1.403809e+00 6.038191e+00 2.092778e+00
      vertex   1.217162e+00 8.704858e+00 1.850606e+00
      vertex   1.280908e+00 6.038191e+00 2.170178e+00
    endloop
  endfacet
  facet normal 5.215660e-01 1.138029e-01 8.455873e-01
    outer loop
      vertex   1.280908e+00 6.038191e+00 2.170178e+00
      vertex   1.217162e+00 8.704858e+00 1.850606e+00
      vertex   1.107500e+00 8.704858e+00 1.918246e+00
    endloop
  endfacet
  facet normal 4.801510e-01 1.133996e-01 8.698250e-01
    outer loop
      vertex   1.280908e+00 6.038191e+00 2.170178e+00
      vertex   1.107500e+00 8.704858e+00 1.918246e+00
      vertex   1.153753e+00 6.038191e+00 2.240369e+00
    endloop
  endfacet
  facet normal 4.715165e-01 1.138124e-01 8.744821e-01
    outer loop
      vertex   1.153753e+00 6.038191e+00 2.240369e+00
      vertex   1.107500e+00 8.704858e+00 1.918246e+00
      vertex   9.940902e-01 8.704858e+00 1.979396e+00
    endloop
  endfacet
  facet normal 4.292416e-01 1.133914e-01 8.960436e-01
    outer loop
      vertex   1.153753e+00 6.038191e+00 2.240369e+00
      vertex   9.940902e-01 8.704858e+00 1.979396e+00
      vertex   1.022764e+00 6.038191e+00 2.303118e+00
    endloop
  endfacet
  facet normal 4.198717e-01 1.138216e-01 9.004179e-01
    outer loop
      vertex   1.022764e+00 6.038191e+00 2.303118e+00
      vertex   9.940902e-01 8.704858e+00 1.979396e+00
      vertex   8.773167e-01 8.704858e+00 2.033849e+00
    endloop
  endfacet
  facet normal 3.769061e-01 1.133834e-01 9.192856e-01
    outer loop
      vertex   1.022764e+00 6.038191e+00 2.303118e+00
      vertex   8.773167e-01 8.704858e+00 2.033849e+00
      vertex   8.883782e-01 6.038191e+00 2.358216e+00
    endloop
  endfacet
  facet normal 3.668064e-01 1.138306e-01 9.233069e-01
    outer loop
      vertex   8.883782e-01 6.038191e+00 2.358216e+00
      vertex   8.773167e-01 8.704858e+00 2.033849e+00
      vertex   7.575746e-01 8.704858e+00 2.081419e+00
    endloop
  endfacet
  facet normal 3.233185e-01 1.133756e-01 9.394738e-01
    outer loop
      vertex   8.883782e-01 6.038191e+00 2.358216e+00
      vertex   7.575746e-01 8.704858e+00 2.081419e+00
      vertex   7.510411e-01 6.038191e+00 2.405481e+00
    endloop
  endfacet
  facet normal 3.125000e-01 1.138393e-01 9.430718e-01
    outer loop
      vertex   7.510411e-01 6.038191e+00 2.405481e+00
      vertex   7.575746e-01 8.704858e+00 2.081419e+00
      vertex   6.352692e-01 8.704858e+00 2.121947e+00
    endloop
  endfacet
  facet normal 2.686568e-01 1.133680e-01 9.565413e-01
    outer loop
      vertex   7.510411e-01 6.038191e+00 2.405481e+00
      vertex   6.352692e-01 8.704858e+00 2.121947e+00
      vertex   6.112091e-01 6.038191e+00 2.444754e+00
    endloop
  endfacet
  facet normal 2.571363e-01 1.138478e-01 9.596456e-01
    outer loop
      vertex   6.112091e-01 6.038191e+00 2.444754e+00
      vertex   6.352692e-01 8.704858e+00 2.121947e+00
      vertex   5.108142e-01 8.704858e+00 2.155294e+00
    endloop
  endfacet
  facet normal 2.131025e-01 1.133607e-01 9.704312e-01
    outer loop
      vertex   6.112091e-01 6.038191e+00 2.444754e+00
      vertex   5.108142e-01 8.704858e+00 2.155294e+00
      vertex   4.693468e-01 6.038191e+00 2.475907e+00
    endloop
  endfacet
  facet normal 2.009026e-01 1.138560e-01 9.729722e-01
    outer loop
      vertex   4.693468e-01 6.038191e+00 2.475907e+00
      vertex   5.108142e-01 8.704858e+00 2.155294e+00
      vertex   3.846307e-01 8.704858e+00 2.181349e+00
    endloop
  endfacet
  facet normal 1.568402e-01 1.133537e-01 9.810974e-01
    outer loop
      vertex   4.693468e-01 6.038191e+00 2.475907e+00
      vertex   3.846307e-01 8.704858e+00 2.181349e+00
      vertex   3.259254e-01 6.038191e+00 2.498834e+00
    endloop
  endfacet
  facet normal 1.439893e-01 1.138639e-01 9.830067e-01
    outer loop
      vertex   3.259254e-01 6.038191e+00 2.498834e+00
      vertex   3.846307e-01 8.704858e+00 2.181349e+00
      vertex   2.571458e-01 8.704858e+00 2.200023e+00
    endloop
  endfacet
  facet normal 1.000568e-01 1.133468e-01 9.885045e-01
    outer loop
      vertex   3.259254e-01 6.038191e+00 2.498834e+00
      vertex   2.571458e-01 8.704858e+00 2.200023e+00
      vertex   1.814212e-01 6.038191e+00 2.513461e+00
    endloop
  endfacet
  facet normal 8.658884e-02 1.138715e-01 9.897149e-01
    outer loop
      vertex   1.814212e-01 6.038191e+00 2.513461e+00
      vertex   2.571458e-01 8.704858e+00 2.200023e+00
      vertex   1.287908e-01 8.704858e+00 2.211253e+00
    endloop
  endfacet
  facet normal 4.294096e-02 1.133402e-01 9.926279e-01
    outer loop
      vertex   1.814212e-01 6.038191e+00 2.513461e+00
      vertex   1.287908e-01 8.704858e+00 2.211253e+00
      vertex   3.631440e-02 6.038191e+00 2.519738e+00
    endloop
  endfacet
  facet normal 2.889551e-02 1.138789e-01 9.930743e-01
    outer loop
      vertex   3.631440e-02 6.038191e+00 2.519738e+00
      vertex   1.287908e-01 8.704858e+00 2.211253e+00
      vertex   1.356296e-16 8.704858e+00 2.215000e+00
    endloop
  endfacet
  facet normal -1.431763e-02 1.133338e-01 9.934538e-01
    outer loop
      vertex   3.631440e-02 6.038191e+00 2.519738e+00
      vertex   1.356296e-16 8.704858e+00 2.215000e+00
      vertex   -1.089130e-01 6.038191e+00 2.517645e+00
    endloop
  endfacet
  facet normal -2.889549e-02 1.138861e-01 9.930735e-01
    outer loop
      vertex   -1.089130e-01 6.038191e+00 2.517645e+00
      vertex   1.356296e-16 8.704858e+00 2.215000e+00
      vertex   -1.287908e-01 8.704858e+00 2.211253e+00
    endloop
  endfacet
  facet normal -7.152874e-02 1.133277e-01 9.909796e-01
    outer loop
      vertex   -1.089130e-01 6.038191e+00 2.517645e+00
      vertex   -1.287908e-01 8.704858e+00 2.211253e+00
      vertex   -2.537787e-01 6.038191e+00 2.507189e+00
    endloop
  endfacet
  facet normal -8.658862e-02 1.138929e-01 9.897125e-01
    outer loop
      vertex   -2.537787e-01 6.038191e+00 2.507189e+00
      vertex   -1.287908e-01 8.704858e+00 2.211253e+00
      vertex   -2.571458e-01 8.704858e+00 2.200023e+00
    endloop
  endfacet
  facet normal -1.285023e-01 1.133218e-01 9.852133e-01
    outer loop
      vertex   -2.537787e-01 6.038191e+00 2.507189e+00
      vertex   -2.571458e-01 8.704858e+00 2.200023e+00
      vertex   -3.978013e-01 6.038191e+00 2.488404e+00
    endloop
  endfacet
  facet normal -1.439887e-01 1.138995e-01 9.830026e-01
    outer loop
      vertex   -3.978013e-01 6.038191e+00 2.488404e+00
      vertex   -2.571458e-01 8.704858e+00 2.200023e+00
      vertex   -3.846307e-01 8.704858e+00 2.181349e+00
    endloop
  endfacet
  facet normal -1.850491e-01 1.133161e-01 9.761743e-01
    outer loop
      vertex   -3.978013e-01 6.038191e+00 2.488404e+00
      vertex   -3.846307e-01 8.704858e+00 2.181349e+00
      vertex   -5.405025e-01 6.038191e+00 2.461353e+00
    endloop
  endfacet
  facet normal -2.009014e-01 1.139059e-01 9.729666e-01
    outer loop
      vertex   -5.405025e-01 6.038191e+00 2.461353e+00
      vertex   -3.846307e-01 8.704858e+00 2.181349e+00
      vertex   -5.108142e-01 8.704858e+00 2.155294e+00
    endloop
  endfacet
  facet normal -2.409812e-01 1.133106e-01 9.638925e-01
    outer loop
      vertex   -5.405025e-01 6.038191e+00 2.461353e+00
      vertex   -5.108142e-01 8.704858e+00 2.155294e+00
      vertex   -6.814081e-01 6.038191e+00 2.426125e+00
    endloop
  endfacet
  facet normal -2.571344e-01 1.139119e-01 9.596385e-01
    outer loop
      vertex   -6.814081e-01 6.038191e+00 2.426125e+00
      vertex   -5.108142e-01 8.704858e+00 2.155294e+00
      vertex   -6.352692e-01 8.704858e+00 2.121947e+00
    endloop
  endfacet
  facet normal -2.961129e-01 1.133054e-01 9.484087e-01
    outer loop
      vertex   -6.814081e-01 6.038191e+00 2.426125e+00
      vertex   -6.352692e-01 8.704858e+00 2.121947e+00
      vertex   -8.200502e-01 6.038191e+00 2.382838e+00
    endloop
  endfacet
  facet normal -3.124971e-01 1.139177e-01 9.430633e-01
    outer loop
      vertex   -8.200502e-01 6.038191e+00 2.382838e+00
      vertex   -6.352692e-01 8.704858e+00 2.121947e+00
      vertex   -7.575746e-01 8.704858e+00 2.081419e+00
    endloop
  endfacet
  facet normal -3.502610e-01 1.133004e-01 9.297743e-01
    outer loop
      vertex   -8.200502e-01 6.038191e+00 2.382838e+00
      vertex   -7.575746e-01 8.704858e+00 2.081419e+00
      vertex   -9.559682e-01 6.038191e+00 2.331636e+00
    endloop
  endfacet
  facet normal -3.668024e-01 1.139233e-01 9.232971e-01
    outer loop
      vertex   -9.559682e-01 6.038191e+00 2.331636e+00
      vertex   -7.575746e-01 8.704858e+00 2.081419e+00
      vertex   -8.773167e-01 8.704858e+00 2.033849e+00
    endloop
  endfacet
  facet normal -4.032456e-01 1.132956e-01 9.080513e-01
    outer loop
      vertex   -9.559682e-01 6.038191e+00 2.331636e+00
      vertex   -8.773167e-01 8.704858e+00 2.033849e+00
      vertex   -1.088711e+00 6.038191e+00 2.272688e+00
    endloop
  endfacet
  facet normal -4.198666e-01 1.139286e-01 9.004068e-01
    outer loop
      vertex   -1.088711e+00 6.038191e+00 2.272688e+00
      vertex   -8.773167e-01 8.704858e+00 2.033849e+00
      vertex   -9.940902e-01 8.704858e+00 1.979396e+00
    endloop
  endfacet
  facet normal -4.548907e-01 1.132911e-01 8.833117e-01
    outer loop
      vertex   -1.088711e+00 6.038191e+00 2.272688e+00
      vertex   -9.940902e-01 8.704858e+00 1.979396e+00
      vertex   -1.217836e+00 6.038191e+00 2.206190e+00
    endloop
  endfacet
  facet normal -4.715099e-01 1.139336e-01 8.744698e-01
    outer loop
      vertex   -1.217836e+00 6.038191e+00 2.206190e+00
      vertex   -9.940902e-01 8.704858e+00 1.979396e+00
      vertex   -1.107500e+00 8.704858e+00 1.918246e+00
    endloop
  endfacet
  facet normal -5.050247e-01 1.132868e-01 8.556378e-01
    outer loop
      vertex   -1.217836e+00 6.038191e+00 2.206190e+00
      vertex   -1.107500e+00 8.704858e+00 1.918246e+00
      vertex   -1.342917e+00 6.038191e+00 2.132364e+00
    endloop
  endfacet
  facet normal -5.215578e-01 1.139383e-01 8.455741e-01
    outer loop
      vertex   -1.342917e+00 6.038191e+00 2.132364e+00
      vertex   -1.107500e+00 8.704858e+00 1.918246e+00
      vertex   -1.217162e+00 8.704858e+00 1.850606e+00
    endloop
  endfacet
  facet normal -5.534812e-01 1.132828e-01 8.251216e-01
    outer loop
      vertex   -1.342917e+00 6.038191e+00 2.132364e+00
      vertex   -1.217162e+00 8.704858e+00 1.850606e+00
      vertex   -1.463536e+00 6.038191e+00 2.051454e+00
    endloop
  endfacet
  facet normal -5.698409e-01 1.139428e-01 8.138172e-01
    outer loop
      vertex   -1.463536e+00 6.038191e+00 2.051454e+00
      vertex   -1.217162e+00 8.704858e+00 1.850606e+00
      vertex   -1.322706e+00 8.704858e+00 1.776703e+00
    endloop
  endfacet
  facet normal -6.000990e-01 1.132789e-01 7.918643e-01
    outer loop
      vertex   -1.463536e+00 6.038191e+00 2.051454e+00
      vertex   -1.322706e+00 8.704858e+00 1.776703e+00
      vertex   -1.579293e+00 6.038191e+00 1.963729e+00
    endloop
  endfacet
  facet normal -6.161958e-01 1.139470e-01 7.793066e-01
    outer loop
      vertex   -1.579293e+00 6.038191e+00 1.963729e+00
      vertex   -1.322706e+00 8.704858e+00 1.776703e+00
      vertex   -1.423775e+00 8.704858e+00 1.696788e+00
    endloop
  endfacet
  facet normal -6.447234e-01 1.132753e-01 7.559765e-01
    outer loop
      vertex   -1.579293e+00 6.038191e+00 1.963729e+00
      vertex   -1.423775e+00 8.704858e+00 1.696788e+00
      vertex   -1.689804e+00 6.038191e+00 1.869482e+00
    endloop
  endfacet
  facet normal -6.604656e-01 1.139510e-01 7.421592e-01
    outer loop
      vertex   -1.689804e+00 6.038191e+00 1.869482e+00
      vertex   -1.423775e+00 8.704858e+00 1.696788e+00
      vertex   -1.520025e+00 8.704858e+00 1.611133e+00
    endloop
  endfacet
  facet normal -6.872061e-01 1.132720e-01 7.175773e-01
    outer loop
      vertex   -1.689804e+00 6.038191e+00 1.869482e+00
      vertex   -1.520025e+00 8.704858e+00 1.611133e+00
      vertex   -1.794702e+00 6.038191e+00 1.769023e+00
    endloop
  endfacet
  facet normal -7.025007e-01 1.139547e-01 7.025007e-01
    outer loop
      vertex   -1.794702e+00 6.038191e+00 1.769023e+00
      vertex   -1.520025e+00 8.704858e+00 1.611133e+00
      vertex   -1.611133e+00 8.704858e+00 1.520025e+00
    endloop
  endfacet
  facet normal -7.274060e-01 1.132688e-01 6.767944e-01
    outer loop
      vertex   -1.794702e+00 6.038191e+00 1.769023e+00
      vertex   -1.611133e+00 8.704858e+00 1.520025e+00
      vertex   -1.893638e+00 6.038191e+00 1.662689e+00
    endloop
  endfacet
  facet normal -7.421586e-01 1.139581e-01 6.604651e-01
    outer loop
      vertex   -1.893638e+00 6.038191e+00 1.662689e+00
      vertex   -1.611133e+00 8.704858e+00 1.520025e+00
      vertex   -1.696788e+00 8.704858e+00 1.423775e+00
    endloop
  endfacet
  facet normal -7.651896e-01 1.132659e-01 6.337632e-01
    outer loop
      vertex   -1.893638e+00 6.038191e+00 1.662689e+00
      vertex   -1.696788e+00 8.704858e+00 1.423775e+00
      vertex   -1.986284e+00 6.038191e+00 1.550831e+00
    endloop
  endfacet
  facet normal -7.793053e-01 1.139613e-01 6.161948e-01
    outer loop
      vertex   -1.986284e+00 6.038191e+00 1.550831e+00
      vertex   -1.696788e+00 8.704858e+00 1.423775e+00
      vertex   -1.776703e+00 8.704858e+00 1.322706e+00
    endloop
  endfacet
  facet normal -8.004312e-01 1.132633e-01 5.886266e-01
    outer loop
      vertex   -1.986284e+00 6.038191e+00 1.550831e+00
      vertex   -1.776703e+00 8.704858e+00 1.322706e+00
      vertex   -2.072331e+00 6.038191e+00 1.433821e+00
    endloop
  endfacet
  facet normal -8.138152e-01 1.139642e-01 5.698395e-01
    outer loop
      vertex   -2.072331e+00 6.038191e+00 1.433821e+00
      vertex   -1.776703e+00 8.704858e+00 1.322706e+00
      vertex   -1.850606e+00 8.704858e+00 1.217162e+00
    endloop
  endfacet
  facet normal -8.330139e-01 1.132608e-01 5.415347e-01
    outer loop
      vertex   -2.072331e+00 6.038191e+00 1.433821e+00
      vertex   -1.850606e+00 8.704858e+00 1.217162e+00
      vertex   -2.151494e+00 6.038191e+00 1.312049e+00
    endloop
  endfacet
  facet normal -8.455713e-01 1.139668e-01 5.215561e-01
    outer loop
      vertex   -2.151494e+00 6.038191e+00 1.312049e+00
      vertex   -1.850606e+00 8.704858e+00 1.217162e+00
      vertex   -1.918246e+00 8.704858e+00 1.107500e+00
    endloop
  endfacet
  facet normal -8.628294e-01 1.132586e-01 4.926437e-01
    outer loop
      vertex   -2.151494e+00 6.038191e+00 1.312049e+00
      vertex   -1.918246e+00 8.704858e+00 1.107500e+00
      vertex   -2.223511e+00 6.038191e+00 1.185918e+00
    endloop
  endfacet
  facet normal -8.744662e-01 1.139692e-01 4.715080e-01
    outer loop
      vertex   -2.223511e+00 6.038191e+00 1.185918e+00
      vertex   -1.918246e+00 8.704858e+00 1.107500e+00
      vertex   -1.979396e+00 8.704858e+00 9.940902e-01
    endloop
  endfacet
  facet normal -8.897787e-01 1.132567e-01 4.421163e-01
    outer loop
      vertex   -2.223511e+00 6.038191e+00 1.185918e+00
      vertex   -1.979396e+00 8.704858e+00 9.940902e-01
      vertex   -2.288141e+00 6.038191e+00 1.055847e+00
    endloop
  endfacet
  facet normal -9.004023e-01 1.139713e-01 4.198645e-01
    outer loop
      vertex   -2.288141e+00 6.038191e+00 1.055847e+00
      vertex   -1.979396e+00 8.704858e+00 9.940902e-01
      vertex   -2.033849e+00 8.704858e+00 8.773167e-01
    endloop
  endfacet
  facet normal -9.137722e-01 1.132549e-01 3.901201e-01
    outer loop
      vertex   -2.288141e+00 6.038191e+00 1.055847e+00
      vertex   -2.033849e+00 8.704858e+00 8.773167e-01
      vertex   -2.345170e+00 6.038191e+00 9.222689e-01
    endloop
  endfacet
  facet normal -9.232917e-01 1.139732e-01 3.668003e-01
    outer loop
      vertex   -2.345170e+00 6.038191e+00 9.222689e-01
      vertex   -2.033849e+00 8.704858e+00 8.773167e-01
      vertex   -2.081419e+00 8.704858e+00 7.575746e-01
    endloop
  endfacet
  facet normal -9.347302e-01 1.132534e-01 3.368279e-01
    outer loop
      vertex   -2.345170e+00 6.038191e+00 9.222689e-01
      vertex   -2.081419e+00 8.704858e+00 7.575746e-01
      vertex   -2.394408e+00 6.038191e+00 7.856272e-01
    endloop
  endfacet
  facet normal -9.430570e-01 1.139748e-01 3.124951e-01
    outer loop
      vertex   -2.394408e+00 6.038191e+00 7.856272e-01
      vertex   -2.081419e+00 8.704858e+00 7.575746e-01
      vertex   -2.121947e+00 8.704858e+00 6.352692e-01
    endloop
  endfacet
  facet normal -9.525832e-01 1.132521e-01 2.824169e-01
    outer loop
      vertex   -2.394408e+00 6.038191e+00 7.856272e-01
      vertex   -2.121947e+00 8.704858e+00 6.352692e-01
      vertex   -2.435693e+00 6.038191e+00 6.463757e-01
    endloop
  endfacet
  facet normal -9.596314e-01 1.139761e-01 2.571324e-01
    outer loop
      vertex   -2.435693e+00 6.038191e+00 6.463757e-01
      vertex   -2.121947e+00 8.704858e+00 6.352692e-01
      vertex   -2.155294e+00 8.704858e+00 5.108142e-01
    endloop
  endfacet
  facet normal -9.672717e-01 1.132511e-01 2.270676e-01
    outer loop
      vertex   -2.435693e+00 6.038191e+00 6.463757e-01
      vertex   -2.155294e+00 8.704858e+00 5.108142e-01
      vertex   -2.468886e+00 6.038191e+00 5.049771e-01
    endloop
  endfacet
  facet normal -9.729586e-01 1.139771e-01 2.008998e-01
    outer loop
      vertex   -2.468886e+00 6.038191e+00 5.049771e-01
      vertex   -2.155294e+00 8.704858e+00 5.108142e-01
      vertex   -2.181349e+00 8.704858e+00 3.846307e-01
    endloop
  endfacet
  facet normal -9.787470e-01 1.132503e-01 1.709640e-01
    outer loop
      vertex   -2.468886e+00 6.038191e+00 5.049771e-01
      vertex   -2.181349e+00 8.704858e+00 3.846307e-01
      vertex   -2.493878e+00 6.038191e+00 3.619009e-01
    endloop
  endfacet
  facet normal -9.829937e-01 1.139779e-01 1.439874e-01
    outer loop
      vertex   -2.493878e+00 6.038191e+00 3.619009e-01
      vertex   -2.181349e+00 8.704858e+00 3.846307e-01
      vertex   -2.200023e+00 8.704858e+00 2.571458e-01
    endloop
  endfacet
  facet normal -9.869710e-01 1.132497e-01 1.142925e-01
    outer loop
      vertex   -2.493878e+00 6.038191e+00 3.619009e-01
      vertex   -2.200023e+00 8.704858e+00 2.571458e-01
      vertex   -2.510586e+00 6.038191e+00 2.176225e-01
    endloop
  endfacet
  facet normal -9.897027e-01 1.139784e-01 8.658777e-02
    outer loop
      vertex   -2.510586e+00 6.038191e+00 2.176225e-01
      vertex   -2.200023e+00 8.704858e+00 2.571458e-01
      vertex   -2.211253e+00 8.704858e+00 1.287908e-01
    endloop
  endfacet
  facet normal -9.919163e-01 1.132493e-01 5.724134e-02
    outer loop
      vertex   -2.510586e+00 6.038191e+00 2.176225e-01
      vertex   -2.211253e+00 8.704858e+00 1.287908e-01
      vertex   -2.518953e+00 6.038191e+00 7.262126e-02
    endloop
  endfacet
  facet normal -9.930629e-01 1.139787e-01 2.889518e-02
    outer loop
      vertex   -2.518953e+00 6.038191e+00 7.262126e-02
      vertex   -2.211253e+00 8.704858e+00 1.287908e-01
      vertex   -2.215000e+00 8.704858e+00 -2.712593e-16
    endloop
  endfacet
  facet normal -9.935666e-01 1.132492e-01 0.000000e+00
    outer loop
      vertex   -2.518953e+00 6.038191e+00 7.262126e-02
      vertex   -2.215000e+00 8.704858e+00 -2.712593e-16
      vertex   -2.518953e+00 6.038191e+00 -7.262126e-02
    endloop
  endfacet
  facet normal -9.930629e-01 1.139787e-01 -2.889518e-02
    outer loop
      vertex   -2.518953e+00 6.038191e+00 -7.262126e-02
      vertex   -2.215000e+00 8.704858e+00 -2.712593e-16
      vertex   -2.211253e+00 8.704858e+00 -1.287908e-01
    endloop
  endfacet
  facet normal -9.919163e-01 1.132493e-01 -5.724134e-02
    outer loop
      vertex   -2.518953e+00 6.038191e+00 -7.262126e-02
      vertex   -2.211253e+00 8.704858e+00 -1.287908e-01
      vertex   -2.510586e+00 6.038191e+00 -2.176225e-01
    endloop
  endfacet
  facet normal -9.897027e-01 1.139784e-01 -8.658777e-02
    outer loop
      vertex   -2.510586e+00 6.038191e+00 -2.176225e-01
      vertex   -2.211253e+00 8.704858e+00 -1.287908e-01
      vertex   -2.200023e+00 8.704858e+00 -2.571458e-01
    endloop
  endfacet
  facet normal -9.869710e-01 1.132497e-01 -1.142925e-01
    outer loop
      vertex   -2.510586e+00 6.038191e+00 -2.176225e-01
      vertex   -2.200023e+00 8.704858e+00 -2.571458e-01
      vertex   -2.493878e+00 6.038191e+00 -3.619009e-01
    endloop
  endfacet
  facet normal -9.829937e-01 1.139779e-01 -1.439874e-01
    outer loop
      vertex   -2.493878e+00 6.038191e+00 -3.619009e-01
      vertex   -2.200023e+00 8.704858e+00 -2.571458e-01
      vertex   -2.181349e+00 8.704858e+00 -3.846307e-01
    endloop
  endfacet
  facet normal -9.787470e-01 1.132503e-01 -1.709640e-01
    outer loop
      vertex   -2.493878e+00 6.038191e+00 -3.619009e-01
      vertex   -2.181349e+00 8.704858e+00 -3.846307e-01
      vertex   -2.468886e+00 6.038191e+00 -5.049771e-01
    endloop
  endfacet
  facet normal -9.729586e-01 1.139771e-01 -2.008998e-01
    outer loop
      vertex   -2.468886e+00 6.038191e+00 -5.049771e-01
      vertex   -2.181349e+00 8.704858e+00 -3.846307e-01
      vertex   -2.155294e+00 8.704858e+00 -5.108142e-01
    endloop
  endfacet
  facet normal -9.672717e-01 1.132511e-01 -2.270676e-01
    outer loop
      vertex   -2.468886e+00 6.038191e+00 -5.049771e-01
      vertex   -2.155294e+00 8.704858e+00 -5.108142e-01
      vertex   -2.435693e+00 6.038191e+00 -6.463757e-01
    endloop
  endfacet
  facet normal -9.596314e-01 1.139761e-01 -2.571324e-01
    outer loop
      vertex   -2.435693e+00 6.038191e+00 -6.463757e-01
      vertex   -2.155294e+00 8.704858e+00 -5.108142e-01
      vertex   -2.121947e+00 8.704858e+00 -6.352692e-01
    endloop
  endfacet
  facet normal -9.525832e-01 1.132521e-01 -2.824169e-01
    outer loop
      vertex   -2.435693e+00 6.038191e+00 -6.463757e-01
      vertex   -2.121947e+00 8.704858e+00 -6.352692e-01
      vertex   -2.394408e+00 6.038191e+00 -7.856272e-01
    endloop
  endfacet
  facet normal -9.430570e-01 1.139748e-01 -3.124951e-01
    outer loop
      vertex   -2.394408e+00 6.038191e+00 -7.856272e-01
      vertex   -2.121947e+00 8.704858e+00 -6.352692e-01
      vertex   -2.081419e+00 8.704858e+00 -7.575746e-01
    endloop
  endfacet
  facet normal -9.347302e-01 1.132534e-01 -3.368279e-01
    outer loop
      vertex   -2.394408e+00 6.038191e+00 -7.856272e-01
      vertex   -2.081419e+00 8.704858e+00 -7.575746e-01
      vertex   -2.345170e+00 6.038191e+00 -9.222689e-01
    endloop
  endfacet
  facet normal -9.232917e-01 1.139732e-01 -3.668003e-01
    outer loop
      vertex   -2.345170e+00 6.038191e+00 -9.222689e-01
      vertex   -2.081419e+00 8.704858e+00 -7.575746e-01
      vertex   -2.033849e+00 8.704858e+00 -8.773167e-01
    endloop
  endfacet
  facet normal -9.137722e-01 1.132549e-01 -3.901201e-01
    outer loop
      vertex   -2.345170e+00 6.038191e+00 -9.222689e-01
      vertex   -2.033849e+00 8.704858e+00 -8.773167e-01
      vertex   -2.288141e+00 6.038191e+00 -1.055847e+00
    endloop
  endfacet
  facet normal -9.004023e-01 1.139713e-01 -4.198645e-01
    outer loop
      vertex   -2.288141e+00 6.038191e+00 -1.055847e+00
      vertex   -2.033849e+00 8.704858e+00 -8.773167e-01
      vertex   -1.979396e+00 8.704858e+00 -9.940902e-01
    endloop
  endfacet
  facet normal -8.897787e-01 1.132567e-01 -4.421163e-01
    outer loop
      vertex   -2.288141e+00 6.038191e+00 -1.055847e+00
      vertex   -1.979396e+00 8.704858e+00 -9.940902e-01
      vertex   -2.223511e+00 6.038191e+00 -1.185918e+00
    endloop
  endfacet
  facet normal -8.744662e-01 1.139692e-01 -4.715080e-01
    outer loop
      vertex   -2.223511e+00 6.038191e+00 -1.185918e+00
      vertex   -1.979396e+00 8.704858e+00 -9.940902e-01
      vertex   -1.918246e+00 8.704858e+00 -1.107500e+00
    endloop
  endfacet
  facet normal -8.628294e-01 1.132586e-01 -4.926437e-01
    outer loop
      vertex   -2.223511e+00 6.038191e+00 -1.185918e+00
      vertex   -1.918246e+00 8.704858e+00 -1.107500e+00
      vertex   -2.151494e+00 6.038191e+00 -1.312049e+00
    endloop
  endfacet
  facet normal -8.455713e-01 1.139668e-01 -5.215561e-01
    outer loop
      vertex   -2.151494e+00 6.038191e+00 -1.312049e+00
      vertex   -1.918246e+00 8.704858e+00 -1.107500e+00
      vertex   -1.850606e+00 8.704858e+00 -1.217162e+00
    endloop
  endfacet
  facet normal -8.330139e-01 1.132608e-01 -5.415347e-01
    outer loop
      vertex   -2.151494e+00 6.038191e+00 -1.312049e+00
      vertex   -1.850606e+00 8.704858e+00 -1.217162e+00
      vertex   -2.072331e+00 6.038191e+00 -1.433821e+00
    endloop
  endfacet
  facet normal -8.138152e-01 1.139642e-01 -5.698395e-01
    outer loop
      vertex   -2.072331e+00 6.038191e+00 -1.433821e+00
      vertex   -1.850606e+00 8.704858e+00 -1.217162e+00
      vertex   -1.776703e+00 8.704858e+00 -1.322706e+00
    endloop
  endfacet
  facet normal -8.004312e-01 1.132633e-01 -5.886266e-01
    outer loop
      vertex   -2.072331e+00 6.038191e+00 -1.433821e+00
      vertex   -1.776703e+00 8.704858e+00 -1.322706e+00
      vertex   -1.986284e+00 6.038191e+00 -1.550831e+00
    endloop
  endfacet
  facet normal -7.793053e-01 1.139613e-01 -6.161948e-01
    outer loop
      vertex   -1.986284e+00 6.038191e+00 -1.550831e+00
      vertex   -1.776703e+00 8.704858e+00 -1.322706e+00
      vertex   -1.696788e+00 8.704858e+00 -1.423775e+00
    endloop
  endfacet
  facet normal -7.651896e-01 1.132659e-01 -6.337632e-01
    outer loop
      vertex   -1.986284e+00 6.038191e+00 -1.550831e+00
      vertex   -1.696788e+00 8.704858e+00 -1.423775e+00
      vertex   -1.893638e+00 6.038191e+00 -1.662689e+00
    endloop
  endfacet
  facet normal -7.421586e-01 1.139581e-01 -6.604651e-01
    outer loop
      vertex   -1.893638e+00 6.038191e+00 -1.662689e+00
      vertex   -1.696788e+00 8.704858e+00 -1.423775e+00
      vertex   -1.611133e+00 8.704858e+00 -1.520025e+00
    endloop
  endfacet
  facet normal -7.274060e-01 1.132688e-01 -6.767944e-01
    outer loop
      vertex   -1.893638e+00 6.038191e+00 -1.662689e+00
      vertex   -1.611133e+00 8.704858e+00 -1.520025e+00
      vertex   -1.794702e+00 6.038191e+00 -1.769023e+00
    endloop
  endfacet
  facet normal -7.025007e-01 1.139547e-01 -7.025007e-01
    outer loop
      vertex   -1.794702e+00 6.038191e+00 -1.769023e+00
      vertex   -1.611133e+00 8.704858e+00 -1.520025e+00
      vertex   -1.520025e+00 8.704858e+00 -1.611133e+00
    endloop
  endfacet
  facet normal -6.872061e-01 1.132720e-01 -7.175773e-01
    outer loop
      vertex   -1.794702e+00 6.038191e+00 -1.769023e+00
      vertex   -1.520025e+00 8.704858e+00 -1.611133e+00
      vertex   -1.689804e+00 6.038191e+00 -1.869482e+00
    endloop
  endfacet
  facet normal -6.604656e-01 1.139510e-01 -7.421592e-01
    outer loop
      vertex   -1.689804e+00 6.038191e+00 -1.869482e+00
      vertex   -1.520025e+00 8.704858e+00 -1.611133e+00
      vertex   -1.423775e+00 8.704858e+00 -1.696788e+00
    endloop
  endfacet
  facet normal -6.447234e-01 1.132753e-01 -7.559765e-01
    outer loop
      vertex   -1.689804e+00 6.038191e+00 -1.869482e+00
      vertex   -1.423775e+00 8.704858e+00 -1.696788e+00
      vertex   -1.579293e+00 6.038191e+00 -1.963729e+00
    endloop
  endfacet
  facet normal -6.161958e-01 1.139470e-01 -7.793066e-01
    outer loop
      vertex   -1.579293e+00 6.038191e+00 -1.963729e+00
      vertex   -1.423775e+00 8.704858e+00 -1.696788e+00
      vertex   -1.322706e+00 8.704858e+00 -1.776703e+00
    endloop
  endfacet
  facet normal -6.000990e-01 1.132789e-01 -7.918643e-01
    outer loop
      vertex   -1.579293e+00 6.038191e+00 -1.963729e+00
      vertex   -1.322706e+00 8.704858e+00 -1.776703e+00
      vertex   -1.463536e+00 6.038191e+00 -2.051454e+00
    endloop
  endfacet
  facet normal -5.698409e-01 1.139428e-01 -8.138172e-01
    outer loop
      vertex   -1.463536e+00 6.038191e+00 -2.051454e+00
      vertex   -1.322706e+00 8.704858e+00 -1.776703e+00
      vertex   -1.217162e+00 8.704858e+00 -1.850606e+00
    endloop
  endfacet
  facet normal -5.534812e-01 1.132828e-01 -8.251216e-01
    outer loop
      vertex   -1.463536e+00 6.038191e+00 -2.051454e+00
      vertex   -1.217162e+00 8.704858e+00 -1.850606e+00
      vertex   -1.342917e+00 6.038191e+00 -2.132364e+00
    endloop
  endfacet
  facet normal -5.215578e-01 1.139383e-01 -8.455741e-01
    outer loop
      vertex   -1.342917e+00 6.038191e+00 -2.132364e+00
      vertex   -1.217162e+00 8.704858e+00 -1.850606e+00
      vertex   -1.107500e+00 8.704858e+00 -1.918246e+00
    endloop
  endfacet
  facet normal -5.050247e-01 1.132868e-01 -8.556378e-01
    outer loop
      vertex   -1.342917e+00 6.038191e+00 -2.132364e+00
      vertex   -1.107500e+00 8.704858e+00 -1.918246e+00
      vertex   -1.217836e+00 6.038191e+00 -2.206190e+00
    endloop
  endfacet
  facet normal -4.715099e-01 1.139336e-01 -8.744698e-01
    outer loop
      vertex   -1.217836e+00 6.038191e+00 -2.206190e+00
      vertex   -1.107500e+00 8.704858e+00 -1.918246e+00
      vertex   -9.940902e-01 8.704858e+00 -1.979396e+00
    endloop
  endfacet
  facet normal -4.548907e-01 1.132911e-01 -8.833117e-01
    outer loop
      vertex   -1.217836e+00 6.038191e+00 -2.206190e+00
      vertex   -9.940902e-01 8.704858e+00 -1.979396e+00
      vertex   -1.088711e+00 6.038191e+00 -2.272688e+00
    endloop
  endfacet
  facet normal -4.198666e-01 1.139286e-01 -9.004068e-01
    outer loop
      vertex   -1.088711e+00 6.038191e+00 -2.272688e+00
      vertex   -9.940902e-01 8.704858e+00 -1.979396e+00
      vertex   -8.773167e-01 8.704858e+00 -2.033849e+00
    endloop
  endfacet
  facet normal -4.032456e-01 1.132956e-01 -9.080513e-01
    outer loop
      vertex   -1.088711e+00 6.038191e+00 -2.272688e+00
      vertex   -8.773167e-01 8.704858e+00 -2.033849e+00
      vertex   -9.559682e-01 6.038191e+00 -2.331636e+00
    endloop
  endfacet
  facet normal -3.668024e-01 1.139233e-01 -9.232971e-01
    outer loop
      vertex   -9.559682e-01 6.038191e+00 -2.331636e+00
      vertex   -8.773167e-01 8.704858e+00 -2.033849e+00
      vertex   -7.575746e-01 8.704858e+00 -2.081419e+00
    endloop
  endfacet
  facet normal -3.502610e-01 1.133004e-01 -9.297743e-01
    outer loop
      vertex   -9.559682e-01 6.038191e+00 -2.331636e+00
      vertex   -7.575746e-01 8.704858e+00 -2.081419e+00
      vertex   -8.200502e-01 6.038191e+00 -2.382838e+00
    endloop
  endfacet
  facet normal -3.124971e-01 1.139177e-01 -9.430633e-01
    outer loop
      vertex   -8.200502e-01 6.038191e+00 -2.382838e+00
      vertex   -7.575746e-01 8.704858e+00 -2.081419e+00
      vertex   -6.352692e-01 8.704858e+00 -2.121947e+00
    endloop
  endfacet
  facet normal -2.961129e-01 1.133054e-01 -9.484087e-01
    outer loop
      vertex   -8.200502e-01 6.038191e+00 -2.382838e+00
      vertex   -6.352692e-01 8.704858e+00 -2.121947e+00
      vertex   -6.814081e-01 6.038191e+00 -2.426125e+00
    endloop
  endfacet
  facet normal -2.571344e-01 1.139119e-01 -9.596385e-01
    outer loop
      vertex   -6.814081e-01 6.038191e+00 -2.426125e+00
      vertex   -6.352692e-01 8.704858e+00 -2.121947e+00
      vertex   -5.108142e-01 8.704858e+00 -2.155294e+00
    endloop
  endfacet
  facet normal -2.409812e-01 1.133106e-01 -9.638925e-01
    outer loop
      vertex   -6.814081e-01 6.038191e+00 -2.426125e+00
      vertex   -5.108142e-01 8.704858e+00 -2.155294e+00
      vertex   -5.405025e-01 6.038191e+00 -2.461353e+00
    endloop
  endfacet
  facet normal -2.009014e-01 1.139059e-01 -9.729666e-01
    outer loop
      vertex   -5.405025e-01 6.038191e+00 -2.461353e+00
      vertex   -5.108142e-01 8.704858e+00 -2.155294e+00
      vertex   -3.846307e-01 8.704858e+00 -2.181349e+00
    endloop
  endfacet
  facet normal -1.850491e-01 1.133161e-01 -9.761743e-01
    outer loop
      vertex   -5.405025e-01 6.038191e+00 -2.461353e+00
      vertex   -3.846307e-01 8.704858e+00 -2.181349e+00
      vertex   -3.978013e-01 6.038191e+00 -2.488404e+00
    endloop
  endfacet
  facet normal -1.439887e-01 1.138995e-01 -9.830026e-01
    outer loop
      vertex   -3.978013e-01 6.038191e+00 -2.488404e+00
      vertex   -3.846307e-01 8.704858e+00 -2.181349e+00
      vertex   -2.571458e-01 8.704858e+00 -2.200023e+00
    endloop
  endfacet
  facet normal -1.285023e-01 1.133218e-01 -9.852133e-01
    outer loop
      vertex   -3.978013e-01 6.038191e+00 -2.488404e+00
      vertex   -2.571458e-01 8.704858e+00 -2.200023e+00
      vertex   -2.537787e-01 6.038191e+00 -2.507189e+00
    endloop
  endfacet
  facet normal -8.658862e-02 1.138929e-01 -9.897125e-01
    outer loop
      vertex   -2.537787e-01 6.038191e+00 -2.507189e+00
      vertex   -2.571458e-01 8.704858e+00 -2.200023e+00
      vertex   -1.287908e-01 8.704858e+00 -2.211253e+00
    endloop
  endfacet
  facet normal -7.152874e-02 1.133277e-01 -9.909796e-01
    outer loop
      vertex   -2.537787e-01 6.038191e+00 -2.507189e+00
      vertex   -1.287908e-01 8.704858e+00 -2.211253e+00
      vertex   -1.089130e-01 6.038191e+00 -2.517645e+00
    endloop
  endfacet
  facet normal -2.889549e-02 1.138861e-01 -9.930735e-01
    outer loop
      vertex   -1.089130e-01 6.038191e+00 -2.517645e+00
      vertex   -1.287908e-01 8.704858e+00 -2.211253e+00
      vertex   1.356296e-16 8.704858e+00 -2.215000e+00
    endloop
  endfacet
  facet normal -1.431763e-02 1.133338e-01 -9.934538e-01
    outer loop
      vertex   -1.089130e-01 6.038191e+00 -2.517645e+00
      vertex   1.356296e-16 8.704858e+00 -2.215000e+00
      vertex   3.631440e-02 6.038191e+00 -2.519738e+00
    endloop
  endfacet
  facet normal 2.889551e-02 1.138789e-01 -9.930743e-01
    outer loop
      vertex   3.631440e-02 6.038191e+00 -2.519738e+00
      vertex   1.356296e-16 8.704858e+00 -2.215000e+00
      vertex   1.287908e-01 8.704858e+00 -2.211253e+00
    endloop
  endfacet
  facet normal 4.294096e-02 1.133402e-01 -9.926279e-01
    outer loop
      vertex   3.631440e-02 6.038191e+00 -2.519738e+00
      vertex   1.287908e-01 8.704858e+00 -2.211253e+00
      vertex   1.814212e-01 6.038191e+00 -2.513461e+00
    endloop
  endfacet
  facet normal 8.658884e-02 1.138715e-01 -9.897149e-01
    outer loop
      vertex   1.814212e-01 6.038191e+00 -2.513461e+00
      vertex   1.287908e-01 8.704858e+00 -2.211253e+00
      vertex   2.571458e-01 8.704858e+00 -2.200023e+00
    endloop
  endfacet
  facet normal 1.000568e-01 1.133468e-01 -9.885045e-01
    outer loop
      vertex   1.814212e-01 6.038191e+00 -2.513461e+00
      vertex   2.571458e-01 8.704858e+00 -2.200023e+00
      vertex   3.259254e-01 6.038191e+00 -2.498834e+00
    endloop
  endfacet
  facet normal 1.439893e-01 1.138639e-01 -9.830067e-01
    outer loop
      vertex   3.259254e-01 6.038191e+00 -2.498834e+00
      vertex   2.571458e-01 8.704858e+00 -2.200023e+00
      vertex   3.846307e-01 8.704858e+00 -2.181349e+00
    endloop
  endfacet
  facet normal 1.568402e-01 1.133537e-01 -9.810974e-01
    outer loop
      vertex   3.259254e-01 6.038191e+00 -2.498834e+00
      vertex   3.846307e-01 8.704858e+00 -2.181349e+00
      vertex   4.693468e-01 6.038191e+00 -2.475907e+00
    endloop
  endfacet
  facet normal 2.009026e-01 1.138560e-01 -9.729722e-01
    outer loop
      vertex   4.693468e-01 6.038191e+00 -2.475907e+00
      vertex   3.846307e-01 8.704858e+00 -2.181349e+00
      vertex   5.108142e-01 8.704858e+00 -2.155294e+00
    endloop
  endfacet
  facet normal 2.131025e-01 1.133607e-01 -9.704312e-01
    outer loop
      vertex   4.693468e-01 6.038191e+00 -2.475907e+00
      vertex   5.108142e-01 8.704858e+00 -2.155294e+00
      vertex   6.112091e-01 6.038191e+00 -2.444754e+00
    endloop
  endfacet
  facet normal 2.571363e-01 1.138478e-01 -9.596456e-01
    outer loop
      vertex   6.112091e-01 6.038191e+00 -2.444754e+00
      vertex   5.108142e-01 8.704858e+00 -2.155294e+00
      vertex   6.352692e-01 8.704858e+00 -2.121947e+00
    endloop
  endfacet
  facet normal 2.686568e-01 1.133680e-01 -9.565413e-01
    outer loop
      vertex   6.112091e-01 6.038191e+00 -2.444754e+00
      vertex   6.352692e-01 8.704858e+00 -2.121947e+00
      vertex   7.510411e-01 6.038191e+00 -2.405481e+00
    endloop
  endfacet
  facet normal 3.125000e-01 1.138393e-01 -9.430718e-01
    outer loop
      vertex   7.510411e-01 6.038191e+00 -2.405481e+00
      vertex   6.352692e-01 8.704858e+00 -2.121947e+00
      vertex   7.575746e-01 8.704858e+00 -2.081419e+00
    endloop
  endfacet
  facet normal 3.233185e-01 1.133756e-01 -9.394738e-01
    outer loop
      vertex   7.510411e-01 6.038191e+00 -2.405481e+00
      vertex   7.575746e-01 8.704858e+00 -2.081419e+00
      vertex   8.883782e-01 6.038191e+00 -2.358216e+00
    endloop
  endfacet
  facet normal 3.668064e-01 1.138306e-01 -9.233069e-01
    outer loop
      vertex   8.883782e-01 6.038191e+00 -2.358216e+00
      vertex   7.575746e-01 8.704858e+00 -2.081419e+00
      vertex   8.773167e-01 8.704858e+00 -2.033849e+00
    endloop
  endfacet
  facet normal 3.769061e-01 1.133834e-01 -9.192856e-01
    outer loop
      vertex   8.883782e-01 6.038191e+00 -2.358216e+00
      vertex   8.773167e-01 8.704858e+00 -2.033849e+00
      vertex   1.022764e+00 6.038191e+00 -2.303118e+00
    endloop
  endfacet
  facet normal 4.198717e-01 1.138216e-01 -9.004179e-01
    outer loop
      vertex   1.022764e+00 6.038191e+00 -2.303118e+00
      vertex   8.773167e-01 8.704858e+00 -2.033849e+00
      vertex   9.940902e-01 8.704858e+00 -1.979396e+00
    endloop
  endfacet
  facet normal 4.292416e-01 1.133914e-01 -8.960436e-01
    outer loop
      vertex   1.022764e+00 6.038191e+00 -2.303118e+00
      vertex   9.940902e-01 8.704858e+00 -1.979396e+00
      vertex   1.153753e+00 6.038191e+00 -2.240369e+00
    endloop
  endfacet
  facet normal 4.715165e-01 1.138124e-01 -8.744821e-01
    outer loop
      vertex   1.153753e+00 6.038191e+00 -2.240369e+00
      vertex   9.940902e-01 8.704858e+00 -1.979396e+00
      vertex   1.107500e+00 8.704858e+00 -1.918246e+00
    endloop
  endfacet
  facet normal 4.801510e-01 1.133996e-01 -8.698250e-01
    outer loop
      vertex   1.153753e+00 6.038191e+00 -2.240369e+00
      vertex   1.107500e+00 8.704858e+00 -1.918246e+00
      vertex   1.280908e+00 6.038191e+00 -2.170178e+00
    endloop
  endfacet
  facet normal 5.215660e-01 1.138029e-01 -8.455873e-01
    outer loop
      vertex   1.280908e+00 6.038191e+00 -2.170178e+00
      vertex   1.107500e+00 8.704858e+00 -1.918246e+00
      vertex   1.217162e+00 8.704858e+00 -1.850606e+00
    endloop
  endfacet
  facet normal 5.294653e-01 1.134081e-01 -8.407170e-01
    outer loop
      vertex   1.280908e+00 6.038191e+00 -2.170178e+00
      vertex   1.217162e+00 8.704858e+00 -1.850606e+00
      vertex   1.403809e+00 6.038191e+00 -2.092778e+00
    endloop
  endfacet
  facet normal 5.698508e-01 1.137931e-01 -8.138312e-01
    outer loop
      vertex   1.403809e+00 6.038191e+00 -2.092778e+00
      vertex   1.217162e+00 8.704858e+00 -1.850606e+00
      vertex   1.322706e+00 8.704858e+00 -1.776703e+00
    endloop
  endfacet
  facet normal 5.770207e-01 1.134168e-01 -8.088162e-01
    outer loop
      vertex   1.403809e+00 6.038191e+00 -2.092778e+00
      vertex   1.322706e+00 8.704858e+00 -1.776703e+00
      vertex   1.522047e+00 6.038191e+00 -2.008426e+00
    endloop
  endfacet
  facet normal 6.162074e-01 1.137831e-01 -7.793214e-01
    outer loop
      vertex   1.522047e+00 6.038191e+00 -2.008426e+00
      vertex   1.322706e+00 8.704858e+00 -1.776703e+00
      vertex   1.423775e+00 8.704858e+00 -1.696788e+00
    endloop
  endfacet
  facet normal 6.226592e-01 1.134257e-01 -7.742287e-01
    outer loop
      vertex   1.522047e+00 6.038191e+00 -2.008426e+00
      vertex   1.423775e+00 8.704858e+00 -1.696788e+00
      vertex   1.635228e+00 6.038191e+00 -1.917402e+00
    endloop
  endfacet
  facet normal 6.604792e-01 1.137728e-01 -7.421745e-01
    outer loop
      vertex   1.635228e+00 6.038191e+00 -1.917402e+00
      vertex   1.423775e+00 8.704858e+00 -1.696788e+00
      vertex   1.520025e+00 8.704858e+00 -1.611133e+00
    endloop
  endfacet
  facet normal 6.662291e-01 1.134349e-01 -7.370694e-01
    outer loop
      vertex   1.635228e+00 6.038191e+00 -1.917402e+00
      vertex   1.520025e+00 8.704858e+00 -1.611133e+00
      vertex   1.742977e+00 6.038191e+00 -1.820008e+00
    endloop
  endfacet
  facet normal 7.025162e-01 1.137622e-01 -7.025162e-01
    outer loop
      vertex   1.742977e+00 6.038191e+00 -1.820008e+00
      vertex   1.520025e+00 8.704858e+00 -1.611133e+00
      vertex   1.611133e+00 8.704858e+00 -1.520025e+00
    endloop
  endfacet
  facet normal 7.075858e-01 1.134443e-01 -6.974616e-01
    outer loop
      vertex   1.742977e+00 6.038191e+00 -1.820008e+00
      vertex   1.611133e+00 8.704858e+00 -1.520025e+00
      vertex   1.844937e+00 6.038191e+00 -1.716569e+00
    endloop
  endfacet
  facet normal 7.421763e-01 1.137514e-01 -6.604808e-01
    outer loop
      vertex   1.844937e+00 6.038191e+00 -1.716569e+00
      vertex   1.611133e+00 8.704858e+00 -1.520025e+00
      vertex   1.696788e+00 8.704858e+00 -1.423775e+00
    endloop
  endfacet
  facet normal 7.465919e-01 1.134539e-01 -6.555370e-01
    outer loop
      vertex   1.844937e+00 6.038191e+00 -1.716569e+00
      vertex   1.696788e+00 8.704858e+00 -1.423775e+00
      vertex   1.940767e+00 6.038191e+00 -1.607427e+00
    endloop
  endfacet
  facet normal 7.793252e-01 1.137403e-01 -6.162105e-01
    outer loop
      vertex   1.940767e+00 6.038191e+00 -1.607427e+00
      vertex   1.696788e+00 8.704858e+00 -1.423775e+00
      vertex   1.776703e+00 8.704858e+00 -1.322706e+00
    endloop
  endfacet
  facet normal 7.831177e-01 1.134638e-01 -6.114349e-01
    outer loop
      vertex   1.940767e+00 6.038191e+00 -1.607427e+00
      vertex   1.776703e+00 8.704858e+00 -1.322706e+00
      vertex   2.030151e+00 6.038191e+00 -1.492946e+00
    endloop
  endfacet
  facet normal 8.138372e-01 1.137290e-01 -5.698550e-01
    outer loop
      vertex   2.030151e+00 6.038191e+00 -1.492946e+00
      vertex   1.776703e+00 8.704858e+00 -1.322706e+00
      vertex   1.850606e+00 8.704858e+00 -1.217162e+00
    endloop
  endfacet
  facet normal 8.170420e-01 1.134739e-01 -5.653017e-01
    outer loop
      vertex   2.030151e+00 6.038191e+00 -1.492946e+00
      vertex   1.850606e+00 8.704858e+00 -1.217162e+00
      vertex   2.112790e+00 6.038191e+00 -1.373505e+00
    endloop
  endfacet
  facet normal 8.455956e-01 1.137174e-01 -5.215711e-01
    outer loop
      vertex   2.112790e+00 6.038191e+00 -1.373505e+00
      vertex   1.850606e+00 8.704858e+00 -1.217162e+00
      vertex   1.918246e+00 8.704858e+00 -1.107500e+00
    endloop
  endfacet
  facet normal 8.482521e-01 1.134842e-01 -5.172907e-01
    outer loop
      vertex   2.112790e+00 6.038191e+00 -1.373505e+00
      vertex   1.918246e+00 8.704858e+00 -1.107500e+00
      vertex   2.188411e+00 6.038191e+00 -1.249502e+00
    endloop
  endfacet
  facet normal 8.744928e-01 1.137055e-01 -4.715223e-01
    outer loop
      vertex   2.188411e+00 6.038191e+00 -1.249502e+00
      vertex   1.918246e+00 8.704858e+00 -1.107500e+00
      vertex   1.979396e+00 8.704858e+00 -9.940902e-01
    endloop
  endfacet
  facet normal 8.766443e-01 1.134948e-01 -4.675615e-01
    outer loop
      vertex   2.188411e+00 6.038191e+00 -1.249502e+00
      vertex   1.979396e+00 8.704858e+00 -9.940902e-01
      vertex   2.256763e+00 6.038191e+00 -1.121348e+00
    endloop
  endfacet
  facet normal 9.004312e-01 1.136933e-01 -4.198780e-01
    outer loop
      vertex   2.256763e+00 6.038191e+00 -1.121348e+00
      vertex   1.979396e+00 8.704858e+00 -9.940902e-01
      vertex   2.033849e+00 8.704858e+00 -8.773167e-01
    endloop
  endfacet
  facet normal 9.021243e-01 1.135055e-01 -4.162791e-01
    outer loop
      vertex   2.256763e+00 6.038191e+00 -1.121348e+00
      vertex   2.033849e+00 8.704858e+00 -8.773167e-01
      vertex   2.317618e+00 6.038191e+00 -9.894689e-01
    endloop
  endfacet
  facet normal 9.233229e-01 1.136809e-01 -3.668127e-01
    outer loop
      vertex   2.317618e+00 6.038191e+00 -9.894689e-01
      vertex   2.033849e+00 8.704858e+00 -8.773167e-01
      vertex   2.081419e+00 8.704858e+00 -7.575746e-01
    endloop
  endfacet
  facet normal 9.246074e-01 1.135166e-01 -3.636141e-01
    outer loop
      vertex   2.317618e+00 6.038191e+00 -9.894689e-01
      vertex   2.081419e+00 8.704858e+00 -7.575746e-01
      vertex   2.370773e+00 6.038191e+00 -8.543029e-01
    endloop
  endfacet
  facet normal 9.430904e-01 1.136683e-01 -3.125061e-01
    outer loop
      vertex   2.370773e+00 6.038191e+00 -8.543029e-01
      vertex   2.081419e+00 8.704858e+00 -7.575746e-01
      vertex   2.121947e+00 8.704858e+00 -6.352692e-01
    endloop
  endfacet
  facet normal 9.440190e-01 1.135278e-01 -3.097413e-01
    outer loop
      vertex   2.370773e+00 6.038191e+00 -8.543029e-01
      vertex   2.121947e+00 8.704858e+00 -6.352692e-01
      vertex   2.416054e+00 6.038191e+00 -7.162990e-01
    endloop
  endfacet
  facet normal 9.596669e-01 1.136553e-01 -2.571420e-01
    outer loop
      vertex   2.416054e+00 6.038191e+00 -7.162990e-01
      vertex   2.121947e+00 8.704858e+00 -6.352692e-01
      vertex   2.155294e+00 8.704858e+00 -5.108142e-01
    endloop
  endfacet
  facet normal 9.602945e-01 1.135393e-01 -2.548397e-01
    outer loop
      vertex   2.416054e+00 6.038191e+00 -7.162990e-01
      vertex   2.155294e+00 8.704858e+00 -5.108142e-01
      vertex   2.453308e+00 6.038191e+00 -5.759156e-01
    endloop
  endfacet
  facet normal 9.729962e-01 1.136421e-01 -2.009076e-01
    outer loop
      vertex   2.453308e+00 6.038191e+00 -5.759156e-01
      vertex   2.155294e+00 8.704858e+00 -5.108142e-01
      vertex   2.181349e+00 8.704858e+00 -3.846307e-01
    endloop
  endfacet
  facet normal 9.733800e-01 1.135510e-01 -1.990917e-01
    outer loop
      vertex   2.453308e+00 6.038191e+00 -5.759156e-01
      vertex   2.181349e+00 8.704858e+00 -3.846307e-01
      vertex   2.482413e+00 6.038191e+00 -4.336191e-01
    endloop
  endfacet
  facet normal 9.830333e-01 1.136287e-01 -1.439932e-01
    outer loop
      vertex   2.482413e+00 6.038191e+00 -4.336191e-01
      vertex   2.181349e+00 8.704858e+00 -3.846307e-01
      vertex   2.200023e+00 8.704858e+00 -2.571458e-01
    endloop
  endfacet
  facet normal 9.414952e-01 1.138154e-01 3.172267e-01
    outer loop
      vertex   1.538494e+00 1.403819e+01 4.572337e-01
      vertex   1.501490e+00 1.403819e+01 5.670560e-01
      vertex   1.794813e+00 1.137152e+01 6.532585e-01
    endloop
  endfacet
  facet normal 9.233503e-01 1.134228e-01 3.668236e-01
    outer loop
      vertex   1.794813e+00 1.137152e+01 6.532585e-01
      vertex   1.501490e+00 1.403819e+01 5.670560e-01
      vertex   1.753793e+00 1.137152e+01 7.565124e-01
    endloop
  endfacet
  facet normal 9.233329e-01 1.135867e-01 3.668167e-01
    outer loop
      vertex   1.794813e+00 1.137152e+01 6.532585e-01
      vertex   1.753793e+00 1.137152e+01 7.565124e-01
      vertex   2.033849e+00 8.704858e+00 8.773167e-01
    endloop
  endfacet
  facet normal 9.004422e-01 1.135867e-01 4.198831e-01
    outer loop
      vertex   2.033849e+00 8.704858e+00 8.773167e-01
      vertex   1.753793e+00 1.137152e+01 7.565124e-01
      vertex   1.979396e+00 8.704858e+00 9.940902e-01
    endloop
  endfacet
  facet normal 9.161328e-01 1.139836e-01 3.843285e-01
    outer loop
      vertex   1.501490e+00 1.403819e+01 5.670560e-01
      vertex   1.456659e+00 1.403819e+01 6.739220e-01
      vertex   1.753793e+00 1.137152e+01 7.565124e-01
    endloop
  endfacet
  facet normal 9.004678e-01 1.133397e-01 4.198950e-01
    outer loop
      vertex   1.753793e+00 1.137152e+01 7.565124e-01
      vertex   1.456659e+00 1.403819e+01 6.739220e-01
      vertex   1.706838e+00 1.137152e+01 8.572064e-01
    endloop
  endfacet
  facet normal 9.004422e-01 1.135867e-01 4.198831e-01
    outer loop
      vertex   1.753793e+00 1.137152e+01 7.565124e-01
      vertex   1.706838e+00 1.137152e+01 8.572064e-01
      vertex   1.979396e+00 8.704858e+00 9.940902e-01
    endloop
  endfacet
  facet normal 8.745048e-01 1.135867e-01 4.715288e-01
    outer loop
      vertex   1.979396e+00 8.704858e+00 9.940902e-01
      vertex   1.706838e+00 1.137152e+01 8.572064e-01
      vertex   1.918246e+00 8.704858e+00 1.107500e+00
    endloop
  endfacet
  facet normal 8.860094e-01 1.140133e-01 4.494312e-01
    outer loop
      vertex   1.456659e+00 1.403819e+01 6.739220e-01
      vertex   1.404233e+00 1.403819e+01 7.772745e-01
      vertex   1.706838e+00 1.137152e+01 8.572064e-01
    endloop
  endfacet
  facet normal 8.745263e-01 1.133729e-01 4.715404e-01
    outer loop
      vertex   1.706838e+00 1.137152e+01 8.572064e-01
      vertex   1.404233e+00 1.403819e+01 7.772745e-01
      vertex   1.654109e+00 1.137152e+01 9.550000e-01
    endloop
  endfacet
  facet normal 8.745048e-01 1.135867e-01 4.715288e-01
    outer loop
      vertex   1.706838e+00 1.137152e+01 8.572064e-01
      vertex   1.654109e+00 1.137152e+01 9.550000e-01
      vertex   1.918246e+00 8.704858e+00 1.107500e+00
    endloop
  endfacet
  facet normal 8.456083e-01 1.135867e-01 5.215790e-01
    outer loop
      vertex   1.918246e+00 8.704858e+00 1.107500e+00
      vertex   1.654109e+00 1.137152e+01 9.550000e-01
      vertex   1.850606e+00 8.704858e+00 1.217162e+00
    endloop
  endfacet
  facet normal 8.512805e-01 1.139044e-01 5.121985e-01
    outer loop
      vertex   1.404233e+00 1.403819e+01 7.772745e-01
      vertex   1.344486e+00 1.403819e+01 8.765746e-01
      vertex   1.654109e+00 1.137152e+01 9.550000e-01
    endloop
  endfacet
  facet normal 8.456146e-01 1.135226e-01 5.215828e-01
    outer loop
      vertex   1.654109e+00 1.137152e+01 9.550000e-01
      vertex   1.344486e+00 1.403819e+01 8.765746e-01
      vertex   1.595782e+00 1.137152e+01 1.049562e+00
    endloop
  endfacet
  facet normal 8.456083e-01 1.135867e-01 5.215790e-01
    outer loop
      vertex   1.654109e+00 1.137152e+01 9.550000e-01
      vertex   1.595782e+00 1.137152e+01 1.049562e+00
      vertex   1.850606e+00 8.704858e+00 1.217162e+00
    endloop
  endfacet
  facet normal 8.138506e-01 1.135867e-01 5.698643e-01
    outer loop
      vertex   1.850606e+00 8.704858e+00 1.217162e+00
      vertex   1.595782e+00 1.137152e+01 1.049562e+00
      vertex   1.776703e+00 8.704858e+00 1.322706e+00
    endloop
  endfacet
  facet normal 8.138437e-01 1.136603e-01 5.698595e-01
    outer loop
      vertex   1.595782e+00 1.137152e+01 1.049562e+00
      vertex   1.344486e+00 1.403819e+01 8.765746e-01
      vertex   1.532055e+00 1.137152e+01 1.140573e+00
    endloop
  endfacet
  facet normal 8.121140e-01 1.137801e-01 5.722980e-01
    outer loop
      vertex   1.532055e+00 1.137152e+01 1.140573e+00
      vertex   1.344486e+00 1.403819e+01 8.765746e-01
      vertex   1.277729e+00 1.403819e+01 9.713046e-01
    endloop
  endfacet
  facet normal 7.793518e-01 1.134442e-01 6.162315e-01
    outer loop
      vertex   1.532055e+00 1.137152e+01 1.140573e+00
      vertex   1.277729e+00 1.403819e+01 9.713046e-01
      vertex   1.463145e+00 1.137152e+01 1.227724e+00
    endloop
  endfacet
  facet normal 7.686846e-01 1.139680e-01 6.293928e-01
    outer loop
      vertex   1.463145e+00 1.137152e+01 1.227724e+00
      vertex   1.277729e+00 1.403819e+01 9.713046e-01
      vertex   1.204311e+00 1.403819e+01 1.060971e+00
    endloop
  endfacet
  facet normal 7.422111e-01 1.133444e-01 6.605118e-01
    outer loop
      vertex   1.463145e+00 1.137152e+01 1.227724e+00
      vertex   1.204311e+00 1.403819e+01 1.060971e+00
      vertex   1.389284e+00 1.137152e+01 1.310722e+00
    endloop
  endfacet
  facet normal 7.212611e-01 1.140175e-01 6.832148e-01
    outer loop
      vertex   1.389284e+00 1.137152e+01 1.310722e+00
      vertex   1.204311e+00 1.403819e+01 1.060971e+00
      vertex   1.124615e+00 1.403819e+01 1.145105e+00
    endloop
  endfacet
  facet normal 7.025487e-01 1.133610e-01 7.025487e-01
    outer loop
      vertex   1.389284e+00 1.137152e+01 1.310722e+00
      vertex   1.124615e+00 1.403819e+01 1.145105e+00
      vertex   1.310722e+00 1.137152e+01 1.389284e+00
    endloop
  endfacet
  facet normal 6.700886e-01 1.139285e-01 7.334859e-01
    outer loop
      vertex   1.310722e+00 1.137152e+01 1.389284e+00
      vertex   1.124615e+00 1.403819e+01 1.145105e+00
      vertex   1.039055e+00 1.403819e+01 1.223270e+00
    endloop
  endfacet
  facet normal 6.605004e-01 1.134941e-01 7.421983e-01
    outer loop
      vertex   1.310722e+00 1.137152e+01 1.389284e+00
      vertex   1.039055e+00 1.403819e+01 1.223270e+00
      vertex   1.227724e+00 1.137152e+01 1.463145e+00
    endloop
  endfacet
  facet normal 6.162133e-01 1.137007e-01 7.793288e-01
    outer loop
      vertex   1.227724e+00 1.137152e+01 1.463145e+00
      vertex   1.039055e+00 1.403819e+01 1.223270e+00
      vertex   1.140573e+00 1.137152e+01 1.532055e+00
    endloop
  endfacet
  facet normal 6.162214e-01 1.135867e-01 7.793390e-01
    outer loop
      vertex   1.227724e+00 1.137152e+01 1.463145e+00
      vertex   1.140573e+00 1.137152e+01 1.532055e+00
      vertex   1.322706e+00 8.704858e+00 1.776703e+00
    endloop
  endfacet
  facet normal 5.698643e-01 1.135867e-01 8.138506e-01
    outer loop
      vertex   1.322706e+00 8.704858e+00 1.776703e+00
      vertex   1.140573e+00 1.137152e+01 1.532055e+00
      vertex   1.217162e+00 8.704858e+00 1.850606e+00
    endloop
  endfacet
  facet normal 6.154283e-01 1.137419e-01 7.799428e-01
    outer loop
      vertex   1.039055e+00 1.403819e+01 1.223270e+00
      vertex   9.480780e-01 1.403819e+01 1.295057e+00
      vertex   1.140573e+00 1.137152e+01 1.532055e+00
    endloop
  endfacet
  facet normal 5.698721e-01 1.134679e-01 8.138617e-01
    outer loop
      vertex   1.140573e+00 1.137152e+01 1.532055e+00
      vertex   9.480780e-01 1.403819e+01 1.295057e+00
      vertex   1.049562e+00 1.137152e+01 1.595782e+00
    endloop
  endfacet
  facet normal 5.698643e-01 1.135867e-01 8.138506e-01
    outer loop
      vertex   1.140573e+00 1.137152e+01 1.532055e+00
      vertex   1.049562e+00 1.137152e+01 1.595782e+00
      vertex   1.217162e+00 8.704858e+00 1.850606e+00
    endloop
  endfacet
  facet normal 5.215790e-01 1.135867e-01 8.456083e-01
    outer loop
      vertex   1.217162e+00 8.704858e+00 1.850606e+00
      vertex   1.049562e+00 1.137152e+01 1.595782e+00
      vertex   1.107500e+00 8.704858e+00 1.918246e+00
    endloop
  endfacet
  facet normal 5.575318e-01 1.139497e-01 8.222979e-01
    outer loop
      vertex   9.480780e-01 1.403819e+01 1.295057e+00
      vertex   8.521581e-01 1.403819e+01 1.360092e+00
      vertex   1.049562e+00 1.137152e+01 1.595782e+00
    endloop
  endfacet
  facet normal 5.215931e-01 1.133515e-01 8.456312e-01
    outer loop
      vertex   1.049562e+00 1.137152e+01 1.595782e+00
      vertex   8.521581e-01 1.403819e+01 1.360092e+00
      vertex   9.550000e-01 1.137152e+01 1.654109e+00
    endloop
  endfacet
  facet normal 5.215790e-01 1.135867e-01 8.456083e-01
    outer loop
      vertex   1.049562e+00 1.137152e+01 1.595782e+00
      vertex   9.550000e-01 1.137152e+01 1.654109e+00
      vertex   1.107500e+00 8.704858e+00 1.918246e+00
    endloop
  endfacet
  facet normal 4.715288e-01 1.135867e-01 8.745048e-01
    outer loop
      vertex   1.107500e+00 8.704858e+00 1.918246e+00
      vertex   9.550000e-01 1.137152e+01 1.654109e+00
      vertex   9.940902e-01 8.704858e+00 1.979396e+00
    endloop
  endfacet
  facet normal 4.967393e-01 1.140189e-01 8.603777e-01
    outer loop
      vertex   8.521581e-01 1.403819e+01 1.360092e+00
      vertex   7.517955e-01 1.403819e+01 1.418037e+00
      vertex   9.550000e-01 1.137152e+01 1.654109e+00
    endloop
  endfacet
  facet normal 4.715415e-01 1.133515e-01 8.745284e-01
    outer loop
      vertex   9.550000e-01 1.137152e+01 1.654109e+00
      vertex   7.517955e-01 1.403819e+01 1.418037e+00
      vertex   8.572064e-01 1.137152e+01 1.706838e+00
    endloop
  endfacet
  facet normal 4.715288e-01 1.135867e-01 8.745048e-01
    outer loop
      vertex   9.550000e-01 1.137152e+01 1.654109e+00
      vertex   8.572064e-01 1.137152e+01 1.706838e+00
      vertex   9.940902e-01 8.704858e+00 1.979396e+00
    endloop
  endfacet
  facet normal 4.198831e-01 1.135867e-01 9.004422e-01
    outer loop
      vertex   9.940902e-01 8.704858e+00 1.979396e+00
      vertex   8.572064e-01 1.137152e+01 1.706838e+00
      vertex   8.773167e-01 8.704858e+00 2.033849e+00
    endloop
  endfacet
  facet normal 4.333649e-01 1.139497e-01 8.939856e-01
    outer loop
      vertex   7.517955e-01 1.403819e+01 1.418037e+00
      vertex   6.475134e-01 1.403819e+01 1.468588e+00
      vertex   8.572064e-01 1.137152e+01 1.706838e+00
    endloop
  endfacet
  facet normal 4.198888e-01 1.134679e-01 9.004545e-01
    outer loop
      vertex   8.572064e-01 1.137152e+01 1.706838e+00
      vertex   6.475134e-01 1.403819e+01 1.468588e+00
      vertex   7.565124e-01 1.137152e+01 1.753793e+00
    endloop
  endfacet
  facet normal 4.198831e-01 1.135867e-01 9.004422e-01
    outer loop
      vertex   8.572064e-01 1.137152e+01 1.706838e+00
      vertex   7.565124e-01 1.137152e+01 1.753793e+00
      vertex   8.773167e-01 8.704858e+00 2.033849e+00
    endloop
  endfacet
  facet normal 3.668167e-01 1.135867e-01 9.233329e-01
    outer loop
      vertex   8.773167e-01 8.704858e+00 2.033849e+00
      vertex   7.565124e-01 1.137152e+01 1.753793e+00
      vertex   7.575746e-01 8.704858e+00 2.081419e+00
    endloop
  endfacet
  facet normal 3.677361e-01 1.137419e-01 9.229480e-01
    outer loop
      vertex   6.475134e-01 1.403819e+01 1.468588e+00
      vertex   5.398555e-01 1.403819e+01 1.511483e+00
      vertex   7.565124e-01 1.137152e+01 1.753793e+00
    endloop
  endfacet
  facet normal 3.668119e-01 1.137007e-01 9.233207e-01
    outer loop
      vertex   7.565124e-01 1.137152e+01 1.753793e+00
      vertex   5.398555e-01 1.403819e+01 1.511483e+00
      vertex   6.532585e-01 1.137152e+01 1.794813e+00
    endloop
  endfacet
  facet normal 3.668167e-01 1.135867e-01 9.233329e-01
    outer loop
      vertex   7.565124e-01 1.137152e+01 1.753793e+00
      vertex   6.532585e-01 1.137152e+01 1.794813e+00
      vertex   7.575746e-01 8.704858e+00 2.081419e+00
    endloop
  endfacet
  facet normal 3.125091e-01 1.135867e-01 9.430992e-01
    outer loop
      vertex   7.575746e-01 8.704858e+00 2.081419e+00
      vertex   6.532585e-01 1.137152e+01 1.794813e+00
      vertex   6.352692e-01 8.704858e+00 2.121947e+00
    endloop
  endfacet
  facet normal 3.125124e-01 1.134941e-01 9.431093e-01
    outer loop
      vertex   6.532585e-01 1.137152e+01 1.794813e+00
      vertex   5.398555e-01 1.403819e+01 1.511483e+00
      vertex   5.477942e-01 1.137152e+01 1.829760e+00
    endloop
  endfacet
  facet normal 3.001732e-01 1.139285e-01 9.470567e-01
    outer loop
      vertex   5.477942e-01 1.137152e+01 1.829760e+00
      vertex   5.398555e-01 1.403819e+01 1.511483e+00
      vertex   4.293830e-01 1.403819e+01 1.546498e+00
    endloop
  endfacet
  facet normal 2.571507e-01 1.133610e-01 9.596993e-01
    outer loop
      vertex   5.477942e-01 1.137152e+01 1.829760e+00
      vertex   4.293830e-01 1.403819e+01 1.546498e+00
      vertex   4.404763e-01 1.137152e+01 1.858516e+00
    endloop
  endfacet
  facet normal 2.310508e-01 1.140175e-01 9.662378e-01
    outer loop
      vertex   4.404763e-01 1.137152e+01 1.858516e+00
      vertex   4.293830e-01 1.403819e+01 1.546498e+00
      vertex   3.166719e-01 1.403819e+01 1.573450e+00
    endloop
  endfacet
  facet normal 2.009144e-01 1.133444e-01 9.730295e-01
    outer loop
      vertex   4.404763e-01 1.137152e+01 1.858516e+00
      vertex   3.166719e-01 1.403819e+01 1.573450e+00
      vertex   3.316680e-01 1.137152e+01 1.880983e+00
    endloop
  endfacet
  facet normal 1.607279e-01 1.139680e-01 9.803968e-01
    outer loop
      vertex   3.316680e-01 1.137152e+01 1.880983e+00
      vertex   3.166719e-01 1.403819e+01 1.573450e+00
      vertex   2.023098e-01 1.403819e+01 1.592198e+00
    endloop
  endfacet
  facet normal 1.439962e-01 1.134442e-01 9.830542e-01
    outer loop
      vertex   3.316680e-01 1.137152e+01 1.880983e+00
      vertex   2.023098e-01 1.403819e+01 1.592198e+00
      vertex   2.217375e-01 1.137152e+01 1.897085e+00
    endloop
  endfacet
  facet normal 8.956762e-02 1.137801e-01 9.894603e-01
    outer loop
      vertex   2.217375e-01 1.137152e+01 1.897085e+00
      vertex   2.023098e-01 1.403819e+01 1.592198e+00
      vertex   8.689295e-02 1.403819e+01 1.602646e+00
    endloop
  endfacet
  facet normal 8.659094e-02 1.136603e-01 9.897390e-01
    outer loop
      vertex   2.217375e-01 1.137152e+01 1.897085e+00
      vertex   8.689295e-02 1.403819e+01 1.602646e+00
      vertex   1.110566e-01 1.137152e+01 1.906769e+00
    endloop
  endfacet
  facet normal 2.889670e-02 1.135226e-01 9.931151e-01
    outer loop
      vertex   1.110566e-01 1.137152e+01 1.906769e+00
      vertex   8.689295e-02 1.403819e+01 1.602646e+00
      vertex   1.169538e-16 1.137152e+01 1.910000e+00
    endloop
  endfacet
  facet normal 2.889648e-02 1.135867e-01 9.931078e-01
    outer loop
      vertex   1.110566e-01 1.137152e+01 1.906769e+00
      vertex   1.169538e-16 1.137152e+01 1.910000e+00
      vertex   1.356296e-16 8.704858e+00 2.215000e+00
    endloop
  endfacet
  facet normal -2.889648e-02 1.135867e-01 9.931078e-01
    outer loop
      vertex   1.356296e-16 8.704858e+00 2.215000e+00
      vertex   1.169538e-16 1.137152e+01 1.910000e+00
      vertex   -1.287908e-01 8.704858e+00 2.211253e+00
    endloop
  endfacet
  facet normal 1.793665e-02 1.139044e-01 9.933298e-01
    outer loop
      vertex   8.689295e-02 1.403819e+01 1.602646e+00
      vertex   -2.897691e-02 1.403819e+01 1.604738e+00
      vertex   1.169538e-16 1.137152e+01 1.910000e+00
    endloop
  endfacet
  facet normal -2.889720e-02 1.133729e-01 9.931322e-01
    outer loop
      vertex   1.169538e-16 1.137152e+01 1.910000e+00
      vertex   -2.897691e-02 1.403819e+01 1.604738e+00
      vertex   -1.110566e-01 1.137152e+01 1.906769e+00
    endloop
  endfacet
  facet normal -2.889648e-02 1.135867e-01 9.931078e-01
    outer loop
      vertex   1.169538e-16 1.137152e+01 1.910000e+00
      vertex   -1.110566e-01 1.137152e+01 1.906769e+00
      vertex   -1.287908e-01 8.704858e+00 2.211253e+00
    endloop
  endfacet
  facet normal -8.659168e-02 1.135867e-01 9.897474e-01
    outer loop
      vertex   -1.287908e-01 8.704858e+00 2.211253e+00
      vertex   -1.110566e-01 1.137152e+01 1.906769e+00
      vertex   -2.571458e-01 8.704858e+00 2.200023e+00
    endloop
  endfacet
  facet normal -5.378588e-02 1.140133e-01 9.920222e-01
    outer loop
      vertex   -2.897691e-02 1.403819e+01 1.604738e+00
      vertex   -1.446957e-01 1.403819e+01 1.598464e+00
      vertex   -1.110566e-01 1.137152e+01 1.906769e+00
    endloop
  endfacet
  facet normal -8.659414e-02 1.133397e-01 9.897755e-01
    outer loop
      vertex   -1.110566e-01 1.137152e+01 1.906769e+00
      vertex   -1.446957e-01 1.403819e+01 1.598464e+00
      vertex   -2.217375e-01 1.137152e+01 1.897085e+00
    endloop
  endfacet
  facet normal -8.659168e-02 1.135867e-01 9.897474e-01
    outer loop
      vertex   -1.110566e-01 1.137152e+01 1.906769e+00
      vertex   -2.217375e-01 1.137152e+01 1.897085e+00
      vertex   -2.571458e-01 8.704858e+00 2.200023e+00
    endloop
  endfacet
  facet normal -1.439939e-01 1.135867e-01 9.830381e-01
    outer loop
      vertex   -2.571458e-01 8.704858e+00 2.200023e+00
      vertex   -2.217375e-01 1.137152e+01 1.897085e+00
      vertex   -3.846307e-01 8.704858e+00 2.181349e+00
    endloop
  endfacet
  facet normal -1.252282e-01 1.139836e-01 9.855585e-01
    outer loop
      vertex   -1.446957e-01 1.403819e+01 1.598464e+00
      vertex   -2.596601e-01 1.403819e+01 1.583857e+00
      vertex   -2.217375e-01 1.137152e+01 1.897085e+00
    endloop
  endfacet
  facet normal -1.439966e-01 1.134228e-01 9.830566e-01
    outer loop
      vertex   -2.217375e-01 1.137152e+01 1.897085e+00
      vertex   -2.596601e-01 1.403819e+01 1.583857e+00
      vertex   -3.316680e-01 1.137152e+01 1.880983e+00
    endloop
  endfacet
  facet normal -1.439939e-01 1.135867e-01 9.830381e-01
    outer loop
      vertex   -2.217375e-01 1.137152e+01 1.897085e+00
      vertex   -3.316680e-01 1.137152e+01 1.880983e+00
      vertex   -3.846307e-01 8.704858e+00 2.181349e+00
    endloop
  endfacet
  facet normal -2.009088e-01 1.135867e-01 9.730024e-01
    outer loop
      vertex   -3.846307e-01 8.704858e+00 2.181349e+00
      vertex   -3.316680e-01 1.137152e+01 1.880983e+00
      vertex   -5.108142e-01 8.704858e+00 2.155294e+00
    endloop
  endfacet
  facet normal -1.960213e-01 1.138154e-01 9.739721e-01
    outer loop
      vertex   -2.596601e-01 1.403819e+01 1.583857e+00
      vertex   -3.732708e-01 1.403819e+01 1.560991e+00
      vertex   -3.316680e-01 1.137152e+01 1.880983e+00
    endloop
  endfacet
  facet normal -2.009080e-01 1.136223e-01 9.729984e-01
    outer loop
      vertex   -3.316680e-01 1.137152e+01 1.880983e+00
      vertex   -3.732708e-01 1.403819e+01 1.560991e+00
      vertex   -4.404763e-01 1.137152e+01 1.858516e+00
    endloop
  endfacet
  facet normal -2.009088e-01 1.135867e-01 9.730024e-01
    outer loop
      vertex   -3.316680e-01 1.137152e+01 1.880983e+00
      vertex   -4.404763e-01 1.137152e+01 1.858516e+00
      vertex   -5.108142e-01 8.704858e+00 2.155294e+00
    endloop
  endfacet
  facet normal -2.571440e-01 1.135867e-01 9.596744e-01
    outer loop
      vertex   -5.108142e-01 8.704858e+00 2.155294e+00
      vertex   -4.404763e-01 1.137152e+01 1.858516e+00
      vertex   -6.352692e-01 8.704858e+00 2.121947e+00
    endloop
  endfacet
  facet normal -2.571450e-01 1.135534e-01 9.596781e-01
    outer loop
      vertex   -4.404763e-01 1.137152e+01 1.858516e+00
      vertex   -3.732708e-01 1.403819e+01 1.560991e+00
      vertex   -5.477942e-01 1.137152e+01 1.829760e+00
    endloop
  endfacet
  facet normal -2.657880e-01 1.138776e-01 9.572819e-01
    outer loop
      vertex   -5.477942e-01 1.137152e+01 1.829760e+00
      vertex   -3.732708e-01 1.403819e+01 1.560991e+00
      vertex   -4.849354e-01 1.403819e+01 1.529988e+00
    endloop
  endfacet
  facet normal -3.125162e-01 1.133872e-01 9.431209e-01
    outer loop
      vertex   -5.477942e-01 1.137152e+01 1.829760e+00
      vertex   -4.849354e-01 1.403819e+01 1.529988e+00
      vertex   -6.532585e-01 1.137152e+01 1.794813e+00
    endloop
  endfacet
  facet normal -3.341655e-01 1.140062e-01 9.355939e-01
    outer loop
      vertex   -6.532585e-01 1.137152e+01 1.794813e+00
      vertex   -4.849354e-01 1.403819e+01 1.529988e+00
      vertex   -5.940717e-01 1.403819e+01 1.491008e+00
    endloop
  endfacet
  facet normal -3.668272e-01 1.133373e-01 9.233593e-01
    outer loop
      vertex   -6.532585e-01 1.137152e+01 1.794813e+00
      vertex   -5.940717e-01 1.403819e+01 1.491008e+00
      vertex   -7.565124e-01 1.137152e+01 1.753793e+00
    endloop
  endfacet
  facet normal -4.008052e-01 1.139963e-01 9.090435e-01
    outer loop
      vertex   -7.565124e-01 1.137152e+01 1.753793e+00
      vertex   -5.940717e-01 1.403819e+01 1.491008e+00
      vertex   -7.001109e-01 1.403819e+01 1.444254e+00
    endloop
  endfacet
  facet normal -4.198919e-01 1.134038e-01 9.004612e-01
    outer loop
      vertex   -7.565124e-01 1.137152e+01 1.753793e+00
      vertex   -7.001109e-01 1.403819e+01 1.444254e+00
      vertex   -8.572064e-01 1.137152e+01 1.706838e+00
    endloop
  endfacet
  facet normal -4.653629e-01 1.138479e-01 8.777676e-01
    outer loop
      vertex   -8.572064e-01 1.137152e+01 1.706838e+00
      vertex   -7.001109e-01 1.403819e+01 1.444254e+00
      vertex   -8.025000e-01 1.403819e+01 1.389971e+00
    endloop
  endfacet
  facet normal -4.715288e-01 1.135867e-01 8.745048e-01
    outer loop
      vertex   -8.572064e-01 1.137152e+01 1.706838e+00
      vertex   -8.025000e-01 1.403819e+01 1.389971e+00
      vertex   -9.550000e-01 1.137152e+01 1.654109e+00
    endloop
  endfacet
  facet normal -5.215790e-01 1.135867e-01 8.456083e-01
    outer loop
      vertex   -9.550000e-01 1.137152e+01 1.654109e+00
      vertex   -8.025000e-01 1.403819e+01 1.389971e+00
      vertex   -1.049562e+00 1.137152e+01 1.595782e+00
    endloop
  endfacet
  facet normal -5.215790e-01 1.135867e-01 8.456083e-01
    outer loop
      vertex   -9.550000e-01 1.137152e+01 1.654109e+00
      vertex   -1.049562e+00 1.137152e+01 1.595782e+00
      vertex   -1.217162e+00 8.704858e+00 1.850606e+00
    endloop
  endfacet
  facet normal -5.698643e-01 1.135867e-01 8.138506e-01
    outer loop
      vertex   -1.217162e+00 8.704858e+00 1.850606e+00
      vertex   -1.049562e+00 1.137152e+01 1.595782e+00
      vertex   -1.322706e+00 8.704858e+00 1.776703e+00
    endloop
  endfacet
  facet normal -5.274876e-01 1.138479e-01 8.418999e-01
    outer loop
      vertex   -8.025000e-01 1.403819e+01 1.389971e+00
      vertex   -9.007052e-01 1.403819e+01 1.328441e+00
      vertex   -1.049562e+00 1.137152e+01 1.595782e+00
    endloop
  endfacet
  facet normal -5.698763e-01 1.134038e-01 8.138677e-01
    outer loop
      vertex   -1.049562e+00 1.137152e+01 1.595782e+00
      vertex   -9.007052e-01 1.403819e+01 1.328441e+00
      vertex   -1.140573e+00 1.137152e+01 1.532055e+00
    endloop
  endfacet
  facet normal -5.698643e-01 1.135867e-01 8.138506e-01
    outer loop
      vertex   -1.049562e+00 1.137152e+01 1.595782e+00
      vertex   -1.140573e+00 1.137152e+01 1.532055e+00
      vertex   -1.322706e+00 8.704858e+00 1.776703e+00
    endloop
  endfacet
  facet normal -6.162214e-01 1.135867e-01 7.793390e-01
    outer loop
      vertex   -1.322706e+00 8.704858e+00 1.776703e+00
      vertex   -1.140573e+00 1.137152e+01 1.532055e+00
      vertex   -1.423775e+00 8.704858e+00 1.696788e+00
    endloop
  endfacet
  facet normal -5.868521e-01 1.139963e-01 8.016292e-01
    outer loop
      vertex   -9.007052e-01 1.403819e+01 1.328441e+00
      vertex   -9.942146e-01 1.403819e+01 1.259985e+00
      vertex   -1.140573e+00 1.137152e+01 1.532055e+00
    endloop
  endfacet
  facet normal -6.162390e-01 1.133373e-01 7.793613e-01
    outer loop
      vertex   -1.140573e+00 1.137152e+01 1.532055e+00
      vertex   -9.942146e-01 1.403819e+01 1.259985e+00
      vertex   -1.227724e+00 1.137152e+01 1.463145e+00
    endloop
  endfacet
  facet normal -6.162214e-01 1.135867e-01 7.793390e-01
    outer loop
      vertex   -1.140573e+00 1.137152e+01 1.532055e+00
      vertex   -1.227724e+00 1.137152e+01 1.463145e+00
      vertex   -1.423775e+00 8.704858e+00 1.696788e+00
    endloop
  endfacet
  facet normal -6.604934e-01 1.135867e-01 7.421904e-01
    outer loop
      vertex   -1.423775e+00 8.704858e+00 1.696788e+00
      vertex   -1.227724e+00 1.137152e+01 1.463145e+00
      vertex   -1.520025e+00 8.704858e+00 1.611133e+00
    endloop
  endfacet
  facet normal -6.431654e-01 1.140062e-01 7.571928e-01
    outer loop
      vertex   -9.942146e-01 1.403819e+01 1.259985e+00
      vertex   -1.082541e+00 1.403819e+01 1.184960e+00
      vertex   -1.227724e+00 1.137152e+01 1.463145e+00
    endloop
  endfacet
  facet normal -6.605085e-01 1.133872e-01 7.422074e-01
    outer loop
      vertex   -1.227724e+00 1.137152e+01 1.463145e+00
      vertex   -1.082541e+00 1.403819e+01 1.184960e+00
      vertex   -1.310722e+00 1.137152e+01 1.389284e+00
    endloop
  endfacet
  facet normal -6.604934e-01 1.135867e-01 7.421904e-01
    outer loop
      vertex   -1.227724e+00 1.137152e+01 1.463145e+00
      vertex   -1.310722e+00 1.137152e+01 1.389284e+00
      vertex   -1.520025e+00 8.704858e+00 1.611133e+00
    endloop
  endfacet
  facet normal -7.025304e-01 1.135867e-01 7.025304e-01
    outer loop
      vertex   -1.520025e+00 8.704858e+00 1.611133e+00
      vertex   -1.310722e+00 1.137152e+01 1.389284e+00
      vertex   -1.611133e+00 8.704858e+00 1.520025e+00
    endloop
  endfacet
  facet normal -6.961364e-01 1.138776e-01 7.088201e-01
    outer loop
      vertex   -1.082541e+00 1.403819e+01 1.184960e+00
      vertex   -1.165223e+00 1.403819e+01 1.103758e+00
      vertex   -1.310722e+00 1.137152e+01 1.389284e+00
    endloop
  endfacet
  facet normal -7.025331e-01 1.135534e-01 7.025331e-01
    outer loop
      vertex   -1.310722e+00 1.137152e+01 1.389284e+00
      vertex   -1.165223e+00 1.403819e+01 1.103758e+00
      vertex   -1.389284e+00 1.137152e+01 1.310722e+00
    endloop
  endfacet
  facet normal -7.025304e-01 1.135867e-01 7.025304e-01
    outer loop
      vertex   -1.310722e+00 1.137152e+01 1.389284e+00
      vertex   -1.389284e+00 1.137152e+01 1.310722e+00
      vertex   -1.611133e+00 8.704858e+00 1.520025e+00
    endloop
  endfacet
  facet normal -7.421904e-01 1.135867e-01 6.604934e-01
    outer loop
      vertex   -1.611133e+00 8.704858e+00 1.520025e+00
      vertex   -1.389284e+00 1.137152e+01 1.310722e+00
      vertex   -1.696788e+00 8.704858e+00 1.423775e+00
    endloop
  endfacet
  facet normal -7.421873e-01 1.136223e-01 6.604907e-01
    outer loop
      vertex   -1.389284e+00 1.137152e+01 1.310722e+00
      vertex   -1.165223e+00 1.403819e+01 1.103758e+00
      vertex   -1.463145e+00 1.137152e+01 1.227724e+00
    endloop
  endfacet
  facet normal -7.454740e-01 1.138154e-01 6.567455e-01
    outer loop
      vertex   -1.463145e+00 1.137152e+01 1.227724e+00
      vertex   -1.165223e+00 1.403819e+01 1.103758e+00
      vertex   -1.241830e+00 1.403819e+01 1.016801e+00
    endloop
  endfacet
  facet normal -7.793537e-01 1.134228e-01 6.162330e-01
    outer loop
      vertex   -1.463145e+00 1.137152e+01 1.227724e+00
      vertex   -1.241830e+00 1.403819e+01 1.016801e+00
      vertex   -1.532055e+00 1.137152e+01 1.140573e+00
    endloop
  endfacet
  facet normal -7.909046e-01 1.139836e-01 6.012301e-01
    outer loop
      vertex   -1.532055e+00 1.137152e+01 1.140573e+00
      vertex   -1.241830e+00 1.403819e+01 1.016801e+00
      vertex   -1.311963e+00 1.403819e+01 9.245423e-01
    endloop
  endfacet
  facet normal -8.138737e-01 1.133397e-01 5.698805e-01
    outer loop
      vertex   -1.532055e+00 1.137152e+01 1.140573e+00
      vertex   -1.311963e+00 1.403819e+01 9.245423e-01
      vertex   -1.595782e+00 1.137152e+01 1.049562e+00
    endloop
  endfacet
  facet normal -8.322235e-01 1.140133e-01 5.425910e-01
    outer loop
      vertex   -1.595782e+00 1.137152e+01 1.049562e+00
      vertex   -1.311963e+00 1.403819e+01 9.245423e-01
      vertex   -1.375256e+00 1.403819e+01 8.274639e-01
    endloop
  endfacet
  facet normal -8.456291e-01 1.133729e-01 5.215918e-01
    outer loop
      vertex   -1.595782e+00 1.137152e+01 1.049562e+00
      vertex   -1.375256e+00 1.403819e+01 8.274639e-01
      vertex   -1.654109e+00 1.137152e+01 9.550000e-01
    endloop
  endfacet
  facet normal -8.692171e-01 1.139044e-01 4.811313e-01
    outer loop
      vertex   -1.654109e+00 1.137152e+01 9.550000e-01
      vertex   -1.375256e+00 1.403819e+01 8.274639e-01
      vertex   -1.431379e+00 1.403819e+01 7.260716e-01
    endloop
  endfacet
  facet normal -8.745113e-01 1.135226e-01 4.715323e-01
    outer loop
      vertex   -1.654109e+00 1.137152e+01 9.550000e-01
      vertex   -1.431379e+00 1.403819e+01 7.260716e-01
      vertex   -1.706838e+00 1.137152e+01 8.572064e-01
    endloop
  endfacet
  facet normal -9.004346e-01 1.136603e-01 4.198796e-01
    outer loop
      vertex   -1.706838e+00 1.137152e+01 8.572064e-01
      vertex   -1.431379e+00 1.403819e+01 7.260716e-01
      vertex   -1.753793e+00 1.137152e+01 7.565124e-01
    endloop
  endfacet
  facet normal -9.004422e-01 1.135867e-01 4.198831e-01
    outer loop
      vertex   -1.706838e+00 1.137152e+01 8.572064e-01
      vertex   -1.753793e+00 1.137152e+01 7.565124e-01
      vertex   -2.033849e+00 8.704858e+00 8.773167e-01
    endloop
  endfacet
  facet normal -9.233329e-01 1.135867e-01 3.668167e-01
    outer loop
      vertex   -2.033849e+00 8.704858e+00 8.773167e-01
      vertex   -1.753793e+00 1.137152e+01 7.565124e-01
      vertex   -2.081419e+00 8.704858e+00 7.575746e-01
    endloop
  endfacet
  facet normal -9.016816e-01 1.137801e-01 4.171623e-01
    outer loop
      vertex   -1.431379e+00 1.403819e+01 7.260716e-01
      vertex   -1.480039e+00 1.403819e+01 6.208938e-01
      vertex   -1.753793e+00 1.137152e+01 7.565124e-01
    endloop
  endfacet
  facet normal -9.233480e-01 1.134442e-01 3.668227e-01
    outer loop
      vertex   -1.753793e+00 1.137152e+01 7.565124e-01
      vertex   -1.480039e+00 1.403819e+01 6.208938e-01
      vertex   -1.794813e+00 1.137152e+01 6.532585e-01
    endloop
  endfacet
  facet normal -9.233329e-01 1.135867e-01 3.668167e-01
    outer loop
      vertex   -1.753793e+00 1.137152e+01 7.565124e-01
      vertex   -1.794813e+00 1.137152e+01 6.532585e-01
      vertex   -2.081419e+00 8.704858e+00 7.575746e-01
    endloop
  endfacet
  facet normal -9.430992e-01 1.135867e-01 3.125091e-01
    outer loop
      vertex   -2.081419e+00 8.704858e+00 7.575746e-01
      vertex   -1.794813e+00 1.137152e+01 6.532585e-01
      vertex   -2.121947e+00 8.704858e+00 6.352692e-01
    endloop
  endfacet
  facet normal -9.294125e-01 1.139680e-01 3.510039e-01
    outer loop
      vertex   -1.480039e+00 1.403819e+01 6.208938e-01
      vertex   -1.520983e+00 1.403819e+01 5.124790e-01
      vertex   -1.794813e+00 1.137152e+01 6.532585e-01
    endloop
  endfacet
  facet normal -9.431255e-01 1.133444e-01 3.125178e-01
    outer loop
      vertex   -1.794813e+00 1.137152e+01 6.532585e-01
      vertex   -1.520983e+00 1.403819e+01 5.124790e-01
      vertex   -1.829760e+00 1.137152e+01 5.477942e-01
    endloop
  endfacet
  facet normal -9.430992e-01 1.135867e-01 3.125091e-01
    outer loop
      vertex   -1.794813e+00 1.137152e+01 6.532585e-01
      vertex   -1.829760e+00 1.137152e+01 5.477942e-01
      vertex   -2.121947e+00 8.704858e+00 6.352692e-01
    endloop
  endfacet
  facet normal -9.596744e-01 1.135867e-01 2.571440e-01
    outer loop
      vertex   -2.121947e+00 8.704858e+00 6.352692e-01
      vertex   -1.829760e+00 1.137152e+01 5.477942e-01
      vertex   -2.155294e+00 8.704858e+00 5.108142e-01
    endloop
  endfacet
  facet normal -9.523119e-01 1.140175e-01 2.830230e-01
    outer loop
      vertex   -1.520983e+00 1.403819e+01 5.124790e-01
      vertex   -1.553998e+00 1.403819e+01 4.013923e-01
      vertex   -1.829760e+00 1.137152e+01 5.477942e-01
    endloop
  endfacet
  facet normal -9.596993e-01 1.133610e-01 2.571507e-01
    outer loop
      vertex   -1.829760e+00 1.137152e+01 5.477942e-01
      vertex   -1.553998e+00 1.403819e+01 4.013923e-01
      vertex   -1.858516e+00 1.137152e+01 4.404763e-01
    endloop
  endfacet
  facet normal -9.596744e-01 1.135867e-01 2.571440e-01
    outer loop
      vertex   -1.829760e+00 1.137152e+01 5.477942e-01
      vertex   -1.858516e+00 1.137152e+01 4.404763e-01
      vertex   -2.155294e+00 8.704858e+00 5.108142e-01
    endloop
  endfacet
  facet normal -9.730024e-01 1.135867e-01 2.009088e-01
    outer loop
      vertex   -2.155294e+00 8.704858e+00 5.108142e-01
      vertex   -1.858516e+00 1.137152e+01 4.404763e-01
      vertex   -2.181349e+00 8.704858e+00 3.846307e-01
    endloop
  endfacet
  facet normal -9.702617e-01 1.139285e-01 2.135708e-01
    outer loop
      vertex   -1.553998e+00 1.403819e+01 4.013923e-01
      vertex   -1.578910e+00 1.403819e+01 2.882130e-01
      vertex   -1.858516e+00 1.137152e+01 4.404763e-01
    endloop
  endfacet
  facet normal -9.730128e-01 1.134941e-01 2.009110e-01
    outer loop
      vertex   -1.858516e+00 1.137152e+01 4.404763e-01
      vertex   -1.578910e+00 1.403819e+01 2.882130e-01
      vertex   -1.880983e+00 1.137152e+01 3.316680e-01
    endloop
  endfacet
  facet normal -9.730024e-01 1.135867e-01 2.009088e-01
    outer loop
      vertex   -1.858516e+00 1.137152e+01 4.404763e-01
      vertex   -1.880983e+00 1.137152e+01 3.316680e-01
      vertex   -2.181349e+00 8.704858e+00 3.846307e-01
    endloop
  endfacet
  facet normal -9.830381e-01 1.135867e-01 1.439939e-01
    outer loop
      vertex   -2.181349e+00 8.704858e+00 3.846307e-01
      vertex   -1.880983e+00 1.137152e+01 3.316680e-01
      vertex   -2.200023e+00 8.704858e+00 2.571458e-01
    endloop
  endfacet
  facet normal -9.830252e-01 1.137007e-01 1.439920e-01
    outer loop
      vertex   -1.880983e+00 1.137152e+01 3.316680e-01
      vertex   -1.578910e+00 1.403819e+01 2.882130e-01
      vertex   -1.897085e+00 1.137152e+01 2.217375e-01
    endloop
  endfacet
  facet normal -9.831644e-01 1.137419e-01 1.430052e-01
    outer loop
      vertex   -1.897085e+00 1.137152e+01 2.217375e-01
      vertex   -1.578910e+00 1.403819e+01 2.882130e-01
      vertex   -1.595591e+00 1.403819e+01 1.735310e-01
    endloop
  endfacet
  facet normal -9.897609e-01 1.134679e-01 8.659286e-02
    outer loop
      vertex   -1.897085e+00 1.137152e+01 2.217375e-01
      vertex   -1.595591e+00 1.403819e+01 1.735310e-01
      vertex   -1.906769e+00 1.137152e+01 1.110566e-01
    endloop
  endfacet
  facet normal -9.908967e-01 1.139497e-01 7.168776e-02
    outer loop
      vertex   -1.906769e+00 1.137152e+01 1.110566e-01
      vertex   -1.595591e+00 1.403819e+01 1.735310e-01
      vertex   -1.603954e+00 1.403819e+01 5.794437e-02
    endloop
  endfacet
  facet normal -9.931346e-01 1.133515e-01 2.889727e-02
    outer loop
      vertex   -1.906769e+00 1.137152e+01 1.110566e-01
      vertex   -1.603954e+00 1.403819e+01 5.794437e-02
      vertex   -1.910000e+00 1.137152e+01 2.339075e-16
    endloop
  endfacet
  facet normal -9.934786e-01 1.140189e-01 0.000000e+00
    outer loop
      vertex   -1.910000e+00 1.137152e+01 2.339075e-16
      vertex   -1.603954e+00 1.403819e+01 5.794437e-02
      vertex   -1.603954e+00 1.403819e+01 -5.794437e-02
    endloop
  endfacet
  facet normal -9.931346e-01 1.133515e-01 -2.889727e-02
    outer loop
      vertex   -1.910000e+00 1.137152e+01 2.339075e-16
      vertex   -1.603954e+00 1.403819e+01 -5.794437e-02
      vertex   -1.906769e+00 1.137152e+01 -1.110566e-01
    endloop
  endfacet
  facet normal -9.908967e-01 1.139497e-01 -7.168776e-02
    outer loop
      vertex   -1.906769e+00 1.137152e+01 -1.110566e-01
      vertex   -1.603954e+00 1.403819e+01 -5.794437e-02
      vertex   -1.595591e+00 1.403819e+01 -1.735310e-01
    endloop
  endfacet
  facet normal -9.897609e-01 1.134679e-01 -8.659286e-02
    outer loop
      vertex   -1.906769e+00 1.137152e+01 -1.110566e-01
      vertex   -1.595591e+00 1.403819e+01 -1.735310e-01
      vertex   -1.897085e+00 1.137152e+01 -2.217375e-01
    endloop
  endfacet
  facet normal -9.831644e-01 1.137419e-01 -1.430052e-01
    outer loop
      vertex   -1.897085e+00 1.137152e+01 -2.217375e-01
      vertex   -1.595591e+00 1.403819e+01 -1.735310e-01
      vertex   -1.578910e+00 1.403819e+01 -2.882130e-01
    endloop
  endfacet
  facet normal -9.830252e-01 1.137007e-01 -1.439920e-01
    outer loop
      vertex   -1.897085e+00 1.137152e+01 -2.217375e-01
      vertex   -1.578910e+00 1.403819e+01 -2.882130e-01
      vertex   -1.880983e+00 1.137152e+01 -3.316680e-01
    endloop
  endfacet
  facet normal -9.730128e-01 1.134941e-01 -2.009110e-01
    outer loop
      vertex   -1.880983e+00 1.137152e+01 -3.316680e-01
      vertex   -1.578910e+00 1.403819e+01 -2.882130e-01
      vertex   -1.858516e+00 1.137152e+01 -4.404763e-01
    endloop
  endfacet
  facet normal -9.730024e-01 1.135867e-01 -2.009088e-01
    outer loop
      vertex   -1.880983e+00 1.137152e+01 -3.316680e-01
      vertex   -1.858516e+00 1.137152e+01 -4.404763e-01
      vertex   -2.155294e+00 8.704858e+00 -5.108142e-01
    endloop
  endfacet
  facet normal -9.596744e-01 1.135867e-01 -2.571440e-01
    outer loop
      vertex   -2.155294e+00 8.704858e+00 -5.108142e-01
      vertex   -1.858516e+00 1.137152e+01 -4.404763e-01
      vertex   -2.121947e+00 8.704858e+00 -6.352692e-01
    endloop
  endfacet
  facet normal -9.702617e-01 1.139285e-01 -2.135708e-01
    outer loop
      vertex   -1.578910e+00 1.403819e+01 -2.882130e-01
      vertex   -1.553998e+00 1.403819e+01 -4.013923e-01
      vertex   -1.858516e+00 1.137152e+01 -4.404763e-01
    endloop
  endfacet
  facet normal -9.596993e-01 1.133610e-01 -2.571507e-01
    outer loop
      vertex   -1.858516e+00 1.137152e+01 -4.404763e-01
      vertex   -1.553998e+00 1.403819e+01 -4.013923e-01
      vertex   -1.829760e+00 1.137152e+01 -5.477942e-01
    endloop
  endfacet
  facet normal -9.596744e-01 1.135867e-01 -2.571440e-01
    outer loop
      vertex   -1.858516e+00 1.137152e+01 -4.404763e-01
      vertex   -1.829760e+00 1.137152e+01 -5.477942e-01
      vertex   -2.121947e+00 8.704858e+00 -6.352692e-01
    endloop
  endfacet
  facet normal -9.430992e-01 1.135867e-01 -3.125091e-01
    outer loop
      vertex   -2.121947e+00 8.704858e+00 -6.352692e-01
      vertex   -1.829760e+00 1.137152e+01 -5.477942e-01
      vertex   -2.081419e+00 8.704858e+00 -7.575746e-01
    endloop
  endfacet
  facet normal -9.523119e-01 1.140175e-01 -2.830230e-01
    outer loop
      vertex   -1.553998e+00 1.403819e+01 -4.013923e-01
      vertex   -1.520983e+00 1.403819e+01 -5.124790e-01
      vertex   -1.829760e+00 1.137152e+01 -5.477942e-01
    endloop
  endfacet
  facet normal -9.431255e-01 1.133444e-01 -3.125178e-01
    outer loop
      vertex   -1.829760e+00 1.137152e+01 -5.477942e-01
      vertex   -1.520983e+00 1.403819e+01 -5.124790e-01
      vertex   -1.794813e+00 1.137152e+01 -6.532585e-01
    endloop
  endfacet
  facet normal -9.430992e-01 1.135867e-01 -3.125091e-01
    outer loop
      vertex   -1.829760e+00 1.137152e+01 -5.477942e-01
      vertex   -1.794813e+00 1.137152e+01 -6.532585e-01
      vertex   -2.081419e+00 8.704858e+00 -7.575746e-01
    endloop
  endfacet
  facet normal -9.233329e-01 1.135867e-01 -3.668167e-01
    outer loop
      vertex   -2.081419e+00 8.704858e+00 -7.575746e-01
      vertex   -1.794813e+00 1.137152e+01 -6.532585e-01
      vertex   -2.033849e+00 8.704858e+00 -8.773167e-01
    endloop
  endfacet
  facet normal -9.294125e-01 1.139680e-01 -3.510039e-01
    outer loop
      vertex   -1.520983e+00 1.403819e+01 -5.124790e-01
      vertex   -1.480039e+00 1.403819e+01 -6.208938e-01
      vertex   -1.794813e+00 1.137152e+01 -6.532585e-01
    endloop
  endfacet
  facet normal -9.233480e-01 1.134442e-01 -3.668227e-01
    outer loop
      vertex   -1.794813e+00 1.137152e+01 -6.532585e-01
      vertex   -1.480039e+00 1.403819e+01 -6.208938e-01
      vertex   -1.753793e+00 1.137152e+01 -7.565124e-01
    endloop
  endfacet
  facet normal -9.233329e-01 1.135867e-01 -3.668167e-01
    outer loop
      vertex   -1.794813e+00 1.137152e+01 -6.532585e-01
      vertex   -1.753793e+00 1.137152e+01 -7.565124e-01
      vertex   -2.033849e+00 8.704858e+00 -8.773167e-01
    endloop
  endfacet
  facet normal -9.004422e-01 1.135867e-01 -4.198831e-01
    outer loop
      vertex   -2.033849e+00 8.704858e+00 -8.773167e-01
      vertex   -1.753793e+00 1.137152e+01 -7.565124e-01
      vertex   -1.979396e+00 8.704858e+00 -9.940902e-01
    endloop
  endfacet
  facet normal -9.016816e-01 1.137801e-01 -4.171623e-01
    outer loop
      vertex   -1.480039e+00 1.403819e+01 -6.208938e-01
      vertex   -1.431379e+00 1.403819e+01 -7.260716e-01
      vertex   -1.753793e+00 1.137152e+01 -7.565124e-01
    endloop
  endfacet
  facet normal -9.004346e-01 1.136603e-01 -4.198796e-01
    outer loop
      vertex   -1.753793e+00 1.137152e+01 -7.565124e-01
      vertex   -1.431379e+00 1.403819e+01 -7.260716e-01
      vertex   -1.706838e+00 1.137152e+01 -8.572064e-01
    endloop
  endfacet
  facet normal -9.004422e-01 1.135867e-01 -4.198831e-01
    outer loop
      vertex   -1.753793e+00 1.137152e+01 -7.565124e-01
      vertex   -1.706838e+00 1.137152e+01 -8.572064e-01
      vertex   -1.979396e+00 8.704858e+00 -9.940902e-01
    endloop
  endfacet
  facet normal -8.745048e-01 1.135867e-01 -4.715288e-01
    outer loop
      vertex   -1.979396e+00 8.704858e+00 -9.940902e-01
      vertex   -1.706838e+00 1.137152e+01 -8.572064e-01
      vertex   -1.918246e+00 8.704858e+00 -1.107500e+00
    endloop
  endfacet
  facet normal -8.745113e-01 1.135226e-01 -4.715323e-01
    outer loop
      vertex   -1.706838e+00 1.137152e+01 -8.572064e-01
      vertex   -1.431379e+00 1.403819e+01 -7.260716e-01
      vertex   -1.654109e+00 1.137152e+01 -9.550000e-01
    endloop
  endfacet
  facet normal -8.692171e-01 1.139044e-01 -4.811313e-01
    outer loop
      vertex   -1.654109e+00 1.137152e+01 -9.550000e-01
      vertex   -1.431379e+00 1.403819e+01 -7.260716e-01
      vertex   -1.375256e+00 1.403819e+01 -8.274639e-01
    endloop
  endfacet
  facet normal -8.456291e-01 1.133729e-01 -5.215918e-01
    outer loop
      vertex   -1.654109e+00 1.137152e+01 -9.550000e-01
      vertex   -1.375256e+00 1.403819e+01 -8.274639e-01
      vertex   -1.595782e+00 1.137152e+01 -1.049562e+00
    endloop
  endfacet
  facet normal -8.322235e-01 1.140133e-01 -5.425910e-01
    outer loop
      vertex   -1.595782e+00 1.137152e+01 -1.049562e+00
      vertex   -1.375256e+00 1.403819e+01 -8.274639e-01
      vertex   -1.311963e+00 1.403819e+01 -9.245423e-01
    endloop
  endfacet
  facet normal -8.138737e-01 1.133397e-01 -5.698805e-01
    outer loop
      vertex   -1.595782e+00 1.137152e+01 -1.049562e+00
      vertex   -1.311963e+00 1.403819e+01 -9.245423e-01
      vertex   -1.532055e+00 1.137152e+01 -1.140573e+00
    endloop
  endfacet
  facet normal -7.909046e-01 1.139836e-01 -6.012301e-01
    outer loop
      vertex   -1.532055e+00 1.137152e+01 -1.140573e+00
      vertex   -1.311963e+00 1.403819e+01 -9.245423e-01
      vertex   -1.241830e+00 1.403819e+01 -1.016801e+00
    endloop
  endfacet
  facet normal -7.793537e-01 1.134228e-01 -6.162330e-01
    outer loop
      vertex   -1.532055e+00 1.137152e+01 -1.140573e+00
      vertex   -1.241830e+00 1.403819e+01 -1.016801e+00
      vertex   -1.463145e+00 1.137152e+01 -1.227724e+00
    endloop
  endfacet
  facet normal -7.454740e-01 1.138154e-01 -6.567455e-01
    outer loop
      vertex   -1.463145e+00 1.137152e+01 -1.227724e+00
      vertex   -1.241830e+00 1.403819e+01 -1.016801e+00
      vertex   -1.165223e+00 1.403819e+01 -1.103758e+00
    endloop
  endfacet
  facet normal -7.421873e-01 1.136223e-01 -6.604907e-01
    outer loop
      vertex   -1.463145e+00 1.137152e+01 -1.227724e+00
      vertex   -1.165223e+00 1.403819e+01 -1.103758e+00
      vertex   -1.389284e+00 1.137152e+01 -1.310722e+00
    endloop
  endfacet
  facet normal -7.025331e-01 1.135534e-01 -7.025331e-01
    outer loop
      vertex   -1.389284e+00 1.137152e+01 -1.310722e+00
      vertex   -1.165223e+00 1.403819e+01 -1.103758e+00
      vertex   -1.310722e+00 1.137152e+01 -1.389284e+00
    endloop
  endfacet
  facet normal -7.025304e-01 1.135867e-01 -7.025304e-01
    outer loop
      vertex   -1.389284e+00 1.137152e+01 -1.310722e+00
      vertex   -1.310722e+00 1.137152e+01 -1.389284e+00
      vertex   -1.520025e+00 8.704858e+00 -1.611133e+00
    endloop
  endfacet
  facet normal -6.604934e-01 1.135867e-01 -7.421904e-01
    outer loop
      vertex   -1.520025e+00 8.704858e+00 -1.611133e+00
      vertex   -1.310722e+00 1.137152e+01 -1.389284e+00
      vertex   -1.423775e+00 8.704858e+00 -1.696788e+00
    endloop
  endfacet
  facet normal -6.961364e-01 1.138776e-01 -7.088201e-01
    outer loop
      vertex   -1.165223e+00 1.403819e+01 -1.103758e+00
      vertex   -1.082541e+00 1.403819e+01 -1.184960e+00
      vertex   -1.310722e+00 1.137152e+01 -1.389284e+00
    endloop
  endfacet
  facet normal -6.605085e-01 1.133872e-01 -7.422074e-01
    outer loop
      vertex   -1.310722e+00 1.137152e+01 -1.389284e+00
      vertex   -1.082541e+00 1.403819e+01 -1.184960e+00
      vertex   -1.227724e+00 1.137152e+01 -1.463145e+00
    endloop
  endfacet
  facet normal -6.604934e-01 1.135867e-01 -7.421904e-01
    outer loop
      vertex   -1.310722e+00 1.137152e+01 -1.389284e+00
      vertex   -1.227724e+00 1.137152e+01 -1.463145e+00
      vertex   -1.423775e+00 8.704858e+00 -1.696788e+00
    endloop
  endfacet
  facet normal -6.162214e-01 1.135867e-01 -7.793390e-01
    outer loop
      vertex   -1.423775e+00 8.704858e+00 -1.696788e+00
      vertex   -1.227724e+00 1.137152e+01 -1.463145e+00
      vertex   -1.322706e+00 8.704858e+00 -1.776703e+00
    endloop
  endfacet
  facet normal -6.431654e-01 1.140062e-01 -7.571928e-01
    outer loop
      vertex   -1.082541e+00 1.403819e+01 -1.184960e+00
      vertex   -9.942146e-01 1.403819e+01 -1.259985e+00
      vertex   -1.227724e+00 1.137152e+01 -1.463145e+00
    endloop
  endfacet
  facet normal -6.162390e-01 1.133373e-01 -7.793613e-01
    outer loop
      vertex   -1.227724e+00 1.137152e+01 -1.463145e+00
      vertex   -9.942146e-01 1.403819e+01 -1.259985e+00
      vertex   -1.140573e+00 1.137152e+01 -1.532055e+00
    endloop
  endfacet
  facet normal -6.162214e-01 1.135867e-01 -7.793390e-01
    outer loop
      vertex   -1.227724e+00 1.137152e+01 -1.463145e+00
      vertex   -1.140573e+00 1.137152e+01 -1.532055e+00
      vertex   -1.322706e+00 8.704858e+00 -1.776703e+00
    endloop
  endfacet
  facet normal -5.698643e-01 1.135867e-01 -8.138506e-01
    outer loop
      vertex   -1.322706e+00 8.704858e+00 -1.776703e+00
      vertex   -1.140573e+00 1.137152e+01 -1.532055e+00
      vertex   -1.217162e+00 8.704858e+00 -1.850606e+00
    endloop
  endfacet
  facet normal -5.868521e-01 1.139963e-01 -8.016292e-01
    outer loop
      vertex   -9.942146e-01 1.403819e+01 -1.259985e+00
      vertex   -9.007052e-01 1.403819e+01 -1.328441e+00
      vertex   -1.140573e+00 1.137152e+01 -1.532055e+00
    endloop
  endfacet
  facet normal -5.698763e-01 1.134038e-01 -8.138677e-01
    outer loop
      vertex   -1.140573e+00 1.137152e+01 -1.532055e+00
      vertex   -9.007052e-01 1.403819e+01 -1.328441e+00
      vertex   -1.049562e+00 1.137152e+01 -1.595782e+00
    endloop
  endfacet
  facet normal -5.698643e-01 1.135867e-01 -8.138506e-01
    outer loop
      vertex   -1.140573e+00 1.137152e+01 -1.532055e+00
      vertex   -1.049562e+00 1.137152e+01 -1.595782e+00
      vertex   -1.217162e+00 8.704858e+00 -1.850606e+00
    endloop
  endfacet
  facet normal -5.215790e-01 1.135867e-01 -8.456083e-01
    outer loop
      vertex   -1.217162e+00 8.704858e+00 -1.850606e+00
      vertex   -1.049562e+00 1.137152e+01 -1.595782e+00
      vertex   -1.107500e+00 8.704858e+00 -1.918246e+00
    endloop
  endfacet
  facet normal -5.274876e-01 1.138479e-01 -8.418999e-01
    outer loop
      vertex   -9.007052e-01 1.403819e+01 -1.328441e+00
      vertex   -8.025000e-01 1.403819e+01 -1.389971e+00
      vertex   -1.049562e+00 1.137152e+01 -1.595782e+00
    endloop
  endfacet
  facet normal -5.215790e-01 1.135867e-01 -8.456083e-01
    outer loop
      vertex   -1.049562e+00 1.137152e+01 -1.595782e+00
      vertex   -8.025000e-01 1.403819e+01 -1.389971e+00
      vertex   -9.550000e-01 1.137152e+01 -1.654109e+00
    endloop
  endfacet
  facet normal -5.215790e-01 1.135867e-01 -8.456083e-01
    outer loop
      vertex   -1.049562e+00 1.137152e+01 -1.595782e+00
      vertex   -9.550000e-01 1.137152e+01 -1.654109e+00
      vertex   -1.107500e+00 8.704858e+00 -1.918246e+00
    endloop
  endfacet
  facet normal -4.715288e-01 1.135867e-01 -8.745048e-01
    outer loop
      vertex   -1.107500e+00 8.704858e+00 -1.918246e+00
      vertex   -9.550000e-01 1.137152e+01 -1.654109e+00
      vertex   -9.940902e-01 8.704858e+00 -1.979396e+00
    endloop
  endfacet
  facet normal -4.715288e-01 1.135867e-01 -8.745048e-01
    outer loop
      vertex   -9.550000e-01 1.137152e+01 -1.654109e+00
      vertex   -8.025000e-01 1.403819e+01 -1.389971e+00
      vertex   -8.572064e-01 1.137152e+01 -1.706838e+00
    endloop
  endfacet
  facet normal -4.653629e-01 1.138479e-01 -8.777676e-01
    outer loop
      vertex   -8.572064e-01 1.137152e+01 -1.706838e+00
      vertex   -8.025000e-01 1.403819e+01 -1.389971e+00
      vertex   -7.001109e-01 1.403819e+01 -1.444254e+00
    endloop
  endfacet
  facet normal -4.198919e-01 1.134038e-01 -9.004612e-01
    outer loop
      vertex   -8.572064e-01 1.137152e+01 -1.706838e+00
      vertex   -7.001109e-01 1.403819e+01 -1.444254e+00
      vertex   -7.565124e-01 1.137152e+01 -1.753793e+00
    endloop
  endfacet
  facet normal -4.008052e-01 1.139963e-01 -9.090435e-01
    outer loop
      vertex   -7.565124e-01 1.137152e+01 -1.753793e+00
      vertex   -7.001109e-01 1.403819e+01 -1.444254e+00
      vertex   -5.940717e-01 1.403819e+01 -1.491008e+00
    endloop
  endfacet
  facet normal -3.668272e-01 1.133373e-01 -9.233593e-01
    outer loop
      vertex   -7.565124e-01 1.137152e+01 -1.753793e+00
      vertex   -5.940717e-01 1.403819e+01 -1.491008e+00
      vertex   -6.532585e-01 1.137152e+01 -1.794813e+00
    endloop
  endfacet
  facet normal -3.341655e-01 1.140062e-01 -9.355939e-01
    outer loop
      vertex   -6.532585e-01 1.137152e+01 -1.794813e+00
      vertex   -5.940717e-01 1.403819e+01 -1.491008e+00
      vertex   -4.849354e-01 1.403819e+01 -1.529988e+00
    endloop
  endfacet
  facet normal -3.125162e-01 1.133872e-01 -9.431209e-01
    outer loop
      vertex   -6.532585e-01 1.137152e+01 -1.794813e+00
      vertex   -4.849354e-01 1.403819e+01 -1.529988e+00
      vertex   -5.477942e-01 1.137152e+01 -1.829760e+00
    endloop
  endfacet
  facet normal -2.657880e-01 1.138776e-01 -9.572819e-01
    outer loop
      vertex   -5.477942e-01 1.137152e+01 -1.829760e+00
      vertex   -4.849354e-01 1.403819e+01 -1.529988e+00
      vertex   -3.732708e-01 1.403819e+01 -1.560991e+00
    endloop
  endfacet
  facet normal -2.571450e-01 1.135534e-01 -9.596781e-01
    outer loop
      vertex   -5.477942e-01 1.137152e+01 -1.829760e+00
      vertex   -3.732708e-01 1.403819e+01 -1.560991e+00
      vertex   -4.404763e-01 1.137152e+01 -1.858516e+00
    endloop
  endfacet
  facet normal -2.009080e-01 1.136223e-01 -9.729984e-01
    outer loop
      vertex   -4.404763e-01 1.137152e+01 -1.858516e+00
      vertex   -3.732708e-01 1.403819e+01 -1.560991e+00
      vertex   -3.316680e-01 1.137152e+01 -1.880983e+00
    endloop
  endfacet
  facet normal -2.009088e-01 1.135867e-01 -9.730024e-01
    outer loop
      vertex   -4.404763e-01 1.137152e+01 -1.858516e+00
      vertex   -3.316680e-01 1.137152e+01 -1.880983e+00
      vertex   -3.846307e-01 8.704858e+00 -2.181349e+00
    endloop
  endfacet
  facet normal -1.439939e-01 1.135867e-01 -9.830381e-01
    outer loop
      vertex   -3.846307e-01 8.704858e+00 -2.181349e+00
      vertex   -3.316680e-01 1.137152e+01 -1.880983e+00
      vertex   -2.571458e-01 8.704858e+00 -2.200023e+00
    endloop
  endfacet
  facet normal -1.960213e-01 1.138154e-01 -9.739721e-01
    outer loop
      vertex   -3.732708e-01 1.403819e+01 -1.560991e+00
      vertex   -2.596601e-01 1.403819e+01 -1.583857e+00
      vertex   -3.316680e-01 1.137152e+01 -1.880983e+00
    endloop
  endfacet
  facet normal -1.439966e-01 1.134228e-01 -9.830566e-01
    outer loop
      vertex   -3.316680e-01 1.137152e+01 -1.880983e+00
      vertex   -2.596601e-01 1.403819e+01 -1.583857e+00
      vertex   -2.217375e-01 1.137152e+01 -1.897085e+00
    endloop
  endfacet
  facet normal -1.439939e-01 1.135867e-01 -9.830381e-01
    outer loop
      vertex   -3.316680e-01 1.137152e+01 -1.880983e+00
      vertex   -2.217375e-01 1.137152e+01 -1.897085e+00
      vertex   -2.571458e-01 8.704858e+00 -2.200023e+00
    endloop
  endfacet
  facet normal -8.659168e-02 1.135867e-01 -9.897474e-01
    outer loop
      vertex   -2.571458e-01 8.704858e+00 -2.200023e+00
      vertex   -2.217375e-01 1.137152e+01 -1.897085e+00
      vertex   -1.287908e-01 8.704858e+00 -2.211253e+00
    endloop
  endfacet
  facet normal -1.252282e-01 1.139836e-01 -9.855585e-01
    outer loop
      vertex   -2.596601e-01 1.403819e+01 -1.583857e+00
      vertex   -1.446957e-01 1.403819e+01 -1.598464e+00
      vertex   -2.217375e-01 1.137152e+01 -1.897085e+00
    endloop
  endfacet
  facet normal -8.659414e-02 1.133397e-01 -9.897755e-01
    outer loop
      vertex   -2.217375e-01 1.137152e+01 -1.897085e+00
      vertex   -1.446957e-01 1.403819e+01 -1.598464e+00
      vertex   -1.110566e-01 1.137152e+01 -1.906769e+00
    endloop
  endfacet
  facet normal -8.659168e-02 1.135867e-01 -9.897474e-01
    outer loop
      vertex   -2.217375e-01 1.137152e+01 -1.897085e+00
      vertex   -1.110566e-01 1.137152e+01 -1.906769e+00
      vertex   -1.287908e-01 8.704858e+00 -2.211253e+00
    endloop
  endfacet
  facet normal -2.889648e-02 1.135867e-01 -9.931078e-01
    outer loop
      vertex   -1.287908e-01 8.704858e+00 -2.211253e+00
      vertex   -1.110566e-01 1.137152e+01 -1.906769e+00
      vertex   1.356296e-16 8.704858e+00 -2.215000e+00
    endloop
  endfacet
  facet normal -5.378588e-02 1.140133e-01 -9.920222e-01
    outer loop
      vertex   -1.446957e-01 1.403819e+01 -1.598464e+00
      vertex   -2.897691e-02 1.403819e+01 -1.604738e+00
      vertex   -1.110566e-01 1.137152e+01 -1.906769e+00
    endloop
  endfacet
  facet normal -2.889720e-02 1.133729e-01 -9.931322e-01
    outer loop
      vertex   -1.110566e-01 1.137152e+01 -1.906769e+00
      vertex   -2.897691e-02 1.403819e+01 -1.604738e+00
      vertex   1.169538e-16 1.137152e+01 -1.910000e+00
    endloop
  endfacet
  facet normal -2.889648e-02 1.135867e-01 -9.931078e-01
    outer loop
      vertex   -1.110566e-01 1.137152e+01 -1.906769e+00
      vertex   1.169538e-16 1.137152e+01 -1.910000e+00
      vertex   1.356296e-16 8.704858e+00 -2.215000e+00
    endloop
  endfacet
  facet normal 2.889648e-02 1.135867e-01 -9.931078e-01
    outer loop
      vertex   1.356296e-16 8.704858e+00 -2.215000e+00
      vertex   1.169538e-16 1.137152e+01 -1.910000e+00
      vertex   1.287908e-01 8.704858e+00 -2.211253e+00
    endloop
  endfacet
  facet normal 1.793665e-02 1.139044e-01 -9.933298e-01
    outer loop
      vertex   -2.897691e-02 1.403819e+01 -1.604738e+00
      vertex   8.689295e-02 1.403819e+01 -1.602646e+00
      vertex   1.169538e-16 1.137152e+01 -1.910000e+00
    endloop
  endfacet
  facet normal 2.889670e-02 1.135226e-01 -9.931151e-01
    outer loop
      vertex   1.169538e-16 1.137152e+01 -1.910000e+00
      vertex   8.689295e-02 1.403819e+01 -1.602646e+00
      vertex   1.110566e-01 1.137152e+01 -1.906769e+00
    endloop
  endfacet
  facet normal 2.889648e-02 1.135867e-01 -9.931078e-01
    outer loop
      vertex   1.169538e-16 1.137152e+01 -1.910000e+00
      vertex   1.110566e-01 1.137152e+01 -1.906769e+00
      vertex   1.287908e-01 8.704858e+00 -2.211253e+00
    endloop
  endfacet
  facet normal 8.659168e-02 1.135867e-01 -9.897474e-01
    outer loop
      vertex   1.287908e-01 8.704858e+00 -2.211253e+00
      vertex   1.110566e-01 1.137152e+01 -1.906769e+00
      vertex   2.571458e-01 8.704858e+00 -2.200023e+00
    endloop
  endfacet
  facet normal 8.659094e-02 1.136603e-01 -9.897390e-01
    outer loop
      vertex   1.110566e-01 1.137152e+01 -1.906769e+00
      vertex   8.689295e-02 1.403819e+01 -1.602646e+00
      vertex   2.217375e-01 1.137152e+01 -1.897085e+00
    endloop
  endfacet
  facet normal 8.956762e-02 1.137801e-01 -9.894603e-01
    outer loop
      vertex   2.217375e-01 1.137152e+01 -1.897085e+00
      vertex   8.689295e-02 1.403819e+01 -1.602646e+00
      vertex   2.023098e-01 1.403819e+01 -1.592198e+00
    endloop
  endfacet
  facet normal 1.439962e-01 1.134442e-01 -9.830542e-01
    outer loop
      vertex   2.217375e-01 1.137152e+01 -1.897085e+00
      vertex   2.023098e-01 1.403819e+01 -1.592198e+00
      vertex   3.316680e-01 1.137152e+01 -1.880983e+00
    endloop
  endfacet
  facet normal 1.607279e-01 1.139680e-01 -9.803968e-01
    outer loop
      vertex   3.316680e-01 1.137152e+01 -1.880983e+00
      vertex   2.023098e-01 1.403819e+01 -1.592198e+00
      vertex   3.166719e-01 1.403819e+01 -1.573450e+00
    endloop
  endfacet
  facet normal 2.009144e-01 1.133444e-01 -9.730295e-01
    outer loop
      vertex   3.316680e-01 1.137152e+01 -1.880983e+00
      vertex   3.166719e-01 1.403819e+01 -1.573450e+00
      vertex   4.404763e-01 1.137152e+01 -1.858516e+00
    endloop
  endfacet
  facet normal 2.310508e-01 1.140175e-01 -9.662378e-01
    outer loop
      vertex   4.404763e-01 1.137152e+01 -1.858516e+00
      vertex   3.166719e-01 1.403819e+01 -1.573450e+00
      vertex   4.293830e-01 1.403819e+01 -1.546498e+00
    endloop
  endfacet
  facet normal 2.571507e-01 1.133610e-01 -9.596993e-01
    outer loop
      vertex   4.404763e-01 1.137152e+01 -1.858516e+00
      vertex   4.293830e-01 1.403819e+01 -1.546498e+00
      vertex   5.477942e-01 1.137152e+01 -1.829760e+00
    endloop
  endfacet
  facet normal 3.001732e-01 1.139285e-01 -9.470567e-01
    outer loop
      vertex   5.477942e-01 1.137152e+01 -1.829760e+00
      vertex   4.293830e-01 1.403819e+01 -1.546498e+00
      vertex   5.398555e-01 1.403819e+01 -1.511483e+00
    endloop
  endfacet
  facet normal 3.125124e-01 1.134941e-01 -9.431093e-01
    outer loop
      vertex   5.477942e-01 1.137152e+01 -1.829760e+00
      vertex   5.398555e-01 1.403819e+01 -1.511483e+00
      vertex   6.532585e-01 1.137152e+01 -1.794813e+00
    endloop
  endfacet
  facet normal 3.668119e-01 1.137007e-01 -9.233207e-01
    outer loop
      vertex   6.532585e-01 1.137152e+01 -1.794813e+00
      vertex   5.398555e-01 1.403819e+01 -1.511483e+00
      vertex   7.565124e-01 1.137152e+01 -1.753793e+00
    endloop
  endfacet
  facet normal 3.668167e-01 1.135867e-01 -9.233329e-01
    outer loop
      vertex   6.532585e-01 1.137152e+01 -1.794813e+00
      vertex   7.565124e-01 1.137152e+01 -1.753793e+00
      vertex   8.773167e-01 8.704858e+00 -2.033849e+00
    endloop
  endfacet
  facet normal 4.198831e-01 1.135867e-01 -9.004422e-01
    outer loop
      vertex   8.773167e-01 8.704858e+00 -2.033849e+00
      vertex   7.565124e-01 1.137152e+01 -1.753793e+00
      vertex   9.940902e-01 8.704858e+00 -1.979396e+00
    endloop
  endfacet
  facet normal 3.677361e-01 1.137419e-01 -9.229480e-01
    outer loop
      vertex   5.398555e-01 1.403819e+01 -1.511483e+00
      vertex   6.475134e-01 1.403819e+01 -1.468588e+00
      vertex   7.565124e-01 1.137152e+01 -1.753793e+00
    endloop
  endfacet
  facet normal 4.198888e-01 1.134679e-01 -9.004545e-01
    outer loop
      vertex   7.565124e-01 1.137152e+01 -1.753793e+00
      vertex   6.475134e-01 1.403819e+01 -1.468588e+00
      vertex   8.572064e-01 1.137152e+01 -1.706838e+00
    endloop
  endfacet
  facet normal 4.198831e-01 1.135867e-01 -9.004422e-01
    outer loop
      vertex   7.565124e-01 1.137152e+01 -1.753793e+00
      vertex   8.572064e-01 1.137152e+01 -1.706838e+00
      vertex   9.940902e-01 8.704858e+00 -1.979396e+00
    endloop
  endfacet
  facet normal 4.715288e-01 1.135867e-01 -8.745048e-01
    outer loop
      vertex   9.940902e-01 8.704858e+00 -1.979396e+00
      vertex   8.572064e-01 1.137152e+01 -1.706838e+00
      vertex   1.107500e+00 8.704858e+00 -1.918246e+00
    endloop
  endfacet
  facet normal 4.333649e-01 1.139497e-01 -8.939856e-01
    outer loop
      vertex   6.475134e-01 1.403819e+01 -1.468588e+00
      vertex   7.517955e-01 1.403819e+01 -1.418037e+00
      vertex   8.572064e-01 1.137152e+01 -1.706838e+00
    endloop
  endfacet
  facet normal 4.715415e-01 1.133515e-01 -8.745284e-01
    outer loop
      vertex   8.572064e-01 1.137152e+01 -1.706838e+00
      vertex   7.517955e-01 1.403819e+01 -1.418037e+00
      vertex   9.550000e-01 1.137152e+01 -1.654109e+00
    endloop
  endfacet
  facet normal 4.715288e-01 1.135867e-01 -8.745048e-01
    outer loop
      vertex   8.572064e-01 1.137152e+01 -1.706838e+00
      vertex   9.550000e-01 1.137152e+01 -1.654109e+00
      vertex   1.107500e+00 8.704858e+00 -1.918246e+00
    endloop
  endfacet
  facet normal 5.215790e-01 1.135867e-01 -8.456083e-01
    outer loop
      vertex   1.107500e+00 8.704858e+00 -1.918246e+00
      vertex   9.550000e-01 1.137152e+01 -1.654109e+00
      vertex   1.217162e+00 8.704858e+00 -1.850606e+00
    endloop
  endfacet
  facet normal 4.967393e-01 1.140189e-01 -8.603777e-01
    outer loop
      vertex   7.517955e-01 1.403819e+01 -1.418037e+00
      vertex   8.521581e-01 1.403819e+01 -1.360092e+00
      vertex   9.550000e-01 1.137152e+01 -1.654109e+00
    endloop
  endfacet
  facet normal 5.215931e-01 1.133515e-01 -8.456312e-01
    outer loop
      vertex   9.550000e-01 1.137152e+01 -1.654109e+00
      vertex   8.521581e-01 1.403819e+01 -1.360092e+00
      vertex   1.049562e+00 1.137152e+01 -1.595782e+00
    endloop
  endfacet
  facet normal 5.215790e-01 1.135867e-01 -8.456083e-01
    outer loop
      vertex   9.550000e-01 1.137152e+01 -1.654109e+00
      vertex   1.049562e+00 1.137152e+01 -1.595782e+00
      vertex   1.217162e+00 8.704858e+00 -1.850606e+00
    endloop
  endfacet
  facet normal 5.698643e-01 1.135867e-01 -8.138506e-01
    outer loop
      vertex   1.217162e+00 8.704858e+00 -1.850606e+00
      vertex   1.049562e+00 1.137152e+01 -1.595782e+00
      vertex   1.322706e+00 8.704858e+00 -1.776703e+00
    endloop
  endfacet
  facet normal 5.575318e-01 1.139497e-01 -8.222979e-01
    outer loop
      vertex   8.521581e-01 1.403819e+01 -1.360092e+00
      vertex   9.480780e-01 1.403819e+01 -1.295057e+00
      vertex   1.049562e+00 1.137152e+01 -1.595782e+00
    endloop
  endfacet
  facet normal 5.698721e-01 1.134679e-01 -8.138617e-01
    outer loop
      vertex   1.049562e+00 1.137152e+01 -1.595782e+00
      vertex   9.480780e-01 1.403819e+01 -1.295057e+00
      vertex   1.140573e+00 1.137152e+01 -1.532055e+00
    endloop
  endfacet
  facet normal 5.698643e-01 1.135867e-01 -8.138506e-01
    outer loop
      vertex   1.049562e+00 1.137152e+01 -1.595782e+00
      vertex   1.140573e+00 1.137152e+01 -1.532055e+00
      vertex   1.322706e+00 8.704858e+00 -1.776703e+00
    endloop
  endfacet
  facet normal 6.162214e-01 1.135867e-01 -7.793390e-01
    outer loop
      vertex   1.322706e+00 8.704858e+00 -1.776703e+00
      vertex   1.140573e+00 1.137152e+01 -1.532055e+00
      vertex   1.423775e+00 8.704858e+00 -1.696788e+00
    endloop
  endfacet
  facet normal 6.154283e-01 1.137419e-01 -7.799428e-01
    outer loop
      vertex   9.480780e-01 1.403819e+01 -1.295057e+00
      vertex   1.039055e+00 1.403819e+01 -1.223270e+00
      vertex   1.140573e+00 1.137152e+01 -1.532055e+00
    endloop
  endfacet
  facet normal 6.162133e-01 1.137007e-01 -7.793288e-01
    outer loop
      vertex   1.140573e+00 1.137152e+01 -1.532055e+00
      vertex   1.039055e+00 1.403819e+01 -1.223270e+00
      vertex   1.227724e+00 1.137152e+01 -1.463145e+00
    endloop
  endfacet
  facet normal 6.162214e-01 1.135867e-01 -7.793390e-01
    outer loop
      vertex   1.140573e+00 1.137152e+01 -1.532055e+00
      vertex   1.227724e+00 1.137152e+01 -1.463145e+00
      vertex   1.423775e+00 8.704858e+00 -1.696788e+00
    endloop
  endfacet
  facet normal 6.604934e-01 1.135867e-01 -7.421904e-01
    outer loop
      vertex   1.423775e+00 8.704858e+00 -1.696788e+00
      vertex   1.227724e+00 1.137152e+01 -1.463145e+00
      vertex   1.520025e+00 8.704858e+00 -1.611133e+00
    endloop
  endfacet
  facet normal 6.605004e-01 1.134941e-01 -7.421983e-01
    outer loop
      vertex   1.227724e+00 1.137152e+01 -1.463145e+00
      vertex   1.039055e+00 1.403819e+01 -1.223270e+00
      vertex   1.310722e+00 1.137152e+01 -1.389284e+00
    endloop
  endfacet
  facet normal 6.700886e-01 1.139285e-01 -7.334859e-01
    outer loop
      vertex   1.310722e+00 1.137152e+01 -1.389284e+00
      vertex   1.039055e+00 1.403819e+01 -1.223270e+00
      vertex   1.124615e+00 1.403819e+01 -1.145105e+00
    endloop
  endfacet
  facet normal 7.025487e-01 1.133610e-01 -7.025487e-01
    outer loop
      vertex   1.310722e+00 1.137152e+01 -1.389284e+00
      vertex   1.124615e+00 1.403819e+01 -1.145105e+00
      vertex   1.389284e+00 1.137152e+01 -1.310722e+00
    endloop
  endfacet
  facet normal 7.212611e-01 1.140175e-01 -6.832148e-01
    outer loop
      vertex   1.389284e+00 1.137152e+01 -1.310722e+00
      vertex   1.124615e+00 1.403819e+01 -1.145105e+00
      vertex   1.204311e+00 1.403819e+01 -1.060971e+00
    endloop
  endfacet
  facet normal 7.422111e-01 1.133444e-01 -6.605118e-01
    outer loop
      vertex   1.389284e+00 1.137152e+01 -1.310722e+00
      vertex   1.204311e+00 1.403819e+01 -1.060971e+00
      vertex   1.463145e+00 1.137152e+01 -1.227724e+00
    endloop
  endfacet
  facet normal 7.686846e-01 1.139680e-01 -6.293928e-01
    outer loop
      vertex   1.463145e+00 1.137152e+01 -1.227724e+00
      vertex   1.204311e+00 1.403819e+01 -1.060971e+00
      vertex   1.277729e+00 1.403819e+01 -9.713046e-01
    endloop
  endfacet
  facet normal 7.793518e-01 1.134442e-01 -6.162315e-01
    outer loop
      vertex   1.463145e+00 1.137152e+01 -1.227724e+00
      vertex   1.277729e+00 1.403819e+01 -9.713046e-01
      vertex   1.532055e+00 1.137152e+01 -1.140573e+00
    endloop
  endfacet
  facet normal 8.121140e-01 1.137801e-01 -5.722980e-01
    outer loop
      vertex   1.532055e+00 1.137152e+01 -1.140573e+00
      vertex   1.277729e+00 1.403819e+01 -9.713046e-01
      vertex   1.344486e+00 1.403819e+01 -8.765746e-01
    endloop
  endfacet
  facet normal 8.138437e-01 1.136603e-01 -5.698595e-01
    outer loop
      vertex   1.532055e+00 1.137152e+01 -1.140573e+00
      vertex   1.344486e+00 1.403819e+01 -8.765746e-01
      vertex   1.595782e+00 1.137152e+01 -1.049562e+00
    endloop
  endfacet
  facet normal 8.456146e-01 1.135226e-01 -5.215828e-01
    outer loop
      vertex   1.595782e+00 1.137152e+01 -1.049562e+00
      vertex   1.344486e+00 1.403819e+01 -8.765746e-01
      vertex   1.654109e+00 1.137152e+01 -9.550000e-01
    endloop
  endfacet
  facet normal 8.456083e-01 1.135867e-01 -5.215790e-01
    outer loop
      vertex   1.595782e+00 1.137152e+01 -1.049562e+00
      vertex   1.654109e+00 1.137152e+01 -9.550000e-01
      vertex   1.918246e+00 8.704858e+00 -1.107500e+00
    endloop
  endfacet
  facet normal 8.745048e-01 1.135867e-01 -4.715288e-01
    outer loop
      vertex   1.918246e+00 8.704858e+00 -1.107500e+00
      vertex   1.654109e+00 1.137152e+01 -9.550000e-01
      vertex   1.979396e+00 8.704858e+00 -9.940902e-01
    endloop
  endfacet
  facet normal 8.512805e-01 1.139044e-01 -5.121985e-01
    outer loop
      vertex   1.344486e+00 1.403819e+01 -8.765746e-01
      vertex   1.404233e+00 1.403819e+01 -7.772745e-01
      vertex   1.654109e+00 1.137152e+01 -9.550000e-01
    endloop
  endfacet
  facet normal 8.745263e-01 1.133729e-01 -4.715404e-01
    outer loop
      vertex   1.654109e+00 1.137152e+01 -9.550000e-01
      vertex   1.404233e+00 1.403819e+01 -7.772745e-01
      vertex   1.706838e+00 1.137152e+01 -8.572064e-01
    endloop
  endfacet
  facet normal 8.745048e-01 1.135867e-01 -4.715288e-01
    outer loop
      vertex   1.654109e+00 1.137152e+01 -9.550000e-01
      vertex   1.706838e+00 1.137152e+01 -8.572064e-01
      vertex   1.979396e+00 8.704858e+00 -9.940902e-01
    endloop
  endfacet
  facet normal 9.004422e-01 1.135867e-01 -4.198831e-01
    outer loop
      vertex   1.979396e+00 8.704858e+00 -9.940902e-01
      vertex   1.706838e+00 1.137152e+01 -8.572064e-01
      vertex   2.033849e+00 8.704858e+00 -8.773167e-01
    endloop
  endfacet
  facet normal 8.860094e-01 1.140133e-01 -4.494312e-01
    outer loop
      vertex   1.404233e+00 1.403819e+01 -7.772745e-01
      vertex   1.456659e+00 1.403819e+01 -6.739220e-01
      vertex   1.706838e+00 1.137152e+01 -8.572064e-01
    endloop
  endfacet
  facet normal 9.004678e-01 1.133397e-01 -4.198950e-01
    outer loop
      vertex   1.706838e+00 1.137152e+01 -8.572064e-01
      vertex   1.456659e+00 1.403819e+01 -6.739220e-01
      vertex   1.753793e+00 1.137152e+01 -7.565124e-01
    endloop
  endfacet
  facet normal 9.004422e-01 1.135867e-01 -4.198831e-01
    outer loop
      vertex   1.706838e+00 1.137152e+01 -8.572064e-01
      vertex   1.753793e+00 1.137152e+01 -7.565124e-01
      vertex   2.033849e+00 8.704858e+00 -8.773167e-01
    endloop
  endfacet
  facet normal 9.233329e-01 1.135867e-01 -3.668167e-01
    outer loop
      vertex   2.033849e+00 8.704858e+00 -8.773167e-01
      vertex   1.753793e+00 1.137152e+01 -7.565124e-01
      vertex   2.081419e+00 8.704858e+00 -7.575746e-01
    endloop
  endfacet
  facet normal 9.161328e-01 1.139836e-01 -3.843285e-01
    outer loop
      vertex   1.456659e+00 1.403819e+01 -6.739220e-01
      vertex   1.501490e+00 1.403819e+01 -5.670560e-01
      vertex   1.753793e+00 1.137152e+01 -7.565124e-01
    endloop
  endfacet
  facet normal 9.233503e-01 1.134228e-01 -3.668236e-01
    outer loop
      vertex   1.753793e+00 1.137152e+01 -7.565124e-01
      vertex   1.501490e+00 1.403819e+01 -5.670560e-01
      vertex   1.794813e+00 1.137152e+01 -6.532585e-01
    endloop
  endfacet
  facet normal 9.233329e-01 1.135867e-01 -3.668167e-01
    outer loop
      vertex   1.753793e+00 1.137152e+01 -7.565124e-01
      vertex   1.794813e+00 1.137152e+01 -6.532585e-01
      vertex   2.081419e+00 8.704858e+00 -7.575746e-01
    endloop
  endfacet
  facet normal 9.430992e-01 1.135867e-01 -3.125091e-01
    outer loop
      vertex   2.081419e+00 8.704858e+00 -7.575746e-01
      vertex   1.794813e+00 1.137152e+01 -6.532585e-01
      vertex   2.121947e+00 8.704858e+00 -6.352692e-01
    endloop
  endfacet
  facet normal 9.414952e-01 1.138154e-01 -3.172267e-01
    outer loop
      vertex   1.501490e+00 1.403819e+01 -5.670560e-01
      vertex   1.538494e+00 1.403819e+01 -4.572337e-01
      vertex   1.794813e+00 1.137152e+01 -6.532585e-01
    endloop
  endfacet
  facet normal 9.430954e-01 1.136223e-01 -3.125078e-01
    outer loop
      vertex   1.794813e+00 1.137152e+01 -6.532585e-01
      vertex   1.538494e+00 1.403819e+01 -4.572337e-01
      vertex   1.829760e+00 1.137152e+01 -5.477942e-01
    endloop
  endfacet
  facet normal 9.430992e-01 1.135867e-01 -3.125091e-01
    outer loop
      vertex   1.794813e+00 1.137152e+01 -6.532585e-01
      vertex   1.829760e+00 1.137152e+01 -5.477942e-01
      vertex   2.121947e+00 8.704858e+00 -6.352692e-01
    endloop
  endfacet
  facet normal 9.596744e-01 1.135867e-01 -2.571440e-01
    outer loop
      vertex   2.121947e+00 8.704858e+00 -6.352692e-01
      vertex   1.829760e+00 1.137152e+01 -5.477942e-01
      vertex   2.155294e+00 8.704858e+00 -5.108142e-01
    endloop
  endfacet
  facet normal 9.596781e-01 1.135534e-01 -2.571450e-01
    outer loop
      vertex   1.829760e+00 1.137152e+01 -5.477942e-01
      vertex   1.538494e+00 1.403819e+01 -4.572337e-01
      vertex   1.858516e+00 1.137152e+01 -4.404763e-01
    endloop
  endfacet
  facet normal 9.619244e-01 1.138776e-01 -2.484618e-01
    outer loop
      vertex   1.858516e+00 1.137152e+01 -4.404763e-01
      vertex   1.538494e+00 1.403819e+01 -4.572337e-01
      vertex   1.567476e+00 1.403819e+01 -3.450276e-01
    endloop
  endfacet
  facet normal 9.730247e-01 1.133872e-01 -2.009134e-01
    outer loop
      vertex   1.858516e+00 1.137152e+01 -4.404763e-01
      vertex   1.567476e+00 1.403819e+01 -3.450276e-01
      vertex   1.880983e+00 1.137152e+01 -3.316680e-01
    endloop
  endfacet
  facet normal 9.773309e-01 1.140062e-01 -1.784011e-01
    outer loop
      vertex   1.880983e+00 1.137152e+01 -3.316680e-01
      vertex   1.567476e+00 1.403819e+01 -3.450276e-01
      vertex   1.588286e+00 1.403819e+01 -2.310226e-01
    endloop
  endfacet
  facet normal 9.830662e-01 1.133373e-01 -1.439980e-01
    outer loop
      vertex   1.880983e+00 1.137152e+01 -3.316680e-01
      vertex   1.588286e+00 1.403819e+01 -2.310226e-01
      vertex   1.897085e+00 1.137152e+01 -2.217375e-01
    endloop
  endfacet
  facet normal 9.876573e-01 1.139963e-01 -1.074142e-01
    outer loop
      vertex   1.897085e+00 1.137152e+01 -2.217375e-01
      vertex   1.588286e+00 1.403819e+01 -2.310226e-01
      vertex   1.600816e+00 1.403819e+01 -1.158132e-01
    endloop
  endfacet
  facet normal 9.897762e-01 1.134012e-01 -8.650548e-02
    outer loop
      vertex   1.897085e+00 1.137152e+01 -2.217375e-01
      vertex   1.600816e+00 1.403819e+01 -1.158132e-01
      vertex   1.906788e+00 1.137152e+01 -1.107174e-01
    endloop
  endfacet
  facet normal 9.928502e-01 1.138507e-01 -3.586767e-02
    outer loop
      vertex   1.906788e+00 1.137152e+01 -1.107174e-01
      vertex   1.600816e+00 1.403819e+01 -1.158132e-01
      vertex   1.605000e+00 1.403819e+01 0.000000e+00
    endloop
  endfacet
  facet normal 9.931154e-01 1.135876e-01 2.863145e-02
    outer loop
      vertex   2.515814e+00 6.038191e+00 1.451822e-01
      vertex   2.520000e+00 6.038191e+00 0.000000e+00
      vertex   2.215000e+00 8.704858e+00 0.000000e+00
    endloop
  endfacet
  facet normal 9.931154e-01 1.135876e-01 -2.863145e-02
    outer loop
      vertex   2.215000e+00 8.704858e+00 0.000000e+00
      vertex   2.520000e+00 6.038191e+00 0.000000e+00
      vertex   2.515814e+00 6.038191e+00 -1.451822e-01
    endloop
  endfacet
  facet normal 9.931123e-01 1.135920e-01 -2.871978e-02
    outer loop
      vertex   2.215000e+00 8.704858e+00 0.000000e+00
      vertex   2.515814e+00 6.038191e+00 -1.451822e-01
      vertex   2.211298e+00 8.704858e+00 -1.280040e-01
    endloop
  endfacet
  facet normal 9.898168e-01 1.135834e-01 -8.579928e-02
    outer loop
      vertex   2.211298e+00 8.704858e+00 -1.280040e-01
      vertex   2.515814e+00 6.038191e+00 -1.451822e-01
      vertex   2.503272e+00 6.038191e+00 -2.898821e-01
    endloop
  endfacet
  facet normal 9.246074e-01 1.135166e-01 3.636141e-01
    outer loop
      vertex   2.317618e+00 6.038191e+00 9.894689e-01
      vertex   2.370773e+00 6.038191e+00 8.543029e-01
      vertex   2.081419e+00 8.704858e+00 7.575746e-01
    endloop
  endfacet
  facet normal 9.430904e-01 1.136683e-01 3.125061e-01
    outer loop
      vertex   2.081419e+00 8.704858e+00 7.575746e-01
      vertex   2.370773e+00 6.038191e+00 8.543029e-01
      vertex   2.121947e+00 8.704858e+00 6.352692e-01
    endloop
  endfacet
  facet normal 9.430992e-01 1.135867e-01 3.125091e-01
    outer loop
      vertex   2.081419e+00 8.704858e+00 7.575746e-01
      vertex   2.121947e+00 8.704858e+00 6.352692e-01
      vertex   1.829760e+00 1.137152e+01 5.477942e-01
    endloop
  endfacet
  facet normal 9.596744e-01 1.135867e-01 2.571440e-01
    outer loop
      vertex   1.829760e+00 1.137152e+01 5.477942e-01
      vertex   2.121947e+00 8.704858e+00 6.352692e-01
      vertex   1.858516e+00 1.137152e+01 4.404763e-01
    endloop
  endfacet
  facet normal 9.440190e-01 1.135278e-01 3.097413e-01
    outer loop
      vertex   2.370773e+00 6.038191e+00 8.543029e-01
      vertex   2.416054e+00 6.038191e+00 7.162990e-01
      vertex   2.121947e+00 8.704858e+00 6.352692e-01
    endloop
  endfacet
  facet normal 9.596669e-01 1.136553e-01 2.571420e-01
    outer loop
      vertex   2.121947e+00 8.704858e+00 6.352692e-01
      vertex   2.416054e+00 6.038191e+00 7.162990e-01
      vertex   2.155294e+00 8.704858e+00 5.108142e-01
    endloop
  endfacet
  facet normal 9.596744e-01 1.135867e-01 2.571440e-01
    outer loop
      vertex   2.121947e+00 8.704858e+00 6.352692e-01
      vertex   2.155294e+00 8.704858e+00 5.108142e-01
      vertex   1.858516e+00 1.137152e+01 4.404763e-01
    endloop
  endfacet
  facet normal 9.730024e-01 1.135867e-01 2.009088e-01
    outer loop
      vertex   1.858516e+00 1.137152e+01 4.404763e-01
      vertex   2.155294e+00 8.704858e+00 5.108142e-01
      vertex   1.880983e+00 1.137152e+01 3.316680e-01
    endloop
  endfacet
  facet normal 9.602945e-01 1.135393e-01 2.548397e-01
    outer loop
      vertex   2.416054e+00 6.038191e+00 7.162990e-01
      vertex   2.453308e+00 6.038191e+00 5.759156e-01
      vertex   2.155294e+00 8.704858e+00 5.108142e-01
    endloop
  endfacet
  facet normal 9.729962e-01 1.136421e-01 2.009076e-01
    outer loop
      vertex   2.155294e+00 8.704858e+00 5.108142e-01
      vertex   2.453308e+00 6.038191e+00 5.759156e-01
      vertex   2.181349e+00 8.704858e+00 3.846307e-01
    endloop
  endfacet
  facet normal 9.730024e-01 1.135867e-01 2.009088e-01
    outer loop
      vertex   2.155294e+00 8.704858e+00 5.108142e-01
      vertex   2.181349e+00 8.704858e+00 3.846307e-01
      vertex   1.880983e+00 1.137152e+01 3.316680e-01
    endloop
  endfacet
  facet normal 9.830381e-01 1.135867e-01 1.439939e-01
    outer loop
      vertex   1.880983e+00 1.137152e+01 3.316680e-01
      vertex   2.181349e+00 8.704858e+00 3.846307e-01
      vertex   1.897085e+00 1.137152e+01 2.217375e-01
    endloop
  endfacet
  facet normal 9.733800e-01 1.135510e-01 1.990917e-01
    outer loop
      vertex   2.453308e+00 6.038191e+00 5.759156e-01
      vertex   2.482413e+00 6.038191e+00 4.336191e-01
      vertex   2.181349e+00 8.704858e+00 3.846307e-01
    endloop
  endfacet
  facet normal 9.830333e-01 1.136287e-01 1.439932e-01
    outer loop
      vertex   2.181349e+00 8.704858e+00 3.846307e-01
      vertex   2.482413e+00 6.038191e+00 4.336191e-01
      vertex   2.200023e+00 8.704858e+00 2.571458e-01
    endloop
  endfacet
  facet normal 9.830381e-01 1.135867e-01 1.439939e-01
    outer loop
      vertex   2.181349e+00 8.704858e+00 3.846307e-01
      vertex   2.200023e+00 8.704858e+00 2.571458e-01
      vertex   1.897085e+00 1.137152e+01 2.217375e-01
    endloop
  endfacet
  facet normal 9.897551e-01 1.135864e-01 8.650364e-02
    outer loop
      vertex   1.897085e+00 1.137152e+01 2.217375e-01
      vertex   2.200023e+00 8.704858e+00 2.571458e-01
      vertex   1.906788e+00 1.137152e+01 1.107174e-01
    endloop
  endfacet
  facet normal 9.832320e-01 1.135630e-01 1.426824e-01
    outer loop
      vertex   2.482413e+00 6.038191e+00 4.336191e-01
      vertex   2.503272e+00 6.038191e+00 2.898821e-01
      vertex   2.200023e+00 8.704858e+00 2.571458e-01
    endloop
  endfacet
  facet normal 9.897596e-01 1.136145e-01 8.641531e-02
    outer loop
      vertex   2.200023e+00 8.704858e+00 2.571458e-01
      vertex   2.503272e+00 6.038191e+00 2.898821e-01
      vertex   2.211298e+00 8.704858e+00 1.280040e-01
    endloop
  endfacet
  facet normal 9.897633e-01 1.135825e-01 8.641563e-02
    outer loop
      vertex   2.200023e+00 8.704858e+00 2.571458e-01
      vertex   2.211298e+00 8.704858e+00 1.280040e-01
      vertex   1.906788e+00 1.137152e+01 1.107174e-01
    endloop
  endfacet
  facet normal 9.931098e-01 1.135912e-01 2.880813e-02
    outer loop
      vertex   1.906788e+00 1.137152e+01 1.107174e-01
      vertex   2.211298e+00 8.704858e+00 1.280040e-01
      vertex   1.910000e+00 1.137152e+01 0.000000e+00
    endloop
  endfacet
  facet normal 9.898168e-01 1.135834e-01 8.579928e-02
    outer loop
      vertex   2.503272e+00 6.038191e+00 2.898821e-01
      vertex   2.515814e+00 6.038191e+00 1.451822e-01
      vertex   2.211298e+00 8.704858e+00 1.280040e-01
    endloop
  endfacet
  facet normal 9.931123e-01 1.135920e-01 2.871978e-02
    outer loop
      vertex   2.211298e+00 8.704858e+00 1.280040e-01
      vertex   2.515814e+00 6.038191e+00 1.451822e-01
      vertex   2.215000e+00 8.704858e+00 0.000000e+00
    endloop
  endfacet
  facet normal 9.931128e-01 1.135873e-01 2.871980e-02
    outer loop
      vertex   2.211298e+00 8.704858e+00 1.280040e-01
      vertex   2.215000e+00 8.704858e+00 0.000000e+00
      vertex   1.910000e+00 1.137152e+01 0.000000e+00
    endloop
  endfacet
  facet normal 9.931128e-01 1.135873e-01 -2.871980e-02
    outer loop
      vertex   1.910000e+00 1.137152e+01 0.000000e+00
      vertex   2.215000e+00 8.704858e+00 0.000000e+00
      vertex   2.211298e+00 8.704858e+00 -1.280040e-01
    endloop
  endfacet
  facet normal -9.931078e-01 1.135867e-01 2.889648e-02
    outer loop
      vertex   -1.910000e+00 1.137152e+01 2.339075e-16
      vertex   -2.215000e+00 8.704858e+00 -2.712593e-16
      vertex   -1.906769e+00 1.137152e+01 1.110566e-01
    endloop
  endfacet
  facet normal -9.931078e-01 1.135867e-01 2.889648e-02
    outer loop
      vertex   -1.906769e+00 1.137152e+01 1.110566e-01
      vertex   -2.215000e+00 8.704858e+00 -2.712593e-16
      vertex   -2.211253e+00 8.704858e+00 1.287908e-01
    endloop
  endfacet
  facet normal -9.897474e-01 1.135867e-01 8.659168e-02
    outer loop
      vertex   -1.906769e+00 1.137152e+01 1.110566e-01
      vertex   -2.211253e+00 8.704858e+00 1.287908e-01
      vertex   -1.897085e+00 1.137152e+01 2.217375e-01
    endloop
  endfacet
  facet normal -9.897474e-01 1.135867e-01 8.659168e-02
    outer loop
      vertex   -1.897085e+00 1.137152e+01 2.217375e-01
      vertex   -2.211253e+00 8.704858e+00 1.287908e-01
      vertex   -2.200023e+00 8.704858e+00 2.571458e-01
    endloop
  endfacet
  facet normal -9.830381e-01 1.135867e-01 1.439939e-01
    outer loop
      vertex   -1.897085e+00 1.137152e+01 2.217375e-01
      vertex   -2.200023e+00 8.704858e+00 2.571458e-01
      vertex   -1.880983e+00 1.137152e+01 3.316680e-01
    endloop
  endfacet
  facet normal -9.931078e-01 1.135867e-01 -2.889648e-02
    outer loop
      vertex   -2.215000e+00 8.704858e+00 -2.712593e-16
      vertex   -1.910000e+00 1.137152e+01 2.339075e-16
      vertex   -2.211253e+00 8.704858e+00 -1.287908e-01
    endloop
  endfacet
  facet normal -9.931078e-01 1.135867e-01 -2.889648e-02
    outer loop
      vertex   -2.211253e+00 8.704858e+00 -1.287908e-01
      vertex   -1.910000e+00 1.137152e+01 2.339075e-16
      vertex   -1.906769e+00 1.137152e+01 -1.110566e-01
    endloop
  endfacet
  facet normal -9.897474e-01 1.135867e-01 -8.659168e-02
    outer loop
      vertex   -2.211253e+00 8.704858e+00 -1.287908e-01
      vertex   -1.906769e+00 1.137152e+01 -1.110566e-01
      vertex   -2.200023e+00 8.704858e+00 -2.571458e-01
    endloop
  endfacet
  facet normal -9.897474e-01 1.135867e-01 -8.659168e-02
    outer loop
      vertex   -2.200023e+00 8.704858e+00 -2.571458e-01
      vertex   -1.906769e+00 1.137152e+01 -1.110566e-01
      vertex   -1.897085e+00 1.137152e+01 -2.217375e-01
    endloop
  endfacet
  facet normal -9.830381e-01 1.135867e-01 -1.439939e-01
    outer loop
      vertex   -2.200023e+00 8.704858e+00 -2.571458e-01
      vertex   -1.897085e+00 1.137152e+01 -2.217375e-01
      vertex   -2.181349e+00 8.704858e+00 -3.846307e-01
    endloop
  endfacet
  facet normal -9.830381e-01 1.135867e-01 -1.439939e-01
    outer loop
      vertex   -2.181349e+00 8.704858e+00 -3.846307e-01
      vertex   -1.897085e+00 1.137152e+01 -2.217375e-01
      vertex   -1.880983e+00 1.137152e+01 -3.316680e-01
    endloop
  endfacet
  facet normal -9.730024e-01 1.135867e-01 -2.009088e-01
    outer loop
      vertex   -2.181349e+00 8.704858e+00 -3.846307e-01
      vertex   -1.880983e+00 1.137152e+01 -3.316680e-01
      vertex   -2.155294e+00 8.704858e+00 -5.108142e-01
    endloop
  endfacet
  facet normal 7.793390e-01 1.135867e-01 6.162214e-01
    outer loop
      vertex   1.463145e+00 1.137152e+01 1.227724e+00
      vertex   1.696788e+00 8.704858e+00 1.423775e+00
      vertex   1.532055e+00 1.137152e+01 1.140573e+00
    endloop
  endfacet
  facet normal 7.793390e-01 1.135867e-01 6.162214e-01
    outer loop
      vertex   1.532055e+00 1.137152e+01 1.140573e+00
      vertex   1.696788e+00 8.704858e+00 1.423775e+00
      vertex   1.776703e+00 8.704858e+00 1.322706e+00
    endloop
  endfacet
  facet normal 8.138506e-01 1.135867e-01 5.698643e-01
    outer loop
      vertex   1.532055e+00 1.137152e+01 1.140573e+00
      vertex   1.776703e+00 8.704858e+00 1.322706e+00
      vertex   1.595782e+00 1.137152e+01 1.049562e+00
    endloop
  endfacet
  facet normal 7.421904e-01 1.135867e-01 6.604934e-01
    outer loop
      vertex   1.696788e+00 8.704858e+00 1.423775e+00
      vertex   1.463145e+00 1.137152e+01 1.227724e+00
      vertex   1.611133e+00 8.704858e+00 1.520025e+00
    endloop
  endfacet
  facet normal 7.421904e-01 1.135867e-01 6.604934e-01
    outer loop
      vertex   1.611133e+00 8.704858e+00 1.520025e+00
      vertex   1.463145e+00 1.137152e+01 1.227724e+00
      vertex   1.389284e+00 1.137152e+01 1.310722e+00
    endloop
  endfacet
  facet normal 7.025304e-01 1.135867e-01 7.025304e-01
    outer loop
      vertex   1.611133e+00 8.704858e+00 1.520025e+00
      vertex   1.389284e+00 1.137152e+01 1.310722e+00
      vertex   1.520025e+00 8.704858e+00 1.611133e+00
    endloop
  endfacet
  facet normal 7.025304e-01 1.135867e-01 7.025304e-01
    outer loop
      vertex   1.520025e+00 8.704858e+00 1.611133e+00
      vertex   1.389284e+00 1.137152e+01 1.310722e+00
      vertex   1.310722e+00 1.137152e+01 1.389284e+00
    endloop
  endfacet
  facet normal 6.604934e-01 1.135867e-01 7.421904e-01
    outer loop
      vertex   1.520025e+00 8.704858e+00 1.611133e+00
      vertex   1.310722e+00 1.137152e+01 1.389284e+00
      vertex   1.423775e+00 8.704858e+00 1.696788e+00
    endloop
  endfacet
  facet normal 6.604934e-01 1.135867e-01 7.421904e-01
    outer loop
      vertex   1.423775e+00 8.704858e+00 1.696788e+00
      vertex   1.310722e+00 1.137152e+01 1.389284e+00
      vertex   1.227724e+00 1.137152e+01 1.463145e+00
    endloop
  endfacet
  facet normal 6.162214e-01 1.135867e-01 7.793390e-01
    outer loop
      vertex   1.423775e+00 8.704858e+00 1.696788e+00
      vertex   1.227724e+00 1.137152e+01 1.463145e+00
      vertex   1.322706e+00 8.704858e+00 1.776703e+00
    endloop
  endfacet
  facet normal 2.571440e-01 1.135867e-01 9.596744e-01
    outer loop
      vertex   5.108142e-01 8.704858e+00 2.155294e+00
      vertex   6.352692e-01 8.704858e+00 2.121947e+00
      vertex   5.477942e-01 1.137152e+01 1.829760e+00
    endloop
  endfacet
  facet normal 3.125091e-01 1.135867e-01 9.430992e-01
    outer loop
      vertex   5.477942e-01 1.137152e+01 1.829760e+00
      vertex   6.352692e-01 8.704858e+00 2.121947e+00
      vertex   6.532585e-01 1.137152e+01 1.794813e+00
    endloop
  endfacet
  facet normal 2.009088e-01 1.135867e-01 9.730024e-01
    outer loop
      vertex   3.846307e-01 8.704858e+00 2.181349e+00
      vertex   5.108142e-01 8.704858e+00 2.155294e+00
      vertex   4.404763e-01 1.137152e+01 1.858516e+00
    endloop
  endfacet
  facet normal 2.571440e-01 1.135867e-01 9.596744e-01
    outer loop
      vertex   4.404763e-01 1.137152e+01 1.858516e+00
      vertex   5.108142e-01 8.704858e+00 2.155294e+00
      vertex   5.477942e-01 1.137152e+01 1.829760e+00
    endloop
  endfacet
  facet normal 1.439939e-01 1.135867e-01 9.830381e-01
    outer loop
      vertex   2.571458e-01 8.704858e+00 2.200023e+00
      vertex   3.846307e-01 8.704858e+00 2.181349e+00
      vertex   3.316680e-01 1.137152e+01 1.880983e+00
    endloop
  endfacet
  facet normal 2.009088e-01 1.135867e-01 9.730024e-01
    outer loop
      vertex   3.316680e-01 1.137152e+01 1.880983e+00
      vertex   3.846307e-01 8.704858e+00 2.181349e+00
      vertex   4.404763e-01 1.137152e+01 1.858516e+00
    endloop
  endfacet
  facet normal 8.659168e-02 1.135867e-01 9.897474e-01
    outer loop
      vertex   1.287908e-01 8.704858e+00 2.211253e+00
      vertex   2.571458e-01 8.704858e+00 2.200023e+00
      vertex   2.217375e-01 1.137152e+01 1.897085e+00
    endloop
  endfacet
  facet normal 1.439939e-01 1.135867e-01 9.830381e-01
    outer loop
      vertex   2.217375e-01 1.137152e+01 1.897085e+00
      vertex   2.571458e-01 8.704858e+00 2.200023e+00
      vertex   3.316680e-01 1.137152e+01 1.880983e+00
    endloop
  endfacet
  facet normal 8.659168e-02 1.135867e-01 9.897474e-01
    outer loop
      vertex   2.217375e-01 1.137152e+01 1.897085e+00
      vertex   1.110566e-01 1.137152e+01 1.906769e+00
      vertex   1.287908e-01 8.704858e+00 2.211253e+00
    endloop
  endfacet
  facet normal 2.889648e-02 1.135867e-01 9.931078e-01
    outer loop
      vertex   1.287908e-01 8.704858e+00 2.211253e+00
      vertex   1.110566e-01 1.137152e+01 1.906769e+00
      vertex   1.356296e-16 8.704858e+00 2.215000e+00
    endloop
  endfacet
  facet normal -3.125091e-01 1.135867e-01 9.430992e-01
    outer loop
      vertex   -7.575746e-01 8.704858e+00 2.081419e+00
      vertex   -6.352692e-01 8.704858e+00 2.121947e+00
      vertex   -5.477942e-01 1.137152e+01 1.829760e+00
    endloop
  endfacet
  facet normal -2.571440e-01 1.135867e-01 9.596744e-01
    outer loop
      vertex   -5.477942e-01 1.137152e+01 1.829760e+00
      vertex   -6.352692e-01 8.704858e+00 2.121947e+00
      vertex   -4.404763e-01 1.137152e+01 1.858516e+00
    endloop
  endfacet
  facet normal -3.668167e-01 1.135867e-01 9.233329e-01
    outer loop
      vertex   -8.773167e-01 8.704858e+00 2.033849e+00
      vertex   -7.575746e-01 8.704858e+00 2.081419e+00
      vertex   -6.532585e-01 1.137152e+01 1.794813e+00
    endloop
  endfacet
  facet normal -3.125091e-01 1.135867e-01 9.430992e-01
    outer loop
      vertex   -6.532585e-01 1.137152e+01 1.794813e+00
      vertex   -7.575746e-01 8.704858e+00 2.081419e+00
      vertex   -5.477942e-01 1.137152e+01 1.829760e+00
    endloop
  endfacet
  facet normal -4.198831e-01 1.135867e-01 9.004422e-01
    outer loop
      vertex   -9.940902e-01 8.704858e+00 1.979396e+00
      vertex   -8.773167e-01 8.704858e+00 2.033849e+00
      vertex   -7.565124e-01 1.137152e+01 1.753793e+00
    endloop
  endfacet
  facet normal -3.668167e-01 1.135867e-01 9.233329e-01
    outer loop
      vertex   -7.565124e-01 1.137152e+01 1.753793e+00
      vertex   -8.773167e-01 8.704858e+00 2.033849e+00
      vertex   -6.532585e-01 1.137152e+01 1.794813e+00
    endloop
  endfacet
  facet normal -4.715288e-01 1.135867e-01 8.745048e-01
    outer loop
      vertex   -1.107500e+00 8.704858e+00 1.918246e+00
      vertex   -9.940902e-01 8.704858e+00 1.979396e+00
      vertex   -8.572064e-01 1.137152e+01 1.706838e+00
    endloop
  endfacet
  facet normal -4.198831e-01 1.135867e-01 9.004422e-01
    outer loop
      vertex   -8.572064e-01 1.137152e+01 1.706838e+00
      vertex   -9.940902e-01 8.704858e+00 1.979396e+00
      vertex   -7.565124e-01 1.137152e+01 1.753793e+00
    endloop
  endfacet
  facet normal -4.715288e-01 1.135867e-01 8.745048e-01
    outer loop
      vertex   -8.572064e-01 1.137152e+01 1.706838e+00
      vertex   -9.550000e-01 1.137152e+01 1.654109e+00
      vertex   -1.107500e+00 8.704858e+00 1.918246e+00
    endloop
  endfacet
  facet normal -5.215790e-01 1.135867e-01 8.456083e-01
    outer loop
      vertex   -1.107500e+00 8.704858e+00 1.918246e+00
      vertex   -9.550000e-01 1.137152e+01 1.654109e+00
      vertex   -1.217162e+00 8.704858e+00 1.850606e+00
    endloop
  endfacet
  facet normal -7.793390e-01 1.135867e-01 6.162214e-01
    outer loop
      vertex   -1.532055e+00 1.137152e+01 1.140573e+00
      vertex   -1.776703e+00 8.704858e+00 1.322706e+00
      vertex   -1.463145e+00 1.137152e+01 1.227724e+00
    endloop
  endfacet
  facet normal -7.793390e-01 1.135867e-01 6.162214e-01
    outer loop
      vertex   -1.463145e+00 1.137152e+01 1.227724e+00
      vertex   -1.776703e+00 8.704858e+00 1.322706e+00
      vertex   -1.696788e+00 8.704858e+00 1.423775e+00
    endloop
  endfacet
  facet normal -7.421904e-01 1.135867e-01 6.604934e-01
    outer loop
      vertex   -1.463145e+00 1.137152e+01 1.227724e+00
      vertex   -1.696788e+00 8.704858e+00 1.423775e+00
      vertex   -1.389284e+00 1.137152e+01 1.310722e+00
    endloop
  endfacet
  facet normal -8.138506e-01 1.135867e-01 5.698643e-01
    outer loop
      vertex   -1.776703e+00 8.704858e+00 1.322706e+00
      vertex   -1.532055e+00 1.137152e+01 1.140573e+00
      vertex   -1.850606e+00 8.704858e+00 1.217162e+00
    endloop
  endfacet
  facet normal -8.138506e-01 1.135867e-01 5.698643e-01
    outer loop
      vertex   -1.850606e+00 8.704858e+00 1.217162e+00
      vertex   -1.532055e+00 1.137152e+01 1.140573e+00
      vertex   -1.595782e+00 1.137152e+01 1.049562e+00
    endloop
  endfacet
  facet normal -8.456083e-01 1.135867e-01 5.215790e-01
    outer loop
      vertex   -1.850606e+00 8.704858e+00 1.217162e+00
      vertex   -1.595782e+00 1.137152e+01 1.049562e+00
      vertex   -1.918246e+00 8.704858e+00 1.107500e+00
    endloop
  endfacet
  facet normal -8.456083e-01 1.135867e-01 5.215790e-01
    outer loop
      vertex   -1.918246e+00 8.704858e+00 1.107500e+00
      vertex   -1.595782e+00 1.137152e+01 1.049562e+00
      vertex   -1.654109e+00 1.137152e+01 9.550000e-01
    endloop
  endfacet
  facet normal -8.745048e-01 1.135867e-01 4.715288e-01
    outer loop
      vertex   -1.918246e+00 8.704858e+00 1.107500e+00
      vertex   -1.654109e+00 1.137152e+01 9.550000e-01
      vertex   -1.979396e+00 8.704858e+00 9.940902e-01
    endloop
  endfacet
  facet normal -8.745048e-01 1.135867e-01 4.715288e-01
    outer loop
      vertex   -1.979396e+00 8.704858e+00 9.940902e-01
      vertex   -1.654109e+00 1.137152e+01 9.550000e-01
      vertex   -1.706838e+00 1.137152e+01 8.572064e-01
    endloop
  endfacet
  facet normal -9.004422e-01 1.135867e-01 4.198831e-01
    outer loop
      vertex   -1.979396e+00 8.704858e+00 9.940902e-01
      vertex   -1.706838e+00 1.137152e+01 8.572064e-01
      vertex   -2.033849e+00 8.704858e+00 8.773167e-01
    endloop
  endfacet
  facet normal -8.456083e-01 1.135867e-01 -5.215790e-01
    outer loop
      vertex   -1.850606e+00 8.704858e+00 -1.217162e+00
      vertex   -1.918246e+00 8.704858e+00 -1.107500e+00
      vertex   -1.654109e+00 1.137152e+01 -9.550000e-01
    endloop
  endfacet
  facet normal -8.745048e-01 1.135867e-01 -4.715288e-01
    outer loop
      vertex   -1.654109e+00 1.137152e+01 -9.550000e-01
      vertex   -1.918246e+00 8.704858e+00 -1.107500e+00
      vertex   -1.706838e+00 1.137152e+01 -8.572064e-01
    endloop
  endfacet
  facet normal -8.138506e-01 1.135867e-01 -5.698643e-01
    outer loop
      vertex   -1.776703e+00 8.704858e+00 -1.322706e+00
      vertex   -1.850606e+00 8.704858e+00 -1.217162e+00
      vertex   -1.595782e+00 1.137152e+01 -1.049562e+00
    endloop
  endfacet
  facet normal -8.456083e-01 1.135867e-01 -5.215790e-01
    outer loop
      vertex   -1.595782e+00 1.137152e+01 -1.049562e+00
      vertex   -1.850606e+00 8.704858e+00 -1.217162e+00
      vertex   -1.654109e+00 1.137152e+01 -9.550000e-01
    endloop
  endfacet
  facet normal -7.793390e-01 1.135867e-01 -6.162214e-01
    outer loop
      vertex   -1.696788e+00 8.704858e+00 -1.423775e+00
      vertex   -1.776703e+00 8.704858e+00 -1.322706e+00
      vertex   -1.532055e+00 1.137152e+01 -1.140573e+00
    endloop
  endfacet
  facet normal -8.138506e-01 1.135867e-01 -5.698643e-01
    outer loop
      vertex   -1.532055e+00 1.137152e+01 -1.140573e+00
      vertex   -1.776703e+00 8.704858e+00 -1.322706e+00
      vertex   -1.595782e+00 1.137152e+01 -1.049562e+00
    endloop
  endfacet
  facet normal -7.421904e-01 1.135867e-01 -6.604934e-01
    outer loop
      vertex   -1.611133e+00 8.704858e+00 -1.520025e+00
      vertex   -1.696788e+00 8.704858e+00 -1.423775e+00
      vertex   -1.463145e+00 1.137152e+01 -1.227724e+00
    endloop
  endfacet
  facet normal -7.793390e-01 1.135867e-01 -6.162214e-01
    outer loop
      vertex   -1.463145e+00 1.137152e+01 -1.227724e+00
      vertex   -1.696788e+00 8.704858e+00 -1.423775e+00
      vertex   -1.532055e+00 1.137152e+01 -1.140573e+00
    endloop
  endfacet
  facet normal -7.421904e-01 1.135867e-01 -6.604934e-01
    outer loop
      vertex   -1.463145e+00 1.137152e+01 -1.227724e+00
      vertex   -1.389284e+00 1.137152e+01 -1.310722e+00
      vertex   -1.611133e+00 8.704858e+00 -1.520025e+00
    endloop
  endfacet
  facet normal -7.025304e-01 1.135867e-01 -7.025304e-01
    outer loop
      vertex   -1.611133e+00 8.704858e+00 -1.520025e+00
      vertex   -1.389284e+00 1.137152e+01 -1.310722e+00
      vertex   -1.520025e+00 8.704858e+00 -1.611133e+00
    endloop
  endfacet
  facet normal -4.198831e-01 1.135867e-01 -9.004422e-01
    outer loop
      vertex   -8.773167e-01 8.704858e+00 -2.033849e+00
      vertex   -9.940902e-01 8.704858e+00 -1.979396e+00
      vertex   -8.572064e-01 1.137152e+01 -1.706838e+00
    endloop
  endfacet
  facet normal -4.715288e-01 1.135867e-01 -8.745048e-01
    outer loop
      vertex   -8.572064e-01 1.137152e+01 -1.706838e+00
      vertex   -9.940902e-01 8.704858e+00 -1.979396e+00
      vertex   -9.550000e-01 1.137152e+01 -1.654109e+00
    endloop
  endfacet
  facet normal -3.668167e-01 1.135867e-01 -9.233329e-01
    outer loop
      vertex   -7.575746e-01 8.704858e+00 -2.081419e+00
      vertex   -8.773167e-01 8.704858e+00 -2.033849e+00
      vertex   -7.565124e-01 1.137152e+01 -1.753793e+00
    endloop
  endfacet
  facet normal -4.198831e-01 1.135867e-01 -9.004422e-01
    outer loop
      vertex   -7.565124e-01 1.137152e+01 -1.753793e+00
      vertex   -8.773167e-01 8.704858e+00 -2.033849e+00
      vertex   -8.572064e-01 1.137152e+01 -1.706838e+00
    endloop
  endfacet
  facet normal -3.125091e-01 1.135867e-01 -9.430992e-01
    outer loop
      vertex   -6.352692e-01 8.704858e+00 -2.121947e+00
      vertex   -7.575746e-01 8.704858e+00 -2.081419e+00
      vertex   -6.532585e-01 1.137152e+01 -1.794813e+00
    endloop
  endfacet
  facet normal -3.668167e-01 1.135867e-01 -9.233329e-01
    outer loop
      vertex   -6.532585e-01 1.137152e+01 -1.794813e+00
      vertex   -7.575746e-01 8.704858e+00 -2.081419e+00
      vertex   -7.565124e-01 1.137152e+01 -1.753793e+00
    endloop
  endfacet
  facet normal -2.571440e-01 1.135867e-01 -9.596744e-01
    outer loop
      vertex   -5.108142e-01 8.704858e+00 -2.155294e+00
      vertex   -6.352692e-01 8.704858e+00 -2.121947e+00
      vertex   -5.477942e-01 1.137152e+01 -1.829760e+00
    endloop
  endfacet
  facet normal -3.125091e-01 1.135867e-01 -9.430992e-01
    outer loop
      vertex   -5.477942e-01 1.137152e+01 -1.829760e+00
      vertex   -6.352692e-01 8.704858e+00 -2.121947e+00
      vertex   -6.532585e-01 1.137152e+01 -1.794813e+00
    endloop
  endfacet
  facet normal -2.009088e-01 1.135867e-01 -9.730024e-01
    outer loop
      vertex   -3.846307e-01 8.704858e+00 -2.181349e+00
      vertex   -5.108142e-01 8.704858e+00 -2.155294e+00
      vertex   -4.404763e-01 1.137152e+01 -1.858516e+00
    endloop
  endfacet
  facet normal -2.571440e-01 1.135867e-01 -9.596744e-01
    outer loop
      vertex   -4.404763e-01 1.137152e+01 -1.858516e+00
      vertex   -5.108142e-01 8.704858e+00 -2.155294e+00
      vertex   -5.477942e-01 1.137152e+01 -1.829760e+00
    endloop
  endfacet
  facet normal 1.439939e-01 1.135867e-01 -9.830381e-01
    outer loop
      vertex   3.316680e-01 1.137152e+01 -1.880983e+00
      vertex   3.846307e-01 8.704858e+00 -2.181349e+00
      vertex   2.217375e-01 1.137152e+01 -1.897085e+00
    endloop
  endfacet
  facet normal 1.439939e-01 1.135867e-01 -9.830381e-01
    outer loop
      vertex   2.217375e-01 1.137152e+01 -1.897085e+00
      vertex   3.846307e-01 8.704858e+00 -2.181349e+00
      vertex   2.571458e-01 8.704858e+00 -2.200023e+00
    endloop
  endfacet
  facet normal 8.659168e-02 1.135867e-01 -9.897474e-01
    outer loop
      vertex   2.217375e-01 1.137152e+01 -1.897085e+00
      vertex   2.571458e-01 8.704858e+00 -2.200023e+00
      vertex   1.110566e-01 1.137152e+01 -1.906769e+00
    endloop
  endfacet
  facet normal 2.009088e-01 1.135867e-01 -9.730024e-01
    outer loop
      vertex   3.846307e-01 8.704858e+00 -2.181349e+00
      vertex   3.316680e-01 1.137152e+01 -1.880983e+00
      vertex   5.108142e-01 8.704858e+00 -2.155294e+00
    endloop
  endfacet
  facet normal 2.009088e-01 1.135867e-01 -9.730024e-01
    outer loop
      vertex   5.108142e-01 8.704858e+00 -2.155294e+00
      vertex   3.316680e-01 1.137152e+01 -1.880983e+00
      vertex   4.404763e-01 1.137152e+01 -1.858516e+00
    endloop
  endfacet
  facet normal 2.571440e-01 1.135867e-01 -9.596744e-01
    outer loop
      vertex   5.108142e-01 8.704858e+00 -2.155294e+00
      vertex   4.404763e-01 1.137152e+01 -1.858516e+00
      vertex   6.352692e-01 8.704858e+00 -2.121947e+00
    endloop
  endfacet
  facet normal 2.571440e-01 1.135867e-01 -9.596744e-01
    outer loop
      vertex   6.352692e-01 8.704858e+00 -2.121947e+00
      vertex   4.404763e-01 1.137152e+01 -1.858516e+00
      vertex   5.477942e-01 1.137152e+01 -1.829760e+00
    endloop
  endfacet
  facet normal 3.125091e-01 1.135867e-01 -9.430992e-01
    outer loop
      vertex   6.352692e-01 8.704858e+00 -2.121947e+00
      vertex   5.477942e-01 1.137152e+01 -1.829760e+00
      vertex   7.575746e-01 8.704858e+00 -2.081419e+00
    endloop
  endfacet
  facet normal 3.125091e-01 1.135867e-01 -9.430992e-01
    outer loop
      vertex   7.575746e-01 8.704858e+00 -2.081419e+00
      vertex   5.477942e-01 1.137152e+01 -1.829760e+00
      vertex   6.532585e-01 1.137152e+01 -1.794813e+00
    endloop
  endfacet
  facet normal 3.668167e-01 1.135867e-01 -9.233329e-01
    outer loop
      vertex   7.575746e-01 8.704858e+00 -2.081419e+00
      vertex   6.532585e-01 1.137152e+01 -1.794813e+00
      vertex   8.773167e-01 8.704858e+00 -2.033849e+00
    endloop
  endfacet
  facet normal 7.025304e-01 1.135867e-01 -7.025304e-01
    outer loop
      vertex   1.611133e+00 8.704858e+00 -1.520025e+00
      vertex   1.520025e+00 8.704858e+00 -1.611133e+00
      vertex   1.310722e+00 1.137152e+01 -1.389284e+00
    endloop
  endfacet
  facet normal 6.604934e-01 1.135867e-01 -7.421904e-01
    outer loop
      vertex   1.310722e+00 1.137152e+01 -1.389284e+00
      vertex   1.520025e+00 8.704858e+00 -1.611133e+00
      vertex   1.227724e+00 1.137152e+01 -1.463145e+00
    endloop
  endfacet
  facet normal 7.421904e-01 1.135867e-01 -6.604934e-01
    outer loop
      vertex   1.696788e+00 8.704858e+00 -1.423775e+00
      vertex   1.611133e+00 8.704858e+00 -1.520025e+00
      vertex   1.389284e+00 1.137152e+01 -1.310722e+00
    endloop
  endfacet
  facet normal 7.025304e-01 1.135867e-01 -7.025304e-01
    outer loop
      vertex   1.389284e+00 1.137152e+01 -1.310722e+00
      vertex   1.611133e+00 8.704858e+00 -1.520025e+00
      vertex   1.310722e+00 1.137152e+01 -1.389284e+00
    endloop
  endfacet
  facet normal 7.793390e-01 1.135867e-01 -6.162214e-01
    outer loop
      vertex   1.776703e+00 8.704858e+00 -1.322706e+00
      vertex   1.696788e+00 8.704858e+00 -1.423775e+00
      vertex   1.463145e+00 1.137152e+01 -1.227724e+00
    endloop
  endfacet
  facet normal 7.421904e-01 1.135867e-01 -6.604934e-01
    outer loop
      vertex   1.463145e+00 1.137152e+01 -1.227724e+00
      vertex   1.696788e+00 8.704858e+00 -1.423775e+00
      vertex   1.389284e+00 1.137152e+01 -1.310722e+00
    endloop
  endfacet
  facet normal 8.138506e-01 1.135867e-01 -5.698643e-01
    outer loop
      vertex   1.850606e+00 8.704858e+00 -1.217162e+00
      vertex   1.776703e+00 8.704858e+00 -1.322706e+00
      vertex   1.532055e+00 1.137152e+01 -1.140573e+00
    endloop
  endfacet
  facet normal 7.793390e-01 1.135867e-01 -6.162214e-01
    outer loop
      vertex   1.532055e+00 1.137152e+01 -1.140573e+00
      vertex   1.776703e+00 8.704858e+00 -1.322706e+00
      vertex   1.463145e+00 1.137152e+01 -1.227724e+00
    endloop
  endfacet
  facet normal 8.138506e-01 1.135867e-01 -5.698643e-01
    outer loop
      vertex   1.532055e+00 1.137152e+01 -1.140573e+00
      vertex   1.595782e+00 1.137152e+01 -1.049562e+00
      vertex   1.850606e+00 8.704858e+00 -1.217162e+00
    endloop
  endfacet
  facet normal 8.456083e-01 1.135867e-01 -5.215790e-01
    outer loop
      vertex   1.850606e+00 8.704858e+00 -1.217162e+00
      vertex   1.595782e+00 1.137152e+01 -1.049562e+00
      vertex   1.918246e+00 8.704858e+00 -1.107500e+00
    endloop
  endfacet
  facet normal 9.730024e-01 1.135867e-01 -2.009088e-01
    outer loop
      vertex   2.181349e+00 8.704858e+00 -3.846307e-01
      vertex   2.155294e+00 8.704858e+00 -5.108142e-01
      vertex   1.858516e+00 1.137152e+01 -4.404763e-01
    endloop
  endfacet
  facet normal 9.596744e-01 1.135867e-01 -2.571440e-01
    outer loop
      vertex   1.858516e+00 1.137152e+01 -4.404763e-01
      vertex   2.155294e+00 8.704858e+00 -5.108142e-01
      vertex   1.829760e+00 1.137152e+01 -5.477942e-01
    endloop
  endfacet
  facet normal 9.830381e-01 1.135867e-01 -1.439939e-01
    outer loop
      vertex   2.200023e+00 8.704858e+00 -2.571458e-01
      vertex   2.181349e+00 8.704858e+00 -3.846307e-01
      vertex   1.880983e+00 1.137152e+01 -3.316680e-01
    endloop
  endfacet
  facet normal 9.730024e-01 1.135867e-01 -2.009088e-01
    outer loop
      vertex   1.880983e+00 1.137152e+01 -3.316680e-01
      vertex   2.181349e+00 8.704858e+00 -3.846307e-01
      vertex   1.858516e+00 1.137152e+01 -4.404763e-01
    endloop
  endfacet
  facet normal 9.897551e-01 1.135864e-01 -8.650364e-02
    outer loop
      vertex   1.906788e+00 1.137152e+01 -1.107174e-01
      vertex   2.200023e+00 8.704858e+00 -2.571458e-01
      vertex   1.897085e+00 1.137152e+01 -2.217375e-01
    endloop
  endfacet
  facet normal 9.830381e-01 1.135867e-01 -1.439939e-01
    outer loop
      vertex   1.897085e+00 1.137152e+01 -2.217375e-01
      vertex   2.200023e+00 8.704858e+00 -2.571458e-01
      vertex   1.880983e+00 1.137152e+01 -3.316680e-01
    endloop
  endfacet
  facet normal 9.995847e-01 0.000000e+00 2.881796e-02
    outer loop
      vertex   2.515814e+00 6.038191e+00 1.451822e-01
      vertex   2.515814e+00 3.019096e+00 1.451822e-01
      vertex   2.520000e+00 6.038191e+00 0.000000e+00
    endloop
  endfacet
  facet normal 9.995847e-01 0.000000e+00 2.881796e-02
    outer loop
      vertex   2.520000e+00 6.038191e+00 0.000000e+00
      vertex   2.515814e+00 3.019096e+00 1.451822e-01
      vertex   2.520000e+00 3.019096e+00 0.000000e+00
    endloop
  endfacet
  facet normal 9.995847e-01 0.000000e+00 -2.881796e-02
    outer loop
      vertex   2.520000e+00 6.038191e+00 0.000000e+00
      vertex   2.520000e+00 3.019096e+00 0.000000e+00
      vertex   2.515814e+00 6.038191e+00 -1.451822e-01
    endloop
  endfacet
  facet normal 9.995847e-01 0.000000e+00 -2.881796e-02
    outer loop
      vertex   2.515814e+00 6.038191e+00 -1.451822e-01
      vertex   2.520000e+00 3.019096e+00 0.000000e+00
      vertex   2.515814e+00 3.019096e+00 -1.451822e-01
    endloop
  endfacet
  facet normal 9.962642e-01 0.000000e+00 -8.635815e-02
    outer loop
      vertex   2.515814e+00 6.038191e+00 -1.451822e-01
      vertex   2.515814e+00 3.019096e+00 -1.451822e-01
      vertex   2.503272e+00 6.038191e+00 -2.898821e-01
    endloop
  endfacet
  facet normal 9.962179e-01 -2.567713e-05 -8.688989e-02
    outer loop
      vertex   2.503272e+00 6.038191e+00 -2.898821e-01
      vertex   2.515814e+00 3.019096e+00 -1.451822e-01
      vertex   2.502961e+00 3.019096e+00 -2.925541e-01
    endloop
  endfacet
  facet normal 9.896341e-01 2.520176e-05 -1.436115e-01
    outer loop
      vertex   2.503272e+00 6.038191e+00 -2.898821e-01
      vertex   2.502961e+00 3.019096e+00 -2.925541e-01
      vertex   2.482413e+00 6.038191e+00 -4.336191e-01
    endloop
  endfacet
  facet normal 9.894416e-01 -3.780263e-05 -1.449319e-01
    outer loop
      vertex   2.482413e+00 6.038191e+00 -4.336191e-01
      vertex   2.502961e+00 3.019096e+00 -2.925541e-01
      vertex   2.481716e+00 3.019096e+00 -4.375934e-01
    endloop
  endfacet
  facet normal 9.797167e-01 3.744610e-05 -2.003877e-01
    outer loop
      vertex   2.482413e+00 6.038191e+00 -4.336191e-01
      vertex   2.481716e+00 3.019096e+00 -4.375934e-01
      vertex   2.453308e+00 6.038191e+00 -5.759156e-01
    endloop
  endfacet
  facet normal 9.793406e-01 -4.992813e-05 -2.022176e-01
    outer loop
      vertex   2.453308e+00 6.038191e+00 -5.759156e-01
      vertex   2.481716e+00 3.019096e+00 -4.375934e-01
      vertex   2.452073e+00 3.019096e+00 -5.811520e-01
    endloop
  endfacet
  facet normal 9.665447e-01 4.945275e-05 -2.564983e-01
    outer loop
      vertex   2.453308e+00 6.038191e+00 -5.759156e-01
      vertex   2.452073e+00 3.019096e+00 -5.811520e-01
      vertex   2.416054e+00 6.038191e+00 -7.162990e-01
    endloop
  endfacet
  facet normal 9.659258e-01 -6.181592e-05 -2.588190e-01
    outer loop
      vertex   2.416054e+00 6.038191e+00 -7.162990e-01
      vertex   2.452073e+00 3.019096e+00 -5.811520e-01
      vertex   2.414134e+00 3.019096e+00 -7.227441e-01
    endloop
  endfacet
  facet normal 9.501619e-01 6.122169e-05 -3.117568e-01
    outer loop
      vertex   2.416054e+00 6.038191e+00 -7.162990e-01
      vertex   2.414134e+00 3.019096e+00 -7.227441e-01
      vertex   2.370773e+00 6.038191e+00 -8.543029e-01
    endloop
  endfacet
  facet normal 9.492426e-01 -7.346602e-05 -3.145448e-01
    outer loop
      vertex   2.370773e+00 6.038191e+00 -8.543029e-01
      vertex   2.414134e+00 3.019096e+00 -7.227441e-01
      vertex   2.368025e+00 3.019096e+00 -8.618908e-01
    endloop
  endfacet
  facet normal 9.306228e-01 7.275293e-05 -3.659797e-01
    outer loop
      vertex   2.370773e+00 6.038191e+00 -8.543029e-01
      vertex   2.368025e+00 3.019096e+00 -8.618908e-01
      vertex   2.317618e+00 6.038191e+00 -9.894689e-01
    endloop
  endfacet
  facet normal 9.293475e-01 -8.487841e-05 -3.692061e-01
    outer loop
      vertex   2.317618e+00 6.038191e+00 -9.894689e-01
      vertex   2.368025e+00 3.019096e+00 -8.618908e-01
      vertex   2.313905e+00 3.019096e+00 -9.981210e-01
    endloop
  endfacet
  facet normal 9.079923e-01 8.404647e-05 -4.189869e-01
    outer loop
      vertex   2.317618e+00 6.038191e+00 -9.894689e-01
      vertex   2.313905e+00 3.019096e+00 -9.981210e-01
      vertex   2.256763e+00 6.038191e+00 -1.121348e+00
    endloop
  endfacet
  facet normal 9.063078e-01 -9.605309e-05 -4.226183e-01
    outer loop
      vertex   2.256763e+00 6.038191e+00 -1.121348e+00
      vertex   2.313905e+00 3.019096e+00 -9.981210e-01
      vertex   2.251954e+00 3.019096e+00 -1.130974e+00
    endloop
  endfacet
  facet normal 8.823455e-01 9.510230e-05 -4.706022e-01
    outer loop
      vertex   2.256763e+00 6.038191e+00 -1.121348e+00
      vertex   2.251954e+00 3.019096e+00 -1.130974e+00
      vertex   2.188411e+00 6.038191e+00 -1.249502e+00
    endloop
  endfacet
  facet normal 8.802014e-01 -1.069901e-04 -4.746004e-01
    outer loop
      vertex   2.188411e+00 6.038191e+00 -1.249502e+00
      vertex   2.251954e+00 3.019096e+00 -1.130974e+00
      vertex   2.182384e+00 3.019096e+00 -1.260000e+00
    endloop
  endfacet
  facet normal 8.537676e-01 1.059204e-04 -5.206542e-01
    outer loop
      vertex   2.188411e+00 6.038191e+00 -1.249502e+00
      vertex   2.182384e+00 3.019096e+00 -1.260000e+00
      vertex   2.112790e+00 6.038191e+00 -1.373505e+00
    endloop
  endfacet
  facet normal 8.511167e-01 -1.176893e-04 -5.249766e-01
    outer loop
      vertex   2.112790e+00 6.038191e+00 -1.373505e+00
      vertex   2.182384e+00 3.019096e+00 -1.260000e+00
      vertex   2.105429e+00 3.019096e+00 -1.384763e+00
    endloop
  endfacet
  facet normal 8.223536e-01 1.165008e-04 -5.689767e-01
    outer loop
      vertex   2.112790e+00 6.038191e+00 -1.373505e+00
      vertex   2.105429e+00 3.019096e+00 -1.384763e+00
      vertex   2.030151e+00 6.038191e+00 -1.492946e+00
    endloop
  endfacet
  facet normal 8.191520e-01 -1.281509e-04 -5.735764e-01
    outer loop
      vertex   2.030151e+00 6.038191e+00 -1.492946e+00
      vertex   2.105429e+00 3.019096e+00 -1.384763e+00
      vertex   2.021350e+00 3.019096e+00 -1.504840e+00
    endloop
  endfacet
  facet normal 7.882079e-01 1.268435e-04 -6.154091e-01
    outer loop
      vertex   2.030151e+00 6.038191e+00 -1.492946e+00
      vertex   2.021350e+00 3.019096e+00 -1.504840e+00
      vertex   1.940767e+00 6.038191e+00 -1.607427e+00
    endloop
  endfacet
  facet normal 7.844157e-01 -1.383747e-04 -6.202355e-01
    outer loop
      vertex   1.940767e+00 6.038191e+00 -1.607427e+00
      vertex   2.021350e+00 3.019096e+00 -1.504840e+00
      vertex   1.930432e+00 3.019096e+00 -1.619825e+00
    endloop
  endfacet
  facet normal 7.514438e-01 1.369485e-04 -6.597971e-01
    outer loop
      vertex   1.940767e+00 6.038191e+00 -1.607427e+00
      vertex   1.930432e+00 3.019096e+00 -1.619825e+00
      vertex   1.844937e+00 6.038191e+00 -1.716569e+00
    endloop
  endfacet
  facet normal 7.470251e-01 -1.483608e-04 -6.647959e-01
    outer loop
      vertex   1.844937e+00 6.038191e+00 -1.716569e+00
      vertex   1.930432e+00 3.019096e+00 -1.619825e+00
      vertex   1.832982e+00 3.019096e+00 -1.729329e+00
    endloop
  endfacet
  facet normal 7.121834e-01 1.468157e-04 -7.019934e-01
    outer loop
      vertex   1.844937e+00 6.038191e+00 -1.716569e+00
      vertex   1.832982e+00 3.019096e+00 -1.729329e+00
      vertex   1.742977e+00 6.038191e+00 -1.820008e+00
    endloop
  endfacet
  facet normal 7.071068e-01 -1.581092e-04 -7.071068e-01
    outer loop
      vertex   1.742977e+00 6.038191e+00 -1.820008e+00
      vertex   1.832982e+00 3.019096e+00 -1.729329e+00
      vertex   1.729329e+00 3.019096e+00 -1.832982e+00
    endloop
  endfacet
  facet normal 6.705573e-01 1.564452e-04 -7.418577e-01
    outer loop
      vertex   1.742977e+00 6.038191e+00 -1.820008e+00
      vertex   1.729329e+00 3.019096e+00 -1.832982e+00
      vertex   1.635228e+00 6.038191e+00 -1.917402e+00
    endloop
  endfacet
  facet normal 6.647959e-01 -1.676198e-04 -7.470251e-01
    outer loop
      vertex   1.635228e+00 6.038191e+00 -1.917402e+00
      vertex   1.729329e+00 3.019096e+00 -1.832982e+00
      vertex   1.619825e+00 3.019096e+00 -1.930432e+00
    endloop
  endfacet
  facet normal 6.267036e-01 1.658370e-04 -7.792577e-01
    outer loop
      vertex   1.635228e+00 6.038191e+00 -1.917402e+00
      vertex   1.619825e+00 3.019096e+00 -1.930432e+00
      vertex   1.522047e+00 6.038191e+00 -2.008426e+00
    endloop
  endfacet
  facet normal 6.202355e-01 -1.768927e-04 -7.844157e-01
    outer loop
      vertex   1.522047e+00 6.038191e+00 -2.008426e+00
      vertex   1.619825e+00 3.019096e+00 -1.930432e+00
      vertex   1.504840e+00 3.019096e+00 -2.021350e+00
    endloop
  endfacet
  facet normal 5.807681e-01 1.749910e-04 -8.140690e-01
    outer loop
      vertex   1.522047e+00 6.038191e+00 -2.008426e+00
      vertex   1.504840e+00 3.019096e+00 -2.021350e+00
      vertex   1.403809e+00 6.038191e+00 -2.092778e+00
    endloop
  endfacet
  facet normal 5.735764e-01 -1.859279e-04 -8.191520e-01
    outer loop
      vertex   1.403809e+00 6.038191e+00 -2.092778e+00
      vertex   1.504840e+00 3.019096e+00 -2.021350e+00
      vertex   1.384763e+00 3.019096e+00 -2.105429e+00
    endloop
  endfacet
  facet normal 5.329034e-01 1.839073e-04 -8.461761e-01
    outer loop
      vertex   1.403809e+00 6.038191e+00 -2.092778e+00
      vertex   1.384763e+00 3.019096e+00 -2.105429e+00
      vertex   1.280908e+00 6.038191e+00 -2.170178e+00
    endloop
  endfacet
  facet normal 5.249766e-01 -1.947253e-04 -8.511167e-01
    outer loop
      vertex   1.280908e+00 6.038191e+00 -2.170178e+00
      vertex   1.384763e+00 3.019096e+00 -2.105429e+00
      vertex   1.260000e+00 3.019096e+00 -2.182384e+00
    endloop
  endfacet
  facet normal 4.832684e-01 1.925859e-04 -8.754722e-01
    outer loop
      vertex   1.280908e+00 6.038191e+00 -2.170178e+00
      vertex   1.260000e+00 3.019096e+00 -2.182384e+00
      vertex   1.153753e+00 6.038191e+00 -2.240369e+00
    endloop
  endfacet
  facet normal 4.746004e-01 -2.032850e-04 -8.802014e-01
    outer loop
      vertex   1.153753e+00 6.038191e+00 -2.240369e+00
      vertex   1.260000e+00 3.019096e+00 -2.182384e+00
      vertex   1.130974e+00 3.019096e+00 -2.251954e+00
    endloop
  endfacet
  facet normal 4.320280e-01 2.010267e-04 -9.018602e-01
    outer loop
      vertex   1.153753e+00 6.038191e+00 -2.240369e+00
      vertex   1.130974e+00 3.019096e+00 -2.251954e+00
      vertex   1.022764e+00 6.038191e+00 -2.303118e+00
    endloop
  endfacet
  facet normal 4.226183e-01 -2.116070e-04 -9.063078e-01
    outer loop
      vertex   1.022764e+00 6.038191e+00 -2.303118e+00
      vertex   1.130974e+00 3.019096e+00 -2.251954e+00
      vertex   9.981210e-01 3.019096e+00 -2.313905e+00
    endloop
  endfacet
  facet normal 3.793524e-01 2.092298e-04 -9.252522e-01
    outer loop
      vertex   1.022764e+00 6.038191e+00 -2.303118e+00
      vertex   9.981210e-01 3.019096e+00 -2.313905e+00
      vertex   8.883782e-01 6.038191e+00 -2.358216e+00
    endloop
  endfacet
  facet normal 3.692061e-01 -2.196912e-04 -9.293475e-01
    outer loop
      vertex   8.883782e-01 6.038191e+00 -2.358216e+00
      vertex   9.981210e-01 3.019096e+00 -2.313905e+00
      vertex   8.618908e-01 3.019096e+00 -2.368025e+00
    endloop
  endfacet
  facet normal 3.254167e-01 2.171952e-04 -9.455707e-01
    outer loop
      vertex   8.883782e-01 6.038191e+00 -2.358216e+00
      vertex   8.618908e-01 3.019096e+00 -2.368025e+00
      vertex   7.510411e-01 6.038191e+00 -2.405481e+00
    endloop
  endfacet
  facet normal 3.145447e-01 -2.275377e-04 -9.492426e-01
    outer loop
      vertex   7.510411e-01 6.038191e+00 -2.405481e+00
      vertex   8.618908e-01 3.019096e+00 -2.368025e+00
      vertex   7.227441e-01 3.019096e+00 -2.414134e+00
    endloop
  endfacet
  facet normal 2.704000e-01 2.249228e-04 -9.627480e-01
    outer loop
      vertex   7.510411e-01 6.038191e+00 -2.405481e+00
      vertex   7.227441e-01 3.019096e+00 -2.414134e+00
      vertex   6.112091e-01 6.038191e+00 -2.444754e+00
    endloop
  endfacet
  facet normal 2.588190e-01 -2.351464e-04 -9.659258e-01
    outer loop
      vertex   6.112091e-01 6.038191e+00 -2.444754e+00
      vertex   7.227441e-01 3.019096e+00 -2.414134e+00
      vertex   5.811520e-01 3.019096e+00 -2.452073e+00
    endloop
  endfacet
  facet normal 2.144851e-01 2.324126e-04 -9.767272e-01
    outer loop
      vertex   6.112091e-01 6.038191e+00 -2.444754e+00
      vertex   5.811520e-01 3.019096e+00 -2.452073e+00
      vertex   4.693468e-01 6.038191e+00 -2.475907e+00
    endloop
  endfacet
  facet normal 2.022176e-01 -2.425174e-04 -9.793406e-01
    outer loop
      vertex   4.693468e-01 6.038191e+00 -2.475907e+00
      vertex   5.811520e-01 3.019096e+00 -2.452073e+00
      vertex   4.375934e-01 3.019096e+00 -2.481716e+00
    endloop
  endfacet
  facet normal 1.578577e-01 2.396647e-04 -9.874618e-01
    outer loop
      vertex   4.693468e-01 6.038191e+00 -2.475907e+00
      vertex   4.375934e-01 3.019096e+00 -2.481716e+00
      vertex   3.259254e-01 6.038191e+00 -2.498834e+00
    endloop
  endfacet
  facet normal 1.449319e-01 -2.496506e-04 -9.894416e-01
    outer loop
      vertex   3.259254e-01 6.038191e+00 -2.498834e+00
      vertex   4.375934e-01 3.019096e+00 -2.481716e+00
      vertex   2.925541e-01 3.019096e+00 -2.502961e+00
    endloop
  endfacet
  facet normal 1.007058e-01 2.466790e-04 -9.949162e-01
    outer loop
      vertex   3.259254e-01 6.038191e+00 -2.498834e+00
      vertex   2.925541e-01 3.019096e+00 -2.502961e+00
      vertex   1.814212e-01 6.038191e+00 -2.513461e+00
    endloop
  endfacet
  facet normal 8.715574e-02 -2.565461e-04 -9.961947e-01
    outer loop
      vertex   1.814212e-01 6.038191e+00 -2.513461e+00
      vertex   2.925541e-01 3.019096e+00 -2.502961e+00
      vertex   1.465250e-01 3.019096e+00 -2.515737e+00
    endloop
  endfacet
  facet normal 4.321946e-02 2.534556e-04 -9.990656e-01
    outer loop
      vertex   1.814212e-01 6.038191e+00 -2.513461e+00
      vertex   1.465250e-01 3.019096e+00 -2.515737e+00
      vertex   3.631440e-02 6.038191e+00 -2.519738e+00
    endloop
  endfacet
  facet normal 2.908472e-02 -2.632038e-04 -9.995769e-01
    outer loop
      vertex   3.631440e-02 6.038191e+00 -2.519738e+00
      vertex   1.465250e-01 3.019096e+00 -2.515737e+00
      vertex   1.543055e-16 3.019096e+00 -2.520000e+00
    endloop
  endfacet
  facet normal -1.441048e-02 2.599945e-04 -9.998961e-01
    outer loop
      vertex   3.631440e-02 6.038191e+00 -2.519738e+00
      vertex   1.543055e-16 3.019096e+00 -2.520000e+00
      vertex   -1.089130e-01 6.038191e+00 -2.517645e+00
    endloop
  endfacet
  facet normal -2.908472e-02 -2.696237e-04 -9.995769e-01
    outer loop
      vertex   -1.089130e-01 6.038191e+00 -2.517645e+00
      vertex   1.543055e-16 3.019096e+00 -2.520000e+00
      vertex   -1.465250e-01 3.019096e+00 -2.515737e+00
    endloop
  endfacet
  facet normal -7.199254e-02 2.662955e-04 -9.974051e-01
    outer loop
      vertex   -1.089130e-01 6.038191e+00 -2.517645e+00
      vertex   -1.465250e-01 3.019096e+00 -2.515737e+00
      vertex   -2.537787e-01 6.038191e+00 -2.507189e+00
    endloop
  endfacet
  facet normal -8.715574e-02 -2.758059e-04 -9.961947e-01
    outer loop
      vertex   -2.537787e-01 6.038191e+00 -2.507189e+00
      vertex   -1.465250e-01 3.019096e+00 -2.515737e+00
      vertex   -2.925541e-01 3.019096e+00 -2.502961e+00
    endloop
  endfacet
  facet normal -1.293355e-01 2.723588e-04 -9.916009e-01
    outer loop
      vertex   -2.537787e-01 6.038191e+00 -2.507189e+00
      vertex   -2.925541e-01 3.019096e+00 -2.502961e+00
      vertex   -3.978013e-01 6.038191e+00 -2.488404e+00
    endloop
  endfacet
  facet normal -1.449319e-01 -2.817503e-04 -9.894416e-01
    outer loop
      vertex   -3.978013e-01 6.038191e+00 -2.488404e+00
      vertex   -2.925541e-01 3.019096e+00 -2.502961e+00
      vertex   -4.375934e-01 3.019096e+00 -2.481716e+00
    endloop
  endfacet
  facet normal -1.862487e-01 2.781844e-04 -9.825026e-01
    outer loop
      vertex   -3.978013e-01 6.038191e+00 -2.488404e+00
      vertex   -4.375934e-01 3.019096e+00 -2.481716e+00
      vertex   -5.405025e-01 6.038191e+00 -2.461353e+00
    endloop
  endfacet
  facet normal -2.022176e-01 -2.874570e-04 -9.793406e-01
    outer loop
      vertex   -5.405025e-01 6.038191e+00 -2.461353e+00
      vertex   -4.375934e-01 3.019096e+00 -2.481716e+00
      vertex   -5.811520e-01 3.019096e+00 -2.452073e+00
    endloop
  endfacet
  facet normal -2.425433e-01 2.837722e-04 -9.701405e-01
    outer loop
      vertex   -5.405025e-01 6.038191e+00 -2.461353e+00
      vertex   -5.811520e-01 3.019096e+00 -2.452073e+00
      vertex   -6.814081e-01 6.038191e+00 -2.426125e+00
    endloop
  endfacet
  facet normal -2.588190e-01 -2.929259e-04 -9.659258e-01
    outer loop
      vertex   -6.814081e-01 6.038191e+00 -2.426125e+00
      vertex   -5.811520e-01 3.019096e+00 -2.452073e+00
      vertex   -7.227441e-01 3.019096e+00 -2.414134e+00
    endloop
  endfacet
  facet normal -2.980322e-01 2.891222e-04 -9.545558e-01
    outer loop
      vertex   -6.814081e-01 6.038191e+00 -2.426125e+00
      vertex   -7.227441e-01 3.019096e+00 -2.414134e+00
      vertex   -8.200502e-01 6.038191e+00 -2.382838e+00
    endloop
  endfacet
  facet normal -3.145447e-01 -2.981570e-04 -9.492426e-01
    outer loop
      vertex   -8.200502e-01 6.038191e+00 -2.382838e+00
      vertex   -7.227441e-01 3.019096e+00 -2.414134e+00
      vertex   -8.618908e-01 3.019096e+00 -2.368025e+00
    endloop
  endfacet
  facet normal -3.525310e-01 2.942344e-04 -9.358001e-01
    outer loop
      vertex   -8.200502e-01 6.038191e+00 -2.382838e+00
      vertex   -8.618908e-01 3.019096e+00 -2.368025e+00
      vertex   -9.559682e-01 6.038191e+00 -2.331636e+00
    endloop
  endfacet
  facet normal -3.692061e-01 -3.031504e-04 -9.293475e-01
    outer loop
      vertex   -9.559682e-01 6.038191e+00 -2.331636e+00
      vertex   -8.618908e-01 3.019096e+00 -2.368025e+00
      vertex   -9.981210e-01 3.019096e+00 -2.313905e+00
    endloop
  endfacet
  facet normal -4.058588e-01 2.991089e-04 -9.139358e-01
    outer loop
      vertex   -9.559682e-01 6.038191e+00 -2.331636e+00
      vertex   -9.981210e-01 3.019096e+00 -2.313905e+00
      vertex   -1.088711e+00 6.038191e+00 -2.272688e+00
    endloop
  endfacet
  facet normal -4.226182e-01 -3.079060e-04 -9.063077e-01
    outer loop
      vertex   -1.088711e+00 6.038191e+00 -2.272688e+00
      vertex   -9.981210e-01 3.019096e+00 -2.313905e+00
      vertex   -1.130974e+00 3.019096e+00 -2.251954e+00
    endloop
  endfacet
  facet normal -4.578383e-01 3.037456e-04 -8.890354e-01
    outer loop
      vertex   -1.088711e+00 6.038191e+00 -2.272688e+00
      vertex   -1.130974e+00 3.019096e+00 -2.251954e+00
      vertex   -1.217836e+00 6.038191e+00 -2.206190e+00
    endloop
  endfacet
  facet normal -4.746003e-01 -3.124238e-04 -8.802013e-01
    outer loop
      vertex   -1.217836e+00 6.038191e+00 -2.206190e+00
      vertex   -1.130974e+00 3.019096e+00 -2.251954e+00
      vertex   -1.260000e+00 3.019096e+00 -2.182384e+00
    endloop
  endfacet
  facet normal -5.082970e-01 3.081445e-04 -8.611818e-01
    outer loop
      vertex   -1.217836e+00 6.038191e+00 -2.206190e+00
      vertex   -1.260000e+00 3.019096e+00 -2.182384e+00
      vertex   -1.342917e+00 6.038191e+00 -2.132364e+00
    endloop
  endfacet
  facet normal -5.249766e-01 -3.167038e-04 -8.511166e-01
    outer loop
      vertex   -1.342917e+00 6.038191e+00 -2.132364e+00
      vertex   -1.260000e+00 3.019096e+00 -2.182384e+00
      vertex   -1.384763e+00 3.019096e+00 -2.105429e+00
    endloop
  endfacet
  facet normal -5.570671e-01 3.123057e-04 -8.304674e-01
    outer loop
      vertex   -1.342917e+00 6.038191e+00 -2.132364e+00
      vertex   -1.384763e+00 3.019096e+00 -2.105429e+00
      vertex   -1.463536e+00 6.038191e+00 -2.051454e+00
    endloop
  endfacet
  facet normal -5.735764e-01 -3.207461e-04 -8.191520e-01
    outer loop
      vertex   -1.463536e+00 6.038191e+00 -2.051454e+00
      vertex   -1.384763e+00 3.019096e+00 -2.105429e+00
      vertex   -1.504840e+00 3.019096e+00 -2.021350e+00
    endloop
  endfacet
  facet normal -6.039867e-01 3.162291e-04 -7.969943e-01
    outer loop
      vertex   -1.463536e+00 6.038191e+00 -2.051454e+00
      vertex   -1.504840e+00 3.019096e+00 -2.021350e+00
      vertex   -1.579293e+00 6.038191e+00 -1.963729e+00
    endloop
  endfacet
  facet normal -6.202355e-01 -3.245506e-04 -7.844156e-01
    outer loop
      vertex   -1.579293e+00 6.038191e+00 -1.963729e+00
      vertex   -1.504840e+00 3.019096e+00 -2.021350e+00
      vertex   -1.619825e+00 3.019096e+00 -1.930432e+00
    endloop
  endfacet
  facet normal -6.488999e-01 3.199147e-04 -7.608737e-01
    outer loop
      vertex   -1.579293e+00 6.038191e+00 -1.963729e+00
      vertex   -1.619825e+00 3.019096e+00 -1.930432e+00
      vertex   -1.689804e+00 6.038191e+00 -1.869482e+00
    endloop
  endfacet
  facet normal -6.647958e-01 -3.281173e-04 -7.470250e-01
    outer loop
      vertex   -1.689804e+00 6.038191e+00 -1.869482e+00
      vertex   -1.619825e+00 3.019096e+00 -1.930432e+00
      vertex   -1.729329e+00 3.019096e+00 -1.832982e+00
    endloop
  endfacet
  facet normal -6.916576e-01 3.233625e-04 -7.222255e-01
    outer loop
      vertex   -1.689804e+00 6.038191e+00 -1.869482e+00
      vertex   -1.729329e+00 3.019096e+00 -1.832982e+00
      vertex   -1.794702e+00 6.038191e+00 -1.769023e+00
    endloop
  endfacet
  facet normal -7.071067e-01 -3.314463e-04 -7.071067e-01
    outer loop
      vertex   -1.794702e+00 6.038191e+00 -1.769023e+00
      vertex   -1.729329e+00 3.019096e+00 -1.832982e+00
      vertex   -1.832982e+00 3.019096e+00 -1.729329e+00
    endloop
  endfacet
  facet normal -7.321176e-01 3.265726e-04 -6.811782e-01
    outer loop
      vertex   -1.794702e+00 6.038191e+00 -1.769023e+00
      vertex   -1.832982e+00 3.019096e+00 -1.729329e+00
      vertex   -1.893638e+00 6.038191e+00 -1.662689e+00
    endloop
  endfacet
  facet normal -7.470250e-01 -3.345375e-04 -6.647958e-01
    outer loop
      vertex   -1.893638e+00 6.038191e+00 -1.662689e+00
      vertex   -1.832982e+00 3.019096e+00 -1.729329e+00
      vertex   -1.930432e+00 3.019096e+00 -1.619825e+00
    endloop
  endfacet
  facet normal -7.701456e-01 3.295449e-04 -6.378680e-01
    outer loop
      vertex   -1.893638e+00 6.038191e+00 -1.662689e+00
      vertex   -1.930432e+00 3.019096e+00 -1.619825e+00
      vertex   -1.986284e+00 6.038191e+00 -1.550831e+00
    endloop
  endfacet
  facet normal -7.844156e-01 -3.373908e-04 -6.202355e-01
    outer loop
      vertex   -1.986284e+00 6.038191e+00 -1.550831e+00
      vertex   -1.930432e+00 3.019096e+00 -1.619825e+00
      vertex   -2.021350e+00 3.019096e+00 -1.504840e+00
    endloop
  endfacet
  facet normal -8.056153e-01 3.322794e-04 -5.924389e-01
    outer loop
      vertex   -1.986284e+00 6.038191e+00 -1.550831e+00
      vertex   -2.021350e+00 3.019096e+00 -1.504840e+00
      vertex   -2.072331e+00 6.038191e+00 -1.433821e+00
    endloop
  endfacet
  facet normal -8.191520e-01 -3.400065e-04 -5.735764e-01
    outer loop
      vertex   -2.072331e+00 6.038191e+00 -1.433821e+00
      vertex   -2.021350e+00 3.019096e+00 -1.504840e+00
      vertex   -2.105429e+00 3.019096e+00 -1.384763e+00
    endloop
  endfacet
  facet normal -8.384088e-01 3.347761e-04 -5.450418e-01
    outer loop
      vertex   -2.072331e+00 6.038191e+00 -1.433821e+00
      vertex   -2.105429e+00 3.019096e+00 -1.384763e+00
      vertex   -2.151494e+00 6.038191e+00 -1.312049e+00
    endloop
  endfacet
  facet normal -8.511166e-01 -3.423843e-04 -5.249765e-01
    outer loop
      vertex   -2.151494e+00 6.038191e+00 -1.312049e+00
      vertex   -2.105429e+00 3.019096e+00 -1.384763e+00
      vertex   -2.182384e+00 3.019096e+00 -1.260000e+00
    endloop
  endfacet
  facet normal -8.684172e-01 3.370350e-04 -4.958341e-01
    outer loop
      vertex   -2.151494e+00 6.038191e+00 -1.312049e+00
      vertex   -2.182384e+00 3.019096e+00 -1.260000e+00
      vertex   -2.223511e+00 6.038191e+00 -1.185918e+00
    endloop
  endfacet
  facet normal -8.802013e-01 -3.445243e-04 -4.746003e-01
    outer loop
      vertex   -2.223511e+00 6.038191e+00 -1.185918e+00
      vertex   -2.182384e+00 3.019096e+00 -1.260000e+00
      vertex   -2.251954e+00 3.019096e+00 -1.130974e+00
    endloop
  endfacet
  facet normal -8.955408e-01 3.390562e-04 -4.449793e-01
    outer loop
      vertex   -2.223511e+00 6.038191e+00 -1.185918e+00
      vertex   -2.251954e+00 3.019096e+00 -1.130974e+00
      vertex   -2.288141e+00 6.038191e+00 -1.055847e+00
    endloop
  endfacet
  facet normal -9.063077e-01 -3.464266e-04 -4.226182e-01
    outer loop
      vertex   -2.288141e+00 6.038191e+00 -1.055847e+00
      vertex   -2.251954e+00 3.019096e+00 -1.130974e+00
      vertex   -2.313905e+00 3.019096e+00 -9.981210e-01
    endloop
  endfacet
  facet normal -9.196895e-01 3.408396e-04 -3.926464e-01
    outer loop
      vertex   -2.288141e+00 6.038191e+00 -1.055847e+00
      vertex   -2.313905e+00 3.019096e+00 -9.981210e-01
      vertex   -2.345170e+00 6.038191e+00 -9.222689e-01
    endloop
  endfacet
  facet normal -9.293475e-01 -3.480911e-04 -3.692061e-01
    outer loop
      vertex   -2.345170e+00 6.038191e+00 -9.222689e-01
      vertex   -2.313905e+00 3.019096e+00 -9.981210e-01
      vertex   -2.368025e+00 3.019096e+00 -8.618908e-01
    endloop
  endfacet
  facet normal -9.407830e-01 3.423852e-04 -3.390091e-01
    outer loop
      vertex   -2.345170e+00 6.038191e+00 -9.222689e-01
      vertex   -2.368025e+00 3.019096e+00 -8.618908e-01
      vertex   -2.394408e+00 6.038191e+00 -7.856272e-01
    endloop
  endfacet
  facet normal -9.492426e-01 -3.495178e-04 -3.145447e-01
    outer loop
      vertex   -2.394408e+00 6.038191e+00 -7.856272e-01
      vertex   -2.368025e+00 3.019096e+00 -8.618908e-01
      vertex   -2.414134e+00 3.019096e+00 -7.227441e-01
    endloop
  endfacet
  facet normal -9.587514e-01 3.436930e-04 -2.842456e-01
    outer loop
      vertex   -2.394408e+00 6.038191e+00 -7.856272e-01
      vertex   -2.414134e+00 3.019096e+00 -7.227441e-01
      vertex   -2.435693e+00 6.038191e+00 -6.463757e-01
    endloop
  endfacet
  facet normal -9.659258e-01 -3.507067e-04 -2.588190e-01
    outer loop
      vertex   -2.435693e+00 6.038191e+00 -6.463757e-01
      vertex   -2.414134e+00 3.019096e+00 -7.227441e-01
      vertex   -2.452073e+00 3.019096e+00 -5.811520e-01
    endloop
  endfacet
  facet normal -9.735350e-01 3.447630e-04 -2.285379e-01
    outer loop
      vertex   -2.435693e+00 6.038191e+00 -6.463757e-01
      vertex   -2.452073e+00 3.019096e+00 -5.811520e-01
      vertex   -2.468886e+00 6.038191e+00 -5.049771e-01
    endloop
  endfacet
  facet normal -9.793406e-01 -3.516578e-04 -2.022176e-01
    outer loop
      vertex   -2.468886e+00 6.038191e+00 -5.049771e-01
      vertex   -2.452073e+00 3.019096e+00 -5.811520e-01
      vertex   -2.481716e+00 3.019096e+00 -4.375934e-01
    endloop
  endfacet
  facet normal -9.850845e-01 3.455952e-04 -1.720711e-01
    outer loop
      vertex   -2.468886e+00 6.038191e+00 -5.049771e-01
      vertex   -2.481716e+00 3.019096e+00 -4.375934e-01
      vertex   -2.493878e+00 6.038191e+00 -3.619009e-01
    endloop
  endfacet
  facet normal -9.894416e-01 -3.523712e-04 -1.449319e-01
    outer loop
      vertex   -2.493878e+00 6.038191e+00 -3.619009e-01
      vertex   -2.481716e+00 3.019096e+00 -4.375934e-01
      vertex   -2.502961e+00 3.019096e+00 -2.925541e-01
    endloop
  endfacet
  facet normal -9.933617e-01 3.461897e-04 -1.150326e-01
    outer loop
      vertex   -2.493878e+00 6.038191e+00 -3.619009e-01
      vertex   -2.502961e+00 3.019096e+00 -2.925541e-01
      vertex   -2.510586e+00 6.038191e+00 -2.176225e-01
    endloop
  endfacet
  facet normal -9.961946e-01 -3.528468e-04 -8.715574e-02
    outer loop
      vertex   -2.510586e+00 6.038191e+00 -2.176225e-01
      vertex   -2.502961e+00 3.019096e+00 -2.925541e-01
      vertex   -2.515737e+00 3.019096e+00 -1.465250e-01
    endloop
  endfacet
  facet normal -9.983390e-01 3.465464e-04 -5.761198e-02
    outer loop
      vertex   -2.510586e+00 6.038191e+00 -2.176225e-01
      vertex   -2.515737e+00 3.019096e+00 -1.465250e-01
      vertex   -2.518953e+00 6.038191e+00 -7.262126e-02
    endloop
  endfacet
  facet normal -9.995769e-01 -3.530845e-04 -2.908472e-02
    outer loop
      vertex   -2.518953e+00 6.038191e+00 -7.262126e-02
      vertex   -2.515737e+00 3.019096e+00 -1.465250e-01
      vertex   -2.520000e+00 3.019096e+00 3.086110e-16
    endloop
  endfacet
  facet normal -9.999999e-01 3.466653e-04 0.000000e+00
    outer loop
      vertex   -2.518953e+00 6.038191e+00 -7.262126e-02
      vertex   -2.520000e+00 3.019096e+00 3.086110e-16
      vertex   -2.518953e+00 6.038191e+00 7.262126e-02
    endloop
  endfacet
  facet normal -9.995769e-01 -3.530845e-04 2.908472e-02
    outer loop
      vertex   -2.518953e+00 6.038191e+00 7.262126e-02
      vertex   -2.520000e+00 3.019096e+00 3.086110e-16
      vertex   -2.515737e+00 3.019096e+00 1.465250e-01
    endloop
  endfacet
  facet normal -9.983390e-01 3.465464e-04 5.761198e-02
    outer loop
      vertex   -2.518953e+00 6.038191e+00 7.262126e-02
      vertex   -2.515737e+00 3.019096e+00 1.465250e-01
      vertex   -2.510586e+00 6.038191e+00 2.176225e-01
    endloop
  endfacet
  facet normal -9.961946e-01 -3.528468e-04 8.715574e-02
    outer loop
      vertex   -2.510586e+00 6.038191e+00 2.176225e-01
      vertex   -2.515737e+00 3.019096e+00 1.465250e-01
      vertex   -2.502961e+00 3.019096e+00 2.925541e-01
    endloop
  endfacet
  facet normal -9.933617e-01 3.461897e-04 1.150326e-01
    outer loop
      vertex   -2.510586e+00 6.038191e+00 2.176225e-01
      vertex   -2.502961e+00 3.019096e+00 2.925541e-01
      vertex   -2.493878e+00 6.038191e+00 3.619009e-01
    endloop
  endfacet
  facet normal -9.894416e-01 -3.523712e-04 1.449319e-01
    outer loop
      vertex   -2.493878e+00 6.038191e+00 3.619009e-01
      vertex   -2.502961e+00 3.019096e+00 2.925541e-01
      vertex   -2.481716e+00 3.019096e+00 4.375934e-01
    endloop
  endfacet
  facet normal -9.850845e-01 3.455952e-04 1.720711e-01
    outer loop
      vertex   -2.493878e+00 6.038191e+00 3.619009e-01
      vertex   -2.481716e+00 3.019096e+00 4.375934e-01
      vertex   -2.468886e+00 6.038191e+00 5.049771e-01
    endloop
  endfacet
  facet normal -9.793406e-01 -3.516578e-04 2.022176e-01
    outer loop
      vertex   -2.468886e+00 6.038191e+00 5.049771e-01
      vertex   -2.481716e+00 3.019096e+00 4.375934e-01
      vertex   -2.452073e+00 3.019096e+00 5.811520e-01
    endloop
  endfacet
  facet normal -9.735350e-01 3.447630e-04 2.285379e-01
    outer loop
      vertex   -2.468886e+00 6.038191e+00 5.049771e-01
      vertex   -2.452073e+00 3.019096e+00 5.811520e-01
      vertex   -2.435693e+00 6.038191e+00 6.463757e-01
    endloop
  endfacet
  facet normal -9.659258e-01 -3.507067e-04 2.588190e-01
    outer loop
      vertex   -2.435693e+00 6.038191e+00 6.463757e-01
      vertex   -2.452073e+00 3.019096e+00 5.811520e-01
      vertex   -2.414134e+00 3.019096e+00 7.227441e-01
    endloop
  endfacet
  facet normal -9.587514e-01 3.436930e-04 2.842456e-01
    outer loop
      vertex   -2.435693e+00 6.038191e+00 6.463757e-01
      vertex   -2.414134e+00 3.019096e+00 7.227441e-01
      vertex   -2.394408e+00 6.038191e+00 7.856272e-01
    endloop
  endfacet
  facet normal -9.492426e-01 -3.495178e-04 3.145447e-01
    outer loop
      vertex   -2.394408e+00 6.038191e+00 7.856272e-01
      vertex   -2.414134e+00 3.019096e+00 7.227441e-01
      vertex   -2.368025e+00 3.019096e+00 8.618908e-01
    endloop
  endfacet
  facet normal -9.407830e-01 3.423852e-04 3.390091e-01
    outer loop
      vertex   -2.394408e+00 6.038191e+00 7.856272e-01
      vertex   -2.368025e+00 3.019096e+00 8.618908e-01
      vertex   -2.345170e+00 6.038191e+00 9.222689e-01
    endloop
  endfacet
  facet normal -9.293475e-01 -3.480911e-04 3.692061e-01
    outer loop
      vertex   -2.345170e+00 6.038191e+00 9.222689e-01
      vertex   -2.368025e+00 3.019096e+00 8.618908e-01
      vertex   -2.313905e+00 3.019096e+00 9.981210e-01
    endloop
  endfacet
  facet normal -9.196895e-01 3.408396e-04 3.926464e-01
    outer loop
      vertex   -2.345170e+00 6.038191e+00 9.222689e-01
      vertex   -2.313905e+00 3.019096e+00 9.981210e-01
      vertex   -2.288141e+00 6.038191e+00 1.055847e+00
    endloop
  endfacet
  facet normal -9.063077e-01 -3.464266e-04 4.226182e-01
    outer loop
      vertex   -2.288141e+00 6.038191e+00 1.055847e+00
      vertex   -2.313905e+00 3.019096e+00 9.981210e-01
      vertex   -2.251954e+00 3.019096e+00 1.130974e+00
    endloop
  endfacet
  facet normal -8.955408e-01 3.390562e-04 4.449793e-01
    outer loop
      vertex   -2.288141e+00 6.038191e+00 1.055847e+00
      vertex   -2.251954e+00 3.019096e+00 1.130974e+00
      vertex   -2.223511e+00 6.038191e+00 1.185918e+00
    endloop
  endfacet
  facet normal -8.802013e-01 -3.445243e-04 4.746003e-01
    outer loop
      vertex   -2.223511e+00 6.038191e+00 1.185918e+00
      vertex   -2.251954e+00 3.019096e+00 1.130974e+00
      vertex   -2.182384e+00 3.019096e+00 1.260000e+00
    endloop
  endfacet
  facet normal -8.684172e-01 3.370350e-04 4.958341e-01
    outer loop
      vertex   -2.223511e+00 6.038191e+00 1.185918e+00
      vertex   -2.182384e+00 3.019096e+00 1.260000e+00
      vertex   -2.151494e+00 6.038191e+00 1.312049e+00
    endloop
  endfacet
  facet normal -8.511166e-01 -3.423843e-04 5.249765e-01
    outer loop
      vertex   -2.151494e+00 6.038191e+00 1.312049e+00
      vertex   -2.182384e+00 3.019096e+00 1.260000e+00
      vertex   -2.105429e+00 3.019096e+00 1.384763e+00
    endloop
  endfacet
  facet normal -8.384088e-01 3.347761e-04 5.450418e-01
    outer loop
      vertex   -2.151494e+00 6.038191e+00 1.312049e+00
      vertex   -2.105429e+00 3.019096e+00 1.384763e+00
      vertex   -2.072331e+00 6.038191e+00 1.433821e+00
    endloop
  endfacet
  facet normal -8.191520e-01 -3.400065e-04 5.735764e-01
    outer loop
      vertex   -2.072331e+00 6.038191e+00 1.433821e+00
      vertex   -2.105429e+00 3.019096e+00 1.384763e+00
      vertex   -2.021350e+00 3.019096e+00 1.504840e+00
    endloop
  endfacet
  facet normal -8.056153e-01 3.322794e-04 5.924389e-01
    outer loop
      vertex   -2.072331e+00 6.038191e+00 1.433821e+00
      vertex   -2.021350e+00 3.019096e+00 1.504840e+00
      vertex   -1.986284e+00 6.038191e+00 1.550831e+00
    endloop
  endfacet
  facet normal -7.844156e-01 -3.373908e-04 6.202355e-01
    outer loop
      vertex   -1.986284e+00 6.038191e+00 1.550831e+00
      vertex   -2.021350e+00 3.019096e+00 1.504840e+00
      vertex   -1.930432e+00 3.019096e+00 1.619825e+00
    endloop
  endfacet
  facet normal -7.701456e-01 3.295449e-04 6.378680e-01
    outer loop
      vertex   -1.986284e+00 6.038191e+00 1.550831e+00
      vertex   -1.930432e+00 3.019096e+00 1.619825e+00
      vertex   -1.893638e+00 6.038191e+00 1.662689e+00
    endloop
  endfacet
  facet normal -7.470250e-01 -3.345375e-04 6.647958e-01
    outer loop
      vertex   -1.893638e+00 6.038191e+00 1.662689e+00
      vertex   -1.930432e+00 3.019096e+00 1.619825e+00
      vertex   -1.832982e+00 3.019096e+00 1.729329e+00
    endloop
  endfacet
  facet normal -7.321176e-01 3.265726e-04 6.811782e-01
    outer loop
      vertex   -1.893638e+00 6.038191e+00 1.662689e+00
      vertex   -1.832982e+00 3.019096e+00 1.729329e+00
      vertex   -1.794702e+00 6.038191e+00 1.769023e+00
    endloop
  endfacet
  facet normal -7.071067e-01 -3.314463e-04 7.071067e-01
    outer loop
      vertex   -1.794702e+00 6.038191e+00 1.769023e+00
      vertex   -1.832982e+00 3.019096e+00 1.729329e+00
      vertex   -1.729329e+00 3.019096e+00 1.832982e+00
    endloop
  endfacet
  facet normal -6.916576e-01 3.233625e-04 7.222255e-01
    outer loop
      vertex   -1.794702e+00 6.038191e+00 1.769023e+00
      vertex   -1.729329e+00 3.019096e+00 1.832982e+00
      vertex   -1.689804e+00 6.038191e+00 1.869482e+00
    endloop
  endfacet
  facet normal -6.647958e-01 -3.281173e-04 7.470250e-01
    outer loop
      vertex   -1.689804e+00 6.038191e+00 1.869482e+00
      vertex   -1.729329e+00 3.019096e+00 1.832982e+00
      vertex   -1.619825e+00 3.019096e+00 1.930432e+00
    endloop
  endfacet
  facet normal -6.488999e-01 3.199147e-04 7.608737e-01
    outer loop
      vertex   -1.689804e+00 6.038191e+00 1.869482e+00
      vertex   -1.619825e+00 3.019096e+00 1.930432e+00
      vertex   -1.579293e+00 6.038191e+00 1.963729e+00
    endloop
  endfacet
  facet normal -6.202355e-01 -3.245506e-04 7.844156e-01
    outer loop
      vertex   -1.579293e+00 6.038191e+00 1.963729e+00
      vertex   -1.619825e+00 3.019096e+00 1.930432e+00
      vertex   -1.504840e+00 3.019096e+00 2.021350e+00
    endloop
  endfacet
  facet normal -6.039867e-01 3.162291e-04 7.969943e-01
    outer loop
      vertex   -1.579293e+00 6.038191e+00 1.963729e+00
      vertex   -1.504840e+00 3.019096e+00 2.021350e+00
      vertex   -1.463536e+00 6.038191e+00 2.051454e+00
    endloop
  endfacet
  facet normal -5.735764e-01 -3.207461e-04 8.191520e-01
    outer loop
      vertex   -1.463536e+00 6.038191e+00 2.051454e+00
      vertex   -1.504840e+00 3.019096e+00 2.021350e+00
      vertex   -1.384763e+00 3.019096e+00 2.105429e+00
    endloop
  endfacet
  facet normal -5.570671e-01 3.123057e-04 8.304674e-01
    outer loop
      vertex   -1.463536e+00 6.038191e+00 2.051454e+00
      vertex   -1.384763e+00 3.019096e+00 2.105429e+00
      vertex   -1.342917e+00 6.038191e+00 2.132364e+00
    endloop
  endfacet
  facet normal -5.249766e-01 -3.167038e-04 8.511166e-01
    outer loop
      vertex   -1.342917e+00 6.038191e+00 2.132364e+00
      vertex   -1.384763e+00 3.019096e+00 2.105429e+00
      vertex   -1.260000e+00 3.019096e+00 2.182384e+00
    endloop
  endfacet
  facet normal -5.082970e-01 3.081445e-04 8.611818e-01
    outer loop
      vertex   -1.342917e+00 6.038191e+00 2.132364e+00
      vertex   -1.260000e+00 3.019096e+00 2.182384e+00
      vertex   -1.217836e+00 6.038191e+00 2.206190e+00
    endloop
  endfacet
  facet normal -4.746003e-01 -3.124238e-04 8.802013e-01
    outer loop
      vertex   -1.217836e+00 6.038191e+00 2.206190e+00
      vertex   -1.260000e+00 3.019096e+00 2.182384e+00
      vertex   -1.130974e+00 3.019096e+00 2.251954e+00
    endloop
  endfacet
  facet normal -4.578383e-01 3.037456e-04 8.890354e-01
    outer loop
      vertex   -1.217836e+00 6.038191e+00 2.206190e+00
      vertex   -1.130974e+00 3.019096e+00 2.251954e+00
      vertex   -1.088711e+00 6.038191e+00 2.272688e+00
    endloop
  endfacet
  facet normal -4.226182e-01 -3.079060e-04 9.063077e-01
    outer loop
      vertex   -1.088711e+00 6.038191e+00 2.272688e+00
      vertex   -1.130974e+00 3.019096e+00 2.251954e+00
      vertex   -9.981210e-01 3.019096e+00 2.313905e+00
    endloop
  endfacet
  facet normal -4.058588e-01 2.991089e-04 9.139358e-01
    outer loop
      vertex   -1.088711e+00 6.038191e+00 2.272688e+00
      vertex   -9.981210e-01 3.019096e+00 2.313905e+00
      vertex   -9.559682e-01 6.038191e+00 2.331636e+00
    endloop
  endfacet
  facet normal -3.692061e-01 -3.031504e-04 9.293475e-01
    outer loop
      vertex   -9.559682e-01 6.038191e+00 2.331636e+00
      vertex   -9.981210e-01 3.019096e+00 2.313905e+00
      vertex   -8.618908e-01 3.019096e+00 2.368025e+00
    endloop
  endfacet
  facet normal -3.525310e-01 2.942344e-04 9.358001e-01
    outer loop
      vertex   -9.559682e-01 6.038191e+00 2.331636e+00
      vertex   -8.618908e-01 3.019096e+00 2.368025e+00
      vertex   -8.200502e-01 6.038191e+00 2.382838e+00
    endloop
  endfacet
  facet normal -3.145447e-01 -2.981570e-04 9.492426e-01
    outer loop
      vertex   -8.200502e-01 6.038191e+00 2.382838e+00
      vertex   -8.618908e-01 3.019096e+00 2.368025e+00
      vertex   -7.227441e-01 3.019096e+00 2.414134e+00
    endloop
  endfacet
  facet normal -2.980322e-01 2.891222e-04 9.545558e-01
    outer loop
      vertex   -8.200502e-01 6.038191e+00 2.382838e+00
      vertex   -7.227441e-01 3.019096e+00 2.414134e+00
      vertex   -6.814081e-01 6.038191e+00 2.426125e+00
    endloop
  endfacet
  facet normal -2.588190e-01 -2.929259e-04 9.659258e-01
    outer loop
      vertex   -6.814081e-01 6.038191e+00 2.426125e+00
      vertex   -7.227441e-01 3.019096e+00 2.414134e+00
      vertex   -5.811520e-01 3.019096e+00 2.452073e+00
    endloop
  endfacet
  facet normal -2.425433e-01 2.837722e-04 9.701405e-01
    outer loop
      vertex   -6.814081e-01 6.038191e+00 2.426125e+00
      vertex   -5.811520e-01 3.019096e+00 2.452073e+00
      vertex   -5.405025e-01 6.038191e+00 2.461353e+00
    endloop
  endfacet
  facet normal -2.022176e-01 -2.874570e-04 9.793406e-01
    outer loop
      vertex   -5.405025e-01 6.038191e+00 2.461353e+00
      vertex   -5.811520e-01 3.019096e+00 2.452073e+00
      vertex   -4.375934e-01 3.019096e+00 2.481716e+00
    endloop
  endfacet
  facet normal -1.862487e-01 2.781844e-04 9.825026e-01
    outer loop
      vertex   -5.405025e-01 6.038191e+00 2.461353e+00
      vertex   -4.375934e-01 3.019096e+00 2.481716e+00
      vertex   -3.978013e-01 6.038191e+00 2.488404e+00
    endloop
  endfacet
  facet normal -1.449319e-01 -2.817503e-04 9.894416e-01
    outer loop
      vertex   -3.978013e-01 6.038191e+00 2.488404e+00
      vertex   -4.375934e-01 3.019096e+00 2.481716e+00
      vertex   -2.925541e-01 3.019096e+00 2.502961e+00
    endloop
  endfacet
  facet normal -1.293355e-01 2.723588e-04 9.916009e-01
    outer loop
      vertex   -3.978013e-01 6.038191e+00 2.488404e+00
      vertex   -2.925541e-01 3.019096e+00 2.502961e+00
      vertex   -2.537787e-01 6.038191e+00 2.507189e+00
    endloop
  endfacet
  facet normal -8.715574e-02 -2.758059e-04 9.961947e-01
    outer loop
      vertex   -2.537787e-01 6.038191e+00 2.507189e+00
      vertex   -2.925541e-01 3.019096e+00 2.502961e+00
      vertex   -1.465250e-01 3.019096e+00 2.515737e+00
    endloop
  endfacet
  facet normal -7.199254e-02 2.662955e-04 9.974051e-01
    outer loop
      vertex   -2.537787e-01 6.038191e+00 2.507189e+00
      vertex   -1.465250e-01 3.019096e+00 2.515737e+00
      vertex   -1.089130e-01 6.038191e+00 2.517645e+00
    endloop
  endfacet
  facet normal -2.908472e-02 -2.696237e-04 9.995769e-01
    outer loop
      vertex   -1.089130e-01 6.038191e+00 2.517645e+00
      vertex   -1.465250e-01 3.019096e+00 2.515737e+00
      vertex   1.543055e-16 3.019096e+00 2.520000e+00
    endloop
  endfacet
  facet normal -1.441048e-02 2.599945e-04 9.998961e-01
    outer loop
      vertex   -1.089130e-01 6.038191e+00 2.517645e+00
      vertex   1.543055e-16 3.019096e+00 2.520000e+00
      vertex   3.631440e-02 6.038191e+00 2.519738e+00
    endloop
  endfacet
  facet normal 2.908472e-02 -2.632038e-04 9.995769e-01
    outer loop
      vertex   3.631440e-02 6.038191e+00 2.519738e+00
      vertex   1.543055e-16 3.019096e+00 2.520000e+00
      vertex   1.465250e-01 3.019096e+00 2.515737e+00
    endloop
  endfacet
  facet normal 4.321946e-02 2.534556e-04 9.990656e-01
    outer loop
      vertex   3.631440e-02 6.038191e+00 2.519738e+00
      vertex   1.465250e-01 3.019096e+00 2.515737e+00
      vertex   1.814212e-01 6.038191e+00 2.513461e+00
    endloop
  endfacet
  facet normal 8.715574e-02 -2.565461e-04 9.961947e-01
    outer loop
      vertex   1.814212e-01 6.038191e+00 2.513461e+00
      vertex   1.465250e-01 3.019096e+00 2.515737e+00
      vertex   2.925541e-01 3.019096e+00 2.502961e+00
    endloop
  endfacet
  facet normal 1.007058e-01 2.466790e-04 9.949162e-01
    outer loop
      vertex   1.814212e-01 6.038191e+00 2.513461e+00
      vertex   2.925541e-01 3.019096e+00 2.502961e+00
      vertex   3.259254e-01 6.038191e+00 2.498834e+00
    endloop
  endfacet
  facet normal 1.449319e-01 -2.496506e-04 9.894416e-01
    outer loop
      vertex   3.259254e-01 6.038191e+00 2.498834e+00
      vertex   2.925541e-01 3.019096e+00 2.502961e+00
      vertex   4.375934e-01 3.019096e+00 2.481716e+00
    endloop
  endfacet
  facet normal 1.578577e-01 2.396647e-04 9.874618e-01
    outer loop
      vertex   3.259254e-01 6.038191e+00 2.498834e+00
      vertex   4.375934e-01 3.019096e+00 2.481716e+00
      vertex   4.693468e-01 6.038191e+00 2.475907e+00
    endloop
  endfacet
  facet normal 2.022176e-01 -2.425174e-04 9.793406e-01
    outer loop
      vertex   4.693468e-01 6.038191e+00 2.475907e+00
      vertex   4.375934e-01 3.019096e+00 2.481716e+00
      vertex   5.811520e-01 3.019096e+00 2.452073e+00
    endloop
  endfacet
  facet normal 2.144851e-01 2.324126e-04 9.767272e-01
    outer loop
      vertex   4.693468e-01 6.038191e+00 2.475907e+00
      vertex   5.811520e-01 3.019096e+00 2.452073e+00
      vertex   6.112091e-01 6.038191e+00 2.444754e+00
    endloop
  endfacet
  facet normal 2.588190e-01 -2.351464e-04 9.659258e-01
    outer loop
      vertex   6.112091e-01 6.038191e+00 2.444754e+00
      vertex   5.811520e-01 3.019096e+00 2.452073e+00
      vertex   7.227441e-01 3.019096e+00 2.414134e+00
    endloop
  endfacet
  facet normal 2.704000e-01 2.249228e-04 9.627480e-01
    outer loop
      vertex   6.112091e-01 6.038191e+00 2.444754e+00
      vertex   7.227441e-01 3.019096e+00 2.414134e+00
      vertex   7.510411e-01 6.038191e+00 2.405481e+00
    endloop
  endfacet
  facet normal 3.145447e-01 -2.275377e-04 9.492426e-01
    outer loop
      vertex   7.510411e-01 6.038191e+00 2.405481e+00
      vertex   7.227441e-01 3.019096e+00 2.414134e+00
      vertex   8.618908e-01 3.019096e+00 2.368025e+00
    endloop
  endfacet
  facet normal 3.254167e-01 2.171952e-04 9.455707e-01
    outer loop
      vertex   7.510411e-01 6.038191e+00 2.405481e+00
      vertex   8.618908e-01 3.019096e+00 2.368025e+00
      vertex   8.883782e-01 6.038191e+00 2.358216e+00
    endloop
  endfacet
  facet normal 3.692061e-01 -2.196912e-04 9.293475e-01
    outer loop
      vertex   8.883782e-01 6.038191e+00 2.358216e+00
      vertex   8.618908e-01 3.019096e+00 2.368025e+00
      vertex   9.981210e-01 3.019096e+00 2.313905e+00
    endloop
  endfacet
  facet normal 3.793524e-01 2.092298e-04 9.252522e-01
    outer loop
      vertex   8.883782e-01 6.038191e+00 2.358216e+00
      vertex   9.981210e-01 3.019096e+00 2.313905e+00
      vertex   1.022764e+00 6.038191e+00 2.303118e+00
    endloop
  endfacet
  facet normal 4.226183e-01 -2.116070e-04 9.063078e-01
    outer loop
      vertex   1.022764e+00 6.038191e+00 2.303118e+00
      vertex   9.981210e-01 3.019096e+00 2.313905e+00
      vertex   1.130974e+00 3.019096e+00 2.251954e+00
    endloop
  endfacet
  facet normal 4.320280e-01 2.010267e-04 9.018602e-01
    outer loop
      vertex   1.022764e+00 6.038191e+00 2.303118e+00
      vertex   1.130974e+00 3.019096e+00 2.251954e+00
      vertex   1.153753e+00 6.038191e+00 2.240369e+00
    endloop
  endfacet
  facet normal 4.746004e-01 -2.032850e-04 8.802014e-01
    outer loop
      vertex   1.153753e+00 6.038191e+00 2.240369e+00
      vertex   1.130974e+00 3.019096e+00 2.251954e+00
      vertex   1.260000e+00 3.019096e+00 2.182384e+00
    endloop
  endfacet
  facet normal 4.832684e-01 1.925859e-04 8.754722e-01
    outer loop
      vertex   1.153753e+00 6.038191e+00 2.240369e+00
      vertex   1.260000e+00 3.019096e+00 2.182384e+00
      vertex   1.280908e+00 6.038191e+00 2.170178e+00
    endloop
  endfacet
  facet normal 5.249766e-01 -1.947253e-04 8.511167e-01
    outer loop
      vertex   1.280908e+00 6.038191e+00 2.170178e+00
      vertex   1.260000e+00 3.019096e+00 2.182384e+00
      vertex   1.384763e+00 3.019096e+00 2.105429e+00
    endloop
  endfacet
  facet normal 5.329034e-01 1.839073e-04 8.461761e-01
    outer loop
      vertex   1.280908e+00 6.038191e+00 2.170178e+00
      vertex   1.384763e+00 3.019096e+00 2.105429e+00
      vertex   1.403809e+00 6.038191e+00 2.092778e+00
    endloop
  endfacet
  facet normal 5.735764e-01 -1.859279e-04 8.191520e-01
    outer loop
      vertex   1.403809e+00 6.038191e+00 2.092778e+00
      vertex   1.384763e+00 3.019096e+00 2.105429e+00
      vertex   1.504840e+00 3.019096e+00 2.021350e+00
    endloop
  endfacet
  facet normal 5.807681e-01 1.749910e-04 8.140690e-01
    outer loop
      vertex   1.403809e+00 6.038191e+00 2.092778e+00
      vertex   1.504840e+00 3.019096e+00 2.021350e+00
      vertex   1.522047e+00 6.038191e+00 2.008426e+00
    endloop
  endfacet
  facet normal 6.202355e-01 -1.768927e-04 7.844157e-01
    outer loop
      vertex   1.522047e+00 6.038191e+00 2.008426e+00
      vertex   1.504840e+00 3.019096e+00 2.021350e+00
      vertex   1.619825e+00 3.019096e+00 1.930432e+00
    endloop
  endfacet
  facet normal 6.267036e-01 1.658370e-04 7.792577e-01
    outer loop
      vertex   1.522047e+00 6.038191e+00 2.008426e+00
      vertex   1.619825e+00 3.019096e+00 1.930432e+00
      vertex   1.635228e+00 6.038191e+00 1.917402e+00
    endloop
  endfacet
  facet normal 6.647959e-01 -1.676198e-04 7.470251e-01
    outer loop
      vertex   1.635228e+00 6.038191e+00 1.917402e+00
      vertex   1.619825e+00 3.019096e+00 1.930432e+00
      vertex   1.729329e+00 3.019096e+00 1.832982e+00
    endloop
  endfacet
  facet normal 6.705573e-01 1.564452e-04 7.418577e-01
    outer loop
      vertex   1.635228e+00 6.038191e+00 1.917402e+00
      vertex   1.729329e+00 3.019096e+00 1.832982e+00
      vertex   1.742977e+00 6.038191e+00 1.820008e+00
    endloop
  endfacet
  facet normal 7.071068e-01 -1.581092e-04 7.071068e-01
    outer loop
      vertex   1.742977e+00 6.038191e+00 1.820008e+00
      vertex   1.729329e+00 3.019096e+00 1.832982e+00
      vertex   1.832982e+00 3.019096e+00 1.729329e+00
    endloop
  endfacet
  facet normal 7.121834e-01 1.468157e-04 7.019934e-01
    outer loop
      vertex   1.742977e+00 6.038191e+00 1.820008e+00
      vertex   1.832982e+00 3.019096e+00 1.729329e+00
      vertex   1.844937e+00 6.038191e+00 1.716569e+00
    endloop
  endfacet
  facet normal 7.470251e-01 -1.483608e-04 6.647959e-01
    outer loop
      vertex   1.844937e+00 6.038191e+00 1.716569e+00
      vertex   1.832982e+00 3.019096e+00 1.729329e+00
      vertex   1.930432e+00 3.019096e+00 1.619825e+00
    endloop
  endfacet
  facet normal 7.514438e-01 1.369485e-04 6.597971e-01
    outer loop
      vertex   1.844937e+00 6.038191e+00 1.716569e+00
      vertex   1.930432e+00 3.019096e+00 1.619825e+00
      vertex   1.940767e+00 6.038191e+00 1.607427e+00
    endloop
  endfacet
  facet normal 7.844157e-01 -1.383747e-04 6.202355e-01
    outer loop
      vertex   1.940767e+00 6.038191e+00 1.607427e+00
      vertex   1.930432e+00 3.019096e+00 1.619825e+00
      vertex   2.021350e+00 3.019096e+00 1.504840e+00
    endloop
  endfacet
  facet normal 7.882079e-01 1.268435e-04 6.154091e-01
    outer loop
      vertex   1.940767e+00 6.038191e+00 1.607427e+00
      vertex   2.021350e+00 3.019096e+00 1.504840e+00
      vertex   2.030151e+00 6.038191e+00 1.492946e+00
    endloop
  endfacet
  facet normal 8.191520e-01 -1.281509e-04 5.735764e-01
    outer loop
      vertex   2.030151e+00 6.038191e+00 1.492946e+00
      vertex   2.021350e+00 3.019096e+00 1.504840e+00
      vertex   2.105429e+00 3.019096e+00 1.384763e+00
    endloop
  endfacet
  facet normal 8.223536e-01 1.165008e-04 5.689767e-01
    outer loop
      vertex   2.030151e+00 6.038191e+00 1.492946e+00
      vertex   2.105429e+00 3.019096e+00 1.384763e+00
      vertex   2.112790e+00 6.038191e+00 1.373505e+00
    endloop
  endfacet
  facet normal 8.511167e-01 -1.176893e-04 5.249766e-01
    outer loop
      vertex   2.112790e+00 6.038191e+00 1.373505e+00
      vertex   2.105429e+00 3.019096e+00 1.384763e+00
      vertex   2.182384e+00 3.019096e+00 1.260000e+00
    endloop
  endfacet
  facet normal 8.537676e-01 1.059204e-04 5.206542e-01
    outer loop
      vertex   2.112790e+00 6.038191e+00 1.373505e+00
      vertex   2.182384e+00 3.019096e+00 1.260000e+00
      vertex   2.188411e+00 6.038191e+00 1.249502e+00
    endloop
  endfacet
  facet normal 8.802014e-01 -1.069901e-04 4.746004e-01
    outer loop
      vertex   2.188411e+00 6.038191e+00 1.249502e+00
      vertex   2.182384e+00 3.019096e+00 1.260000e+00
      vertex   2.251954e+00 3.019096e+00 1.130974e+00
    endloop
  endfacet
  facet normal 8.823455e-01 9.510230e-05 4.706022e-01
    outer loop
      vertex   2.188411e+00 6.038191e+00 1.249502e+00
      vertex   2.251954e+00 3.019096e+00 1.130974e+00
      vertex   2.256763e+00 6.038191e+00 1.121348e+00
    endloop
  endfacet
  facet normal 9.063078e-01 -9.605309e-05 4.226183e-01
    outer loop
      vertex   2.256763e+00 6.038191e+00 1.121348e+00
      vertex   2.251954e+00 3.019096e+00 1.130974e+00
      vertex   2.313905e+00 3.019096e+00 9.981210e-01
    endloop
  endfacet
  facet normal 9.079923e-01 8.404647e-05 4.189869e-01
    outer loop
      vertex   2.256763e+00 6.038191e+00 1.121348e+00
      vertex   2.313905e+00 3.019096e+00 9.981210e-01
      vertex   2.317618e+00 6.038191e+00 9.894689e-01
    endloop
  endfacet
  facet normal 9.293475e-01 -8.487841e-05 3.692061e-01
    outer loop
      vertex   2.317618e+00 6.038191e+00 9.894689e-01
      vertex   2.313905e+00 3.019096e+00 9.981210e-01
      vertex   2.368025e+00 3.019096e+00 8.618908e-01
    endloop
  endfacet
  facet normal 9.306228e-01 7.275293e-05 3.659797e-01
    outer loop
      vertex   2.317618e+00 6.038191e+00 9.894689e-01
      vertex   2.368025e+00 3.019096e+00 8.618908e-01
      vertex   2.370773e+00 6.038191e+00 8.543029e-01
    endloop
  endfacet
  facet normal 9.492426e-01 -7.346602e-05 3.145448e-01
    outer loop
      vertex   2.370773e+00 6.038191e+00 8.543029e-01
      vertex   2.368025e+00 3.019096e+00 8.618908e-01
      vertex   2.414134e+00 3.019096e+00 7.227441e-01
    endloop
  endfacet
  facet normal 9.501619e-01 6.122169e-05 3.117568e-01
    outer loop
      vertex   2.370773e+00 6.038191e+00 8.543029e-01
      vertex   2.414134e+00 3.019096e+00 7.227441e-01
      vertex   2.416054e+00 6.038191e+00 7.162990e-01
    endloop
  endfacet
  facet normal 9.659258e-01 -6.181592e-05 2.588190e-01
    outer loop
      vertex   2.416054e+00 6.038191e+00 7.162990e-01
      vertex   2.414134e+00 3.019096e+00 7.227441e-01
      vertex   2.452073e+00 3.019096e+00 5.811520e-01
    endloop
  endfacet
  facet normal 9.665447e-01 4.945275e-05 2.564983e-01
    outer loop
      vertex   2.416054e+00 6.038191e+00 7.162990e-01
      vertex   2.452073e+00 3.019096e+00 5.811520e-01
      vertex   2.453308e+00 6.038191e+00 5.759156e-01
    endloop
  endfacet
  facet normal 9.793406e-01 -4.992813e-05 2.022176e-01
    outer loop
      vertex   2.453308e+00 6.038191e+00 5.759156e-01
      vertex   2.452073e+00 3.019096e+00 5.811520e-01
      vertex   2.481716e+00 3.019096e+00 4.375934e-01
    endloop
  endfacet
  facet normal 9.797167e-01 3.744610e-05 2.003877e-01
    outer loop
      vertex   2.453308e+00 6.038191e+00 5.759156e-01
      vertex   2.481716e+00 3.019096e+00 4.375934e-01
      vertex   2.482413e+00 6.038191e+00 4.336191e-01
    endloop
  endfacet
  facet normal 9.894416e-01 -3.780263e-05 1.449319e-01
    outer loop
      vertex   2.482413e+00 6.038191e+00 4.336191e-01
      vertex   2.481716e+00 3.019096e+00 4.375934e-01
      vertex   2.502961e+00 3.019096e+00 2.925541e-01
    endloop
  endfacet
  facet normal 9.896341e-01 2.520176e-05 1.436115e-01
    outer loop
      vertex   2.482413e+00 6.038191e+00 4.336191e-01
      vertex   2.502961e+00 3.019096e+00 2.925541e-01
      vertex   2.503272e+00 6.038191e+00 2.898821e-01
    endloop
  endfacet
  facet normal 9.962179e-01 -2.567713e-05 8.688989e-02
    outer loop
      vertex   2.503272e+00 6.038191e+00 2.898821e-01
      vertex   2.502961e+00 3.019096e+00 2.925541e-01
      vertex   2.515814e+00 3.019096e+00 1.451822e-01
    endloop
  endfacet
  facet normal 9.962642e-01 0.000000e+00 8.635815e-02
    outer loop
      vertex   2.503272e+00 6.038191e+00 2.898821e-01
      vertex   2.515814e+00 3.019096e+00 1.451822e-01
      vertex   2.515814e+00 6.038191e+00 1.451822e-01
    endloop
  endfacet
  facet normal 9.995847e-01 1.472973e-16 -2.881796e-02
    outer loop
      vertex   2.515814e+00 -1.162868e-32 -1.451822e-01
      vertex   2.515814e+00 3.019096e+00 -1.451822e-01
      vertex   2.520000e+00 5.268125e-16 0.000000e+00
    endloop
  endfacet
  facet normal 9.995847e-01 2.940647e-16 -2.881796e-02
    outer loop
      vertex   2.520000e+00 5.268125e-16 0.000000e+00
      vertex   2.515814e+00 3.019096e+00 -1.451822e-01
      vertex   2.520000e+00 3.019096e+00 0.000000e+00
    endloop
  endfacet
  facet normal 9.995847e-01 2.940647e-16 2.881796e-02
    outer loop
      vertex   2.520000e+00 5.268125e-16 0.000000e+00
      vertex   2.520000e+00 3.019096e+00 0.000000e+00
      vertex   2.515814e+00 -1.162868e-32 1.451822e-01
    endloop
  endfacet
  facet normal 9.995847e-01 1.472973e-16 2.881796e-02
    outer loop
      vertex   2.515814e+00 -1.162868e-32 1.451822e-01
      vertex   2.520000e+00 3.019096e+00 0.000000e+00
      vertex   2.515814e+00 3.019096e+00 1.451822e-01
    endloop
  endfacet
  facet normal 9.962642e-01 1.473379e-16 8.635815e-02
    outer loop
      vertex   2.515814e+00 -1.162868e-32 1.451822e-01
      vertex   2.515814e+00 3.019096e+00 1.451822e-01
      vertex   2.503272e+00 -1.157070e-32 2.898821e-01
    endloop
  endfacet
  facet normal 9.962179e-01 2.567713e-05 8.688989e-02
    outer loop
      vertex   2.503272e+00 -1.157070e-32 2.898821e-01
      vertex   2.515814e+00 3.019096e+00 1.451822e-01
      vertex   2.502961e+00 3.019096e+00 2.925541e-01
    endloop
  endfacet
  facet normal 9.896341e-01 -2.520176e-05 1.436115e-01
    outer loop
      vertex   2.503272e+00 -1.157070e-32 2.898821e-01
      vertex   2.502961e+00 3.019096e+00 2.925541e-01
      vertex   2.482413e+00 -1.147429e-32 4.336191e-01
    endloop
  endfacet
  facet normal 9.894416e-01 3.780263e-05 1.449319e-01
    outer loop
      vertex   2.482413e+00 -1.147429e-32 4.336191e-01
      vertex   2.502961e+00 3.019096e+00 2.925541e-01
      vertex   2.481716e+00 3.019096e+00 4.375934e-01
    endloop
  endfacet
  facet normal 9.797167e-01 -3.744610e-05 2.003877e-01
    outer loop
      vertex   2.482413e+00 -1.147429e-32 4.336191e-01
      vertex   2.481716e+00 3.019096e+00 4.375934e-01
      vertex   2.453308e+00 -1.133976e-32 5.759156e-01
    endloop
  endfacet
  facet normal 9.793406e-01 4.992813e-05 2.022176e-01
    outer loop
      vertex   2.453308e+00 -1.133976e-32 5.759156e-01
      vertex   2.481716e+00 3.019096e+00 4.375934e-01
      vertex   2.452073e+00 3.019096e+00 5.811520e-01
    endloop
  endfacet
  facet normal 9.665447e-01 -4.945275e-05 2.564983e-01
    outer loop
      vertex   2.453308e+00 -1.133976e-32 5.759156e-01
      vertex   2.452073e+00 3.019096e+00 5.811520e-01
      vertex   2.416054e+00 -1.116756e-32 7.162990e-01
    endloop
  endfacet
  facet normal 9.659258e-01 6.181592e-05 2.588190e-01
    outer loop
      vertex   2.416054e+00 -1.116756e-32 7.162990e-01
      vertex   2.452073e+00 3.019096e+00 5.811520e-01
      vertex   2.414134e+00 3.019096e+00 7.227441e-01
    endloop
  endfacet
  facet normal 9.501619e-01 -6.122169e-05 3.117568e-01
    outer loop
      vertex   2.416054e+00 -1.116756e-32 7.162990e-01
      vertex   2.414134e+00 3.019096e+00 7.227441e-01
      vertex   2.370773e+00 -1.095826e-32 8.543029e-01
    endloop
  endfacet
  facet normal 9.492426e-01 7.346602e-05 3.145448e-01
    outer loop
      vertex   2.370773e+00 -1.095826e-32 8.543029e-01
      vertex   2.414134e+00 3.019096e+00 7.227441e-01
      vertex   2.368025e+00 3.019096e+00 8.618908e-01
    endloop
  endfacet
  facet normal 9.306228e-01 -7.275293e-05 3.659797e-01
    outer loop
      vertex   2.370773e+00 -1.095826e-32 8.543029e-01
      vertex   2.368025e+00 3.019096e+00 8.618908e-01
      vertex   2.317618e+00 -1.071257e-32 9.894689e-01
    endloop
  endfacet
  facet normal 9.293475e-01 8.487841e-05 3.692061e-01
    outer loop
      vertex   2.317618e+00 -1.071257e-32 9.894689e-01
      vertex   2.368025e+00 3.019096e+00 8.618908e-01
      vertex   2.313905e+00 3.019096e+00 9.981210e-01
    endloop
  endfacet
  facet normal 9.079923e-01 -8.404647e-05 4.189869e-01
    outer loop
      vertex   2.317618e+00 -1.071257e-32 9.894689e-01
      vertex   2.313905e+00 3.019096e+00 9.981210e-01
      vertex   2.256763e+00 -1.043128e-32 1.121348e+00
    endloop
  endfacet
  facet normal 9.063078e-01 9.605309e-05 4.226183e-01
    outer loop
      vertex   2.256763e+00 -1.043128e-32 1.121348e+00
      vertex   2.313905e+00 3.019096e+00 9.981210e-01
      vertex   2.251954e+00 3.019096e+00 1.130974e+00
    endloop
  endfacet
  facet normal 8.823455e-01 -9.510230e-05 4.706022e-01
    outer loop
      vertex   2.256763e+00 -1.043128e-32 1.121348e+00
      vertex   2.251954e+00 3.019096e+00 1.130974e+00
      vertex   2.188411e+00 -1.011535e-32 1.249502e+00
    endloop
  endfacet
  facet normal 8.802014e-01 1.069901e-04 4.746004e-01
    outer loop
      vertex   2.188411e+00 -1.011535e-32 1.249502e+00
      vertex   2.251954e+00 3.019096e+00 1.130974e+00
      vertex   2.182384e+00 3.019096e+00 1.260000e+00
    endloop
  endfacet
  facet normal 8.537676e-01 -1.059204e-04 5.206542e-01
    outer loop
      vertex   2.188411e+00 -1.011535e-32 1.249502e+00
      vertex   2.182384e+00 3.019096e+00 1.260000e+00
      vertex   2.112790e+00 -9.765807e-33 1.373505e+00
    endloop
  endfacet
  facet normal 8.511167e-01 1.176893e-04 5.249766e-01
    outer loop
      vertex   2.112790e+00 -9.765807e-33 1.373505e+00
      vertex   2.182384e+00 3.019096e+00 1.260000e+00
      vertex   2.105429e+00 3.019096e+00 1.384763e+00
    endloop
  endfacet
  facet normal 8.223536e-01 -1.165008e-04 5.689767e-01
    outer loop
      vertex   2.112790e+00 -9.765807e-33 1.373505e+00
      vertex   2.105429e+00 3.019096e+00 1.384763e+00
      vertex   2.030151e+00 -9.383827e-33 1.492946e+00
    endloop
  endfacet
  facet normal 8.191520e-01 1.281509e-04 5.735764e-01
    outer loop
      vertex   2.030151e+00 -9.383827e-33 1.492946e+00
      vertex   2.105429e+00 3.019096e+00 1.384763e+00
      vertex   2.021350e+00 3.019096e+00 1.504840e+00
    endloop
  endfacet
  facet normal 7.882079e-01 -1.268435e-04 6.154091e-01
    outer loop
      vertex   2.030151e+00 -9.383827e-33 1.492946e+00
      vertex   2.021350e+00 3.019096e+00 1.504840e+00
      vertex   1.940767e+00 -8.970676e-33 1.607427e+00
    endloop
  endfacet
  facet normal 7.844157e-01 1.383747e-04 6.202355e-01
    outer loop
      vertex   1.940767e+00 -8.970676e-33 1.607427e+00
      vertex   2.021350e+00 3.019096e+00 1.504840e+00
      vertex   1.930432e+00 3.019096e+00 1.619825e+00
    endloop
  endfacet
  facet normal 7.514438e-01 -1.369485e-04 6.597971e-01
    outer loop
      vertex   1.940767e+00 -8.970676e-33 1.607427e+00
      vertex   1.930432e+00 3.019096e+00 1.619825e+00
      vertex   1.844937e+00 -8.527724e-33 1.716569e+00
    endloop
  endfacet
  facet normal 7.470251e-01 1.483608e-04 6.647959e-01
    outer loop
      vertex   1.844937e+00 -8.527724e-33 1.716569e+00
      vertex   1.930432e+00 3.019096e+00 1.619825e+00
      vertex   1.832982e+00 3.019096e+00 1.729329e+00
    endloop
  endfacet
  facet normal 7.121834e-01 -1.468157e-04 7.019934e-01
    outer loop
      vertex   1.844937e+00 -8.527724e-33 1.716569e+00
      vertex   1.832982e+00 3.019096e+00 1.729329e+00
      vertex   1.742977e+00 -8.056445e-33 1.820008e+00
    endloop
  endfacet
  facet normal 7.071068e-01 1.581092e-04 7.071068e-01
    outer loop
      vertex   1.742977e+00 -8.056445e-33 1.820008e+00
      vertex   1.832982e+00 3.019096e+00 1.729329e+00
      vertex   1.729329e+00 3.019096e+00 1.832982e+00
    endloop
  endfacet
  facet normal 6.705573e-01 -1.564452e-04 7.418577e-01
    outer loop
      vertex   1.742977e+00 -8.056445e-33 1.820008e+00
      vertex   1.729329e+00 3.019096e+00 1.832982e+00
      vertex   1.635228e+00 -7.558403e-33 1.917402e+00
    endloop
  endfacet
  facet normal 6.647959e-01 1.676198e-04 7.470251e-01
    outer loop
      vertex   1.635228e+00 -7.558403e-33 1.917402e+00
      vertex   1.729329e+00 3.019096e+00 1.832982e+00
      vertex   1.619825e+00 3.019096e+00 1.930432e+00
    endloop
  endfacet
  facet normal 6.267036e-01 -1.658370e-04 7.792577e-01
    outer loop
      vertex   1.635228e+00 -7.558403e-33 1.917402e+00
      vertex   1.619825e+00 3.019096e+00 1.930432e+00
      vertex   1.522047e+00 -7.035252e-33 2.008426e+00
    endloop
  endfacet
  facet normal 6.202355e-01 1.768927e-04 7.844157e-01
    outer loop
      vertex   1.522047e+00 -7.035252e-33 2.008426e+00
      vertex   1.619825e+00 3.019096e+00 1.930432e+00
      vertex   1.504840e+00 3.019096e+00 2.021350e+00
    endloop
  endfacet
  facet normal 5.807681e-01 -1.749910e-04 8.140690e-01
    outer loop
      vertex   1.522047e+00 -7.035252e-33 2.008426e+00
      vertex   1.504840e+00 3.019096e+00 2.021350e+00
      vertex   1.403809e+00 -6.488731e-33 2.092778e+00
    endloop
  endfacet
  facet normal 5.735764e-01 1.859279e-04 8.191520e-01
    outer loop
      vertex   1.403809e+00 -6.488731e-33 2.092778e+00
      vertex   1.504840e+00 3.019096e+00 2.021350e+00
      vertex   1.384763e+00 3.019096e+00 2.105429e+00
    endloop
  endfacet
  facet normal 5.329034e-01 -1.839073e-04 8.461761e-01
    outer loop
      vertex   1.403809e+00 -6.488731e-33 2.092778e+00
      vertex   1.384763e+00 3.019096e+00 2.105429e+00
      vertex   1.280908e+00 -5.920656e-33 2.170178e+00
    endloop
  endfacet
  facet normal 5.249766e-01 1.947253e-04 8.511167e-01
    outer loop
      vertex   1.280908e+00 -5.920656e-33 2.170178e+00
      vertex   1.384763e+00 3.019096e+00 2.105429e+00
      vertex   1.260000e+00 3.019096e+00 2.182384e+00
    endloop
  endfacet
  facet normal 4.832684e-01 -1.925859e-04 8.754722e-01
    outer loop
      vertex   1.280908e+00 -5.920656e-33 2.170178e+00
      vertex   1.260000e+00 3.019096e+00 2.182384e+00
      vertex   1.153753e+00 -5.332912e-33 2.240369e+00
    endloop
  endfacet
  facet normal 4.746004e-01 2.032850e-04 8.802014e-01
    outer loop
      vertex   1.153753e+00 -5.332912e-33 2.240369e+00
      vertex   1.260000e+00 3.019096e+00 2.182384e+00
      vertex   1.130974e+00 3.019096e+00 2.251954e+00
    endloop
  endfacet
  facet normal 4.320280e-01 -2.010267e-04 9.018602e-01
    outer loop
      vertex   1.153753e+00 -5.332912e-33 2.240369e+00
      vertex   1.130974e+00 3.019096e+00 2.251954e+00
      vertex   1.022764e+00 -4.727453e-33 2.303118e+00
    endloop
  endfacet
  facet normal 4.226183e-01 2.116070e-04 9.063078e-01
    outer loop
      vertex   1.022764e+00 -4.727453e-33 2.303118e+00
      vertex   1.130974e+00 3.019096e+00 2.251954e+00
      vertex   9.981210e-01 3.019096e+00 2.313905e+00
    endloop
  endfacet
  facet normal 3.793524e-01 -2.092298e-04 9.252522e-01
    outer loop
      vertex   1.022764e+00 -4.727453e-33 2.303118e+00
      vertex   9.981210e-01 3.019096e+00 2.313905e+00
      vertex   8.883782e-01 -4.106290e-33 2.358216e+00
    endloop
  endfacet
  facet normal 3.692061e-01 2.196912e-04 9.293475e-01
    outer loop
      vertex   8.883782e-01 -4.106290e-33 2.358216e+00
      vertex   9.981210e-01 3.019096e+00 2.313905e+00
      vertex   8.618908e-01 3.019096e+00 2.368025e+00
    endloop
  endfacet
  facet normal 3.254167e-01 -2.171952e-04 9.455707e-01
    outer loop
      vertex   8.883782e-01 -4.106290e-33 2.358216e+00
      vertex   8.618908e-01 3.019096e+00 2.368025e+00
      vertex   7.510411e-01 -3.471486e-33 2.405481e+00
    endloop
  endfacet
  facet normal 3.145447e-01 2.275377e-04 9.492426e-01
    outer loop
      vertex   7.510411e-01 -3.471486e-33 2.405481e+00
      vertex   8.618908e-01 3.019096e+00 2.368025e+00
      vertex   7.227441e-01 3.019096e+00 2.414134e+00
    endloop
  endfacet
  facet normal 2.704000e-01 -2.249228e-04 9.627480e-01
    outer loop
      vertex   7.510411e-01 -3.471486e-33 2.405481e+00
      vertex   7.227441e-01 3.019096e+00 2.414134e+00
      vertex   6.112091e-01 -2.825150e-33 2.444754e+00
    endloop
  endfacet
  facet normal 2.588190e-01 2.351464e-04 9.659258e-01
    outer loop
      vertex   6.112091e-01 -2.825150e-33 2.444754e+00
      vertex   7.227441e-01 3.019096e+00 2.414134e+00
      vertex   5.811520e-01 3.019096e+00 2.452073e+00
    endloop
  endfacet
  facet normal 2.144851e-01 -2.324126e-04 9.767272e-01
    outer loop
      vertex   6.112091e-01 -2.825150e-33 2.444754e+00
      vertex   5.811520e-01 3.019096e+00 2.452073e+00
      vertex   4.693468e-01 -2.169430e-33 2.475907e+00
    endloop
  endfacet
  facet normal 2.022176e-01 2.425174e-04 9.793406e-01
    outer loop
      vertex   4.693468e-01 -2.169430e-33 2.475907e+00
      vertex   5.811520e-01 3.019096e+00 2.452073e+00
      vertex   4.375934e-01 3.019096e+00 2.481716e+00
    endloop
  endfacet
  facet normal 1.578577e-01 -2.396647e-04 9.874618e-01
    outer loop
      vertex   4.693468e-01 -2.169430e-33 2.475907e+00
      vertex   4.375934e-01 3.019096e+00 2.481716e+00
      vertex   3.259254e-01 -1.506503e-33 2.498834e+00
    endloop
  endfacet
  facet normal 1.449319e-01 2.496506e-04 9.894416e-01
    outer loop
      vertex   3.259254e-01 -1.506503e-33 2.498834e+00
      vertex   4.375934e-01 3.019096e+00 2.481716e+00
      vertex   2.925541e-01 3.019096e+00 2.502961e+00
    endloop
  endfacet
  facet normal 1.007058e-01 -2.466790e-04 9.949162e-01
    outer loop
      vertex   3.259254e-01 -1.506503e-33 2.498834e+00
      vertex   2.925541e-01 3.019096e+00 2.502961e+00
      vertex   1.814212e-01 -8.385709e-34 2.513461e+00
    endloop
  endfacet
  facet normal 8.715574e-02 2.565461e-04 9.961947e-01
    outer loop
      vertex   1.814212e-01 -8.385709e-34 2.513461e+00
      vertex   2.925541e-01 3.019096e+00 2.502961e+00
      vertex   1.465250e-01 3.019096e+00 2.515737e+00
    endloop
  endfacet
  facet normal 4.321946e-02 -2.534556e-04 9.990656e-01
    outer loop
      vertex   1.814212e-01 -8.385709e-34 2.513461e+00
      vertex   1.465250e-01 3.019096e+00 2.515737e+00
      vertex   3.631440e-02 -1.678536e-34 2.519738e+00
    endloop
  endfacet
  facet normal 2.908472e-02 2.632038e-04 9.995769e-01
    outer loop
      vertex   3.631440e-02 -1.678536e-34 2.519738e+00
      vertex   1.465250e-01 3.019096e+00 2.515737e+00
      vertex   1.543055e-16 3.019096e+00 2.520000e+00
    endloop
  endfacet
  facet normal -1.441048e-02 -2.599945e-04 9.998961e-01
    outer loop
      vertex   3.631440e-02 -1.678536e-34 2.519738e+00
      vertex   1.543055e-16 3.019096e+00 2.520000e+00
      vertex   -1.089130e-01 5.034213e-34 2.517645e+00
    endloop
  endfacet
  facet normal -2.908472e-02 2.696237e-04 9.995769e-01
    outer loop
      vertex   -1.089130e-01 5.034213e-34 2.517645e+00
      vertex   1.543055e-16 3.019096e+00 2.520000e+00
      vertex   -1.465250e-01 3.019096e+00 2.515737e+00
    endloop
  endfacet
  facet normal -7.199254e-02 -2.662955e-04 9.974051e-01
    outer loop
      vertex   -1.089130e-01 5.034213e-34 2.517645e+00
      vertex   -1.465250e-01 3.019096e+00 2.515737e+00
      vertex   -2.537787e-01 1.173024e-33 2.507189e+00
    endloop
  endfacet
  facet normal -8.715574e-02 2.758059e-04 9.961947e-01
    outer loop
      vertex   -2.537787e-01 1.173024e-33 2.507189e+00
      vertex   -1.465250e-01 3.019096e+00 2.515737e+00
      vertex   -2.925541e-01 3.019096e+00 2.502961e+00
    endloop
  endfacet
  facet normal -1.293355e-01 -2.723588e-04 9.916009e-01
    outer loop
      vertex   -2.537787e-01 1.173024e-33 2.507189e+00
      vertex   -2.925541e-01 3.019096e+00 2.502961e+00
      vertex   -3.978013e-01 1.838730e-33 2.488404e+00
    endloop
  endfacet
  facet normal -1.449319e-01 2.817503e-04 9.894416e-01
    outer loop
      vertex   -3.978013e-01 1.838730e-33 2.488404e+00
      vertex   -2.925541e-01 3.019096e+00 2.502961e+00
      vertex   -4.375934e-01 3.019096e+00 2.481716e+00
    endloop
  endfacet
  facet normal -1.862487e-01 -2.781844e-04 9.825026e-01
    outer loop
      vertex   -3.978013e-01 1.838730e-33 2.488404e+00
      vertex   -4.375934e-01 3.019096e+00 2.481716e+00
      vertex   -5.405025e-01 2.498328e-33 2.461353e+00
    endloop
  endfacet
  facet normal -2.022176e-01 2.874570e-04 9.793406e-01
    outer loop
      vertex   -5.405025e-01 2.498328e-33 2.461353e+00
      vertex   -4.375934e-01 3.019096e+00 2.481716e+00
      vertex   -5.811520e-01 3.019096e+00 2.452073e+00
    endloop
  endfacet
  facet normal -2.425433e-01 -2.837722e-04 9.701405e-01
    outer loop
      vertex   -5.405025e-01 2.498328e-33 2.461353e+00
      vertex   -5.811520e-01 3.019096e+00 2.452073e+00
      vertex   -6.814081e-01 3.149626e-33 2.426125e+00
    endloop
  endfacet
  facet normal -2.588190e-01 2.929259e-04 9.659258e-01
    outer loop
      vertex   -6.814081e-01 3.149626e-33 2.426125e+00
      vertex   -5.811520e-01 3.019096e+00 2.452073e+00
      vertex   -7.227441e-01 3.019096e+00 2.414134e+00
    endloop
  endfacet
  facet normal -2.980322e-01 -2.891222e-04 9.545558e-01
    outer loop
      vertex   -6.814081e-01 3.149626e-33 2.426125e+00
      vertex   -7.227441e-01 3.019096e+00 2.414134e+00
      vertex   -8.200502e-01 3.790462e-33 2.382838e+00
    endloop
  endfacet
  facet normal -3.145447e-01 2.981570e-04 9.492426e-01
    outer loop
      vertex   -8.200502e-01 3.790462e-33 2.382838e+00
      vertex   -7.227441e-01 3.019096e+00 2.414134e+00
      vertex   -8.618908e-01 3.019096e+00 2.368025e+00
    endloop
  endfacet
  facet normal -3.525310e-01 -2.942344e-04 9.358001e-01
    outer loop
      vertex   -8.200502e-01 3.790462e-33 2.382838e+00
      vertex   -8.618908e-01 3.019096e+00 2.368025e+00
      vertex   -9.559682e-01 4.418707e-33 2.331636e+00
    endloop
  endfacet
  facet normal -3.692061e-01 3.031504e-04 9.293475e-01
    outer loop
      vertex   -9.559682e-01 4.418707e-33 2.331636e+00
      vertex   -8.618908e-01 3.019096e+00 2.368025e+00
      vertex   -9.981210e-01 3.019096e+00 2.313905e+00
    endloop
  endfacet
  facet normal -4.058588e-01 -2.991089e-04 9.139358e-01
    outer loop
      vertex   -9.559682e-01 4.418707e-33 2.331636e+00
      vertex   -9.981210e-01 3.019096e+00 2.313905e+00
      vertex   -1.088711e+00 5.032272e-33 2.272688e+00
    endloop
  endfacet
  facet normal -4.226182e-01 3.079060e-04 9.063077e-01
    outer loop
      vertex   -1.088711e+00 5.032272e-33 2.272688e+00
      vertex   -9.981210e-01 3.019096e+00 2.313905e+00
      vertex   -1.130974e+00 3.019096e+00 2.251954e+00
    endloop
  endfacet
  facet normal -4.578383e-01 -3.037456e-04 8.890354e-01
    outer loop
      vertex   -1.088711e+00 5.032272e-33 2.272688e+00
      vertex   -1.130974e+00 3.019096e+00 2.251954e+00
      vertex   -1.217836e+00 5.629122e-33 2.206190e+00
    endloop
  endfacet
  facet normal -4.746003e-01 3.124238e-04 8.802013e-01
    outer loop
      vertex   -1.217836e+00 5.629122e-33 2.206190e+00
      vertex   -1.130974e+00 3.019096e+00 2.251954e+00
      vertex   -1.260000e+00 3.019096e+00 2.182384e+00
    endloop
  endfacet
  facet normal -5.082970e-01 -3.081445e-04 8.611818e-01
    outer loop
      vertex   -1.217836e+00 5.629122e-33 2.206190e+00
      vertex   -1.260000e+00 3.019096e+00 2.182384e+00
      vertex   -1.342917e+00 6.207271e-33 2.132364e+00
    endloop
  endfacet
  facet normal -5.249766e-01 3.167038e-04 8.511166e-01
    outer loop
      vertex   -1.342917e+00 6.207271e-33 2.132364e+00
      vertex   -1.260000e+00 3.019096e+00 2.182384e+00
      vertex   -1.384763e+00 3.019096e+00 2.105429e+00
    endloop
  endfacet
  facet normal -5.570671e-01 -3.123057e-04 8.304674e-01
    outer loop
      vertex   -1.342917e+00 6.207271e-33 2.132364e+00
      vertex   -1.384763e+00 3.019096e+00 2.105429e+00
      vertex   -1.463536e+00 6.764801e-33 2.051454e+00
    endloop
  endfacet
  facet normal -5.735764e-01 3.207461e-04 8.191520e-01
    outer loop
      vertex   -1.463536e+00 6.764801e-33 2.051454e+00
      vertex   -1.384763e+00 3.019096e+00 2.105429e+00
      vertex   -1.504840e+00 3.019096e+00 2.021350e+00
    endloop
  endfacet
  facet normal -6.039867e-01 -3.162291e-04 7.969943e-01
    outer loop
      vertex   -1.463536e+00 6.764801e-33 2.051454e+00
      vertex   -1.504840e+00 3.019096e+00 2.021350e+00
      vertex   -1.579293e+00 7.299859e-33 1.963729e+00
    endloop
  endfacet
  facet normal -6.202355e-01 3.245506e-04 7.844156e-01
    outer loop
      vertex   -1.579293e+00 7.299859e-33 1.963729e+00
      vertex   -1.504840e+00 3.019096e+00 2.021350e+00
      vertex   -1.619825e+00 3.019096e+00 1.930432e+00
    endloop
  endfacet
  facet normal -6.488999e-01 -3.199147e-04 7.608737e-01
    outer loop
      vertex   -1.579293e+00 7.299859e-33 1.963729e+00
      vertex   -1.619825e+00 3.019096e+00 1.930432e+00
      vertex   -1.689804e+00 7.810668e-33 1.869482e+00
    endloop
  endfacet
  facet normal -6.647958e-01 3.281173e-04 7.470250e-01
    outer loop
      vertex   -1.689804e+00 7.810668e-33 1.869482e+00
      vertex   -1.619825e+00 3.019096e+00 1.930432e+00
      vertex   -1.729329e+00 3.019096e+00 1.832982e+00
    endloop
  endfacet
  facet normal -6.916576e-01 -3.233625e-04 7.222255e-01
    outer loop
      vertex   -1.689804e+00 7.810668e-33 1.869482e+00
      vertex   -1.729329e+00 3.019096e+00 1.832982e+00
      vertex   -1.794702e+00 8.295530e-33 1.769023e+00
    endloop
  endfacet
  facet normal -7.071067e-01 3.314463e-04 7.071067e-01
    outer loop
      vertex   -1.794702e+00 8.295530e-33 1.769023e+00
      vertex   -1.729329e+00 3.019096e+00 1.832982e+00
      vertex   -1.832982e+00 3.019096e+00 1.729329e+00
    endloop
  endfacet
  facet normal -7.321176e-01 -3.265726e-04 6.811782e-01
    outer loop
      vertex   -1.794702e+00 8.295530e-33 1.769023e+00
      vertex   -1.832982e+00 3.019096e+00 1.729329e+00
      vertex   -1.893638e+00 8.752835e-33 1.662689e+00
    endloop
  endfacet
  facet normal -7.470250e-01 3.345375e-04 6.647958e-01
    outer loop
      vertex   -1.893638e+00 8.752835e-33 1.662689e+00
      vertex   -1.832982e+00 3.019096e+00 1.729329e+00
      vertex   -1.930432e+00 3.019096e+00 1.619825e+00
    endloop
  endfacet
  facet normal -7.701456e-01 -3.295449e-04 6.378680e-01
    outer loop
      vertex   -1.893638e+00 8.752835e-33 1.662689e+00
      vertex   -1.930432e+00 3.019096e+00 1.619825e+00
      vertex   -1.986284e+00 9.181064e-33 1.550831e+00
    endloop
  endfacet
  facet normal -7.844156e-01 3.373908e-04 6.202355e-01
    outer loop
      vertex   -1.986284e+00 9.181064e-33 1.550831e+00
      vertex   -1.930432e+00 3.019096e+00 1.619825e+00
      vertex   -2.021350e+00 3.019096e+00 1.504840e+00
    endloop
  endfacet
  facet normal -8.056153e-01 -3.322794e-04 5.924389e-01
    outer loop
      vertex   -1.986284e+00 9.181064e-33 1.550831e+00
      vertex   -2.021350e+00 3.019096e+00 1.504840e+00
      vertex   -2.072331e+00 9.578795e-33 1.433821e+00
    endloop
  endfacet
  facet normal -8.191520e-01 3.400065e-04 5.735764e-01
    outer loop
      vertex   -2.072331e+00 9.578795e-33 1.433821e+00
      vertex   -2.021350e+00 3.019096e+00 1.504840e+00
      vertex   -2.105429e+00 3.019096e+00 1.384763e+00
    endloop
  endfacet
  facet normal -8.384088e-01 -3.347761e-04 5.450418e-01
    outer loop
      vertex   -2.072331e+00 9.578795e-33 1.433821e+00
      vertex   -2.105429e+00 3.019096e+00 1.384763e+00
      vertex   -2.151494e+00 9.944706e-33 1.312049e+00
    endloop
  endfacet
  facet normal -8.511166e-01 3.423843e-04 5.249765e-01
    outer loop
      vertex   -2.151494e+00 9.944706e-33 1.312049e+00
      vertex   -2.105429e+00 3.019096e+00 1.384763e+00
      vertex   -2.182384e+00 3.019096e+00 1.260000e+00
    endloop
  endfacet
  facet normal -8.684172e-01 -3.370350e-04 4.958341e-01
    outer loop
      vertex   -2.151494e+00 9.944706e-33 1.312049e+00
      vertex   -2.182384e+00 3.019096e+00 1.260000e+00
      vertex   -2.223511e+00 1.027758e-32 1.185918e+00
    endloop
  endfacet
  facet normal -8.802013e-01 3.445243e-04 4.746003e-01
    outer loop
      vertex   -2.223511e+00 1.027758e-32 1.185918e+00
      vertex   -2.182384e+00 3.019096e+00 1.260000e+00
      vertex   -2.251954e+00 3.019096e+00 1.130974e+00
    endloop
  endfacet
  facet normal -8.955408e-01 -3.390562e-04 4.449793e-01
    outer loop
      vertex   -2.223511e+00 1.027758e-32 1.185918e+00
      vertex   -2.251954e+00 3.019096e+00 1.130974e+00
      vertex   -2.288141e+00 1.057632e-32 1.055847e+00
    endloop
  endfacet
  facet normal -9.063077e-01 3.464266e-04 4.226182e-01
    outer loop
      vertex   -2.288141e+00 1.057632e-32 1.055847e+00
      vertex   -2.251954e+00 3.019096e+00 1.130974e+00
      vertex   -2.313905e+00 3.019096e+00 9.981210e-01
    endloop
  endfacet
  facet normal -9.196895e-01 -3.408396e-04 3.926464e-01
    outer loop
      vertex   -2.288141e+00 1.057632e-32 1.055847e+00
      vertex   -2.313905e+00 3.019096e+00 9.981210e-01
      vertex   -2.345170e+00 1.083992e-32 9.222689e-01
    endloop
  endfacet
  facet normal -9.293475e-01 3.480911e-04 3.692061e-01
    outer loop
      vertex   -2.345170e+00 1.083992e-32 9.222689e-01
      vertex   -2.313905e+00 3.019096e+00 9.981210e-01
      vertex   -2.368025e+00 3.019096e+00 8.618908e-01
    endloop
  endfacet
  facet normal -9.407830e-01 -3.423852e-04 3.390091e-01
    outer loop
      vertex   -2.345170e+00 1.083992e-32 9.222689e-01
      vertex   -2.368025e+00 3.019096e+00 8.618908e-01
      vertex   -2.394408e+00 1.106751e-32 7.856272e-01
    endloop
  endfacet
  facet normal -9.492426e-01 3.495178e-04 3.145447e-01
    outer loop
      vertex   -2.394408e+00 1.106751e-32 7.856272e-01
      vertex   -2.368025e+00 3.019096e+00 8.618908e-01
      vertex   -2.414134e+00 3.019096e+00 7.227441e-01
    endloop
  endfacet
  facet normal -9.587514e-01 -3.436930e-04 2.842456e-01
    outer loop
      vertex   -2.394408e+00 1.106751e-32 7.856272e-01
      vertex   -2.414134e+00 3.019096e+00 7.227441e-01
      vertex   -2.435693e+00 1.125834e-32 6.463757e-01
    endloop
  endfacet
  facet normal -9.659258e-01 3.507067e-04 2.588190e-01
    outer loop
      vertex   -2.435693e+00 1.125834e-32 6.463757e-01
      vertex   -2.414134e+00 3.019096e+00 7.227441e-01
      vertex   -2.452073e+00 3.019096e+00 5.811520e-01
    endloop
  endfacet
  facet normal -9.735350e-01 -3.447630e-04 2.285379e-01
    outer loop
      vertex   -2.435693e+00 1.125834e-32 6.463757e-01
      vertex   -2.452073e+00 3.019096e+00 5.811520e-01
      vertex   -2.468886e+00 1.141176e-32 5.049771e-01
    endloop
  endfacet
  facet normal -9.793406e-01 3.516578e-04 2.022176e-01
    outer loop
      vertex   -2.468886e+00 1.141176e-32 5.049771e-01
      vertex   -2.452073e+00 3.019096e+00 5.811520e-01
      vertex   -2.481716e+00 3.019096e+00 4.375934e-01
    endloop
  endfacet
  facet normal -9.850845e-01 -3.455952e-04 1.720711e-01
    outer loop
      vertex   -2.468886e+00 1.141176e-32 5.049771e-01
      vertex   -2.481716e+00 3.019096e+00 4.375934e-01
      vertex   -2.493878e+00 1.152728e-32 3.619009e-01
    endloop
  endfacet
  facet normal -9.894416e-01 3.523712e-04 1.449319e-01
    outer loop
      vertex   -2.493878e+00 1.152728e-32 3.619009e-01
      vertex   -2.481716e+00 3.019096e+00 4.375934e-01
      vertex   -2.502961e+00 3.019096e+00 2.925541e-01
    endloop
  endfacet
  facet normal -9.933617e-01 -3.461897e-04 1.150326e-01
    outer loop
      vertex   -2.493878e+00 1.152728e-32 3.619009e-01
      vertex   -2.502961e+00 3.019096e+00 2.925541e-01
      vertex   -2.510586e+00 1.160451e-32 2.176225e-01
    endloop
  endfacet
  facet normal -9.961946e-01 3.528468e-04 8.715574e-02
    outer loop
      vertex   -2.510586e+00 1.160451e-32 2.176225e-01
      vertex   -2.502961e+00 3.019096e+00 2.925541e-01
      vertex   -2.515737e+00 3.019096e+00 1.465250e-01
    endloop
  endfacet
  facet normal -9.983390e-01 -3.465464e-04 5.761198e-02
    outer loop
      vertex   -2.510586e+00 1.160451e-32 2.176225e-01
      vertex   -2.515737e+00 3.019096e+00 1.465250e-01
      vertex   -2.518953e+00 1.164319e-32 7.262126e-02
    endloop
  endfacet
  facet normal -9.995769e-01 3.530845e-04 2.908472e-02
    outer loop
      vertex   -2.518953e+00 1.164319e-32 7.262126e-02
      vertex   -2.515737e+00 3.019096e+00 1.465250e-01
      vertex   -2.520000e+00 3.019096e+00 3.086110e-16
    endloop
  endfacet
  facet normal -9.999999e-01 -3.466653e-04 -0.000000e+00
    outer loop
      vertex   -2.518953e+00 1.164319e-32 7.262126e-02
      vertex   -2.520000e+00 3.019096e+00 3.086110e-16
      vertex   -2.518953e+00 1.164319e-32 -7.262126e-02
    endloop
  endfacet
  facet normal -9.995769e-01 3.530845e-04 -2.908472e-02
    outer loop
      vertex   -2.518953e+00 1.164319e-32 -7.262126e-02
      vertex   -2.520000e+00 3.019096e+00 3.086110e-16
      vertex   -2.515737e+00 3.019096e+00 -1.465250e-01
    endloop
  endfacet
  facet normal -9.983390e-01 -3.465464e-04 -5.761198e-02
    outer loop
      vertex   -2.518953e+00 1.164319e-32 -7.262126e-02
      vertex   -2.515737e+00 3.019096e+00 -1.465250e-01
      vertex   -2.510586e+00 1.160451e-32 -2.176225e-01
    endloop
  endfacet
  facet normal -9.961946e-01 3.528468e-04 -8.715574e-02
    outer loop
      vertex   -2.510586e+00 1.160451e-32 -2.176225e-01
      vertex   -2.515737e+00 3.019096e+00 -1.465250e-01
      vertex   -2.502961e+00 3.019096e+00 -2.925541e-01
    endloop
  endfacet
  facet normal -9.933617e-01 -3.461897e-04 -1.150326e-01
    outer loop
      vertex   -2.510586e+00 1.160451e-32 -2.176225e-01
      vertex   -2.502961e+00 3.019096e+00 -2.925541e-01
      vertex   -2.493878e+00 1.152728e-32 -3.619009e-01
    endloop
  endfacet
  facet normal -9.894416e-01 3.523712e-04 -1.449319e-01
    outer loop
      vertex   -2.493878e+00 1.152728e-32 -3.619009e-01
      vertex   -2.502961e+00 3.019096e+00 -2.925541e-01
      vertex   -2.481716e+00 3.019096e+00 -4.375934e-01
    endloop
  endfacet
  facet normal -9.850845e-01 -3.455952e-04 -1.720711e-01
    outer loop
      vertex   -2.493878e+00 1.152728e-32 -3.619009e-01
      vertex   -2.481716e+00 3.019096e+00 -4.375934e-01
      vertex   -2.468886e+00 1.141176e-32 -5.049771e-01
    endloop
  endfacet
  facet normal -9.793406e-01 3.516578e-04 -2.022176e-01
    outer loop
      vertex   -2.468886e+00 1.141176e-32 -5.049771e-01
      vertex   -2.481716e+00 3.019096e+00 -4.375934e-01
      vertex   -2.452073e+00 3.019096e+00 -5.811520e-01
    endloop
  endfacet
  facet normal -9.735350e-01 -3.447630e-04 -2.285379e-01
    outer loop
      vertex   -2.468886e+00 1.141176e-32 -5.049771e-01
      vertex   -2.452073e+00 3.019096e+00 -5.811520e-01
      vertex   -2.435693e+00 1.125834e-32 -6.463757e-01
    endloop
  endfacet
  facet normal -9.659258e-01 3.507067e-04 -2.588190e-01
    outer loop
      vertex   -2.435693e+00 1.125834e-32 -6.463757e-01
      vertex   -2.452073e+00 3.019096e+00 -5.811520e-01
      vertex   -2.414134e+00 3.019096e+00 -7.227441e-01
    endloop
  endfacet
  facet normal -9.587514e-01 -3.436930e-04 -2.842456e-01
    outer loop
      vertex   -2.435693e+00 1.125834e-32 -6.463757e-01
      vertex   -2.414134e+00 3.019096e+00 -7.227441e-01
      vertex   -2.394408e+00 1.106751e-32 -7.856272e-01
    endloop
  endfacet
  facet normal -9.492426e-01 3.495178e-04 -3.145447e-01
    outer loop
      vertex   -2.394408e+00 1.106751e-32 -7.856272e-01
      vertex   -2.414134e+00 3.019096e+00 -7.227441e-01
      vertex   -2.368025e+00 3.019096e+00 -8.618908e-01
    endloop
  endfacet
  facet normal -9.407830e-01 -3.423852e-04 -3.390091e-01
    outer loop
      vertex   -2.394408e+00 1.106751e-32 -7.856272e-01
      vertex   -2.368025e+00 3.019096e+00 -8.618908e-01
      vertex   -2.345170e+00 1.083992e-32 -9.222689e-01
    endloop
  endfacet
  facet normal -9.293475e-01 3.480911e-04 -3.692061e-01
    outer loop
      vertex   -2.345170e+00 1.083992e-32 -9.222689e-01
      vertex   -2.368025e+00 3.019096e+00 -8.618908e-01
      vertex   -2.313905e+00 3.019096e+00 -9.981210e-01
    endloop
  endfacet
  facet normal -9.196895e-01 -3.408396e-04 -3.926464e-01
    outer loop
      vertex   -2.345170e+00 1.083992e-32 -9.222689e-01
      vertex   -2.313905e+00 3.019096e+00 -9.981210e-01
      vertex   -2.288141e+00 1.057632e-32 -1.055847e+00
    endloop
  endfacet
  facet normal -9.063077e-01 3.464266e-04 -4.226182e-01
    outer loop
      vertex   -2.288141e+00 1.057632e-32 -1.055847e+00
      vertex   -2.313905e+00 3.019096e+00 -9.981210e-01
      vertex   -2.251954e+00 3.019096e+00 -1.130974e+00
    endloop
  endfacet
  facet normal -8.955408e-01 -3.390562e-04 -4.449793e-01
    outer loop
      vertex   -2.288141e+00 1.057632e-32 -1.055847e+00
      vertex   -2.251954e+00 3.019096e+00 -1.130974e+00
      vertex   -2.223511e+00 1.027758e-32 -1.185918e+00
    endloop
  endfacet
  facet normal -8.802013e-01 3.445243e-04 -4.746003e-01
    outer loop
      vertex   -2.223511e+00 1.027758e-32 -1.185918e+00
      vertex   -2.251954e+00 3.019096e+00 -1.130974e+00
      vertex   -2.182384e+00 3.019096e+00 -1.260000e+00
    endloop
  endfacet
  facet normal -8.684172e-01 -3.370350e-04 -4.958341e-01
    outer loop
      vertex   -2.223511e+00 1.027758e-32 -1.185918e+00
      vertex   -2.182384e+00 3.019096e+00 -1.260000e+00
      vertex   -2.151494e+00 9.944706e-33 -1.312049e+00
    endloop
  endfacet
  facet normal -8.511166e-01 3.423843e-04 -5.249765e-01
    outer loop
      vertex   -2.151494e+00 9.944706e-33 -1.312049e+00
      vertex   -2.182384e+00 3.019096e+00 -1.260000e+00
      vertex   -2.105429e+00 3.019096e+00 -1.384763e+00
    endloop
  endfacet
  facet normal -8.384088e-01 -3.347761e-04 -5.450418e-01
    outer loop
      vertex   -2.151494e+00 9.944706e-33 -1.312049e+00
      vertex   -2.105429e+00 3.019096e+00 -1.384763e+00
      vertex   -2.072331e+00 9.578795e-33 -1.433821e+00
    endloop
  endfacet
  facet normal -8.191520e-01 3.400065e-04 -5.735764e-01
    outer loop
      vertex   -2.072331e+00 9.578795e-33 -1.433821e+00
      vertex   -2.105429e+00 3.019096e+00 -1.384763e+00
      vertex   -2.021350e+00 3.019096e+00 -1.504840e+00
    endloop
  endfacet
  facet normal -8.056153e-01 -3.322794e-04 -5.924389e-01
    outer loop
      vertex   -2.072331e+00 9.578795e-33 -1.433821e+00
      vertex   -2.021350e+00 3.019096e+00 -1.504840e+00
      vertex   -1.986284e+00 9.181064e-33 -1.550831e+00
    endloop
  endfacet
  facet normal -7.844156e-01 3.373908e-04 -6.202355e-01
    outer loop
      vertex   -1.986284e+00 9.181064e-33 -1.550831e+00
      vertex   -2.021350e+00 3.019096e+00 -1.504840e+00
      vertex   -1.930432e+00 3.019096e+00 -1.619825e+00
    endloop
  endfacet
  facet normal -7.701456e-01 -3.295449e-04 -6.378680e-01
    outer loop
      vertex   -1.986284e+00 9.181064e-33 -1.550831e+00
      vertex   -1.930432e+00 3.019096e+00 -1.619825e+00
      vertex   -1.893638e+00 8.752835e-33 -1.662689e+00
    endloop
  endfacet
  facet normal -7.470250e-01 3.345375e-04 -6.647958e-01
    outer loop
      vertex   -1.893638e+00 8.752835e-33 -1.662689e+00
      vertex   -1.930432e+00 3.019096e+00 -1.619825e+00
      vertex   -1.832982e+00 3.019096e+00 -1.729329e+00
    endloop
  endfacet
  facet normal -7.321176e-01 -3.265726e-04 -6.811782e-01
    outer loop
      vertex   -1.893638e+00 8.752835e-33 -1.662689e+00
      vertex   -1.832982e+00 3.019096e+00 -1.729329e+00
      vertex   -1.794702e+00 8.295530e-33 -1.769023e+00
    endloop
  endfacet
  facet normal -7.071067e-01 3.314463e-04 -7.071067e-01
    outer loop
      vertex   -1.794702e+00 8.295530e-33 -1.769023e+00
      vertex   -1.832982e+00 3.019096e+00 -1.729329e+00
      vertex   -1.729329e+00 3.019096e+00 -1.832982e+00
    endloop
  endfacet
  facet normal -6.916576e-01 -3.233625e-04 -7.222255e-01
    outer loop
      vertex   -1.794702e+00 8.295530e-33 -1.769023e+00
      vertex   -1.729329e+00 3.019096e+00 -1.832982e+00
      vertex   -1.689804e+00 7.810668e-33 -1.869482e+00
    endloop
  endfacet
  facet normal -6.647958e-01 3.281173e-04 -7.470250e-01
    outer loop
      vertex   -1.689804e+00 7.810668e-33 -1.869482e+00
      vertex   -1.729329e+00 3.019096e+00 -1.832982e+00
      vertex   -1.619825e+00 3.019096e+00 -1.930432e+00
    endloop
  endfacet
  facet normal -6.488999e-01 -3.199147e-04 -7.608737e-01
    outer loop
      vertex   -1.689804e+00 7.810668e-33 -1.869482e+00
      vertex   -1.619825e+00 3.019096e+00 -1.930432e+00
      vertex   -1.579293e+00 7.299859e-33 -1.963729e+00
    endloop
  endfacet
  facet normal -6.202355e-01 3.245506e-04 -7.844156e-01
    outer loop
      vertex   -1.579293e+00 7.299859e-33 -1.963729e+00
      vertex   -1.619825e+00 3.019096e+00 -1.930432e+00
      vertex   -1.504840e+00 3.019096e+00 -2.021350e+00
    endloop
  endfacet
  facet normal -6.039867e-01 -3.162291e-04 -7.969943e-01
    outer loop
      vertex   -1.579293e+00 7.299859e-33 -1.963729e+00
      vertex   -1.504840e+00 3.019096e+00 -2.021350e+00
      vertex   -1.463536e+00 6.764801e-33 -2.051454e+00
    endloop
  endfacet
  facet normal -5.735764e-01 3.207461e-04 -8.191520e-01
    outer loop
      vertex   -1.463536e+00 6.764801e-33 -2.051454e+00
      vertex   -1.504840e+00 3.019096e+00 -2.021350e+00
      vertex   -1.384763e+00 3.019096e+00 -2.105429e+00
    endloop
  endfacet
  facet normal -5.570671e-01 -3.123057e-04 -8.304674e-01
    outer loop
      vertex   -1.463536e+00 6.764801e-33 -2.051454e+00
      vertex   -1.384763e+00 3.019096e+00 -2.105429e+00
      vertex   -1.342917e+00 6.207271e-33 -2.132364e+00
    endloop
  endfacet
  facet normal -5.249766e-01 3.167038e-04 -8.511166e-01
    outer loop
      vertex   -1.342917e+00 6.207271e-33 -2.132364e+00
      vertex   -1.384763e+00 3.019096e+00 -2.105429e+00
      vertex   -1.260000e+00 3.019096e+00 -2.182384e+00
    endloop
  endfacet
  facet normal -5.082970e-01 -3.081445e-04 -8.611818e-01
    outer loop
      vertex   -1.342917e+00 6.207271e-33 -2.132364e+00
      vertex   -1.260000e+00 3.019096e+00 -2.182384e+00
      vertex   -1.217836e+00 5.629122e-33 -2.206190e+00
    endloop
  endfacet
  facet normal -4.746003e-01 3.124238e-04 -8.802013e-01
    outer loop
      vertex   -1.217836e+00 5.629122e-33 -2.206190e+00
      vertex   -1.260000e+00 3.019096e+00 -2.182384e+00
      vertex   -1.130974e+00 3.019096e+00 -2.251954e+00
    endloop
  endfacet
  facet normal -4.578383e-01 -3.037456e-04 -8.890354e-01
    outer loop
      vertex   -1.217836e+00 5.629122e-33 -2.206190e+00
      vertex   -1.130974e+00 3.019096e+00 -2.251954e+00
      vertex   -1.088711e+00 5.032272e-33 -2.272688e+00
    endloop
  endfacet
  facet normal -4.226182e-01 3.079060e-04 -9.063077e-01
    outer loop
      vertex   -1.088711e+00 5.032272e-33 -2.272688e+00
      vertex   -1.130974e+00 3.019096e+00 -2.251954e+00
      vertex   -9.981210e-01 3.019096e+00 -2.313905e+00
    endloop
  endfacet
  facet normal -4.058588e-01 -2.991089e-04 -9.139358e-01
    outer loop
      vertex   -1.088711e+00 5.032272e-33 -2.272688e+00
      vertex   -9.981210e-01 3.019096e+00 -2.313905e+00
      vertex   -9.559682e-01 4.418707e-33 -2.331636e+00
    endloop
  endfacet
  facet normal -3.692061e-01 3.031504e-04 -9.293475e-01
    outer loop
      vertex   -9.559682e-01 4.418707e-33 -2.331636e+00
      vertex   -9.981210e-01 3.019096e+00 -2.313905e+00
      vertex   -8.618908e-01 3.019096e+00 -2.368025e+00
    endloop
  endfacet
  facet normal -3.525310e-01 -2.942344e-04 -9.358001e-01
    outer loop
      vertex   -9.559682e-01 4.418707e-33 -2.331636e+00
      vertex   -8.618908e-01 3.019096e+00 -2.368025e+00
      vertex   -8.200502e-01 3.790462e-33 -2.382838e+00
    endloop
  endfacet
  facet normal -3.145447e-01 2.981570e-04 -9.492426e-01
    outer loop
      vertex   -8.200502e-01 3.790462e-33 -2.382838e+00
      vertex   -8.618908e-01 3.019096e+00 -2.368025e+00
      vertex   -7.227441e-01 3.019096e+00 -2.414134e+00
    endloop
  endfacet
  facet normal -2.980322e-01 -2.891222e-04 -9.545558e-01
    outer loop
      vertex   -8.200502e-01 3.790462e-33 -2.382838e+00
      vertex   -7.227441e-01 3.019096e+00 -2.414134e+00
      vertex   -6.814081e-01 3.149626e-33 -2.426125e+00
    endloop
  endfacet
  facet normal -2.588190e-01 2.929259e-04 -9.659258e-01
    outer loop
      vertex   -6.814081e-01 3.149626e-33 -2.426125e+00
      vertex   -7.227441e-01 3.019096e+00 -2.414134e+00
      vertex   -5.811520e-01 3.019096e+00 -2.452073e+00
    endloop
  endfacet
  facet normal -2.425433e-01 -2.837722e-04 -9.701405e-01
    outer loop
      vertex   -6.814081e-01 3.149626e-33 -2.426125e+00
      vertex   -5.811520e-01 3.019096e+00 -2.452073e+00
      vertex   -5.405025e-01 2.498328e-33 -2.461353e+00
    endloop
  endfacet
  facet normal -2.022176e-01 2.874570e-04 -9.793406e-01
    outer loop
      vertex   -5.405025e-01 2.498328e-33 -2.461353e+00
      vertex   -5.811520e-01 3.019096e+00 -2.452073e+00
      vertex   -4.375934e-01 3.019096e+00 -2.481716e+00
    endloop
  endfacet
  facet normal -1.862487e-01 -2.781844e-04 -9.825026e-01
    outer loop
      vertex   -5.405025e-01 2.498328e-33 -2.461353e+00
      vertex   -4.375934e-01 3.019096e+00 -2.481716e+00
      vertex   -3.978013e-01 1.838730e-33 -2.488404e+00
    endloop
  endfacet
  facet normal -1.449319e-01 2.817503e-04 -9.894416e-01
    outer loop
      vertex   -3.978013e-01 1.838730e-33 -2.488404e+00
      vertex   -4.375934e-01 3.019096e+00 -2.481716e+00
      vertex   -2.925541e-01 3.019096e+00 -2.502961e+00
    endloop
  endfacet
  facet normal -1.293355e-01 -2.723588e-04 -9.916009e-01
    outer loop
      vertex   -3.978013e-01 1.838730e-33 -2.488404e+00
      vertex   -2.925541e-01 3.019096e+00 -2.502961e+00
      vertex   -2.537787e-01 1.173024e-33 -2.507189e+00
    endloop
  endfacet
  facet normal -8.715574e-02 2.758059e-04 -9.961947e-01
    outer loop
      vertex   -2.537787e-01 1.173024e-33 -2.507189e+00
      vertex   -2.925541e-01 3.019096e+00 -2.502961e+00
      vertex   -1.465250e-01 3.019096e+00 -2.515737e+00
    endloop
  endfacet
  facet normal -7.199254e-02 -2.662955e-04 -9.974051e-01
    outer loop
      vertex   -2.537787e-01 1.173024e-33 -2.507189e+00
      vertex   -1.465250e-01 3.019096e+00 -2.515737e+00
      vertex   -1.089130e-01 5.034213e-34 -2.517645e+00
    endloop
  endfacet
  facet normal -2.908472e-02 2.696237e-04 -9.995769e-01
    outer loop
      vertex   -1.089130e-01 5.034213e-34 -2.517645e+00
      vertex   -1.465250e-01 3.019096e+00 -2.515737e+00
      vertex   1.543055e-16 3.019096e+00 -2.520000e+00
    endloop
  endfacet
  facet normal -1.441048e-02 -2.599945e-04 -9.998961e-01
    outer loop
      vertex   -1.089130e-01 5.034213e-34 -2.517645e+00
      vertex   1.543055e-16 3.019096e+00 -2.520000e+00
      vertex   3.631440e-02 -1.678536e-34 -2.519738e+00
    endloop
  endfacet
  facet normal 2.908472e-02 2.632038e-04 -9.995769e-01
    outer loop
      vertex   3.631440e-02 -1.678536e-34 -2.519738e+00
      vertex   1.543055e-16 3.019096e+00 -2.520000e+00
      vertex   1.465250e-01 3.019096e+00 -2.515737e+00
    endloop
  endfacet
  facet normal 4.321946e-02 -2.534556e-04 -9.990656e-01
    outer loop
      vertex   3.631440e-02 -1.678536e-34 -2.519738e+00
      vertex   1.465250e-01 3.019096e+00 -2.515737e+00
      vertex   1.814212e-01 -8.385709e-34 -2.513461e+00
    endloop
  endfacet
  facet normal 8.715574e-02 2.565461e-04 -9.961947e-01
    outer loop
      vertex   1.814212e-01 -8.385709e-34 -2.513461e+00
      vertex   1.465250e-01 3.019096e+00 -2.515737e+00
      vertex   2.925541e-01 3.019096e+00 -2.502961e+00
    endloop
  endfacet
  facet normal 1.007058e-01 -2.466790e-04 -9.949162e-01
    outer loop
      vertex   1.814212e-01 -8.385709e-34 -2.513461e+00
      vertex   2.925541e-01 3.019096e+00 -2.502961e+00
      vertex   3.259254e-01 -1.506503e-33 -2.498834e+00
    endloop
  endfacet
  facet normal 1.449319e-01 2.496506e-04 -9.894416e-01
    outer loop
      vertex   3.259254e-01 -1.506503e-33 -2.498834e+00
      vertex   2.925541e-01 3.019096e+00 -2.502961e+00
      vertex   4.375934e-01 3.019096e+00 -2.481716e+00
    endloop
  endfacet
  facet normal 1.578577e-01 -2.396647e-04 -9.874618e-01
    outer loop
      vertex   3.259254e-01 -1.506503e-33 -2.498834e+00
      vertex   4.375934e-01 3.019096e+00 -2.481716e+00
      vertex   4.693468e-01 -2.169430e-33 -2.475907e+00
    endloop
  endfacet
  facet normal 2.022176e-01 2.425174e-04 -9.793406e-01
    outer loop
      vertex   4.693468e-01 -2.169430e-33 -2.475907e+00
      vertex   4.375934e-01 3.019096e+00 -2.481716e+00
      vertex   5.811520e-01 3.019096e+00 -2.452073e+00
    endloop
  endfacet
  facet normal 2.144851e-01 -2.324126e-04 -9.767272e-01
    outer loop
      vertex   4.693468e-01 -2.169430e-33 -2.475907e+00
      vertex   5.811520e-01 3.019096e+00 -2.452073e+00
      vertex   6.112091e-01 -2.825150e-33 -2.444754e+00
    endloop
  endfacet
  facet normal 2.588190e-01 2.351464e-04 -9.659258e-01
    outer loop
      vertex   6.112091e-01 -2.825150e-33 -2.444754e+00
      vertex   5.811520e-01 3.019096e+00 -2.452073e+00
      vertex   7.227441e-01 3.019096e+00 -2.414134e+00
    endloop
  endfacet
  facet normal 2.704000e-01 -2.249228e-04 -9.627480e-01
    outer loop
      vertex   6.112091e-01 -2.825150e-33 -2.444754e+00
      vertex   7.227441e-01 3.019096e+00 -2.414134e+00
      vertex   7.510411e-01 -3.471486e-33 -2.405481e+00
    endloop
  endfacet
  facet normal 3.145447e-01 2.275377e-04 -9.492426e-01
    outer loop
      vertex   7.510411e-01 -3.471486e-33 -2.405481e+00
      vertex   7.227441e-01 3.019096e+00 -2.414134e+00
      vertex   8.618908e-01 3.019096e+00 -2.368025e+00
    endloop
  endfacet
  facet normal 3.254167e-01 -2.171952e-04 -9.455707e-01
    outer loop
      vertex   7.510411e-01 -3.471486e-33 -2.405481e+00
      vertex   8.618908e-01 3.019096e+00 -2.368025e+00
      vertex   8.883782e-01 -4.106290e-33 -2.358216e+00
    endloop
  endfacet
  facet normal 3.692061e-01 2.196912e-04 -9.293475e-01
    outer loop
      vertex   8.883782e-01 -4.106290e-33 -2.358216e+00
      vertex   8.618908e-01 3.019096e+00 -2.368025e+00
      vertex   9.981210e-01 3.019096e+00 -2.313905e+00
    endloop
  endfacet
  facet normal 3.793524e-01 -2.092298e-04 -9.252522e-01
    outer loop
      vertex   8.883782e-01 -4.106290e-33 -2.358216e+00
      vertex   9.981210e-01 3.019096e+00 -2.313905e+00
      vertex   1.022764e+00 -4.727453e-33 -2.303118e+00
    endloop
  endfacet
  facet normal 4.226183e-01 2.116070e-04 -9.063078e-01
    outer loop
      vertex   1.022764e+00 -4.727453e-33 -2.303118e+00
      vertex   9.981210e-01 3.019096e+00 -2.313905e+00
      vertex   1.130974e+00 3.019096e+00 -2.251954e+00
    endloop
  endfacet
  facet normal 4.320280e-01 -2.010267e-04 -9.018602e-01
    outer loop
      vertex   1.022764e+00 -4.727453e-33 -2.303118e+00
      vertex   1.130974e+00 3.019096e+00 -2.251954e+00
      vertex   1.153753e+00 -5.332912e-33 -2.240369e+00
    endloop
  endfacet
  facet normal 4.746004e-01 2.032850e-04 -8.802014e-01
    outer loop
      vertex   1.153753e+00 -5.332912e-33 -2.240369e+00
      vertex   1.130974e+00 3.019096e+00 -2.251954e+00
      vertex   1.260000e+00 3.019096e+00 -2.182384e+00
    endloop
  endfacet
  facet normal 4.832684e-01 -1.925859e-04 -8.754722e-01
    outer loop
      vertex   1.153753e+00 -5.332912e-33 -2.240369e+00
      vertex   1.260000e+00 3.019096e+00 -2.182384e+00
      vertex   1.280908e+00 -5.920656e-33 -2.170178e+00
    endloop
  endfacet
  facet normal 5.249766e-01 1.947253e-04 -8.511167e-01
    outer loop
      vertex   1.280908e+00 -5.920656e-33 -2.170178e+00
      vertex   1.260000e+00 3.019096e+00 -2.182384e+00
      vertex   1.384763e+00 3.019096e+00 -2.105429e+00
    endloop
  endfacet
  facet normal 5.329034e-01 -1.839073e-04 -8.461761e-01
    outer loop
      vertex   1.280908e+00 -5.920656e-33 -2.170178e+00
      vertex   1.384763e+00 3.019096e+00 -2.105429e+00
      vertex   1.403809e+00 -6.488731e-33 -2.092778e+00
    endloop
  endfacet
  facet normal 5.735764e-01 1.859279e-04 -8.191520e-01
    outer loop
      vertex   1.403809e+00 -6.488731e-33 -2.092778e+00
      vertex   1.384763e+00 3.019096e+00 -2.105429e+00
      vertex   1.504840e+00 3.019096e+00 -2.021350e+00
    endloop
  endfacet
  facet normal 5.807681e-01 -1.749910e-04 -8.140690e-01
    outer loop
      vertex   1.403809e+00 -6.488731e-33 -2.092778e+00
      vertex   1.504840e+00 3.019096e+00 -2.021350e+00
      vertex   1.522047e+00 -7.035252e-33 -2.008426e+00
    endloop
  endfacet
  facet normal 6.202355e-01 1.768927e-04 -7.844157e-01
    outer loop
      vertex   1.522047e+00 -7.035252e-33 -2.008426e+00
      vertex   1.504840e+00 3.019096e+00 -2.021350e+00
      vertex   1.619825e+00 3.019096e+00 -1.930432e+00
    endloop
  endfacet
  facet normal 6.267036e-01 -1.658370e-04 -7.792577e-01
    outer loop
      vertex   1.522047e+00 -7.035252e-33 -2.008426e+00
      vertex   1.619825e+00 3.019096e+00 -1.930432e+00
      vertex   1.635228e+00 -7.558403e-33 -1.917402e+00
    endloop
  endfacet
  facet normal 6.647959e-01 1.676198e-04 -7.470251e-01
    outer loop
      vertex   1.635228e+00 -7.558403e-33 -1.917402e+00
      vertex   1.619825e+00 3.019096e+00 -1.930432e+00
      vertex   1.729329e+00 3.019096e+00 -1.832982e+00
    endloop
  endfacet
  facet normal 6.705573e-01 -1.564452e-04 -7.418577e-01
    outer loop
      vertex   1.635228e+00 -7.558403e-33 -1.917402e+00
      vertex   1.729329e+00 3.019096e+00 -1.832982e+00
      vertex   1.742977e+00 -8.056445e-33 -1.820008e+00
    endloop
  endfacet
  facet normal 7.071068e-01 1.581092e-04 -7.071068e-01
    outer loop
      vertex   1.742977e+00 -8.056445e-33 -1.820008e+00
      vertex   1.729329e+00 3.019096e+00 -1.832982e+00
      vertex   1.832982e+00 3.019096e+00 -1.729329e+00
    endloop
  endfacet
  facet normal 7.121834e-01 -1.468157e-04 -7.019934e-01
    outer loop
      vertex   1.742977e+00 -8.056445e-33 -1.820008e+00
      vertex   1.832982e+00 3.019096e+00 -1.729329e+00
      vertex   1.844937e+00 -8.527724e-33 -1.716569e+00
    endloop
  endfacet
  facet normal 7.470251e-01 1.483608e-04 -6.647959e-01
    outer loop
      vertex   1.844937e+00 -8.527724e-33 -1.716569e+00
      vertex   1.832982e+00 3.019096e+00 -1.729329e+00
      vertex   1.930432e+00 3.019096e+00 -1.619825e+00
    endloop
  endfacet
  facet normal 7.514438e-01 -1.369485e-04 -6.597971e-01
    outer loop
      vertex   1.844937e+00 -8.527724e-33 -1.716569e+00
      vertex   1.930432e+00 3.019096e+00 -1.619825e+00
      vertex   1.940767e+00 -8.970676e-33 -1.607427e+00
    endloop
  endfacet
  facet normal 7.844157e-01 1.383747e-04 -6.202355e-01
    outer loop
      vertex   1.940767e+00 -8.970676e-33 -1.607427e+00
      vertex   1.930432e+00 3.019096e+00 -1.619825e+00
      vertex   2.021350e+00 3.019096e+00 -1.504840e+00
    endloop
  endfacet
  facet normal 7.882079e-01 -1.268435e-04 -6.154091e-01
    outer loop
      vertex   1.940767e+00 -8.970676e-33 -1.607427e+00
      vertex   2.021350e+00 3.019096e+00 -1.504840e+00
      vertex   2.030151e+00 -9.383827e-33 -1.492946e+00
    endloop
  endfacet
  facet normal 8.191520e-01 1.281509e-04 -5.735764e-01
    outer loop
      vertex   2.030151e+00 -9.383827e-33 -1.492946e+00
      vertex   2.021350e+00 3.019096e+00 -1.504840e+00
      vertex   2.105429e+00 3.019096e+00 -1.384763e+00
    endloop
  endfacet
  facet normal 8.223536e-01 -1.165008e-04 -5.689767e-01
    outer loop
      vertex   2.030151e+00 -9.383827e-33 -1.492946e+00
      vertex   2.105429e+00 3.019096e+00 -1.384763e+00
      vertex   2.112790e+00 -9.765807e-33 -1.373505e+00
    endloop
  endfacet
  facet normal 8.511167e-01 1.176893e-04 -5.249766e-01
    outer loop
      vertex   2.112790e+00 -9.765807e-33 -1.373505e+00
      vertex   2.105429e+00 3.019096e+00 -1.384763e+00
      vertex   2.182384e+00 3.019096e+00 -1.260000e+00
    endloop
  endfacet
  facet normal 8.537676e-01 -1.059204e-04 -5.206542e-01
    outer loop
      vertex   2.112790e+00 -9.765807e-33 -1.373505e+00
      vertex   2.182384e+00 3.019096e+00 -1.260000e+00
      vertex   2.188411e+00 -1.011535e-32 -1.249502e+00
    endloop
  endfacet
  facet normal 8.802014e-01 1.069901e-04 -4.746004e-01
    outer loop
      vertex   2.188411e+00 -1.011535e-32 -1.249502e+00
      vertex   2.182384e+00 3.019096e+00 -1.260000e+00
      vertex   2.251954e+00 3.019096e+00 -1.130974e+00
    endloop
  endfacet
  facet normal 8.823455e-01 -9.510230e-05 -4.706022e-01
    outer loop
      vertex   2.188411e+00 -1.011535e-32 -1.249502e+00
      vertex   2.251954e+00 3.019096e+00 -1.130974e+00
      vertex   2.256763e+00 -1.043128e-32 -1.121348e+00
    endloop
  endfacet
  facet normal 9.063078e-01 9.605309e-05 -4.226183e-01
    outer loop
      vertex   2.256763e+00 -1.043128e-32 -1.121348e+00
      vertex   2.251954e+00 3.019096e+00 -1.130974e+00
      vertex   2.313905e+00 3.019096e+00 -9.981210e-01
    endloop
  endfacet
  facet normal 9.079923e-01 -8.404647e-05 -4.189869e-01
    outer loop
      vertex   2.256763e+00 -1.043128e-32 -1.121348e+00
      vertex   2.313905e+00 3.019096e+00 -9.981210e-01
      vertex   2.317618e+00 -1.071257e-32 -9.894689e-01
    endloop
  endfacet
  facet normal 9.293475e-01 8.487841e-05 -3.692061e-01
    outer loop
      vertex   2.317618e+00 -1.071257e-32 -9.894689e-01
      vertex   2.313905e+00 3.019096e+00 -9.981210e-01
      vertex   2.368025e+00 3.019096e+00 -8.618908e-01
    endloop
  endfacet
  facet normal 9.306228e-01 -7.275293e-05 -3.659797e-01
    outer loop
      vertex   2.317618e+00 -1.071257e-32 -9.894689e-01
      vertex   2.368025e+00 3.019096e+00 -8.618908e-01
      vertex   2.370773e+00 -1.095826e-32 -8.543029e-01
    endloop
  endfacet
  facet normal 9.492426e-01 7.346602e-05 -3.145448e-01
    outer loop
      vertex   2.370773e+00 -1.095826e-32 -8.543029e-01
      vertex   2.368025e+00 3.019096e+00 -8.618908e-01
      vertex   2.414134e+00 3.019096e+00 -7.227441e-01
    endloop
  endfacet
  facet normal 9.501619e-01 -6.122169e-05 -3.117568e-01
    outer loop
      vertex   2.370773e+00 -1.095826e-32 -8.543029e-01
      vertex   2.414134e+00 3.019096e+00 -7.227441e-01
      vertex   2.416054e+00 -1.116756e-32 -7.162990e-01
    endloop
  endfacet
  facet normal 9.659258e-01 6.181592e-05 -2.588190e-01
    outer loop
      vertex   2.416054e+00 -1.116756e-32 -7.162990e-01
      vertex   2.414134e+00 3.019096e+00 -7.227441e-01
      vertex   2.452073e+00 3.019096e+00 -5.811520e-01
    endloop
  endfacet
  facet normal 9.665447e-01 -4.945275e-05 -2.564983e-01
    outer loop
      vertex   2.416054e+00 -1.116756e-32 -7.162990e-01
      vertex   2.452073e+00 3.019096e+00 -5.811520e-01
      vertex   2.453308e+00 -1.133976e-32 -5.759156e-01
    endloop
  endfacet
  facet normal 9.793406e-01 4.992813e-05 -2.022176e-01
    outer loop
      vertex   2.453308e+00 -1.133976e-32 -5.759156e-01
      vertex   2.452073e+00 3.019096e+00 -5.811520e-01
      vertex   2.481716e+00 3.019096e+00 -4.375934e-01
    endloop
  endfacet
  facet normal 9.797167e-01 -3.744610e-05 -2.003877e-01
    outer loop
      vertex   2.453308e+00 -1.133976e-32 -5.759156e-01
      vertex   2.481716e+00 3.019096e+00 -4.375934e-01
      vertex   2.482413e+00 -1.147429e-32 -4.336191e-01
    endloop
  endfacet
  facet normal 9.894416e-01 3.780263e-05 -1.449319e-01
    outer loop
      vertex   2.482413e+00 -1.147429e-32 -4.336191e-01
      vertex   2.481716e+00 3.019096e+00 -4.375934e-01
      vertex   2.502961e+00 3.019096e+00 -2.925541e-01
    endloop
  endfacet
  facet normal 9.896341e-01 -2.520176e-05 -1.436115e-01
    outer loop
      vertex   2.482413e+00 -1.147429e-32 -4.336191e-01
      vertex   2.502961e+00 3.019096e+00 -2.925541e-01
      vertex   2.503272e+00 -1.157070e-32 -2.898821e-01
    endloop
  endfacet
  facet normal 9.962179e-01 2.567713e-05 -8.688989e-02
    outer loop
      vertex   2.503272e+00 -1.157070e-32 -2.898821e-01
      vertex   2.502961e+00 3.019096e+00 -2.925541e-01
      vertex   2.515814e+00 3.019096e+00 -1.451822e-01
    endloop
  endfacet
  facet normal 9.962642e-01 1.473621e-16 -8.635815e-02
    outer loop
      vertex   2.503272e+00 -1.157070e-32 -2.898821e-01
      vertex   2.515814e+00 3.019096e+00 -1.451822e-01
      vertex   2.515814e+00 -1.162868e-32 -1.451822e-01
    endloop
  endfacet
  facet normal -5.908447e-17 -1.000000e+00 3.630334e-15
    outer loop
      vertex   2.515814e+00 -1.162868e-32 -1.451822e-01
      vertex   2.520000e+00 5.268125e-16 0.000000e+00
      vertex   1.850000e+00 5.663991e-16 0.000000e+00
    endloop
  endfacet
  facet normal -5.908447e-17 -1.000000e+00 -3.630334e-15
    outer loop
      vertex   1.850000e+00 5.663991e-16 0.000000e+00
      vertex   2.520000e+00 5.268125e-16 0.000000e+00
      vertex   2.515814e+00 -1.162868e-32 1.451822e-01
    endloop
  endfacet
  facet normal 1.371851e-16 -1.000000e+00 -4.530438e-15
    outer loop
      vertex   1.850000e+00 5.663991e-16 0.000000e+00
      vertex   2.515814e+00 -1.162868e-32 1.451822e-01
      vertex   1.845779e+00 -8.531621e-33 1.248930e-01
    endloop
  endfacet
  facet normal -4.622232e-33 -1.000000e+00 2.815506e-47
    outer loop
      vertex   1.845779e+00 -8.531621e-33 1.248930e-01
      vertex   2.515814e+00 -1.162868e-32 1.451822e-01
      vertex   2.503272e+00 -1.157070e-32 2.898821e-01
    endloop
  endfacet
  facet normal -4.622232e-33 -1.000000e+00 5.930453e-48
    outer loop
      vertex   1.845779e+00 -8.531621e-33 1.248930e-01
      vertex   2.503272e+00 -1.157070e-32 2.898821e-01
      vertex   1.833137e+00 -8.473184e-33 2.492162e-01
    endloop
  endfacet
  facet normal -4.622232e-33 -1.000000e+00 -2.112437e-47
    outer loop
      vertex   1.833137e+00 -8.473184e-33 2.492162e-01
      vertex   2.503272e+00 -1.157070e-32 2.898821e-01
      vertex   2.482413e+00 -1.147429e-32 4.336191e-01
    endloop
  endfacet
  facet normal -4.622232e-33 -1.000000e+00 5.354745e-48
    outer loop
      vertex   1.833137e+00 -8.473184e-33 2.492162e-01
      vertex   2.482413e+00 -1.147429e-32 4.336191e-01
      vertex   1.812130e+00 -8.376087e-33 3.724023e-01
    endloop
  endfacet
  facet normal -4.622232e-33 -1.000000e+00 1.056335e-47
    outer loop
      vertex   1.812130e+00 -8.376087e-33 3.724023e-01
      vertex   2.482413e+00 -1.147429e-32 4.336191e-01
      vertex   2.453308e+00 -1.133976e-32 5.759156e-01
    endloop
  endfacet
  facet normal -4.622232e-33 -1.000000e+00 5.482429e-48
    outer loop
      vertex   1.812130e+00 -8.376087e-33 3.724023e-01
      vertex   2.453308e+00 -1.133976e-32 5.759156e-01
      vertex   1.782855e+00 -8.240771e-33 4.938891e-01
    endloop
  endfacet
  facet normal -4.622232e-33 -1.000000e+00 7.041098e-48
    outer loop
      vertex   1.782855e+00 -8.240771e-33 4.938891e-01
      vertex   2.453308e+00 -1.133976e-32 5.759156e-01
      vertex   2.416054e+00 -1.116756e-32 7.162990e-01
    endloop
  endfacet
  facet normal -4.622232e-33 -1.000000e+00 -7.397893e-48
    outer loop
      vertex   1.782855e+00 -8.240771e-33 4.938891e-01
      vertex   2.416054e+00 -1.116756e-32 7.162990e-01
      vertex   1.745446e+00 -8.067855e-33 6.131225e-01
    endloop
  endfacet
  facet normal -4.622232e-33 -1.000000e+00 -3.519024e-48
    outer loop
      vertex   1.745446e+00 -8.067855e-33 6.131225e-01
      vertex   2.416054e+00 -1.116756e-32 7.162990e-01
      vertex   2.370773e+00 -1.095826e-32 8.543029e-01
    endloop
  endfacet
  facet normal -4.622232e-33 -1.000000e+00 8.169512e-48
    outer loop
      vertex   1.745446e+00 -8.067855e-33 6.131225e-01
      vertex   2.370773e+00 -1.095826e-32 8.543029e-01
      vertex   1.700072e+00 -7.858127e-33 7.295583e-01
    endloop
  endfacet
  facet normal -4.622232e-33 -1.000000e+00 -7.033090e-48
    outer loop
      vertex   1.700072e+00 -7.858127e-33 7.295583e-01
      vertex   2.370773e+00 -1.095826e-32 8.543029e-01
      vertex   2.317618e+00 -1.071257e-32 9.894689e-01
    endloop
  endfacet
  facet normal -4.622232e-33 -1.000000e+00 7.035172e-48
    outer loop
      vertex   1.700072e+00 -7.858127e-33 7.295583e-01
      vertex   2.317618e+00 -1.071257e-32 9.894689e-01
      vertex   2.256763e+00 -1.043128e-32 1.121348e+00
    endloop
  endfacet
  facet normal -4.622232e-33 -1.000000e+00 -4.593818e-48
    outer loop
      vertex   1.700072e+00 -7.858127e-33 7.295583e-01
      vertex   2.256763e+00 -1.043128e-32 1.121348e+00
      vertex   1.646941e+00 -7.612544e-33 8.426654e-01
    endloop
  endfacet
  facet normal -4.622232e-33 -1.000000e+00 -8.799270e-48
    outer loop
      vertex   1.646941e+00 -7.612544e-33 8.426654e-01
      vertex   2.256763e+00 -1.043128e-32 1.121348e+00
      vertex   2.188411e+00 -1.011535e-32 1.249502e+00
    endloop
  endfacet
  facet normal -4.622232e-33 -1.000000e+00 -4.845951e-48
    outer loop
      vertex   1.646941e+00 -7.612544e-33 8.426654e-01
      vertex   2.188411e+00 -1.011535e-32 1.249502e+00
      vertex   1.586296e+00 -7.332227e-33 9.519275e-01
    endloop
  endfacet
  facet normal -4.622232e-33 -1.000000e+00 0.000000e+00
    outer loop
      vertex   1.586296e+00 -7.332227e-33 9.519275e-01
      vertex   2.188411e+00 -1.011535e-32 1.249502e+00
      vertex   2.112790e+00 -9.765807e-33 1.373505e+00
    endloop
  endfacet
  facet normal -4.622232e-33 -1.000000e+00 4.334700e-48
    outer loop
      vertex   1.586296e+00 -7.332227e-33 9.519275e-01
      vertex   2.112790e+00 -9.765807e-33 1.373505e+00
      vertex   1.518412e+00 -7.018454e-33 1.056846e+00
    endloop
  endfacet
  facet normal -4.622232e-33 -1.000000e+00 3.521084e-48
    outer loop
      vertex   1.518412e+00 -7.018454e-33 1.056846e+00
      vertex   2.112790e+00 -9.765807e-33 1.373505e+00
      vertex   2.030151e+00 -9.383827e-33 1.492946e+00
    endloop
  endfacet
  facet normal -4.622232e-33 -1.000000e+00 -4.080141e-48
    outer loop
      vertex   1.518412e+00 -7.018454e-33 1.056846e+00
      vertex   2.030151e+00 -9.383827e-33 1.492946e+00
      vertex   1.443601e+00 -6.672658e-33 1.156943e+00
    endloop
  endfacet
  facet normal -4.622232e-33 -1.000000e+00 5.280504e-48
    outer loop
      vertex   1.443601e+00 -6.672658e-33 1.156943e+00
      vertex   2.030151e+00 -9.383827e-33 1.492946e+00
      vertex   1.940767e+00 -8.970676e-33 1.607427e+00
    endloop
  endfacet
  facet normal -4.622232e-33 -1.000000e+00 3.316684e-48
    outer loop
      vertex   1.443601e+00 -6.672658e-33 1.156943e+00
      vertex   1.940767e+00 -8.970676e-33 1.607427e+00
      vertex   1.362203e+00 -6.296416e-33 1.251760e+00
    endloop
  endfacet
  facet normal -4.622232e-33 -1.000000e+00 5.277948e-48
    outer loop
      vertex   1.362203e+00 -6.296416e-33 1.251760e+00
      vertex   1.940767e+00 -8.970676e-33 1.607427e+00
      vertex   1.844937e+00 -8.527724e-33 1.716569e+00
    endloop
  endfacet
  facet normal -4.622232e-33 -1.000000e+00 -4.085517e-48
    outer loop
      vertex   1.362203e+00 -6.296416e-33 1.251760e+00
      vertex   1.844937e+00 -8.527724e-33 1.716569e+00
      vertex   1.274589e+00 -5.891445e-33 1.340867e+00
    endloop
  endfacet
  facet normal -4.622232e-33 -1.000000e+00 -3.515974e-48
    outer loop
      vertex   1.274589e+00 -5.891445e-33 1.340867e+00
      vertex   1.844937e+00 -8.527724e-33 1.716569e+00
      vertex   1.742977e+00 -8.056445e-33 1.820008e+00
    endloop
  endfacet
  facet normal -4.622232e-33 -1.000000e+00 3.518057e-48
    outer loop
      vertex   1.274589e+00 -5.891445e-33 1.340867e+00
      vertex   1.742977e+00 -8.056445e-33 1.820008e+00
      vertex   1.635228e+00 -7.558403e-33 1.917402e+00
    endloop
  endfacet
  facet normal -4.622232e-33 -1.000000e+00 6.889712e-48
    outer loop
      vertex   1.274589e+00 -5.891445e-33 1.340867e+00
      vertex   1.635228e+00 -7.558403e-33 1.917402e+00
      vertex   1.181159e+00 -5.459593e-33 1.423855e+00
    endloop
  endfacet
  facet normal -4.622232e-33 -1.000000e+00 -1.760000e-48
    outer loop
      vertex   1.181159e+00 -5.459593e-33 1.423855e+00
      vertex   1.635228e+00 -7.558403e-33 1.917402e+00
      vertex   1.522047e+00 -7.035252e-33 2.008426e+00
    endloop
  endfacet
  facet normal -4.622232e-33 -1.000000e+00 -2.550302e-48
    outer loop
      vertex   1.181159e+00 -5.459593e-33 1.423855e+00
      vertex   1.522047e+00 -7.035252e-33 2.008426e+00
      vertex   1.082341e+00 -5.002829e-33 1.500346e+00
    endloop
  endfacet
  facet normal -4.622232e-33 -1.000000e+00 0.000000e+00
    outer loop
      vertex   1.082341e+00 -5.002829e-33 1.500346e+00
      vertex   1.522047e+00 -7.035252e-33 2.008426e+00
      vertex   1.403809e+00 -6.488731e-33 2.092778e+00
    endloop
  endfacet
  facet normal -4.622232e-33 -1.000000e+00 2.039841e-48
    outer loop
      vertex   1.082341e+00 -5.002829e-33 1.500346e+00
      vertex   1.403809e+00 -6.488731e-33 2.092778e+00
      vertex   9.785834e-01 -4.523239e-33 1.569992e+00
    endloop
  endfacet
  facet normal -4.622232e-33 -1.000000e+00 8.802542e-49
    outer loop
      vertex   9.785834e-01 -4.523239e-33 1.569992e+00
      vertex   1.403809e+00 -6.488731e-33 2.092778e+00
      vertex   1.280908e+00 -5.920656e-33 2.170178e+00
    endloop
  endfacet
  facet normal -4.622232e-33 -1.000000e+00 -1.275121e-48
    outer loop
      vertex   9.785834e-01 -4.523239e-33 1.569992e+00
      vertex   1.280908e+00 -5.920656e-33 2.170178e+00
      vertex   8.703611e-01 -4.023011e-33 1.632474e+00
    endloop
  endfacet
  facet normal -4.622232e-33 -1.000000e+00 -1.760045e-48
    outer loop
      vertex   8.703611e-01 -4.023011e-33 1.632474e+00
      vertex   1.280908e+00 -5.920656e-33 2.170178e+00
      vertex   1.153753e+00 -5.332912e-33 2.240369e+00
    endloop
  endfacet
  facet normal -4.622232e-33 -1.000000e+00 1.530976e-48
    outer loop
      vertex   8.703611e-01 -4.023011e-33 1.632474e+00
      vertex   1.153753e+00 -5.332912e-33 2.240369e+00
      vertex   7.581676e-01 -3.504426e-33 1.687508e+00
    endloop
  endfacet
  facet normal -4.622232e-33 -1.000000e+00 2.638654e-48
    outer loop
      vertex   7.581676e-01 -3.504426e-33 1.687508e+00
      vertex   1.153753e+00 -5.332912e-33 2.240369e+00
      vertex   1.022764e+00 -4.727453e-33 2.303118e+00
    endloop
  endfacet
  facet normal -4.622232e-33 -1.000000e+00 6.592081e-49
    outer loop
      vertex   7.581676e-01 -3.504426e-33 1.687508e+00
      vertex   1.022764e+00 -4.727453e-33 2.303118e+00
      vertex   8.883782e-01 -4.106290e-33 2.358216e+00
    endloop
  endfacet
  facet normal -4.622232e-33 -1.000000e+00 1.021446e-48
    outer loop
      vertex   7.581676e-01 -3.504426e-33 1.687508e+00
      vertex   8.883782e-01 -4.106290e-33 2.358216e+00
      vertex   6.425147e-01 -2.969852e-33 1.734841e+00
    endloop
  endfacet
  facet normal -4.622232e-33 -1.000000e+00 6.597175e-49
    outer loop
      vertex   6.425147e-01 -2.969852e-33 1.734841e+00
      vertex   8.883782e-01 -4.106290e-33 2.358216e+00
      vertex   7.510411e-01 -3.471486e-33 2.405481e+00
    endloop
  endfacet
  facet normal -4.622232e-33 -1.000000e+00 6.378506e-49
    outer loop
      vertex   6.425147e-01 -2.969852e-33 1.734841e+00
      vertex   7.510411e-01 -3.471486e-33 2.405481e+00
      vertex   5.239302e-01 -2.421727e-33 1.774260e+00
    endloop
  endfacet
  facet normal -4.622232e-33 -1.000000e+00 6.600483e-49
    outer loop
      vertex   5.239302e-01 -2.421727e-33 1.774260e+00
      vertex   7.510411e-01 -3.471486e-33 2.405481e+00
      vertex   6.112091e-01 -2.825150e-33 2.444754e+00
    endloop
  endfacet
  facet normal -4.622232e-33 -1.000000e+00 5.100272e-49
    outer loop
      vertex   5.239302e-01 -2.421727e-33 1.774260e+00
      vertex   6.112091e-01 -2.825150e-33 2.444754e+00
      vertex   4.029551e-01 -1.862552e-33 1.805582e+00
    endloop
  endfacet
  facet normal -4.622232e-33 -1.000000e+00 3.300999e-49
    outer loop
      vertex   4.029551e-01 -1.862552e-33 1.805582e+00
      vertex   6.112091e-01 -2.825150e-33 2.444754e+00
      vertex   4.693468e-01 -2.169430e-33 2.475907e+00
    endloop
  endfacet
  facet normal -4.622232e-33 -1.000000e+00 1.912359e-49
    outer loop
      vertex   4.029551e-01 -1.862552e-33 1.805582e+00
      vertex   4.693468e-01 -2.169430e-33 2.475907e+00
      vertex   2.801414e-01 -1.294878e-33 1.828666e+00
    endloop
  endfacet
  facet normal -4.622232e-33 -1.000000e+00 2.750715e-49
    outer loop
      vertex   2.801414e-01 -1.294878e-33 1.828666e+00
      vertex   4.693468e-01 -2.169430e-33 2.475907e+00
      vertex   3.259254e-01 -1.506503e-33 2.498834e+00
    endloop
  endfacet
  facet normal -4.622232e-33 -1.000000e+00 4.463253e-49
    outer loop
      vertex   2.801414e-01 -1.294878e-33 1.828666e+00
      vertex   3.259254e-01 -1.506503e-33 2.498834e+00
      vertex   1.560495e-01 -7.212968e-34 1.843407e+00
    endloop
  endfacet
  facet normal -4.622232e-33 -1.000000e+00 2.749851e-50
    outer loop
      vertex   1.560495e-01 -7.212968e-34 1.843407e+00
      vertex   3.259254e-01 -1.506503e-33 2.498834e+00
      vertex   1.814212e-01 -8.385709e-34 2.513461e+00
    endloop
  endfacet
  facet normal -4.622232e-33 -1.000000e+00 3.189990e-50
    outer loop
      vertex   1.560495e-01 -7.212968e-34 1.843407e+00
      vertex   1.814212e-01 -8.385709e-34 2.513461e+00
      vertex   3.124554e-02 -1.444241e-34 1.849736e+00
    endloop
  endfacet
  facet normal -4.622232e-33 -1.000000e+00 -2.061180e-50
    outer loop
      vertex   3.124554e-02 -1.444241e-34 1.849736e+00
      vertex   1.814212e-01 -8.385709e-34 2.513461e+00
      vertex   3.631440e-02 -1.678536e-34 2.519738e+00
    endloop
  endfacet
  facet normal -4.622232e-33 -1.000000e+00 -1.373577e-50
    outer loop
      vertex   3.124554e-02 -1.444241e-34 1.849736e+00
      vertex   3.631440e-02 -1.678536e-34 2.519738e+00
      vertex   -1.089130e-01 5.034213e-34 2.517645e+00
    endloop
  endfacet
  facet normal -4.622232e-33 -1.000000e+00 0.000000e+00
    outer loop
      vertex   3.124554e-02 -1.444241e-34 1.849736e+00
      vertex   -1.089130e-01 5.034213e-34 2.517645e+00
      vertex   -9.370096e-02 4.331076e-34 1.847626e+00
    endloop
  endfacet
  facet normal -4.622232e-33 -1.000000e+00 1.374569e-50
    outer loop
      vertex   -9.370096e-02 4.331076e-34 1.847626e+00
      vertex   -1.089130e-01 5.034213e-34 2.517645e+00
      vertex   -2.537787e-01 1.173024e-33 2.507189e+00
    endloop
  endfacet
  facet normal -4.622232e-33 -1.000000e+00 2.551093e-49
    outer loop
      vertex   -9.370096e-02 4.331076e-34 1.847626e+00
      vertex   -2.537787e-01 1.173024e-33 2.507189e+00
      vertex   -2.182199e-01 1.008663e-33 1.837085e+00
    endloop
  endfacet
  facet normal -4.622232e-33 -1.000000e+00 1.100151e-49
    outer loop
      vertex   -2.182199e-01 1.008663e-33 1.837085e+00
      vertex   -2.537787e-01 1.173024e-33 2.507189e+00
      vertex   -3.978013e-01 1.838730e-33 2.488404e+00
    endloop
  endfacet
  facet normal -4.622232e-33 -1.000000e+00 -2.550004e-49
    outer loop
      vertex   -2.182199e-01 1.008663e-33 1.837085e+00
      vertex   -3.978013e-01 1.838730e-33 2.488404e+00
      vertex   -3.417432e-01 1.579616e-33 1.818162e+00
    endloop
  endfacet
  facet normal -4.622232e-33 -1.000000e+00 2.200694e-49
    outer loop
      vertex   -3.417432e-01 1.579616e-33 1.818162e+00
      vertex   -3.978013e-01 1.838730e-33 2.488404e+00
      vertex   -5.405025e-01 2.498328e-33 2.461353e+00
    endloop
  endfacet
  facet normal -4.622232e-33 -1.000000e+00 -1.019943e-48
    outer loop
      vertex   -3.417432e-01 1.579616e-33 1.818162e+00
      vertex   -5.405025e-01 2.498328e-33 2.461353e+00
      vertex   -4.637072e-01 2.143362e-33 1.790943e+00
    endloop
  endfacet
  facet normal -4.622232e-33 -1.000000e+00 -1.100244e-48
    outer loop
      vertex   -4.637072e-01 2.143362e-33 1.790943e+00
      vertex   -5.405025e-01 2.498328e-33 2.461353e+00
      vertex   -6.814081e-01 3.149626e-33 2.426125e+00
    endloop
  endfacet
  facet normal -4.622232e-33 -1.000000e+00 -2.550651e-49
    outer loop
      vertex   -4.637072e-01 2.143362e-33 1.790943e+00
      vertex   -6.814081e-01 3.149626e-33 2.426125e+00
      vertex   -5.835554e-01 2.697328e-33 1.755552e+00
    endloop
  endfacet
  facet normal -4.622232e-33 -1.000000e+00 -4.399369e-49
    outer loop
      vertex   -5.835554e-01 2.697328e-33 1.755552e+00
      vertex   -6.814081e-01 3.149626e-33 2.426125e+00
      vertex   -8.200502e-01 3.790462e-33 2.382838e+00
    endloop
  endfacet
  facet normal -4.622232e-33 -1.000000e+00 1.276195e-48
    outer loop
      vertex   -5.835554e-01 2.697328e-33 1.755552e+00
      vertex   -8.200502e-01 3.790462e-33 2.382838e+00
      vertex   -7.007409e-01 3.238987e-33 1.712151e+00
    endloop
  endfacet
  facet normal -4.622232e-33 -1.000000e+00 -4.396567e-49
    outer loop
      vertex   -7.007409e-01 3.238987e-33 1.712151e+00
      vertex   -8.200502e-01 3.790462e-33 2.382838e+00
      vertex   -9.559682e-01 4.418707e-33 2.331636e+00
    endloop
  endfacet
  facet normal -4.622232e-33 -1.000000e+00 2.637680e-48
    outer loop
      vertex   -7.007409e-01 3.238987e-33 1.712151e+00
      vertex   -9.559682e-01 4.418707e-33 2.331636e+00
      vertex   -1.088711e+00 5.032272e-33 2.272688e+00
    endloop
  endfacet
  facet normal -4.622232e-33 -1.000000e+00 -3.063209e-48
    outer loop
      vertex   -7.007409e-01 3.238987e-33 1.712151e+00
      vertex   -1.088711e+00 5.032272e-33 2.272688e+00
      vertex   -8.147292e-01 3.765867e-33 1.660938e+00
    endloop
  endfacet
  facet normal -4.622232e-33 -1.000000e+00 -1.759633e-48
    outer loop
      vertex   -8.147292e-01 3.765867e-33 1.660938e+00
      vertex   -1.088711e+00 5.032272e-33 2.272688e+00
      vertex   -1.217836e+00 5.629122e-33 2.206190e+00
    endloop
  endfacet
  facet normal -4.622232e-33 -1.000000e+00 0.000000e+00
    outer loop
      vertex   -8.147292e-01 3.765867e-33 1.660938e+00
      vertex   -1.217836e+00 5.629122e-33 2.206190e+00
      vertex   -9.250000e-01 4.275564e-33 1.602147e+00
    endloop
  endfacet
  facet normal -4.622232e-33 -1.000000e+00 -3.520673e-48
    outer loop
      vertex   -9.250000e-01 4.275564e-33 1.602147e+00
      vertex   -1.217836e+00 5.629122e-33 2.206190e+00
      vertex   -1.342917e+00 6.207271e-33 2.132364e+00
    endloop
  endfacet
  facet normal -4.622232e-33 -1.000000e+00 -3.059885e-48
    outer loop
      vertex   -9.250000e-01 4.275564e-33 1.602147e+00
      vertex   -1.342917e+00 6.207271e-33 2.132364e+00
      vertex   -1.031050e+00 4.765753e-33 1.536045e+00
    endloop
  endfacet
  facet normal -4.622232e-33 -1.000000e+00 2.640841e-48
    outer loop
      vertex   -1.031050e+00 4.765753e-33 1.536045e+00
      vertex   -1.342917e+00 6.207271e-33 2.132364e+00
      vertex   -1.463536e+00 6.764801e-33 2.051454e+00
    endloop
  endfacet
  facet normal -4.622232e-33 -1.000000e+00 4.589881e-48
    outer loop
      vertex   -1.031050e+00 4.765753e-33 1.536045e+00
      vertex   -1.463536e+00 6.764801e-33 2.051454e+00
      vertex   -1.132396e+00 5.234197e-33 1.462935e+00
    endloop
  endfacet
  facet normal -4.622232e-33 -1.000000e+00 0.000000e+00
    outer loop
      vertex   -1.132396e+00 5.234197e-33 1.462935e+00
      vertex   -1.463536e+00 6.764801e-33 2.051454e+00
      vertex   -1.579293e+00 7.299859e-33 1.963729e+00
    endloop
  endfacet
  facet normal -4.622232e-33 -1.000000e+00 5.611992e-48
    outer loop
      vertex   -1.132396e+00 5.234197e-33 1.462935e+00
      vertex   -1.579293e+00 7.299859e-33 1.963729e+00
      vertex   -1.228575e+00 5.678759e-33 1.383150e+00
    endloop
  endfacet
  facet normal -4.622232e-33 -1.000000e+00 2.639360e-48
    outer loop
      vertex   -1.228575e+00 5.678759e-33 1.383150e+00
      vertex   -1.579293e+00 7.299859e-33 1.963729e+00
      vertex   -1.689804e+00 7.810668e-33 1.869482e+00
    endloop
  endfacet
  facet normal -4.622232e-33 -1.000000e+00 -1.021128e-47
    outer loop
      vertex   -1.228575e+00 5.678759e-33 1.383150e+00
      vertex   -1.689804e+00 7.810668e-33 1.869482e+00
      vertex   -1.319148e+00 6.097409e-33 1.297054e+00
    endloop
  endfacet
  facet normal -4.622232e-33 -1.000000e+00 0.000000e+00
    outer loop
      vertex   -1.319148e+00 6.097409e-33 1.297054e+00
      vertex   -1.689804e+00 7.810668e-33 1.869482e+00
      vertex   -1.794702e+00 8.295530e-33 1.769023e+00
    endloop
  endfacet
  facet normal -4.622232e-33 -1.000000e+00 -1.758711e-48
    outer loop
      vertex   -1.319148e+00 6.097409e-33 1.297054e+00
      vertex   -1.794702e+00 8.295530e-33 1.769023e+00
      vertex   -1.893638e+00 8.752835e-33 1.662689e+00
    endloop
  endfacet
  facet normal -4.622232e-33 -1.000000e+00 1.276127e-47
    outer loop
      vertex   -1.319148e+00 6.097409e-33 1.297054e+00
      vertex   -1.893638e+00 8.752835e-33 1.662689e+00
      vertex   -1.403703e+00 6.488239e-33 1.205039e+00
    endloop
  endfacet
  facet normal -4.622232e-33 -1.000000e+00 0.000000e+00
    outer loop
      vertex   -1.403703e+00 6.488239e-33 1.205039e+00
      vertex   -1.893638e+00 8.752835e-33 1.662689e+00
      vertex   -1.986284e+00 9.181064e-33 1.550831e+00
    endloop
  endfacet
  facet normal -4.622232e-33 -1.000000e+00 1.020230e-48
    outer loop
      vertex   -1.403703e+00 6.488239e-33 1.205039e+00
      vertex   -1.986284e+00 9.181064e-33 1.550831e+00
      vertex   -1.481852e+00 6.849464e-33 1.107526e+00
    endloop
  endfacet
  facet normal -4.622232e-33 -1.000000e+00 1.056249e-47
    outer loop
      vertex   -1.481852e+00 6.849464e-33 1.107526e+00
      vertex   -1.986284e+00 9.181064e-33 1.550831e+00
      vertex   -2.072331e+00 9.578795e-33 1.433821e+00
    endloop
  endfacet
  facet normal -4.622232e-33 -1.000000e+00 -1.529903e-47
    outer loop
      vertex   -1.481852e+00 6.849464e-33 1.107526e+00
      vertex   -2.072331e+00 9.578795e-33 1.433821e+00
      vertex   -1.553240e+00 7.179436e-33 1.004960e+00
    endloop
  endfacet
  facet normal -4.622232e-33 -1.000000e+00 -5.281648e-48
    outer loop
      vertex   -1.553240e+00 7.179436e-33 1.004960e+00
      vertex   -2.072331e+00 9.578795e-33 1.433821e+00
      vertex   -2.151494e+00 9.944706e-33 1.312049e+00
    endloop
  endfacet
  facet normal -4.622232e-33 -1.000000e+00 1.300523e-47
    outer loop
      vertex   -1.553240e+00 7.179436e-33 1.004960e+00
      vertex   -2.151494e+00 9.944706e-33 1.312049e+00
      vertex   -1.617541e+00 7.476651e-33 8.978086e-01
    endloop
  endfacet
  facet normal -4.622232e-33 -1.000000e+00 3.520411e-48
    outer loop
      vertex   -1.617541e+00 7.476651e-33 8.978086e-01
      vertex   -2.151494e+00 9.944706e-33 1.312049e+00
      vertex   -2.223511e+00 1.027758e-32 1.185918e+00
    endloop
  endfacet
  facet normal -4.622232e-33 -1.000000e+00 -3.061431e-48
    outer loop
      vertex   -1.617541e+00 7.476651e-33 8.978086e-01
      vertex   -2.223511e+00 1.027758e-32 1.185918e+00
      vertex   -1.674462e+00 7.739751e-33 7.865606e-01
    endloop
  endfacet
  facet normal -4.622232e-33 -1.000000e+00 -3.518766e-48
    outer loop
      vertex   -1.674462e+00 7.739751e-33 7.865606e-01
      vertex   -2.223511e+00 1.027758e-32 1.185918e+00
      vertex   -2.288141e+00 1.057632e-32 1.055847e+00
    endloop
  endfacet
  facet normal -4.622232e-33 -1.000000e+00 2.297957e-48
    outer loop
      vertex   -1.674462e+00 7.739751e-33 7.865606e-01
      vertex   -2.288141e+00 1.057632e-32 1.055847e+00
      vertex   -1.723742e+00 7.967536e-33 6.717236e-01
    endloop
  endfacet
  facet normal -4.622232e-33 -1.000000e+00 -3.516168e-48
    outer loop
      vertex   -1.723742e+00 7.967536e-33 6.717236e-01
      vertex   -2.288141e+00 1.057632e-32 1.055847e+00
      vertex   -2.345170e+00 1.083992e-32 9.222689e-01
    endloop
  endfacet
  facet normal -4.622232e-33 -1.000000e+00 3.517903e-48
    outer loop
      vertex   -1.723742e+00 7.967536e-33 6.717236e-01
      vertex   -2.345170e+00 1.083992e-32 9.222689e-01
      vertex   -2.394408e+00 1.106751e-32 7.856272e-01
    endloop
  endfacet
  facet normal -4.622232e-33 -1.000000e+00 -1.352489e-47
    outer loop
      vertex   -1.723742e+00 7.967536e-33 6.717236e-01
      vertex   -2.394408e+00 1.106751e-32 7.856272e-01
      vertex   -1.765158e+00 8.158968e-33 5.538218e-01
    endloop
  endfacet
  facet normal -4.622232e-33 -1.000000e+00 -7.039812e-48
    outer loop
      vertex   -1.765158e+00 8.158968e-33 5.538218e-01
      vertex   -2.394408e+00 1.106751e-32 7.856272e-01
      vertex   -2.435693e+00 1.125834e-32 6.463757e-01
    endloop
  endfacet
  facet normal -4.622232e-33 -1.000000e+00 2.295328e-48
    outer loop
      vertex   -1.765158e+00 8.158968e-33 5.538218e-01
      vertex   -2.435693e+00 1.125834e-32 6.463757e-01
      vertex   -1.798519e+00 8.313172e-33 4.333930e-01
    endloop
  endfacet
  facet normal -4.622232e-33 -1.000000e+00 0.000000e+00
    outer loop
      vertex   -1.798519e+00 8.313172e-33 4.333930e-01
      vertex   -2.435693e+00 1.125834e-32 6.463757e-01
      vertex   -2.468886e+00 1.141176e-32 5.049771e-01
    endloop
  endfacet
  facet normal -4.622232e-33 -1.000000e+00 2.549805e-48
    outer loop
      vertex   -1.798519e+00 8.313172e-33 4.333930e-01
      vertex   -2.468886e+00 1.141176e-32 5.049771e-01
      vertex   -1.823674e+00 8.429445e-33 3.109867e-01
    endloop
  endfacet
  facet normal -4.622232e-33 -1.000000e+00 1.056313e-47
    outer loop
      vertex   -1.823674e+00 8.429445e-33 3.109867e-01
      vertex   -2.468886e+00 1.141176e-32 5.049771e-01
      vertex   -2.493878e+00 1.152728e-32 3.619009e-01
    endloop
  endfacet
  facet normal -4.622232e-33 -1.000000e+00 2.422678e-48
    outer loop
      vertex   -1.823674e+00 8.429445e-33 3.109867e-01
      vertex   -2.493878e+00 1.152728e-32 3.619009e-01
      vertex   -1.840508e+00 8.507256e-33 1.871614e-01
    endloop
  endfacet
  facet normal -4.622232e-33 -1.000000e+00 -3.520175e-48
    outer loop
      vertex   -1.840508e+00 8.507256e-33 1.871614e-01
      vertex   -2.493878e+00 1.152728e-32 3.619009e-01
      vertex   -2.510586e+00 1.160451e-32 2.176225e-01
    endloop
  endfacet
  facet normal -4.622232e-33 -1.000000e+00 -8.228629e-48
    outer loop
      vertex   -1.840508e+00 8.507256e-33 1.871614e-01
      vertex   -2.510586e+00 1.160451e-32 2.176225e-01
      vertex   -1.848945e+00 8.546250e-33 6.248216e-02
    endloop
  endfacet
  facet normal -4.622232e-33 -1.000000e+00 7.036703e-48
    outer loop
      vertex   -1.848945e+00 8.546250e-33 6.248216e-02
      vertex   -2.510586e+00 1.160451e-32 2.176225e-01
      vertex   -2.518953e+00 1.164319e-32 7.262126e-02
    endloop
  endfacet
  facet normal -4.622232e-33 -1.000000e+00 0.000000e+00
    outer loop
      vertex   -1.848945e+00 8.546250e-33 6.248216e-02
      vertex   -2.518953e+00 1.164319e-32 7.262126e-02
      vertex   -2.518953e+00 1.164319e-32 -7.262126e-02
    endloop
  endfacet
  facet normal -4.622232e-33 -1.000000e+00 -0.000000e+00
    outer loop
      vertex   -1.848945e+00 8.546250e-33 6.248216e-02
      vertex   -2.518953e+00 1.164319e-32 -7.262126e-02
      vertex   -1.848945e+00 8.546250e-33 -6.248216e-02
    endloop
  endfacet
  facet normal -4.622232e-33 -1.000000e+00 -7.036703e-48
    outer loop
      vertex   -1.848945e+00 8.546250e-33 -6.248216e-02
      vertex   -2.518953e+00 1.164319e-32 -7.262126e-02
      vertex   -2.510586e+00 1.160451e-32 -2.176225e-01
    endloop
  endfacet
  facet normal -4.622232e-33 -1.000000e+00 8.292417e-48
    outer loop
      vertex   -1.848945e+00 8.546250e-33 -6.248216e-02
      vertex   -2.510586e+00 1.160451e-32 -2.176225e-01
      vertex   -1.840508e+00 8.507256e-33 -1.871614e-01
    endloop
  endfacet
  facet normal -4.622232e-33 -1.000000e+00 3.520175e-48
    outer loop
      vertex   -1.840508e+00 8.507256e-33 -1.871614e-01
      vertex   -2.510586e+00 1.160451e-32 -2.176225e-01
      vertex   -2.493878e+00 1.152728e-32 -3.619009e-01
    endloop
  endfacet
  facet normal -4.622232e-33 -1.000000e+00 5.610413e-48
    outer loop
      vertex   -1.840508e+00 8.507256e-33 -1.871614e-01
      vertex   -2.493878e+00 1.152728e-32 -3.619009e-01
      vertex   -1.823674e+00 8.429445e-33 -3.109867e-01
    endloop
  endfacet
  facet normal -4.622232e-33 -1.000000e+00 -1.056313e-47
    outer loop
      vertex   -1.823674e+00 8.429445e-33 -3.109867e-01
      vertex   -2.493878e+00 1.152728e-32 -3.619009e-01
      vertex   -2.468886e+00 1.141176e-32 -5.049771e-01
    endloop
  endfacet
  facet normal -4.622232e-33 -1.000000e+00 -1.083667e-47
    outer loop
      vertex   -1.823674e+00 8.429445e-33 -3.109867e-01
      vertex   -2.468886e+00 1.141176e-32 -5.049771e-01
      vertex   -1.798519e+00 8.313172e-33 -4.333930e-01
    endloop
  endfacet
  facet normal -4.622232e-33 -1.000000e+00 0.000000e+00
    outer loop
      vertex   -1.798519e+00 8.313172e-33 -4.333930e-01
      vertex   -2.468886e+00 1.141176e-32 -5.049771e-01
      vertex   -2.435693e+00 1.125834e-32 -6.463757e-01
    endloop
  endfacet
  facet normal -4.622232e-33 -1.000000e+00 5.610801e-48
    outer loop
      vertex   -1.798519e+00 8.313172e-33 -4.333930e-01
      vertex   -2.435693e+00 1.125834e-32 -6.463757e-01
      vertex   -1.765158e+00 8.158968e-33 -5.538218e-01
    endloop
  endfacet
  facet normal -4.622232e-33 -1.000000e+00 0.000000e+00
    outer loop
      vertex   -1.765158e+00 8.158968e-33 -5.538218e-01
      vertex   -2.435693e+00 1.125834e-32 -6.463757e-01
      vertex   -2.394408e+00 1.106751e-32 -7.856272e-01
    endloop
  endfacet
  facet normal -4.622232e-33 -1.000000e+00 5.103733e-48
    outer loop
      vertex   -1.765158e+00 8.158968e-33 -5.538218e-01
      vertex   -2.394408e+00 1.106751e-32 -7.856272e-01
      vertex   -1.723742e+00 7.967536e-33 -6.717236e-01
    endloop
  endfacet
  facet normal -4.622232e-33 -1.000000e+00 -1.407161e-47
    outer loop
      vertex   -1.723742e+00 7.967536e-33 -6.717236e-01
      vertex   -2.394408e+00 1.106751e-32 -7.856272e-01
      vertex   -2.345170e+00 1.083992e-32 -9.222689e-01
    endloop
  endfacet
  facet normal -4.622232e-33 -1.000000e+00 1.406467e-47
    outer loop
      vertex   -1.723742e+00 7.967536e-33 -6.717236e-01
      vertex   -2.345170e+00 1.083992e-32 -9.222689e-01
      vertex   -2.288141e+00 1.057632e-32 -1.055847e+00
    endloop
  endfacet
  facet normal -4.622232e-33 -1.000000e+00 4.340586e-48
    outer loop
      vertex   -1.723742e+00 7.967536e-33 -6.717236e-01
      vertex   -2.288141e+00 1.057632e-32 -1.055847e+00
      vertex   -1.674462e+00 7.739751e-33 -7.865606e-01
    endloop
  endfacet
  facet normal -4.622232e-33 -1.000000e+00 0.000000e+00
    outer loop
      vertex   -1.674462e+00 7.739751e-33 -7.865606e-01
      vertex   -2.288141e+00 1.057632e-32 -1.055847e+00
      vertex   -2.223511e+00 1.027758e-32 -1.185918e+00
    endloop
  endfacet
  facet normal -4.622232e-33 -1.000000e+00 -1.658275e-47
    outer loop
      vertex   -1.674462e+00 7.739751e-33 -7.865606e-01
      vertex   -2.223511e+00 1.027758e-32 -1.185918e+00
      vertex   -1.617541e+00 7.476651e-33 -8.978086e-01
    endloop
  endfacet
  facet normal -4.622232e-33 -1.000000e+00 -3.520411e-48
    outer loop
      vertex   -1.617541e+00 7.476651e-33 -8.978086e-01
      vertex   -2.223511e+00 1.027758e-32 -1.185918e+00
      vertex   -2.151494e+00 9.944706e-33 -1.312049e+00
    endloop
  endfacet
  facet normal -4.622232e-33 -1.000000e+00 2.295040e-48
    outer loop
      vertex   -1.617541e+00 7.476651e-33 -8.978086e-01
      vertex   -2.151494e+00 9.944706e-33 -1.312049e+00
      vertex   -1.553240e+00 7.179436e-33 -1.004960e+00
    endloop
  endfacet
  facet normal -4.622232e-33 -1.000000e+00 3.521099e-48
    outer loop
      vertex   -1.553240e+00 7.179436e-33 -1.004960e+00
      vertex   -2.151494e+00 9.944706e-33 -1.312049e+00
      vertex   -2.072331e+00 9.578795e-33 -1.433821e+00
    endloop
  endfacet
  facet normal -4.622232e-33 -1.000000e+00 2.804822e-48
    outer loop
      vertex   -1.553240e+00 7.179436e-33 -1.004960e+00
      vertex   -2.072331e+00 9.578795e-33 -1.433821e+00
      vertex   -1.481852e+00 6.849464e-33 -1.107526e+00
    endloop
  endfacet
  facet normal -4.622232e-33 -1.000000e+00 -3.520830e-48
    outer loop
      vertex   -1.481852e+00 6.849464e-33 -1.107526e+00
      vertex   -2.072331e+00 9.578795e-33 -1.433821e+00
      vertex   -1.986284e+00 9.181064e-33 -1.550831e+00
    endloop
  endfacet
  facet normal -4.622232e-33 -1.000000e+00 -2.295517e-48
    outer loop
      vertex   -1.481852e+00 6.849464e-33 -1.107526e+00
      vertex   -1.986284e+00 9.181064e-33 -1.550831e+00
      vertex   -1.403703e+00 6.488239e-33 -1.205039e+00
    endloop
  endfacet
  facet normal -4.622232e-33 -1.000000e+00 1.759802e-48
    outer loop
      vertex   -1.403703e+00 6.488239e-33 -1.205039e+00
      vertex   -1.986284e+00 9.181064e-33 -1.550831e+00
      vertex   -1.893638e+00 8.752835e-33 -1.662689e+00
    endloop
  endfacet
  facet normal -4.622232e-33 -1.000000e+00 5.104507e-49
    outer loop
      vertex   -1.403703e+00 6.488239e-33 -1.205039e+00
      vertex   -1.893638e+00 8.752835e-33 -1.662689e+00
      vertex   -1.319148e+00 6.097409e-33 -1.297054e+00
    endloop
  endfacet
  facet normal -4.622232e-33 -1.000000e+00 7.034844e-48
    outer loop
      vertex   -1.319148e+00 6.097409e-33 -1.297054e+00
      vertex   -1.893638e+00 8.752835e-33 -1.662689e+00
      vertex   -1.794702e+00 8.295530e-33 -1.769023e+00
    endloop
  endfacet
  facet normal -4.622232e-33 -1.000000e+00 1.758364e-48
    outer loop
      vertex   -1.319148e+00 6.097409e-33 -1.297054e+00
      vertex   -1.794702e+00 8.295530e-33 -1.769023e+00
      vertex   -1.689804e+00 7.810668e-33 -1.869482e+00
    endloop
  endfacet
  facet normal -4.622232e-33 -1.000000e+00 1.531693e-48
    outer loop
      vertex   -1.319148e+00 6.097409e-33 -1.297054e+00
      vertex   -1.689804e+00 7.810668e-33 -1.869482e+00
      vertex   -1.228575e+00 5.678759e-33 -1.383150e+00
    endloop
  endfacet
  facet normal -4.622232e-33 -1.000000e+00 0.000000e+00
    outer loop
      vertex   -1.228575e+00 5.678759e-33 -1.383150e+00
      vertex   -1.689804e+00 7.810668e-33 -1.869482e+00
      vertex   -1.579293e+00 7.299859e-33 -1.963729e+00
    endloop
  endfacet
  facet normal -4.622232e-33 -1.000000e+00 2.550905e-48
    outer loop
      vertex   -1.228575e+00 5.678759e-33 -1.383150e+00
      vertex   -1.579293e+00 7.299859e-33 -1.963729e+00
      vertex   -1.132396e+00 5.234197e-33 -1.462935e+00
    endloop
  endfacet
  facet normal -4.622232e-33 -1.000000e+00 -2.640460e-48
    outer loop
      vertex   -1.132396e+00 5.234197e-33 -1.462935e+00
      vertex   -1.579293e+00 7.299859e-33 -1.963729e+00
      vertex   -1.463536e+00 6.764801e-33 -2.051454e+00
    endloop
  endfacet
  facet normal -4.622232e-33 -1.000000e+00 -1.274967e-48
    outer loop
      vertex   -1.132396e+00 5.234197e-33 -1.462935e+00
      vertex   -1.463536e+00 6.764801e-33 -2.051454e+00
      vertex   -1.031050e+00 4.765753e-33 -1.536045e+00
    endloop
  endfacet
  facet normal -4.622232e-33 -1.000000e+00 -2.640841e-48
    outer loop
      vertex   -1.031050e+00 4.765753e-33 -1.536045e+00
      vertex   -1.463536e+00 6.764801e-33 -2.051454e+00
      vertex   -1.342917e+00 6.207271e-33 -2.132364e+00
    endloop
  endfacet
  facet normal -4.622232e-33 -1.000000e+00 7.649713e-49
    outer loop
      vertex   -1.031050e+00 4.765753e-33 -1.536045e+00
      vertex   -1.342917e+00 6.207271e-33 -2.132364e+00
      vertex   -9.250000e-01 4.275564e-33 -1.602147e+00
    endloop
  endfacet
  facet normal -4.622232e-33 -1.000000e+00 3.520673e-48
    outer loop
      vertex   -9.250000e-01 4.275564e-33 -1.602147e+00
      vertex   -1.342917e+00 6.207271e-33 -2.132364e+00
      vertex   -1.217836e+00 5.629122e-33 -2.206190e+00
    endloop
  endfacet
  facet normal -4.622232e-33 -1.000000e+00 5.101634e-49
    outer loop
      vertex   -9.250000e-01 4.275564e-33 -1.602147e+00
      vertex   -1.217836e+00 5.629122e-33 -2.206190e+00
      vertex   -8.147292e-01 3.765867e-33 -1.660938e+00
    endloop
  endfacet
  facet normal -4.622232e-33 -1.000000e+00 1.759633e-48
    outer loop
      vertex   -8.147292e-01 3.765867e-33 -1.660938e+00
      vertex   -1.217836e+00 5.629122e-33 -2.206190e+00
      vertex   -1.088711e+00 5.032272e-33 -2.272688e+00
    endloop
  endfacet
  facet normal -4.622232e-33 -1.000000e+00 5.105348e-49
    outer loop
      vertex   -8.147292e-01 3.765867e-33 -1.660938e+00
      vertex   -1.088711e+00 5.032272e-33 -2.272688e+00
      vertex   -7.007409e-01 3.238987e-33 -1.712151e+00
    endloop
  endfacet
  facet normal -4.622232e-33 -1.000000e+00 -1.758453e-48
    outer loop
      vertex   -7.007409e-01 3.238987e-33 -1.712151e+00
      vertex   -1.088711e+00 5.032272e-33 -2.272688e+00
      vertex   -9.559682e-01 4.418707e-33 -2.331636e+00
    endloop
  endfacet
  facet normal -4.622232e-33 -1.000000e+00 4.396567e-49
    outer loop
      vertex   -7.007409e-01 3.238987e-33 -1.712151e+00
      vertex   -9.559682e-01 4.418707e-33 -2.331636e+00
      vertex   -8.200502e-01 3.790462e-33 -2.382838e+00
    endloop
  endfacet
  facet normal -4.622232e-33 -1.000000e+00 2.552390e-49
    outer loop
      vertex   -7.007409e-01 3.238987e-33 -1.712151e+00
      vertex   -8.200502e-01 3.790462e-33 -2.382838e+00
      vertex   -5.835554e-01 2.697328e-33 -1.755552e+00
    endloop
  endfacet
  facet normal -4.622232e-33 -1.000000e+00 1.099842e-48
    outer loop
      vertex   -5.835554e-01 2.697328e-33 -1.755552e+00
      vertex   -8.200502e-01 3.790462e-33 -2.382838e+00
      vertex   -6.814081e-01 3.149626e-33 -2.426125e+00
    endloop
  endfacet
  facet normal -4.622232e-33 -1.000000e+00 5.101303e-49
    outer loop
      vertex   -5.835554e-01 2.697328e-33 -1.755552e+00
      vertex   -6.814081e-01 3.149626e-33 -2.426125e+00
      vertex   -4.637072e-01 2.143362e-33 -1.790943e+00
    endloop
  endfacet
  facet normal -4.622232e-33 -1.000000e+00 -2.200488e-49
    outer loop
      vertex   -4.637072e-01 2.143362e-33 -1.790943e+00
      vertex   -6.814081e-01 3.149626e-33 -2.426125e+00
      vertex   -5.405025e-01 2.498328e-33 -2.461353e+00
    endloop
  endfacet
  facet normal -4.622232e-33 -1.000000e+00 1.912392e-49
    outer loop
      vertex   -4.637072e-01 2.143362e-33 -1.790943e+00
      vertex   -5.405025e-01 2.498328e-33 -2.461353e+00
      vertex   -3.417432e-01 1.579616e-33 -1.818162e+00
    endloop
  endfacet
  facet normal -4.622232e-33 -1.000000e+00 0.000000e+00
    outer loop
      vertex   -3.417432e-01 1.579616e-33 -1.818162e+00
      vertex   -5.405025e-01 2.498328e-33 -2.461353e+00
      vertex   -3.978013e-01 1.838730e-33 -2.488404e+00
    endloop
  endfacet
  facet normal -4.622232e-33 -1.000000e+00 1.912503e-49
    outer loop
      vertex   -3.417432e-01 1.579616e-33 -1.818162e+00
      vertex   -3.978013e-01 1.838730e-33 -2.488404e+00
      vertex   -2.182199e-01 1.008663e-33 -1.837085e+00
    endloop
  endfacet
  facet normal -4.622232e-33 -1.000000e+00 0.000000e+00
    outer loop
      vertex   -2.182199e-01 1.008663e-33 -1.837085e+00
      vertex   -3.978013e-01 1.838730e-33 -2.488404e+00
      vertex   -2.537787e-01 1.173024e-33 -2.507189e+00
    endloop
  endfacet
  facet normal -4.622232e-33 -1.000000e+00 0.000000e+00
    outer loop
      vertex   -2.182199e-01 1.008663e-33 -1.837085e+00
      vertex   -2.537787e-01 1.173024e-33 -2.507189e+00
      vertex   -9.370096e-02 4.331076e-34 -1.847626e+00
    endloop
  endfacet
  facet normal -4.622232e-33 -1.000000e+00 8.247415e-50
    outer loop
      vertex   -9.370096e-02 4.331076e-34 -1.847626e+00
      vertex   -2.537787e-01 1.173024e-33 -2.507189e+00
      vertex   -1.089130e-01 5.034213e-34 -2.517645e+00
    endloop
  endfacet
  facet normal -4.622232e-33 -1.000000e+00 4.787114e-50
    outer loop
      vertex   -9.370096e-02 4.331076e-34 -1.847626e+00
      vertex   -1.089130e-01 5.034213e-34 -2.517645e+00
      vertex   3.124554e-02 -1.444241e-34 -1.849736e+00
    endloop
  endfacet
  facet normal -4.622232e-33 -1.000000e+00 -6.867887e-51
    outer loop
      vertex   3.124554e-02 -1.444241e-34 -1.849736e+00
      vertex   -1.089130e-01 5.034213e-34 -2.517645e+00
      vertex   3.631440e-02 -1.678536e-34 -2.519738e+00
    endloop
  endfacet
  facet normal -4.622232e-33 -1.000000e+00 -6.870599e-51
    outer loop
      vertex   3.124554e-02 -1.444241e-34 -1.849736e+00
      vertex   3.631440e-02 -1.678536e-34 -2.519738e+00
      vertex   1.814212e-01 -8.385709e-34 -2.513461e+00
    endloop
  endfacet
  facet normal -4.622232e-33 -1.000000e+00 1.275996e-49
    outer loop
      vertex   3.124554e-02 -1.444241e-34 -1.849736e+00
      vertex   1.814212e-01 -8.385709e-34 -2.513461e+00
      vertex   1.560495e-01 -7.212968e-34 -1.843407e+00
    endloop
  endfacet
  facet normal -4.622232e-33 -1.000000e+00 1.924895e-49
    outer loop
      vertex   1.560495e-01 -7.212968e-34 -1.843407e+00
      vertex   1.814212e-01 -8.385709e-34 -2.513461e+00
      vertex   3.259254e-01 -1.506503e-33 -2.498834e+00
    endloop
  endfacet
  facet normal -4.622232e-33 -1.000000e+00 -7.651292e-49
    outer loop
      vertex   1.560495e-01 -7.212968e-34 -1.843407e+00
      vertex   3.259254e-01 -1.506503e-33 -2.498834e+00
      vertex   2.801414e-01 -1.294878e-33 -1.828666e+00
    endloop
  endfacet
  facet normal -4.622232e-33 -1.000000e+00 -5.501431e-49
    outer loop
      vertex   2.801414e-01 -1.294878e-33 -1.828666e+00
      vertex   3.259254e-01 -1.506503e-33 -2.498834e+00
      vertex   4.693468e-01 -2.169430e-33 -2.475907e+00
    endloop
  endfacet
  facet normal -4.622232e-33 -1.000000e+00 -5.099625e-49
    outer loop
      vertex   2.801414e-01 -1.294878e-33 -1.828666e+00
      vertex   4.693468e-01 -2.169430e-33 -2.475907e+00
      vertex   4.029551e-01 -1.862552e-33 -1.805582e+00
    endloop
  endfacet
  facet normal -4.622232e-33 -1.000000e+00 -6.601997e-49
    outer loop
      vertex   4.029551e-01 -1.862552e-33 -1.805582e+00
      vertex   4.693468e-01 -2.169430e-33 -2.475907e+00
      vertex   6.112091e-01 -2.825150e-33 -2.444754e+00
    endloop
  endfacet
  facet normal -4.622232e-33 -1.000000e+00 2.550136e-49
    outer loop
      vertex   4.029551e-01 -1.862552e-33 -1.805582e+00
      vertex   6.112091e-01 -2.825150e-33 -2.444754e+00
      vertex   5.239302e-01 -2.421727e-33 -1.774260e+00
    endloop
  endfacet
  facet normal -4.622232e-33 -1.000000e+00 7.700563e-49
    outer loop
      vertex   5.239302e-01 -2.421727e-33 -1.774260e+00
      vertex   6.112091e-01 -2.825150e-33 -2.444754e+00
      vertex   7.510411e-01 -3.471486e-33 -2.405481e+00
    endloop
  endfacet
  facet normal -4.622232e-33 -1.000000e+00 -2.551403e-49
    outer loop
      vertex   5.239302e-01 -2.421727e-33 -1.774260e+00
      vertex   7.510411e-01 -3.471486e-33 -2.405481e+00
      vertex   6.425147e-01 -2.969852e-33 -1.734841e+00
    endloop
  endfacet
  facet normal -4.622232e-33 -1.000000e+00 -1.759247e-48
    outer loop
      vertex   6.425147e-01 -2.969852e-33 -1.734841e+00
      vertex   7.510411e-01 -3.471486e-33 -2.405481e+00
      vertex   8.883782e-01 -4.106290e-33 -2.358216e+00
    endloop
  endfacet
  facet normal -4.622232e-33 -1.000000e+00 0.000000e+00
    outer loop
      vertex   6.425147e-01 -2.969852e-33 -1.734841e+00
      vertex   8.883782e-01 -4.106290e-33 -2.358216e+00
      vertex   7.581676e-01 -3.504426e-33 -1.687508e+00
    endloop
  endfacet
  facet normal -4.622232e-33 -1.000000e+00 2.197360e-48
    outer loop
      vertex   7.581676e-01 -3.504426e-33 -1.687508e+00
      vertex   8.883782e-01 -4.106290e-33 -2.358216e+00
      vertex   1.022764e+00 -4.727453e-33 -2.303118e+00
    endloop
  endfacet
  facet normal -4.622232e-33 -1.000000e+00 -4.397757e-48
    outer loop
      vertex   7.581676e-01 -3.504426e-33 -1.687508e+00
      vertex   1.022764e+00 -4.727453e-33 -2.303118e+00
      vertex   1.153753e+00 -5.332912e-33 -2.240369e+00
    endloop
  endfacet
  facet normal -4.622232e-33 -1.000000e+00 1.020651e-48
    outer loop
      vertex   7.581676e-01 -3.504426e-33 -1.687508e+00
      vertex   1.153753e+00 -5.332912e-33 -2.240369e+00
      vertex   8.703611e-01 -4.023011e-33 -1.632474e+00
    endloop
  endfacet
  facet normal -4.622232e-33 -1.000000e+00 8.800223e-49
    outer loop
      vertex   8.703611e-01 -4.023011e-33 -1.632474e+00
      vertex   1.153753e+00 -5.332912e-33 -2.240369e+00
      vertex   1.280908e+00 -5.920656e-33 -2.170178e+00
    endloop
  endfacet
  facet normal -4.622232e-33 -1.000000e+00 5.100486e-49
    outer loop
      vertex   8.703611e-01 -4.023011e-33 -1.632474e+00
      vertex   1.280908e+00 -5.920656e-33 -2.170178e+00
      vertex   9.785834e-01 -4.523239e-33 -1.569992e+00
    endloop
  endfacet
  facet normal -4.622232e-33 -1.000000e+00 1.760508e-48
    outer loop
      vertex   9.785834e-01 -4.523239e-33 -1.569992e+00
      vertex   1.280908e+00 -5.920656e-33 -2.170178e+00
      vertex   1.403809e+00 -6.488731e-33 -2.092778e+00
    endloop
  endfacet
  facet normal -4.622232e-33 -1.000000e+00 4.589642e-48
    outer loop
      vertex   9.785834e-01 -4.523239e-33 -1.569992e+00
      vertex   1.403809e+00 -6.488731e-33 -2.092778e+00
      vertex   1.082341e+00 -5.002829e-33 -1.500346e+00
    endloop
  endfacet
  facet normal -4.622232e-33 -1.000000e+00 1.760493e-48
    outer loop
      vertex   1.082341e+00 -5.002829e-33 -1.500346e+00
      vertex   1.403809e+00 -6.488731e-33 -2.092778e+00
      vertex   1.522047e+00 -7.035252e-33 -2.008426e+00
    endloop
  endfacet
  facet normal -4.622232e-33 -1.000000e+00 -1.020121e-48
    outer loop
      vertex   1.082341e+00 -5.002829e-33 -1.500346e+00
      vertex   1.522047e+00 -7.035252e-33 -2.008426e+00
      vertex   1.181159e+00 -5.459593e-33 -1.423855e+00
    endloop
  endfacet
  facet normal -4.622232e-33 -1.000000e+00 0.000000e+00
    outer loop
      vertex   1.181159e+00 -5.459593e-33 -1.423855e+00
      vertex   1.522047e+00 -7.035252e-33 -2.008426e+00
      vertex   1.635228e+00 -7.558403e-33 -1.917402e+00
    endloop
  endfacet
  facet normal -4.622232e-33 -1.000000e+00 -7.655235e-48
    outer loop
      vertex   1.181159e+00 -5.459593e-33 -1.423855e+00
      vertex   1.635228e+00 -7.558403e-33 -1.917402e+00
      vertex   1.274589e+00 -5.891445e-33 -1.340867e+00
    endloop
  endfacet
  facet normal -4.622232e-33 -1.000000e+00 -1.759028e-48
    outer loop
      vertex   1.274589e+00 -5.891445e-33 -1.340867e+00
      vertex   1.635228e+00 -7.558403e-33 -1.917402e+00
      vertex   1.742977e+00 -8.056445e-33 -1.820008e+00
    endloop
  endfacet
  facet normal -4.622232e-33 -1.000000e+00 1.757987e-48
    outer loop
      vertex   1.274589e+00 -5.891445e-33 -1.340867e+00
      vertex   1.742977e+00 -8.056445e-33 -1.820008e+00
      vertex   1.844937e+00 -8.527724e-33 -1.716569e+00
    endloop
  endfacet
  facet normal -4.622232e-33 -1.000000e+00 3.064138e-48
    outer loop
      vertex   1.274589e+00 -5.891445e-33 -1.340867e+00
      vertex   1.844937e+00 -8.527724e-33 -1.716569e+00
      vertex   1.362203e+00 -6.296416e-33 -1.251760e+00
    endloop
  endfacet
  facet normal -4.622232e-33 -1.000000e+00 -1.759316e-48
    outer loop
      vertex   1.362203e+00 -6.296416e-33 -1.251760e+00
      vertex   1.844937e+00 -8.527724e-33 -1.716569e+00
      vertex   1.940767e+00 -8.970676e-33 -1.607427e+00
    endloop
  endfacet
  facet normal -4.622232e-33 -1.000000e+00 4.082073e-48
    outer loop
      vertex   1.362203e+00 -6.296416e-33 -1.251760e+00
      vertex   1.940767e+00 -8.970676e-33 -1.607427e+00
      vertex   1.443601e+00 -6.672658e-33 -1.156943e+00
    endloop
  endfacet
  facet normal -4.622232e-33 -1.000000e+00 0.000000e+00
    outer loop
      vertex   1.443601e+00 -6.672658e-33 -1.156943e+00
      vertex   1.940767e+00 -8.970676e-33 -1.607427e+00
      vertex   2.030151e+00 -9.383827e-33 -1.492946e+00
    endloop
  endfacet
  facet normal -4.622232e-33 -1.000000e+00 0.000000e+00
    outer loop
      vertex   1.443601e+00 -6.672658e-33 -1.156943e+00
      vertex   2.030151e+00 -9.383827e-33 -1.492946e+00
      vertex   1.518412e+00 -7.018454e-33 -1.056846e+00
    endloop
  endfacet
  facet normal -4.622232e-33 -1.000000e+00 -3.521084e-48
    outer loop
      vertex   1.518412e+00 -7.018454e-33 -1.056846e+00
      vertex   2.030151e+00 -9.383827e-33 -1.492946e+00
      vertex   2.112790e+00 -9.765807e-33 -1.373505e+00
    endloop
  endfacet
  facet normal -4.622232e-33 -1.000000e+00 7.649470e-48
    outer loop
      vertex   1.518412e+00 -7.018454e-33 -1.056846e+00
      vertex   2.112790e+00 -9.765807e-33 -1.373505e+00
      vertex   1.586296e+00 -7.332227e-33 -9.519275e-01
    endloop
  endfacet
  facet normal -4.622232e-33 -1.000000e+00 8.802186e-48
    outer loop
      vertex   1.586296e+00 -7.332227e-33 -9.519275e-01
      vertex   2.112790e+00 -9.765807e-33 -1.373505e+00
      vertex   2.188411e+00 -1.011535e-32 -1.249502e+00
    endloop
  endfacet
  facet normal -4.622232e-33 -1.000000e+00 -7.141401e-48
    outer loop
      vertex   1.586296e+00 -7.332227e-33 -9.519275e-01
      vertex   2.188411e+00 -1.011535e-32 -1.249502e+00
      vertex   1.646941e+00 -7.612544e-33 -8.426654e-01
    endloop
  endfacet
  facet normal -4.622232e-33 -1.000000e+00 0.000000e+00
    outer loop
      vertex   1.646941e+00 -7.612544e-33 -8.426654e-01
      vertex   2.188411e+00 -1.011535e-32 -1.249502e+00
      vertex   2.256763e+00 -1.043128e-32 -1.121348e+00
    endloop
  endfacet
  facet normal -4.622232e-33 -1.000000e+00 4.593818e-48
    outer loop
      vertex   1.646941e+00 -7.612544e-33 -8.426654e-01
      vertex   2.256763e+00 -1.043128e-32 -1.121348e+00
      vertex   1.700072e+00 -7.858127e-33 -7.295583e-01
    endloop
  endfacet
  facet normal -4.622232e-33 -1.000000e+00 0.000000e+00
    outer loop
      vertex   1.700072e+00 -7.858127e-33 -7.295583e-01
      vertex   2.256763e+00 -1.043128e-32 -1.121348e+00
      vertex   2.317618e+00 -1.071257e-32 -9.894689e-01
    endloop
  endfacet
  facet normal -4.622232e-33 -1.000000e+00 3.516545e-48
    outer loop
      vertex   1.700072e+00 -7.858127e-33 -7.295583e-01
      vertex   2.317618e+00 -1.071257e-32 -9.894689e-01
      vertex   2.370773e+00 -1.095826e-32 -8.543029e-01
    endloop
  endfacet
  facet normal -4.622232e-33 -1.000000e+00 -1.148838e-47
    outer loop
      vertex   1.700072e+00 -7.858127e-33 -7.295583e-01
      vertex   2.370773e+00 -1.095826e-32 -8.543029e-01
      vertex   1.745446e+00 -8.067855e-33 -6.131225e-01
    endloop
  endfacet
  facet normal -4.622232e-33 -1.000000e+00 -3.519024e-48
    outer loop
      vertex   1.745446e+00 -8.067855e-33 -6.131225e-01
      vertex   2.370773e+00 -1.095826e-32 -8.543029e-01
      vertex   2.416054e+00 -1.116756e-32 -7.162990e-01
    endloop
  endfacet
  facet normal -4.622232e-33 -1.000000e+00 9.948890e-48
    outer loop
      vertex   1.745446e+00 -8.067855e-33 -6.131225e-01
      vertex   2.416054e+00 -1.116756e-32 -7.162990e-01
      vertex   1.782855e+00 -8.240771e-33 -4.938891e-01
    endloop
  endfacet
  facet normal -4.622232e-33 -1.000000e+00 3.520549e-48
    outer loop
      vertex   1.782855e+00 -8.240771e-33 -4.938891e-01
      vertex   2.416054e+00 -1.116756e-32 -7.162990e-01
      vertex   2.453308e+00 -1.133976e-32 -5.759156e-01
    endloop
  endfacet
  facet normal -4.622232e-33 -1.000000e+00 -5.992422e-48
    outer loop
      vertex   1.782855e+00 -8.240771e-33 -4.938891e-01
      vertex   2.453308e+00 -1.133976e-32 -5.759156e-01
      vertex   1.812130e+00 -8.376087e-33 -3.724023e-01
    endloop
  endfacet
  facet normal -4.622232e-33 -1.000000e+00 -1.760559e-47
    outer loop
      vertex   1.812130e+00 -8.376087e-33 -3.724023e-01
      vertex   2.453308e+00 -1.133976e-32 -5.759156e-01
      vertex   2.482413e+00 -1.147429e-32 -4.336191e-01
    endloop
  endfacet
  facet normal -4.622232e-33 -1.000000e+00 -5.227251e-48
    outer loop
      vertex   1.812130e+00 -8.376087e-33 -3.724023e-01
      vertex   2.482413e+00 -1.147429e-32 -4.336191e-01
      vertex   1.833137e+00 -8.473184e-33 -2.492162e-01
    endloop
  endfacet
  facet normal -4.622232e-33 -1.000000e+00 2.112437e-47
    outer loop
      vertex   1.833137e+00 -8.473184e-33 -2.492162e-01
      vertex   2.482413e+00 -1.147429e-32 -4.336191e-01
      vertex   2.503272e+00 -1.157070e-32 -2.898821e-01
    endloop
  endfacet
  facet normal -4.622232e-33 -1.000000e+00 -5.994221e-48
    outer loop
      vertex   1.833137e+00 -8.473184e-33 -2.492162e-01
      vertex   2.503272e+00 -1.157070e-32 -2.898821e-01
      vertex   1.845779e+00 -8.531621e-33 -1.248930e-01
    endloop
  endfacet
  facet normal -4.622232e-33 -1.000000e+00 -2.815506e-47
    outer loop
      vertex   1.845779e+00 -8.531621e-33 -1.248930e-01
      vertex   2.503272e+00 -1.157070e-32 -2.898821e-01
      vertex   2.515814e+00 -1.162868e-32 -1.451822e-01
    endloop
  endfacet
  facet normal 1.371851e-16 -1.000000e+00 4.530438e-15
    outer loop
      vertex   1.845779e+00 -8.531621e-33 -1.248930e-01
      vertex   2.515814e+00 -1.162868e-32 -1.451822e-01
      vertex   1.850000e+00 5.663991e-16 0.000000e+00
    endloop
  endfacet
  facet normal -9.994294e-01 5.277208e-04 -3.377414e-02
    outer loop
      vertex   1.845779e+00 -8.531621e-33 1.248930e-01
      vertex   1.848945e+00 2.000000e+00 6.248216e-02
      vertex   1.850000e+00 5.663991e-16 0.000000e+00
    endloop
  endfacet
  facet normal -9.999999e-01 -5.277208e-04 0.000000e+00
    outer loop
      vertex   1.850000e+00 5.663991e-16 0.000000e+00
      vertex   1.848945e+00 2.000000e+00 6.248216e-02
      vertex   1.848945e+00 2.000000e+00 -6.248216e-02
    endloop
  endfacet
  facet normal -9.994294e-01 5.277208e-04 3.377414e-02
    outer loop
      vertex   1.850000e+00 5.663991e-16 0.000000e+00
      vertex   1.848945e+00 2.000000e+00 -6.248216e-02
      vertex   1.845779e+00 -8.531621e-33 -1.248930e-01
    endloop
  endfacet
  facet normal -9.977185e-01 -5.277208e-04 6.750974e-02
    outer loop
      vertex   1.845779e+00 -8.531621e-33 -1.248930e-01
      vertex   1.848945e+00 2.000000e+00 -6.248216e-02
      vertex   1.840508e+00 2.000000e+00 -1.871614e-01
    endloop
  endfacet
  facet normal -9.948692e-01 5.277208e-04 1.011683e-01
    outer loop
      vertex   1.845779e+00 -8.531621e-33 -1.248930e-01
      vertex   1.840508e+00 2.000000e+00 -1.871614e-01
      vertex   1.833137e+00 -8.473184e-33 -2.492162e-01
    endloop
  endfacet
  facet normal -9.908847e-01 -5.277208e-04 1.347114e-01
    outer loop
      vertex   1.833137e+00 -8.473184e-33 -2.492162e-01
      vertex   1.840508e+00 2.000000e+00 -1.871614e-01
      vertex   1.823674e+00 2.000000e+00 -3.109867e-01
    endloop
  endfacet
  facet normal -9.857697e-01 5.277208e-04 1.681009e-01
    outer loop
      vertex   1.833137e+00 -8.473184e-33 -2.492162e-01
      vertex   1.823674e+00 2.000000e+00 -3.109867e-01
      vertex   1.812130e+00 -8.376087e-33 -3.724023e-01
    endloop
  endfacet
  facet normal -9.795298e-01 -5.277208e-04 2.012985e-01
    outer loop
      vertex   1.812130e+00 -8.376087e-33 -3.724023e-01
      vertex   1.823674e+00 2.000000e+00 -3.109867e-01
      vertex   1.798519e+00 2.000000e+00 -4.333930e-01
    endloop
  endfacet
  facet normal -9.721723e-01 5.277208e-04 2.342664e-01
    outer loop
      vertex   1.812130e+00 -8.376087e-33 -3.724023e-01
      vertex   1.798519e+00 2.000000e+00 -4.333930e-01
      vertex   1.782855e+00 -8.240771e-33 -4.938891e-01
    endloop
  endfacet
  facet normal -9.637055e-01 -5.277208e-04 2.669671e-01
    outer loop
      vertex   1.782855e+00 -8.240771e-33 -4.938891e-01
      vertex   1.798519e+00 2.000000e+00 -4.333930e-01
      vertex   1.765158e+00 2.000000e+00 -5.538218e-01
    endloop
  endfacet
  facet normal -9.541391e-01 5.277208e-04 2.993631e-01
    outer loop
      vertex   1.782855e+00 -8.240771e-33 -4.938891e-01
      vertex   1.765158e+00 2.000000e+00 -5.538218e-01
      vertex   1.745446e+00 -8.067855e-33 -6.131225e-01
    endloop
  endfacet
  facet normal -9.434840e-01 -5.277208e-04 3.314175e-01
    outer loop
      vertex   1.745446e+00 -8.067855e-33 -6.131225e-01
      vertex   1.765158e+00 2.000000e+00 -5.538218e-01
      vertex   1.723742e+00 2.000000e+00 -6.717236e-01
    endloop
  endfacet
  facet normal -9.317524e-01 5.277208e-04 3.630938e-01
    outer loop
      vertex   1.745446e+00 -8.067855e-33 -6.131225e-01
      vertex   1.723742e+00 2.000000e+00 -6.717236e-01
      vertex   1.700072e+00 -7.858127e-33 -7.295583e-01
    endloop
  endfacet
  facet normal -9.189577e-01 -5.277208e-04 3.943558e-01
    outer loop
      vertex   1.700072e+00 -7.858127e-33 -7.295583e-01
      vertex   1.723742e+00 2.000000e+00 -6.717236e-01
      vertex   1.674462e+00 2.000000e+00 -7.865606e-01
    endloop
  endfacet
  facet normal -9.051144e-01 5.277208e-04 4.251678e-01
    outer loop
      vertex   1.700072e+00 -7.858127e-33 -7.295583e-01
      vertex   1.674462e+00 2.000000e+00 -7.865606e-01
      vertex   1.646941e+00 -7.612544e-33 -8.426654e-01
    endloop
  endfacet
  facet normal -8.902383e-01 -5.277208e-04 4.554947e-01
    outer loop
      vertex   1.646941e+00 -7.612544e-33 -8.426654e-01
      vertex   1.674462e+00 2.000000e+00 -7.865606e-01
      vertex   1.617541e+00 2.000000e+00 -8.978086e-01
    endloop
  endfacet
  facet normal -8.743465e-01 5.277208e-04 4.853019e-01
    outer loop
      vertex   1.646941e+00 -7.612544e-33 -8.426654e-01
      vertex   1.617541e+00 2.000000e+00 -8.978086e-01
      vertex   1.586296e+00 -7.332227e-33 -9.519275e-01
    endloop
  endfacet
  facet normal -8.574570e-01 -5.277208e-04 5.145553e-01
    outer loop
      vertex   1.586296e+00 -7.332227e-33 -9.519275e-01
      vertex   1.617541e+00 2.000000e+00 -8.978086e-01
      vertex   1.553240e+00 2.000000e+00 -1.004960e+00
    endloop
  endfacet
  facet normal -8.395892e-01 5.277208e-04 5.432216e-01
    outer loop
      vertex   1.586296e+00 -7.332227e-33 -9.519275e-01
      vertex   1.553240e+00 2.000000e+00 -1.004960e+00
      vertex   1.518412e+00 -7.018454e-33 -1.056846e+00
    endloop
  endfacet
  facet normal -8.207633e-01 -5.277208e-04 5.712681e-01
    outer loop
      vertex   1.518412e+00 -7.018454e-33 -1.056846e+00
      vertex   1.553240e+00 2.000000e+00 -1.004960e+00
      vertex   1.481852e+00 2.000000e+00 -1.107526e+00
    endloop
  endfacet
  facet normal -8.010010e-01 5.277208e-04 5.986628e-01
    outer loop
      vertex   1.518412e+00 -7.018454e-33 -1.056846e+00
      vertex   1.481852e+00 2.000000e+00 -1.107526e+00
      vertex   1.443601e+00 -6.672658e-33 -1.156943e+00
    endloop
  endfacet
  facet normal -7.803247e-01 -5.277208e-04 6.253744e-01
    outer loop
      vertex   1.443601e+00 -6.672658e-33 -1.156943e+00
      vertex   1.481852e+00 2.000000e+00 -1.107526e+00
      vertex   1.403703e+00 2.000000e+00 -1.205039e+00
    endloop
  endfacet
  facet normal -7.587580e-01 5.277208e-04 6.513724e-01
    outer loop
      vertex   1.443601e+00 -6.672658e-33 -1.156943e+00
      vertex   1.403703e+00 2.000000e+00 -1.205039e+00
      vertex   1.362203e+00 -6.296416e-33 -1.251760e+00
    endloop
  endfacet
  facet normal -7.363256e-01 -5.277208e-04 6.766272e-01
    outer loop
      vertex   1.362203e+00 -6.296416e-33 -1.251760e+00
      vertex   1.403703e+00 2.000000e+00 -1.205039e+00
      vertex   1.319148e+00 2.000000e+00 -1.297054e+00
    endloop
  endfacet
  facet normal -7.130530e-01 5.277208e-04 7.011099e-01
    outer loop
      vertex   1.362203e+00 -6.296416e-33 -1.251760e+00
      vertex   1.319148e+00 2.000000e+00 -1.297054e+00
      vertex   1.274589e+00 -5.891445e-33 -1.340867e+00
    endloop
  endfacet
  facet normal -6.889668e-01 -5.277208e-04 7.247927e-01
    outer loop
      vertex   1.274589e+00 -5.891445e-33 -1.340867e+00
      vertex   1.319148e+00 2.000000e+00 -1.297054e+00
      vertex   1.228575e+00 2.000000e+00 -1.383150e+00
    endloop
  endfacet
  facet normal -6.640945e-01 5.277208e-04 7.476484e-01
    outer loop
      vertex   1.274589e+00 -5.891445e-33 -1.340867e+00
      vertex   1.228575e+00 2.000000e+00 -1.383150e+00
      vertex   1.181159e+00 -5.459593e-33 -1.423855e+00
    endloop
  endfacet
  facet normal -6.384645e-01 -5.277208e-04 7.696511e-01
    outer loop
      vertex   1.181159e+00 -5.459593e-33 -1.423855e+00
      vertex   1.228575e+00 2.000000e+00 -1.383150e+00
      vertex   1.132396e+00 2.000000e+00 -1.462935e+00
    endloop
  endfacet
  facet normal -6.121059e-01 5.277208e-04 7.907756e-01
    outer loop
      vertex   1.181159e+00 -5.459593e-33 -1.423855e+00
      vertex   1.132396e+00 2.000000e+00 -1.462935e+00
      vertex   1.082341e+00 -5.002829e-33 -1.500346e+00
    endloop
  endfacet
  facet normal -5.850489e-01 -5.277208e-04 8.109978e-01
    outer loop
      vertex   1.082341e+00 -5.002829e-33 -1.500346e+00
      vertex   1.132396e+00 2.000000e+00 -1.462935e+00
      vertex   1.031050e+00 2.000000e+00 -1.536045e+00
    endloop
  endfacet
  facet normal -5.573244e-01 5.277208e-04 8.302947e-01
    outer loop
      vertex   1.082341e+00 -5.002829e-33 -1.500346e+00
      vertex   1.031050e+00 2.000000e+00 -1.536045e+00
      vertex   9.785834e-01 -4.523239e-33 -1.569992e+00
    endloop
  endfacet
  facet normal -5.289639e-01 -5.277208e-04 8.486441e-01
    outer loop
      vertex   9.785834e-01 -4.523239e-33 -1.569992e+00
      vertex   1.031050e+00 2.000000e+00 -1.536045e+00
      vertex   9.250000e-01 2.000000e+00 -1.602147e+00
    endloop
  endfacet
  facet normal -4.999999e-01 5.277208e-04 8.660253e-01
    outer loop
      vertex   9.785834e-01 -4.523239e-33 -1.569992e+00
      vertex   9.250000e-01 2.000000e+00 -1.602147e+00
      vertex   8.703611e-01 -4.023011e-33 -1.632474e+00
    endloop
  endfacet
  facet normal -4.704654e-01 -5.277208e-04 8.824183e-01
    outer loop
      vertex   8.703611e-01 -4.023011e-33 -1.632474e+00
      vertex   9.250000e-01 2.000000e+00 -1.602147e+00
      vertex   8.147292e-01 2.000000e+00 -1.660938e+00
    endloop
  endfacet
  facet normal -4.403941e-01 5.277208e-04 8.978044e-01
    outer loop
      vertex   8.703611e-01 -4.023011e-33 -1.632474e+00
      vertex   8.147292e-01 2.000000e+00 -1.660938e+00
      vertex   7.581676e-01 -3.504426e-33 -1.687508e+00
    endloop
  endfacet
  facet normal -4.098203e-01 -5.277208e-04 9.121661e-01
    outer loop
      vertex   7.581676e-01 -3.504426e-33 -1.687508e+00
      vertex   8.147292e-01 2.000000e+00 -1.660938e+00
      vertex   7.007409e-01 2.000000e+00 -1.712151e+00
    endloop
  endfacet
  facet normal -3.787788e-01 5.277208e-04 9.254871e-01
    outer loop
      vertex   7.581676e-01 -3.504426e-33 -1.687508e+00
      vertex   7.007409e-01 2.000000e+00 -1.712151e+00
      vertex   6.425147e-01 -2.969852e-33 -1.734841e+00
    endloop
  endfacet
  facet normal -3.473052e-01 -5.277208e-04 9.377520e-01
    outer loop
      vertex   6.425147e-01 -2.969852e-33 -1.734841e+00
      vertex   7.007409e-01 2.000000e+00 -1.712151e+00
      vertex   5.835554e-01 2.000000e+00 -1.755552e+00
    endloop
  endfacet
  facet normal -3.154353e-01 5.277208e-04 9.489469e-01
    outer loop
      vertex   6.425147e-01 -2.969852e-33 -1.734841e+00
      vertex   5.835554e-01 2.000000e+00 -1.755552e+00
      vertex   5.239302e-01 -2.421727e-33 -1.774260e+00
    endloop
  endfacet
  facet normal -2.832055e-01 -5.277208e-04 9.590591e-01
    outer loop
      vertex   5.239302e-01 -2.421727e-33 -1.774260e+00
      vertex   5.835554e-01 2.000000e+00 -1.755552e+00
      vertex   4.637072e-01 2.000000e+00 -1.790943e+00
    endloop
  endfacet
  facet normal -2.506525e-01 5.277208e-04 9.680770e-01
    outer loop
      vertex   5.239302e-01 -2.421727e-33 -1.774260e+00
      vertex   4.637072e-01 2.000000e+00 -1.790943e+00
      vertex   4.029551e-01 -1.862552e-33 -1.805582e+00
    endloop
  endfacet
  facet normal -2.178135e-01 -5.277208e-04 9.759903e-01
    outer loop
      vertex   4.029551e-01 -1.862552e-33 -1.805582e+00
      vertex   4.637072e-01 2.000000e+00 -1.790943e+00
      vertex   3.417432e-01 2.000000e+00 -1.818162e+00
    endloop
  endfacet
  facet normal -1.847260e-01 5.277208e-04 9.827899e-01
    outer loop
      vertex   4.029551e-01 -1.862552e-33 -1.805582e+00
      vertex   3.417432e-01 2.000000e+00 -1.818162e+00
      vertex   2.801414e-01 -1.294878e-33 -1.828666e+00
    endloop
  endfacet
  facet normal -1.514278e-01 -5.277208e-04 9.884682e-01
    outer loop
      vertex   2.801414e-01 -1.294878e-33 -1.828666e+00
      vertex   3.417432e-01 2.000000e+00 -1.818162e+00
      vertex   2.182199e-01 2.000000e+00 -1.837085e+00
    endloop
  endfacet
  facet normal -1.179567e-01 5.277208e-04 9.930186e-01
    outer loop
      vertex   2.801414e-01 -1.294878e-33 -1.828666e+00
      vertex   2.182199e-01 2.000000e+00 -1.837085e+00
      vertex   1.560495e-01 -7.212968e-34 -1.843407e+00
    endloop
  endfacet
  facet normal -8.435105e-02 -5.277208e-04 9.964360e-01
    outer loop
      vertex   1.560495e-01 -7.212968e-34 -1.843407e+00
      vertex   2.182199e-01 2.000000e+00 -1.837085e+00
      vertex   9.370096e-02 2.000000e+00 -1.847626e+00
    endloop
  endfacet
  facet normal -5.064916e-02 5.277208e-04 9.987164e-01
    outer loop
      vertex   1.560495e-01 -7.212968e-34 -1.843407e+00
      vertex   9.370096e-02 2.000000e+00 -1.847626e+00
      vertex   3.124554e-02 -1.444241e-34 -1.849736e+00
    endloop
  endfacet
  facet normal -1.688948e-02 -5.277208e-04 9.998572e-01
    outer loop
      vertex   3.124554e-02 -1.444241e-34 -1.849736e+00
      vertex   9.370096e-02 2.000000e+00 -1.847626e+00
      vertex   -3.124554e-02 2.000000e+00 -1.849736e+00
    endloop
  endfacet
  facet normal 1.688948e-02 5.277208e-04 9.998572e-01
    outer loop
      vertex   3.124554e-02 -1.444241e-34 -1.849736e+00
      vertex   -3.124554e-02 2.000000e+00 -1.849736e+00
      vertex   -9.370096e-02 4.331076e-34 -1.847626e+00
    endloop
  endfacet
  facet normal 5.064916e-02 -5.277208e-04 9.987164e-01
    outer loop
      vertex   -9.370096e-02 4.331076e-34 -1.847626e+00
      vertex   -3.124554e-02 2.000000e+00 -1.849736e+00
      vertex   -1.560495e-01 2.000000e+00 -1.843407e+00
    endloop
  endfacet
  facet normal 8.435105e-02 5.277208e-04 9.964360e-01
    outer loop
      vertex   -9.370096e-02 4.331076e-34 -1.847626e+00
      vertex   -1.560495e-01 2.000000e+00 -1.843407e+00
      vertex   -2.182199e-01 1.008663e-33 -1.837085e+00
    endloop
  endfacet
  facet normal 1.179567e-01 -5.277208e-04 9.930186e-01
    outer loop
      vertex   -2.182199e-01 1.008663e-33 -1.837085e+00
      vertex   -1.560495e-01 2.000000e+00 -1.843407e+00
      vertex   -2.801414e-01 2.000000e+00 -1.828666e+00
    endloop
  endfacet
  facet normal 1.514278e-01 5.277208e-04 9.884682e-01
    outer loop
      vertex   -2.182199e-01 1.008663e-33 -1.837085e+00
      vertex   -2.801414e-01 2.000000e+00 -1.828666e+00
      vertex   -3.417432e-01 1.579616e-33 -1.818162e+00
    endloop
  endfacet
  facet normal 1.847260e-01 -5.277208e-04 9.827899e-01
    outer loop
      vertex   -3.417432e-01 1.579616e-33 -1.818162e+00
      vertex   -2.801414e-01 2.000000e+00 -1.828666e+00
      vertex   -4.029551e-01 2.000000e+00 -1.805582e+00
    endloop
  endfacet
  facet normal 2.178135e-01 5.277208e-04 9.759903e-01
    outer loop
      vertex   -3.417432e-01 1.579616e-33 -1.818162e+00
      vertex   -4.029551e-01 2.000000e+00 -1.805582e+00
      vertex   -4.637072e-01 2.143362e-33 -1.790943e+00
    endloop
  endfacet
  facet normal 2.506525e-01 -5.277208e-04 9.680770e-01
    outer loop
      vertex   -4.637072e-01 2.143362e-33 -1.790943e+00
      vertex   -4.029551e-01 2.000000e+00 -1.805582e+00
      vertex   -5.239302e-01 2.000000e+00 -1.774260e+00
    endloop
  endfacet
  facet normal 2.832055e-01 5.277208e-04 9.590591e-01
    outer loop
      vertex   -4.637072e-01 2.143362e-33 -1.790943e+00
      vertex   -5.239302e-01 2.000000e+00 -1.774260e+00
      vertex   -5.835554e-01 2.697328e-33 -1.755552e+00
    endloop
  endfacet
  facet normal 3.154353e-01 -5.277208e-04 9.489469e-01
    outer loop
      vertex   -5.835554e-01 2.697328e-33 -1.755552e+00
      vertex   -5.239302e-01 2.000000e+00 -1.774260e+00
      vertex   -6.425147e-01 2.000000e+00 -1.734841e+00
    endloop
  endfacet
  facet normal 3.473052e-01 5.277208e-04 9.377520e-01
    outer loop
      vertex   -5.835554e-01 2.697328e-33 -1.755552e+00
      vertex   -6.425147e-01 2.000000e+00 -1.734841e+00
      vertex   -7.007409e-01 3.238987e-33 -1.712151e+00
    endloop
  endfacet
  facet normal 3.787788e-01 -5.277208e-04 9.254871e-01
    outer loop
      vertex   -7.007409e-01 3.238987e-33 -1.712151e+00
      vertex   -6.425147e-01 2.000000e+00 -1.734841e+00
      vertex   -7.581676e-01 2.000000e+00 -1.687508e+00
    endloop
  endfacet
  facet normal 4.098203e-01 5.277208e-04 9.121661e-01
    outer loop
      vertex   -7.007409e-01 3.238987e-33 -1.712151e+00
      vertex   -7.581676e-01 2.000000e+00 -1.687508e+00
      vertex   -8.147292e-01 3.765867e-33 -1.660938e+00
    endloop
  endfacet
  facet normal 4.403941e-01 -5.277208e-04 8.978044e-01
    outer loop
      vertex   -8.147292e-01 3.765867e-33 -1.660938e+00
      vertex   -7.581676e-01 2.000000e+00 -1.687508e+00
      vertex   -8.703611e-01 2.000000e+00 -1.632474e+00
    endloop
  endfacet
  facet normal 4.704654e-01 5.277208e-04 8.824183e-01
    outer loop
      vertex   -8.147292e-01 3.765867e-33 -1.660938e+00
      vertex   -8.703611e-01 2.000000e+00 -1.632474e+00
      vertex   -9.250000e-01 4.275564e-33 -1.602147e+00
    endloop
  endfacet
  facet normal 4.999999e-01 -5.277208e-04 8.660253e-01
    outer loop
      vertex   -9.250000e-01 4.275564e-33 -1.602147e+00
      vertex   -8.703611e-01 2.000000e+00 -1.632474e+00
      vertex   -9.785834e-01 2.000000e+00 -1.569992e+00
    endloop
  endfacet
  facet normal 5.289639e-01 5.277208e-04 8.486441e-01
    outer loop
      vertex   -9.250000e-01 4.275564e-33 -1.602147e+00
      vertex   -9.785834e-01 2.000000e+00 -1.569992e+00
      vertex   -1.031050e+00 4.765753e-33 -1.536045e+00
    endloop
  endfacet
  facet normal 5.573244e-01 -5.277208e-04 8.302947e-01
    outer loop
      vertex   -1.031050e+00 4.765753e-33 -1.536045e+00
      vertex   -9.785834e-01 2.000000e+00 -1.569992e+00
      vertex   -1.082341e+00 2.000000e+00 -1.500346e+00
    endloop
  endfacet
  facet normal 5.850489e-01 5.277208e-04 8.109978e-01
    outer loop
      vertex   -1.031050e+00 4.765753e-33 -1.536045e+00
      vertex   -1.082341e+00 2.000000e+00 -1.500346e+00
      vertex   -1.132396e+00 5.234197e-33 -1.462935e+00
    endloop
  endfacet
  facet normal 6.121059e-01 -5.277208e-04 7.907756e-01
    outer loop
      vertex   -1.132396e+00 5.234197e-33 -1.462935e+00
      vertex   -1.082341e+00 2.000000e+00 -1.500346e+00
      vertex   -1.181159e+00 2.000000e+00 -1.423855e+00
    endloop
  endfacet
  facet normal 6.384645e-01 5.277208e-04 7.696511e-01
    outer loop
      vertex   -1.132396e+00 5.234197e-33 -1.462935e+00
      vertex   -1.181159e+00 2.000000e+00 -1.423855e+00
      vertex   -1.228575e+00 5.678759e-33 -1.383150e+00
    endloop
  endfacet
  facet normal 6.640945e-01 -5.277208e-04 7.476484e-01
    outer loop
      vertex   -1.228575e+00 5.678759e-33 -1.383150e+00
      vertex   -1.181159e+00 2.000000e+00 -1.423855e+00
      vertex   -1.274589e+00 2.000000e+00 -1.340867e+00
    endloop
  endfacet
  facet normal 6.889668e-01 5.277208e-04 7.247927e-01
    outer loop
      vertex   -1.228575e+00 5.678759e-33 -1.383150e+00
      vertex   -1.274589e+00 2.000000e+00 -1.340867e+00
      vertex   -1.319148e+00 6.097409e-33 -1.297054e+00
    endloop
  endfacet
  facet normal 7.130530e-01 -5.277208e-04 7.011099e-01
    outer loop
      vertex   -1.319148e+00 6.097409e-33 -1.297054e+00
      vertex   -1.274589e+00 2.000000e+00 -1.340867e+00
      vertex   -1.362203e+00 2.000000e+00 -1.251760e+00
    endloop
  endfacet
  facet normal 7.363256e-01 5.277208e-04 6.766272e-01
    outer loop
      vertex   -1.319148e+00 6.097409e-33 -1.297054e+00
      vertex   -1.362203e+00 2.000000e+00 -1.251760e+00
      vertex   -1.403703e+00 6.488239e-33 -1.205039e+00
    endloop
  endfacet
  facet normal 7.587580e-01 -5.277208e-04 6.513724e-01
    outer loop
      vertex   -1.403703e+00 6.488239e-33 -1.205039e+00
      vertex   -1.362203e+00 2.000000e+00 -1.251760e+00
      vertex   -1.443601e+00 2.000000e+00 -1.156943e+00
    endloop
  endfacet
  facet normal 7.803247e-01 5.277208e-04 6.253744e-01
    outer loop
      vertex   -1.403703e+00 6.488239e-33 -1.205039e+00
      vertex   -1.443601e+00 2.000000e+00 -1.156943e+00
      vertex   -1.481852e+00 6.849464e-33 -1.107526e+00
    endloop
  endfacet
  facet normal 8.010010e-01 -5.277208e-04 5.986628e-01
    outer loop
      vertex   -1.481852e+00 6.849464e-33 -1.107526e+00
      vertex   -1.443601e+00 2.000000e+00 -1.156943e+00
      vertex   -1.518412e+00 2.000000e+00 -1.056846e+00
    endloop
  endfacet
  facet normal 8.207633e-01 5.277208e-04 5.712681e-01
    outer loop
      vertex   -1.481852e+00 6.849464e-33 -1.107526e+00
      vertex   -1.518412e+00 2.000000e+00 -1.056846e+00
      vertex   -1.553240e+00 7.179436e-33 -1.004960e+00
    endloop
  endfacet
  facet normal 8.395892e-01 -5.277208e-04 5.432216e-01
    outer loop
      vertex   -1.553240e+00 7.179436e-33 -1.004960e+00
      vertex   -1.518412e+00 2.000000e+00 -1.056846e+00
      vertex   -1.586296e+00 2.000000e+00 -9.519275e-01
    endloop
  endfacet
  facet normal 8.574570e-01 5.277208e-04 5.145553e-01
    outer loop
      vertex   -1.553240e+00 7.179436e-33 -1.004960e+00
      vertex   -1.586296e+00 2.000000e+00 -9.519275e-01
      vertex   -1.617541e+00 7.476651e-33 -8.978086e-01
    endloop
  endfacet
  facet normal 8.743465e-01 -5.277208e-04 4.853019e-01
    outer loop
      vertex   -1.617541e+00 7.476651e-33 -8.978086e-01
      vertex   -1.586296e+00 2.000000e+00 -9.519275e-01
      vertex   -1.646941e+00 2.000000e+00 -8.426654e-01
    endloop
  endfacet
  facet normal 8.902383e-01 5.277208e-04 4.554947e-01
    outer loop
      vertex   -1.617541e+00 7.476651e-33 -8.978086e-01
      vertex   -1.646941e+00 2.000000e+00 -8.426654e-01
      vertex   -1.674462e+00 7.739751e-33 -7.865606e-01
    endloop
  endfacet
  facet normal 9.051144e-01 -5.277208e-04 4.251678e-01
    outer loop
      vertex   -1.674462e+00 7.739751e-33 -7.865606e-01
      vertex   -1.646941e+00 2.000000e+00 -8.426654e-01
      vertex   -1.700072e+00 2.000000e+00 -7.295583e-01
    endloop
  endfacet
  facet normal 9.189577e-01 5.277208e-04 3.943558e-01
    outer loop
      vertex   -1.674462e+00 7.739751e-33 -7.865606e-01
      vertex   -1.700072e+00 2.000000e+00 -7.295583e-01
      vertex   -1.723742e+00 7.967536e-33 -6.717236e-01
    endloop
  endfacet
  facet normal 9.317524e-01 -5.277208e-04 3.630938e-01
    outer loop
      vertex   -1.723742e+00 7.967536e-33 -6.717236e-01
      vertex   -1.700072e+00 2.000000e+00 -7.295583e-01
      vertex   -1.745446e+00 2.000000e+00 -6.131225e-01
    endloop
  endfacet
  facet normal 9.434840e-01 5.277208e-04 3.314175e-01
    outer loop
      vertex   -1.723742e+00 7.967536e-33 -6.717236e-01
      vertex   -1.745446e+00 2.000000e+00 -6.131225e-01
      vertex   -1.765158e+00 8.158968e-33 -5.538218e-01
    endloop
  endfacet
  facet normal 9.541391e-01 -5.277208e-04 2.993631e-01
    outer loop
      vertex   -1.765158e+00 8.158968e-33 -5.538218e-01
      vertex   -1.745446e+00 2.000000e+00 -6.131225e-01
      vertex   -1.782855e+00 2.000000e+00 -4.938891e-01
    endloop
  endfacet
  facet normal 9.637055e-01 5.277208e-04 2.669671e-01
    outer loop
      vertex   -1.765158e+00 8.158968e-33 -5.538218e-01
      vertex   -1.782855e+00 2.000000e+00 -4.938891e-01
      vertex   -1.798519e+00 8.313172e-33 -4.333930e-01
    endloop
  endfacet
  facet normal 9.721723e-01 -5.277208e-04 2.342664e-01
    outer loop
      vertex   -1.798519e+00 8.313172e-33 -4.333930e-01
      vertex   -1.782855e+00 2.000000e+00 -4.938891e-01
      vertex   -1.812130e+00 2.000000e+00 -3.724023e-01
    endloop
  endfacet
  facet normal 9.795298e-01 5.277208e-04 2.012985e-01
    outer loop
      vertex   -1.798519e+00 8.313172e-33 -4.333930e-01
      vertex   -1.812130e+00 2.000000e+00 -3.724023e-01
      vertex   -1.823674e+00 8.429445e-33 -3.109867e-01
    endloop
  endfacet
  facet normal 9.857697e-01 -5.277208e-04 1.681009e-01
    outer loop
      vertex   -1.823674e+00 8.429445e-33 -3.109867e-01
      vertex   -1.812130e+00 2.000000e+00 -3.724023e-01
      vertex   -1.833137e+00 2.000000e+00 -2.492162e-01
    endloop
  endfacet
  facet normal 9.908847e-01 5.277208e-04 1.347114e-01
    outer loop
      vertex   -1.823674e+00 8.429445e-33 -3.109867e-01
      vertex   -1.833137e+00 2.000000e+00 -2.492162e-01
      vertex   -1.840508e+00 8.507256e-33 -1.871614e-01
    endloop
  endfacet
  facet normal 9.948692e-01 -5.277208e-04 1.011683e-01
    outer loop
      vertex   -1.840508e+00 8.507256e-33 -1.871614e-01
      vertex   -1.833137e+00 2.000000e+00 -2.492162e-01
      vertex   -1.845779e+00 2.000000e+00 -1.248930e-01
    endloop
  endfacet
  facet normal 9.977185e-01 5.277208e-04 6.750974e-02
    outer loop
      vertex   -1.840508e+00 8.507256e-33 -1.871614e-01
      vertex   -1.845779e+00 2.000000e+00 -1.248930e-01
      vertex   -1.848945e+00 8.546250e-33 -6.248216e-02
    endloop
  endfacet
  facet normal 9.994294e-01 -5.277208e-04 3.377414e-02
    outer loop
      vertex   -1.848945e+00 8.546250e-33 -6.248216e-02
      vertex   -1.845779e+00 2.000000e+00 -1.248930e-01
      vertex   -1.850000e+00 2.000000e+00 2.265597e-16
    endloop
  endfacet
  facet normal 9.999999e-01 5.277208e-04 -0.000000e+00
    outer loop
      vertex   -1.848945e+00 8.546250e-33 -6.248216e-02
      vertex   -1.850000e+00 2.000000e+00 2.265597e-16
      vertex   -1.848945e+00 8.546250e-33 6.248216e-02
    endloop
  endfacet
  facet normal 9.994294e-01 -5.277208e-04 -3.377414e-02
    outer loop
      vertex   -1.848945e+00 8.546250e-33 6.248216e-02
      vertex   -1.850000e+00 2.000000e+00 2.265597e-16
      vertex   -1.845779e+00 2.000000e+00 1.248930e-01
    endloop
  endfacet
  facet normal 9.977185e-01 5.277208e-04 -6.750974e-02
    outer loop
      vertex   -1.848945e+00 8.546250e-33 6.248216e-02
      vertex   -1.845779e+00 2.000000e+00 1.248930e-01
      vertex   -1.840508e+00 8.507256e-33 1.871614e-01
    endloop
  endfacet
  facet normal 9.948692e-01 -5.277208e-04 -1.011683e-01
    outer loop
      vertex   -1.840508e+00 8.507256e-33 1.871614e-01
      vertex   -1.845779e+00 2.000000e+00 1.248930e-01
      vertex   -1.833137e+00 2.000000e+00 2.492162e-01
    endloop
  endfacet
  facet normal 9.908847e-01 5.277208e-04 -1.347114e-01
    outer loop
      vertex   -1.840508e+00 8.507256e-33 1.871614e-01
      vertex   -1.833137e+00 2.000000e+00 2.492162e-01
      vertex   -1.823674e+00 8.429445e-33 3.109867e-01
    endloop
  endfacet
  facet normal 9.857697e-01 -5.277208e-04 -1.681009e-01
    outer loop
      vertex   -1.823674e+00 8.429445e-33 3.109867e-01
      vertex   -1.833137e+00 2.000000e+00 2.492162e-01
      vertex   -1.812130e+00 2.000000e+00 3.724023e-01
    endloop
  endfacet
  facet normal 9.795298e-01 5.277208e-04 -2.012985e-01
    outer loop
      vertex   -1.823674e+00 8.429445e-33 3.109867e-01
      vertex   -1.812130e+00 2.000000e+00 3.724023e-01
      vertex   -1.798519e+00 8.313172e-33 4.333930e-01
    endloop
  endfacet
  facet normal 9.721723e-01 -5.277208e-04 -2.342664e-01
    outer loop
      vertex   -1.798519e+00 8.313172e-33 4.333930e-01
      vertex   -1.812130e+00 2.000000e+00 3.724023e-01
      vertex   -1.782855e+00 2.000000e+00 4.938891e-01
    endloop
  endfacet
  facet normal 9.637055e-01 5.277208e-04 -2.669671e-01
    outer loop
      vertex   -1.798519e+00 8.313172e-33 4.333930e-01
      vertex   -1.782855e+00 2.000000e+00 4.938891e-01
      vertex   -1.765158e+00 8.158968e-33 5.538218e-01
    endloop
  endfacet
  facet normal 9.541391e-01 -5.277208e-04 -2.993631e-01
    outer loop
      vertex   -1.765158e+00 8.158968e-33 5.538218e-01
      vertex   -1.782855e+00 2.000000e+00 4.938891e-01
      vertex   -1.745446e+00 2.000000e+00 6.131225e-01
    endloop
  endfacet
  facet normal 9.434840e-01 5.277208e-04 -3.314175e-01
    outer loop
      vertex   -1.765158e+00 8.158968e-33 5.538218e-01
      vertex   -1.745446e+00 2.000000e+00 6.131225e-01
      vertex   -1.723742e+00 7.967536e-33 6.717236e-01
    endloop
  endfacet
  facet normal 9.317524e-01 -5.277208e-04 -3.630938e-01
    outer loop
      vertex   -1.723742e+00 7.967536e-33 6.717236e-01
      vertex   -1.745446e+00 2.000000e+00 6.131225e-01
      vertex   -1.700072e+00 2.000000e+00 7.295583e-01
    endloop
  endfacet
  facet normal 9.189577e-01 5.277208e-04 -3.943558e-01
    outer loop
      vertex   -1.723742e+00 7.967536e-33 6.717236e-01
      vertex   -1.700072e+00 2.000000e+00 7.295583e-01
      vertex   -1.674462e+00 7.739751e-33 7.865606e-01
    endloop
  endfacet
  facet normal 9.051144e-01 -5.277208e-04 -4.251678e-01
    outer loop
      vertex   -1.674462e+00 7.739751e-33 7.865606e-01
      vertex   -1.700072e+00 2.000000e+00 7.295583e-01
      vertex   -1.646941e+00 2.000000e+00 8.426654e-01
    endloop
  endfacet
  facet normal 8.902383e-01 5.277208e-04 -4.554947e-01
    outer loop
      vertex   -1.674462e+00 7.739751e-33 7.865606e-01
      vertex   -1.646941e+00 2.000000e+00 8.426654e-01
      vertex   -1.617541e+00 7.476651e-33 8.978086e-01
    endloop
  endfacet
  facet normal 8.743465e-01 -5.277208e-04 -4.853019e-01
    outer loop
      vertex   -1.617541e+00 7.476651e-33 8.978086e-01
      vertex   -1.646941e+00 2.000000e+00 8.426654e-01
      vertex   -1.586296e+00 2.000000e+00 9.519275e-01
    endloop
  endfacet
  facet normal 8.574570e-01 5.277208e-04 -5.145553e-01
    outer loop
      vertex   -1.617541e+00 7.476651e-33 8.978086e-01
      vertex   -1.586296e+00 2.000000e+00 9.519275e-01
      vertex   -1.553240e+00 7.179436e-33 1.004960e+00
    endloop
  endfacet
  facet normal 8.395892e-01 -5.277208e-04 -5.432216e-01
    outer loop
      vertex   -1.553240e+00 7.179436e-33 1.004960e+00
      vertex   -1.586296e+00 2.000000e+00 9.519275e-01
      vertex   -1.518412e+00 2.000000e+00 1.056846e+00
    endloop
  endfacet
  facet normal 8.207633e-01 5.277208e-04 -5.712681e-01
    outer loop
      vertex   -1.553240e+00 7.179436e-33 1.004960e+00
      vertex   -1.518412e+00 2.000000e+00 1.056846e+00
      vertex   -1.481852e+00 6.849464e-33 1.107526e+00
    endloop
  endfacet
  facet normal 8.010010e-01 -5.277208e-04 -5.986628e-01
    outer loop
      vertex   -1.481852e+00 6.849464e-33 1.107526e+00
      vertex   -1.518412e+00 2.000000e+00 1.056846e+00
      vertex   -1.443601e+00 2.000000e+00 1.156943e+00
    endloop
  endfacet
  facet normal 7.803247e-01 5.277208e-04 -6.253744e-01
    outer loop
      vertex   -1.481852e+00 6.849464e-33 1.107526e+00
      vertex   -1.443601e+00 2.000000e+00 1.156943e+00
      vertex   -1.403703e+00 6.488239e-33 1.205039e+00
    endloop
  endfacet
  facet normal 7.587580e-01 -5.277208e-04 -6.513724e-01
    outer loop
      vertex   -1.403703e+00 6.488239e-33 1.205039e+00
      vertex   -1.443601e+00 2.000000e+00 1.156943e+00
      vertex   -1.362203e+00 2.000000e+00 1.251760e+00
    endloop
  endfacet
  facet normal 7.363256e-01 5.277208e-04 -6.766272e-01
    outer loop
      vertex   -1.403703e+00 6.488239e-33 1.205039e+00
      vertex   -1.362203e+00 2.000000e+00 1.251760e+00
      vertex   -1.319148e+00 6.097409e-33 1.297054e+00
    endloop
  endfacet
  facet normal 7.130530e-01 -5.277208e-04 -7.011099e-01
    outer loop
      vertex   -1.319148e+00 6.097409e-33 1.297054e+00
      vertex   -1.362203e+00 2.000000e+00 1.251760e+00
      vertex   -1.274589e+00 2.000000e+00 1.340867e+00
    endloop
  endfacet
  facet normal 6.889668e-01 5.277208e-04 -7.247927e-01
    outer loop
      vertex   -1.319148e+00 6.097409e-33 1.297054e+00
      vertex   -1.274589e+00 2.000000e+00 1.340867e+00
      vertex   -1.228575e+00 5.678759e-33 1.383150e+00
    endloop
  endfacet
  facet normal 6.640945e-01 -5.277208e-04 -7.476484e-01
    outer loop
      vertex   -1.228575e+00 5.678759e-33 1.383150e+00
      vertex   -1.274589e+00 2.000000e+00 1.340867e+00
      vertex   -1.181159e+00 2.000000e+00 1.423855e+00
    endloop
  endfacet
  facet normal 6.384645e-01 5.277208e-04 -7.696511e-01
    outer loop
      vertex   -1.228575e+00 5.678759e-33 1.383150e+00
      vertex   -1.181159e+00 2.000000e+00 1.423855e+00
      vertex   -1.132396e+00 5.234197e-33 1.462935e+00
    endloop
  endfacet
  facet normal 6.121059e-01 -5.277208e-04 -7.907756e-01
    outer loop
      vertex   -1.132396e+00 5.234197e-33 1.462935e+00
      vertex   -1.181159e+00 2.000000e+00 1.423855e+00
      vertex   -1.082341e+00 2.000000e+00 1.500346e+00
    endloop
  endfacet
  facet normal 5.850489e-01 5.277208e-04 -8.109978e-01
    outer loop
      vertex   -1.132396e+00 5.234197e-33 1.462935e+00
      vertex   -1.082341e+00 2.000000e+00 1.500346e+00
      vertex   -1.031050e+00 4.765753e-33 1.536045e+00
    endloop
  endfacet
  facet normal 5.573244e-01 -5.277208e-04 -8.302947e-01
    outer loop
      vertex   -1.031050e+00 4.765753e-33 1.536045e+00
      vertex   -1.082341e+00 2.000000e+00 1.500346e+00
      vertex   -9.785834e-01 2.000000e+00 1.569992e+00
    endloop
  endfacet
  facet normal 5.289639e-01 5.277208e-04 -8.486441e-01
    outer loop
      vertex   -1.031050e+00 4.765753e-33 1.536045e+00
      vertex   -9.785834e-01 2.000000e+00 1.569992e+00
      vertex   -9.250000e-01 4.275564e-33 1.602147e+00
    endloop
  endfacet
  facet normal 4.999999e-01 -5.277208e-04 -8.660253e-01
    outer loop
      vertex   -9.250000e-01 4.275564e-33 1.602147e+00
      vertex   -9.785834e-01 2.000000e+00 1.569992e+00
      vertex   -8.703611e-01 2.000000e+00 1.632474e+00
    endloop
  endfacet
  facet normal 4.704654e-01 5.277208e-04 -8.824183e-01
    outer loop
      vertex   -9.250000e-01 4.275564e-33 1.602147e+00
      vertex   -8.703611e-01 2.000000e+00 1.632474e+00
      vertex   -8.147292e-01 3.765867e-33 1.660938e+00
    endloop
  endfacet
  facet normal 4.403941e-01 -5.277208e-04 -8.978044e-01
    outer loop
      vertex   -8.147292e-01 3.765867e-33 1.660938e+00
      vertex   -8.703611e-01 2.000000e+00 1.632474e+00
      vertex   -7.581676e-01 2.000000e+00 1.687508e+00
    endloop
  endfacet
  facet normal 4.098203e-01 5.277208e-04 -9.121661e-01
    outer loop
      vertex   -8.147292e-01 3.765867e-33 1.660938e+00
      vertex   -7.581676e-01 2.000000e+00 1.687508e+00
      vertex   -7.007409e-01 3.238987e-33 1.712151e+00
    endloop
  endfacet
  facet normal 3.787788e-01 -5.277208e-04 -9.254871e-01
    outer loop
      vertex   -7.007409e-01 3.238987e-33 1.712151e+00
      vertex   -7.581676e-01 2.000000e+00 1.687508e+00
      vertex   -6.425147e-01 2.000000e+00 1.734841e+00
    endloop
  endfacet
  facet normal 3.473052e-01 5.277208e-04 -9.377520e-01
    outer loop
      vertex   -7.007409e-01 3.238987e-33 1.712151e+00
      vertex   -6.425147e-01 2.000000e+00 1.734841e+00
      vertex   -5.835554e-01 2.697328e-33 1.755552e+00
    endloop
  endfacet
  facet normal 3.154353e-01 -5.277208e-04 -9.489469e-01
    outer loop
      vertex   -5.835554e-01 2.697328e-33 1.755552e+00
      vertex   -6.425147e-01 2.000000e+00 1.734841e+00
      vertex   -5.239302e-01 2.000000e+00 1.774260e+00
    endloop
  endfacet
  facet normal 2.832055e-01 5.277208e-04 -9.590591e-01
    outer loop
      vertex   -5.835554e-01 2.697328e-33 1.755552e+00
      vertex   -5.239302e-01 2.000000e+00 1.774260e+00
      vertex   -4.637072e-01 2.143362e-33 1.790943e+00
    endloop
  endfacet
  facet normal 2.506525e-01 -5.277208e-04 -9.680770e-01
    outer loop
      vertex   -4.637072e-01 2.143362e-33 1.790943e+00
      vertex   -5.239302e-01 2.000000e+00 1.774260e+00
      vertex   -4.029551e-01 2.000000e+00 1.805582e+00
    endloop
  endfacet
  facet normal 2.178135e-01 5.277208e-04 -9.759903e-01
    outer loop
      vertex   -4.637072e-01 2.143362e-33 1.790943e+00
      vertex   -4.029551e-01 2.000000e+00 1.805582e+00
      vertex   -3.417432e-01 1.579616e-33 1.818162e+00
    endloop
  endfacet
  facet normal 1.847260e-01 -5.277208e-04 -9.827899e-01
    outer loop
      vertex   -3.417432e-01 1.579616e-33 1.818162e+00
      vertex   -4.029551e-01 2.000000e+00 1.805582e+00
      vertex   -2.801414e-01 2.000000e+00 1.828666e+00
    endloop
  endfacet
  facet normal 1.514278e-01 5.277208e-04 -9.884682e-01
    outer loop
      vertex   -3.417432e-01 1.579616e-33 1.818162e+00
      vertex   -2.801414e-01 2.000000e+00 1.828666e+00
      vertex   -2.182199e-01 1.008663e-33 1.837085e+00
    endloop
  endfacet
  facet normal 1.179567e-01 -5.277208e-04 -9.930186e-01
    outer loop
      vertex   -2.182199e-01 1.008663e-33 1.837085e+00
      vertex   -2.801414e-01 2.000000e+00 1.828666e+00
      vertex   -1.560495e-01 2.000000e+00 1.843407e+00
    endloop
  endfacet
  facet normal 8.435105e-02 5.277208e-04 -9.964360e-01
    outer loop
      vertex   -2.182199e-01 1.008663e-33 1.837085e+00
      vertex   -1.560495e-01 2.000000e+00 1.843407e+00
      vertex   -9.370096e-02 4.331076e-34 1.847626e+00
    endloop
  endfacet
  facet normal 5.064916e-02 -5.277208e-04 -9.987164e-01
    outer loop
      vertex   -9.370096e-02 4.331076e-34 1.847626e+00
      vertex   -1.560495e-01 2.000000e+00 1.843407e+00
      vertex   -3.124554e-02 2.000000e+00 1.849736e+00
    endloop
  endfacet
  facet normal 1.688948e-02 5.277208e-04 -9.998572e-01
    outer loop
      vertex   -9.370096e-02 4.331076e-34 1.847626e+00
      vertex   -3.124554e-02 2.000000e+00 1.849736e+00
      vertex   3.124554e-02 -1.444241e-34 1.849736e+00
    endloop
  endfacet
  facet normal -1.688948e-02 -5.277208e-04 -9.998572e-01
    outer loop
      vertex   3.124554e-02 -1.444241e-34 1.849736e+00
      vertex   -3.124554e-02 2.000000e+00 1.849736e+00
      vertex   9.370096e-02 2.000000e+00 1.847626e+00
    endloop
  endfacet
  facet normal -5.064916e-02 5.277208e-04 -9.987164e-01
    outer loop
      vertex   3.124554e-02 -1.444241e-34 1.849736e+00
      vertex   9.370096e-02 2.000000e+00 1.847626e+00
      vertex   1.560495e-01 -7.212968e-34 1.843407e+00
    endloop
  endfacet
  facet normal -8.435105e-02 -5.277208e-04 -9.964360e-01
    outer loop
      vertex   1.560495e-01 -7.212968e-34 1.843407e+00
      vertex   9.370096e-02 2.000000e+00 1.847626e+00
      vertex   2.182199e-01 2.000000e+00 1.837085e+00
    endloop
  endfacet
  facet normal -1.179567e-01 5.277208e-04 -9.930186e-01
    outer loop
      vertex   1.560495e-01 -7.212968e-34 1.843407e+00
      vertex   2.182199e-01 2.000000e+00 1.837085e+00
      vertex   2.801414e-01 -1.294878e-33 1.828666e+00
    endloop
  endfacet
  facet normal -1.514278e-01 -5.277208e-04 -9.884682e-01
    outer loop
      vertex   2.801414e-01 -1.294878e-33 1.828666e+00
      vertex   2.182199e-01 2.000000e+00 1.837085e+00
      vertex   3.417432e-01 2.000000e+00 1.818162e+00
    endloop
  endfacet
  facet normal -1.847260e-01 5.277208e-04 -9.827899e-01
    outer loop
      vertex   2.801414e-01 -1.294878e-33 1.828666e+00
      vertex   3.417432e-01 2.000000e+00 1.818162e+00
      vertex   4.029551e-01 -1.862552e-33 1.805582e+00
    endloop
  endfacet
  facet normal -2.178135e-01 -5.277208e-04 -9.759903e-01
    outer loop
      vertex   4.029551e-01 -1.862552e-33 1.805582e+00
      vertex   3.417432e-01 2.000000e+00 1.818162e+00
      vertex   4.637072e-01 2.000000e+00 1.790943e+00
    endloop
  endfacet
  facet normal -2.506525e-01 5.277208e-04 -9.680770e-01
    outer loop
      vertex   4.029551e-01 -1.862552e-33 1.805582e+00
      vertex   4.637072e-01 2.000000e+00 1.790943e+00
      vertex   5.239302e-01 -2.421727e-33 1.774260e+00
    endloop
  endfacet
  facet normal -2.832055e-01 -5.277208e-04 -9.590591e-01
    outer loop
      vertex   5.239302e-01 -2.421727e-33 1.774260e+00
      vertex   4.637072e-01 2.000000e+00 1.790943e+00
      vertex   5.835554e-01 2.000000e+00 1.755552e+00
    endloop
  endfacet
  facet normal -3.154353e-01 5.277208e-04 -9.489469e-01
    outer loop
      vertex   5.239302e-01 -2.421727e-33 1.774260e+00
      vertex   5.835554e-01 2.000000e+00 1.755552e+00
      vertex   6.425147e-01 -2.969852e-33 1.734841e+00
    endloop
  endfacet
  facet normal -3.473052e-01 -5.277208e-04 -9.377520e-01
    outer loop
      vertex   6.425147e-01 -2.969852e-33 1.734841e+00
      vertex   5.835554e-01 2.000000e+00 1.755552e+00
      vertex   7.007409e-01 2.000000e+00 1.712151e+00
    endloop
  endfacet
  facet normal -3.787788e-01 5.277208e-04 -9.254871e-01
    outer loop
      vertex   6.425147e-01 -2.969852e-33 1.734841e+00
      vertex   7.007409e-01 2.000000e+00 1.712151e+00
      vertex   7.581676e-01 -3.504426e-33 1.687508e+00
    endloop
  endfacet
  facet normal -4.098203e-01 -5.277208e-04 -9.121661e-01
    outer loop
      vertex   7.581676e-01 -3.504426e-33 1.687508e+00
      vertex   7.007409e-01 2.000000e+00 1.712151e+00
      vertex   8.147292e-01 2.000000e+00 1.660938e+00
    endloop
  endfacet
  facet normal -4.403941e-01 5.277208e-04 -8.978044e-01
    outer loop
      vertex   7.581676e-01 -3.504426e-33 1.687508e+00
      vertex   8.147292e-01 2.000000e+00 1.660938e+00
      vertex   8.703611e-01 -4.023011e-33 1.632474e+00
    endloop
  endfacet
  facet normal -4.704654e-01 -5.277208e-04 -8.824183e-01
    outer loop
      vertex   8.703611e-01 -4.023011e-33 1.632474e+00
      vertex   8.147292e-01 2.000000e+00 1.660938e+00
      vertex   9.250000e-01 2.000000e+00 1.602147e+00
    endloop
  endfacet
  facet normal -4.999999e-01 5.277208e-04 -8.660253e-01
    outer loop
      vertex   8.703611e-01 -4.023011e-33 1.632474e+00
      vertex   9.250000e-01 2.000000e+00 1.602147e+00
      vertex   9.785834e-01 -4.523239e-33 1.569992e+00
    endloop
  endfacet
  facet normal -5.289639e-01 -5.277208e-04 -8.486441e-01
    outer loop
      vertex   9.785834e-01 -4.523239e-33 1.569992e+00
      vertex   9.250000e-01 2.000000e+00 1.602147e+00
      vertex   1.031050e+00 2.000000e+00 1.536045e+00
    endloop
  endfacet
  facet normal -5.573244e-01 5.277208e-04 -8.302947e-01
    outer loop
      vertex   9.785834e-01 -4.523239e-33 1.569992e+00
      vertex   1.031050e+00 2.000000e+00 1.536045e+00
      vertex   1.082341e+00 -5.002829e-33 1.500346e+00
    endloop
  endfacet
  facet normal -5.850489e-01 -5.277208e-04 -8.109978e-01
    outer loop
      vertex   1.082341e+00 -5.002829e-33 1.500346e+00
      vertex   1.031050e+00 2.000000e+00 1.536045e+00
      vertex   1.132396e+00 2.000000e+00 1.462935e+00
    endloop
  endfacet
  facet normal -6.121059e-01 5.277208e-04 -7.907756e-01
    outer loop
      vertex   1.082341e+00 -5.002829e-33 1.500346e+00
      vertex   1.132396e+00 2.000000e+00 1.462935e+00
      vertex   1.181159e+00 -5.459593e-33 1.423855e+00
    endloop
  endfacet
  facet normal -6.384645e-01 -5.277208e-04 -7.696511e-01
    outer loop
      vertex   1.181159e+00 -5.459593e-33 1.423855e+00
      vertex   1.132396e+00 2.000000e+00 1.462935e+00
      vertex   1.228575e+00 2.000000e+00 1.383150e+00
    endloop
  endfacet
  facet normal -6.640945e-01 5.277208e-04 -7.476484e-01
    outer loop
      vertex   1.181159e+00 -5.459593e-33 1.423855e+00
      vertex   1.228575e+00 2.000000e+00 1.383150e+00
      vertex   1.274589e+00 -5.891445e-33 1.340867e+00
    endloop
  endfacet
  facet normal -6.889668e-01 -5.277208e-04 -7.247927e-01
    outer loop
      vertex   1.274589e+00 -5.891445e-33 1.340867e+00
      vertex   1.228575e+00 2.000000e+00 1.383150e+00
      vertex   1.319148e+00 2.000000e+00 1.297054e+00
    endloop
  endfacet
  facet normal -7.130530e-01 5.277208e-04 -7.011099e-01
    outer loop
      vertex   1.274589e+00 -5.891445e-33 1.340867e+00
      vertex   1.319148e+00 2.000000e+00 1.297054e+00
      vertex   1.362203e+00 -6.296416e-33 1.251760e+00
    endloop
  endfacet
  facet normal -7.363256e-01 -5.277208e-04 -6.766272e-01
    outer loop
      vertex   1.362203e+00 -6.296416e-33 1.251760e+00
      vertex   1.319148e+00 2.000000e+00 1.297054e+00
      vertex   1.403703e+00 2.000000e+00 1.205039e+00
    endloop
  endfacet
  facet normal -7.587580e-01 5.277208e-04 -6.513724e-01
    outer loop
      vertex   1.362203e+00 -6.296416e-33 1.251760e+00
      vertex   1.403703e+00 2.000000e+00 1.205039e+00
      vertex   1.443601e+00 -6.672658e-33 1.156943e+00
    endloop
  endfacet
  facet normal -7.803247e-01 -5.277208e-04 -6.253744e-01
    outer loop
      vertex   1.443601e+00 -6.672658e-33 1.156943e+00
      vertex   1.403703e+00 2.000000e+00 1.205039e+00
      vertex   1.481852e+00 2.000000e+00 1.107526e+00
    endloop
  endfacet
  facet normal -8.010010e-01 5.277208e-04 -5.986628e-01
    outer loop
      vertex   1.443601e+00 -6.672658e-33 1.156943e+00
      vertex   1.481852e+00 2.000000e+00 1.107526e+00
      vertex   1.518412e+00 -7.018454e-33 1.056846e+00
    endloop
  endfacet
  facet normal -8.207633e-01 -5.277208e-04 -5.712681e-01
    outer loop
      vertex   1.518412e+00 -7.018454e-33 1.056846e+00
      vertex   1.481852e+00 2.000000e+00 1.107526e+00
      vertex   1.553240e+00 2.000000e+00 1.004960e+00
    endloop
  endfacet
  facet normal -8.395892e-01 5.277208e-04 -5.432216e-01
    outer loop
      vertex   1.518412e+00 -7.018454e-33 1.056846e+00
      vertex   1.553240e+00 2.000000e+00 1.004960e+00
      vertex   1.586296e+00 -7.332227e-33 9.519275e-01
    endloop
  endfacet
  facet normal -8.574570e-01 -5.277208e-04 -5.145553e-01
    outer loop
      vertex   1.586296e+00 -7.332227e-33 9.519275e-01
      vertex   1.553240e+00 2.000000e+00 1.004960e+00
      vertex   1.617541e+00 2.000000e+00 8.978086e-01
    endloop
  endfacet
  facet normal -8.743465e-01 5.277208e-04 -4.853019e-01
    outer loop
      vertex   1.586296e+00 -7.332227e-33 9.519275e-01
      vertex   1.617541e+00 2.000000e+00 8.978086e-01
      vertex   1.646941e+00 -7.612544e-33 8.426654e-01
    endloop
  endfacet
  facet normal -8.902383e-01 -5.277208e-04 -4.554947e-01
    outer loop
      vertex   1.646941e+00 -7.612544e-33 8.426654e-01
      vertex   1.617541e+00 2.000000e+00 8.978086e-01
      vertex   1.674462e+00 2.000000e+00 7.865606e-01
    endloop
  endfacet
  facet normal -9.051144e-01 5.277208e-04 -4.251678e-01
    outer loop
      vertex   1.646941e+00 -7.612544e-33 8.426654e-01
      vertex   1.674462e+00 2.000000e+00 7.865606e-01
      vertex   1.700072e+00 -7.858127e-33 7.295583e-01
    endloop
  endfacet
  facet normal -9.189577e-01 -5.277208e-04 -3.943558e-01
    outer loop
      vertex   1.700072e+00 -7.858127e-33 7.295583e-01
      vertex   1.674462e+00 2.000000e+00 7.865606e-01
      vertex   1.723742e+00 2.000000e+00 6.717236e-01
    endloop
  endfacet
  facet normal -9.317524e-01 5.277208e-04 -3.630938e-01
    outer loop
      vertex   1.700072e+00 -7.858127e-33 7.295583e-01
      vertex   1.723742e+00 2.000000e+00 6.717236e-01
      vertex   1.745446e+00 -8.067855e-33 6.131225e-01
    endloop
  endfacet
  facet normal -9.434840e-01 -5.277208e-04 -3.314175e-01
    outer loop
      vertex   1.745446e+00 -8.067855e-33 6.131225e-01
      vertex   1.723742e+00 2.000000e+00 6.717236e-01
      vertex   1.765158e+00 2.000000e+00 5.538218e-01
    endloop
  endfacet
  facet normal -9.541391e-01 5.277208e-04 -2.993631e-01
    outer loop
      vertex   1.745446e+00 -8.067855e-33 6.131225e-01
      vertex   1.765158e+00 2.000000e+00 5.538218e-01
      vertex   1.782855e+00 -8.240771e-33 4.938891e-01
    endloop
  endfacet
  facet normal -9.637055e-01 -5.277208e-04 -2.669671e-01
    outer loop
      vertex   1.782855e+00 -8.240771e-33 4.938891e-01
      vertex   1.765158e+00 2.000000e+00 5.538218e-01
      vertex   1.798519e+00 2.000000e+00 4.333930e-01
    endloop
  endfacet
  facet normal -9.721723e-01 5.277208e-04 -2.342664e-01
    outer loop
      vertex   1.782855e+00 -8.240771e-33 4.938891e-01
      vertex   1.798519e+00 2.000000e+00 4.333930e-01
      vertex   1.812130e+00 -8.376087e-33 3.724023e-01
    endloop
  endfacet
  facet normal -9.795298e-01 -5.277208e-04 -2.012985e-01
    outer loop
      vertex   1.812130e+00 -8.376087e-33 3.724023e-01
      vertex   1.798519e+00 2.000000e+00 4.333930e-01
      vertex   1.823674e+00 2.000000e+00 3.109867e-01
    endloop
  endfacet
  facet normal -9.857697e-01 5.277208e-04 -1.681009e-01
    outer loop
      vertex   1.812130e+00 -8.376087e-33 3.724023e-01
      vertex   1.823674e+00 2.000000e+00 3.109867e-01
      vertex   1.833137e+00 -8.473184e-33 2.492162e-01
    endloop
  endfacet
  facet normal -9.908847e-01 -5.277208e-04 -1.347114e-01
    outer loop
      vertex   1.833137e+00 -8.473184e-33 2.492162e-01
      vertex   1.823674e+00 2.000000e+00 3.109867e-01
      vertex   1.840508e+00 2.000000e+00 1.871614e-01
    endloop
  endfacet
  facet normal -9.948692e-01 5.277208e-04 -1.011683e-01
    outer loop
      vertex   1.833137e+00 -8.473184e-33 2.492162e-01
      vertex   1.840508e+00 2.000000e+00 1.871614e-01
      vertex   1.845779e+00 -8.531621e-33 1.248930e-01
    endloop
  endfacet
  facet normal -9.977185e-01 -5.277208e-04 -6.750974e-02
    outer loop
      vertex   1.845779e+00 -8.531621e-33 1.248930e-01
      vertex   1.840508e+00 2.000000e+00 1.871614e-01
      vertex   1.848945e+00 2.000000e+00 6.248216e-02
    endloop
  endfacet
  facet normal -9.994294e-01 -5.277208e-04 3.377414e-02
    outer loop
      vertex   1.845779e+00 6.000000e+00 -1.248930e-01
      vertex   1.848945e+00 4.000000e+00 -6.248216e-02
      vertex   1.850000e+00 6.000000e+00 0.000000e+00
    endloop
  endfacet
  facet normal -9.999999e-01 5.277208e-04 0.000000e+00
    outer loop
      vertex   1.850000e+00 6.000000e+00 0.000000e+00
      vertex   1.848945e+00 4.000000e+00 -6.248216e-02
      vertex   1.848945e+00 4.000000e+00 6.248216e-02
    endloop
  endfacet
  facet normal -9.994294e-01 -5.277208e-04 -3.377414e-02
    outer loop
      vertex   1.850000e+00 6.000000e+00 0.000000e+00
      vertex   1.848945e+00 4.000000e+00 6.248216e-02
      vertex   1.845779e+00 6.000000e+00 1.248930e-01
    endloop
  endfacet
  facet normal -9.977185e-01 5.277208e-04 -6.750974e-02
    outer loop
      vertex   1.845779e+00 6.000000e+00 1.248930e-01
      vertex   1.848945e+00 4.000000e+00 6.248216e-02
      vertex   1.840508e+00 4.000000e+00 1.871614e-01
    endloop
  endfacet
  facet normal -9.948692e-01 -5.277208e-04 -1.011683e-01
    outer loop
      vertex   1.845779e+00 6.000000e+00 1.248930e-01
      vertex   1.840508e+00 4.000000e+00 1.871614e-01
      vertex   1.833137e+00 6.000000e+00 2.492162e-01
    endloop
  endfacet
  facet normal -9.908847e-01 5.277208e-04 -1.347114e-01
    outer loop
      vertex   1.833137e+00 6.000000e+00 2.492162e-01
      vertex   1.840508e+00 4.000000e+00 1.871614e-01
      vertex   1.823674e+00 4.000000e+00 3.109867e-01
    endloop
  endfacet
  facet normal -9.857697e-01 -5.277208e-04 -1.681009e-01
    outer loop
      vertex   1.833137e+00 6.000000e+00 2.492162e-01
      vertex   1.823674e+00 4.000000e+00 3.109867e-01
      vertex   1.812130e+00 6.000000e+00 3.724023e-01
    endloop
  endfacet
  facet normal -9.795298e-01 5.277208e-04 -2.012985e-01
    outer loop
      vertex   1.812130e+00 6.000000e+00 3.724023e-01
      vertex   1.823674e+00 4.000000e+00 3.109867e-01
      vertex   1.798519e+00 4.000000e+00 4.333930e-01
    endloop
  endfacet
  facet normal -9.721723e-01 -5.277208e-04 -2.342664e-01
    outer loop
      vertex   1.812130e+00 6.000000e+00 3.724023e-01
      vertex   1.798519e+00 4.000000e+00 4.333930e-01
      vertex   1.782855e+00 6.000000e+00 4.938891e-01
    endloop
  endfacet
  facet normal -9.637055e-01 5.277208e-04 -2.669671e-01
    outer loop
      vertex   1.782855e+00 6.000000e+00 4.938891e-01
      vertex   1.798519e+00 4.000000e+00 4.333930e-01
      vertex   1.765158e+00 4.000000e+00 5.538218e-01
    endloop
  endfacet
  facet normal -9.541391e-01 -5.277208e-04 -2.993631e-01
    outer loop
      vertex   1.782855e+00 6.000000e+00 4.938891e-01
      vertex   1.765158e+00 4.000000e+00 5.538218e-01
      vertex   1.745446e+00 6.000000e+00 6.131225e-01
    endloop
  endfacet
  facet normal -9.434840e-01 5.277208e-04 -3.314175e-01
    outer loop
      vertex   1.745446e+00 6.000000e+00 6.131225e-01
      vertex   1.765158e+00 4.000000e+00 5.538218e-01
      vertex   1.723742e+00 4.000000e+00 6.717236e-01
    endloop
  endfacet
  facet normal -9.317524e-01 -5.277208e-04 -3.630938e-01
    outer loop
      vertex   1.745446e+00 6.000000e+00 6.131225e-01
      vertex   1.723742e+00 4.000000e+00 6.717236e-01
      vertex   1.700072e+00 6.000000e+00 7.295583e-01
    endloop
  endfacet
  facet normal -9.189577e-01 5.277208e-04 -3.943558e-01
    outer loop
      vertex   1.700072e+00 6.000000e+00 7.295583e-01
      vertex   1.723742e+00 4.000000e+00 6.717236e-01
      vertex   1.674462e+00 4.000000e+00 7.865606e-01
    endloop
  endfacet
  facet normal -9.051144e-01 -5.277208e-04 -4.251678e-01
    outer loop
      vertex   1.700072e+00 6.000000e+00 7.295583e-01
      vertex   1.674462e+00 4.000000e+00 7.865606e-01
      vertex   1.646941e+00 6.000000e+00 8.426654e-01
    endloop
  endfacet
  facet normal -8.902383e-01 5.277208e-04 -4.554947e-01
    outer loop
      vertex   1.646941e+00 6.000000e+00 8.426654e-01
      vertex   1.674462e+00 4.000000e+00 7.865606e-01
      vertex   1.617541e+00 4.000000e+00 8.978086e-01
    endloop
  endfacet
  facet normal -8.743465e-01 -5.277208e-04 -4.853019e-01
    outer loop
      vertex   1.646941e+00 6.000000e+00 8.426654e-01
      vertex   1.617541e+00 4.000000e+00 8.978086e-01
      vertex   1.586296e+00 6.000000e+00 9.519275e-01
    endloop
  endfacet
  facet normal -8.574570e-01 5.277208e-04 -5.145553e-01
    outer loop
      vertex   1.586296e+00 6.000000e+00 9.519275e-01
      vertex   1.617541e+00 4.000000e+00 8.978086e-01
      vertex   1.553240e+00 4.000000e+00 1.004960e+00
    endloop
  endfacet
  facet normal -8.395892e-01 -5.277208e-04 -5.432216e-01
    outer loop
      vertex   1.586296e+00 6.000000e+00 9.519275e-01
      vertex   1.553240e+00 4.000000e+00 1.004960e+00
      vertex   1.518412e+00 6.000000e+00 1.056846e+00
    endloop
  endfacet
  facet normal -8.207633e-01 5.277208e-04 -5.712681e-01
    outer loop
      vertex   1.518412e+00 6.000000e+00 1.056846e+00
      vertex   1.553240e+00 4.000000e+00 1.004960e+00
      vertex   1.481852e+00 4.000000e+00 1.107526e+00
    endloop
  endfacet
  facet normal -8.010010e-01 -5.277208e-04 -5.986628e-01
    outer loop
      vertex   1.518412e+00 6.000000e+00 1.056846e+00
      vertex   1.481852e+00 4.000000e+00 1.107526e+00
      vertex   1.443601e+00 6.000000e+00 1.156943e+00
    endloop
  endfacet
  facet normal -7.803247e-01 5.277208e-04 -6.253744e-01
    outer loop
      vertex   1.443601e+00 6.000000e+00 1.156943e+00
      vertex   1.481852e+00 4.000000e+00 1.107526e+00
      vertex   1.403703e+00 4.000000e+00 1.205039e+00
    endloop
  endfacet
  facet normal -7.587580e-01 -5.277208e-04 -6.513724e-01
    outer loop
      vertex   1.443601e+00 6.000000e+00 1.156943e+00
      vertex   1.403703e+00 4.000000e+00 1.205039e+00
      vertex   1.362203e+00 6.000000e+00 1.251760e+00
    endloop
  endfacet
  facet normal -7.363256e-01 5.277208e-04 -6.766272e-01
    outer loop
      vertex   1.362203e+00 6.000000e+00 1.251760e+00
      vertex   1.403703e+00 4.000000e+00 1.205039e+00
      vertex   1.319148e+00 4.000000e+00 1.297054e+00
    endloop
  endfacet
  facet normal -7.130530e-01 -5.277208e-04 -7.011099e-01
    outer loop
      vertex   1.362203e+00 6.000000e+00 1.251760e+00
      vertex   1.319148e+00 4.000000e+00 1.297054e+00
      vertex   1.274589e+00 6.000000e+00 1.340867e+00
    endloop
  endfacet
  facet normal -6.889668e-01 5.277208e-04 -7.247927e-01
    outer loop
      vertex   1.274589e+00 6.000000e+00 1.340867e+00
      vertex   1.319148e+00 4.000000e+00 1.297054e+00
      vertex   1.228575e+00 4.000000e+00 1.383150e+00
    endloop
  endfacet
  facet normal -6.640945e-01 -5.277208e-04 -7.476484e-01
    outer loop
      vertex   1.274589e+00 6.000000e+00 1.340867e+00
      vertex   1.228575e+00 4.000000e+00 1.383150e+00
      vertex   1.181159e+00 6.000000e+00 1.423855e+00
    endloop
  endfacet
  facet normal -6.384645e-01 5.277208e-04 -7.696511e-01
    outer loop
      vertex   1.181159e+00 6.000000e+00 1.423855e+00
      vertex   1.228575e+00 4.000000e+00 1.383150e+00
      vertex   1.132396e+00 4.000000e+00 1.462935e+00
    endloop
  endfacet
  facet normal -6.121059e-01 -5.277208e-04 -7.907756e-01
    outer loop
      vertex   1.181159e+00 6.000000e+00 1.423855e+00
      vertex   1.132396e+00 4.000000e+00 1.462935e+00
      vertex   1.082341e+00 6.000000e+00 1.500346e+00
    endloop
  endfacet
  facet normal -5.850489e-01 5.277208e-04 -8.109978e-01
    outer loop
      vertex   1.082341e+00 6.000000e+00 1.500346e+00
      vertex   1.132396e+00 4.000000e+00 1.462935e+00
      vertex   1.031050e+00 4.000000e+00 1.536045e+00
    endloop
  endfacet
  facet normal -5.573244e-01 -5.277208e-04 -8.302947e-01
    outer loop
      vertex   1.082341e+00 6.000000e+00 1.500346e+00
      vertex   1.031050e+00 4.000000e+00 1.536045e+00
      vertex   9.785834e-01 6.000000e+00 1.569992e+00
    endloop
  endfacet
  facet normal -5.289639e-01 5.277208e-04 -8.486441e-01
    outer loop
      vertex   9.785834e-01 6.000000e+00 1.569992e+00
      vertex   1.031050e+00 4.000000e+00 1.536045e+00
      vertex   9.250000e-01 4.000000e+00 1.602147e+00
    endloop
  endfacet
  facet normal -4.999999e-01 -5.277208e-04 -8.660253e-01
    outer loop
      vertex   9.785834e-01 6.000000e+00 1.569992e+00
      vertex   9.250000e-01 4.000000e+00 1.602147e+00
      vertex   8.703611e-01 6.000000e+00 1.632474e+00
    endloop
  endfacet
  facet normal -4.704654e-01 5.277208e-04 -8.824183e-01
    outer loop
      vertex   8.703611e-01 6.000000e+00 1.632474e+00
      vertex   9.250000e-01 4.000000e+00 1.602147e+00
      vertex   8.147292e-01 4.000000e+00 1.660938e+00
    endloop
  endfacet
  facet normal -4.403941e-01 -5.277208e-04 -8.978044e-01
    outer loop
      vertex   8.703611e-01 6.000000e+00 1.632474e+00
      vertex   8.147292e-01 4.000000e+00 1.660938e+00
      vertex   7.581676e-01 6.000000e+00 1.687508e+00
    endloop
  endfacet
  facet normal -4.098203e-01 5.277208e-04 -9.121661e-01
    outer loop
      vertex   7.581676e-01 6.000000e+00 1.687508e+00
      vertex   8.147292e-01 4.000000e+00 1.660938e+00
      vertex   7.007409e-01 4.000000e+00 1.712151e+00
    endloop
  endfacet
  facet normal -3.787788e-01 -5.277208e-04 -9.254871e-01
    outer loop
      vertex   7.581676e-01 6.000000e+00 1.687508e+00
      vertex   7.007409e-01 4.000000e+00 1.712151e+00
      vertex   6.425147e-01 6.000000e+00 1.734841e+00
    endloop
  endfacet
  facet normal -3.473052e-01 5.277208e-04 -9.377520e-01
    outer loop
      vertex   6.425147e-01 6.000000e+00 1.734841e+00
      vertex   7.007409e-01 4.000000e+00 1.712151e+00
      vertex   5.835554e-01 4.000000e+00 1.755552e+00
    endloop
  endfacet
  facet normal -3.154353e-01 -5.277208e-04 -9.489469e-01
    outer loop
      vertex   6.425147e-01 6.000000e+00 1.734841e+00
      vertex   5.835554e-01 4.000000e+00 1.755552e+00
      vertex   5.239302e-01 6.000000e+00 1.774260e+00
    endloop
  endfacet
  facet normal -2.832055e-01 5.277208e-04 -9.590591e-01
    outer loop
      vertex   5.239302e-01 6.000000e+00 1.774260e+00
      vertex   5.835554e-01 4.000000e+00 1.755552e+00
      vertex   4.637072e-01 4.000000e+00 1.790943e+00
    endloop
  endfacet
  facet normal -2.506525e-01 -5.277208e-04 -9.680770e-01
    outer loop
      vertex   5.239302e-01 6.000000e+00 1.774260e+00
      vertex   4.637072e-01 4.000000e+00 1.790943e+00
      vertex   4.029551e-01 6.000000e+00 1.805582e+00
    endloop
  endfacet
  facet normal -2.178135e-01 5.277208e-04 -9.759903e-01
    outer loop
      vertex   4.029551e-01 6.000000e+00 1.805582e+00
      vertex   4.637072e-01 4.000000e+00 1.790943e+00
      vertex   3.417432e-01 4.000000e+00 1.818162e+00
    endloop
  endfacet
  facet normal -1.847260e-01 -5.277208e-04 -9.827899e-01
    outer loop
      vertex   4.029551e-01 6.000000e+00 1.805582e+00
      vertex   3.417432e-01 4.000000e+00 1.818162e+00
      vertex   2.801414e-01 6.000000e+00 1.828666e+00
    endloop
  endfacet
  facet normal -1.514278e-01 5.277208e-04 -9.884682e-01
    outer loop
      vertex   2.801414e-01 6.000000e+00 1.828666e+00
      vertex   3.417432e-01 4.000000e+00 1.818162e+00
      vertex   2.182199e-01 4.000000e+00 1.837085e+00
    endloop
  endfacet
  facet normal -1.179567e-01 -5.277208e-04 -9.930186e-01
    outer loop
      vertex   2.801414e-01 6.000000e+00 1.828666e+00
      vertex   2.182199e-01 4.000000e+00 1.837085e+00
      vertex   1.560495e-01 6.000000e+00 1.843407e+00
    endloop
  endfacet
  facet normal -8.435105e-02 5.277208e-04 -9.964360e-01
    outer loop
      vertex   1.560495e-01 6.000000e+00 1.843407e+00
      vertex   2.182199e-01 4.000000e+00 1.837085e+00
      vertex   9.370096e-02 4.000000e+00 1.847626e+00
    endloop
  endfacet
  facet normal -5.064916e-02 -5.277208e-04 -9.987164e-01
    outer loop
      vertex   1.560495e-01 6.000000e+00 1.843407e+00
      vertex   9.370096e-02 4.000000e+00 1.847626e+00
      vertex   3.124554e-02 6.000000e+00 1.849736e+00
    endloop
  endfacet
  facet normal -1.688948e-02 5.277208e-04 -9.998572e-01
    outer loop
      vertex   3.124554e-02 6.000000e+00 1.849736e+00
      vertex   9.370096e-02 4.000000e+00 1.847626e+00
      vertex   -3.124554e-02 4.000000e+00 1.849736e+00
    endloop
  endfacet
  facet normal 1.688948e-02 -5.277208e-04 -9.998572e-01
    outer loop
      vertex   3.124554e-02 6.000000e+00 1.849736e+00
      vertex   -3.124554e-02 4.000000e+00 1.849736e+00
      vertex   -9.370096e-02 6.000000e+00 1.847626e+00
    endloop
  endfacet
  facet normal 5.064916e-02 5.277208e-04 -9.987164e-01
    outer loop
      vertex   -9.370096e-02 6.000000e+00 1.847626e+00
      vertex   -3.124554e-02 4.000000e+00 1.849736e+00
      vertex   -1.560495e-01 4.000000e+00 1.843407e+00
    endloop
  endfacet
  facet normal 8.435105e-02 -5.277208e-04 -9.964360e-01
    outer loop
      vertex   -9.370096e-02 6.000000e+00 1.847626e+00
      vertex   -1.560495e-01 4.000000e+00 1.843407e+00
      vertex   -2.182199e-01 6.000000e+00 1.837085e+00
    endloop
  endfacet
  facet normal 1.179567e-01 5.277208e-04 -9.930186e-01
    outer loop
      vertex   -2.182199e-01 6.000000e+00 1.837085e+00
      vertex   -1.560495e-01 4.000000e+00 1.843407e+00
      vertex   -2.801414e-01 4.000000e+00 1.828666e+00
    endloop
  endfacet
  facet normal 1.514278e-01 -5.277208e-04 -9.884682e-01
    outer loop
      vertex   -2.182199e-01 6.000000e+00 1.837085e+00
      vertex   -2.801414e-01 4.000000e+00 1.828666e+00
      vertex   -3.417432e-01 6.000000e+00 1.818162e+00
    endloop
  endfacet
  facet normal 1.847260e-01 5.277208e-04 -9.827899e-01
    outer loop
      vertex   -3.417432e-01 6.000000e+00 1.818162e+00
      vertex   -2.801414e-01 4.000000e+00 1.828666e+00
      vertex   -4.029551e-01 4.000000e+00 1.805582e+00
    endloop
  endfacet
  facet normal 2.178135e-01 -5.277208e-04 -9.759903e-01
    outer loop
      vertex   -3.417432e-01 6.000000e+00 1.818162e+00
      vertex   -4.029551e-01 4.000000e+00 1.805582e+00
      vertex   -4.637072e-01 6.000000e+00 1.790943e+00
    endloop
  endfacet
  facet normal 2.506525e-01 5.277208e-04 -9.680770e-01
    outer loop
      vertex   -4.637072e-01 6.000000e+00 1.790943e+00
      vertex   -4.029551e-01 4.000000e+00 1.805582e+00
      vertex   -5.239302e-01 4.000000e+00 1.774260e+00
    endloop
  endfacet
  facet normal 2.832055e-01 -5.277208e-04 -9.590591e-01
    outer loop
      vertex   -4.637072e-01 6.000000e+00 1.790943e+00
      vertex   -5.239302e-01 4.000000e+00 1.774260e+00
      vertex   -5.835554e-01 6.000000e+00 1.755552e+00
    endloop
  endfacet
  facet normal 3.154353e-01 5.277208e-04 -9.489469e-01
    outer loop
      vertex   -5.835554e-01 6.000000e+00 1.755552e+00
      vertex   -5.239302e-01 4.000000e+00 1.774260e+00
      vertex   -6.425147e-01 4.000000e+00 1.734841e+00
    endloop
  endfacet
  facet normal 3.473052e-01 -5.277208e-04 -9.377520e-01
    outer loop
      vertex   -5.835554e-01 6.000000e+00 1.755552e+00
      vertex   -6.425147e-01 4.000000e+00 1.734841e+00
      vertex   -7.007409e-01 6.000000e+00 1.712151e+00
    endloop
  endfacet
  facet normal 3.787788e-01 5.277208e-04 -9.254871e-01
    outer loop
      vertex   -7.007409e-01 6.000000e+00 1.712151e+00
      vertex   -6.425147e-01 4.000000e+00 1.734841e+00
      vertex   -7.581676e-01 4.000000e+00 1.687508e+00
    endloop
  endfacet
  facet normal 4.098203e-01 -5.277208e-04 -9.121661e-01
    outer loop
      vertex   -7.007409e-01 6.000000e+00 1.712151e+00
      vertex   -7.581676e-01 4.000000e+00 1.687508e+00
      vertex   -8.147292e-01 6.000000e+00 1.660938e+00
    endloop
  endfacet
  facet normal 4.403941e-01 5.277208e-04 -8.978044e-01
    outer loop
      vertex   -8.147292e-01 6.000000e+00 1.660938e+00
      vertex   -7.581676e-01 4.000000e+00 1.687508e+00
      vertex   -8.703611e-01 4.000000e+00 1.632474e+00
    endloop
  endfacet
  facet normal 4.704654e-01 -5.277208e-04 -8.824183e-01
    outer loop
      vertex   -8.147292e-01 6.000000e+00 1.660938e+00
      vertex   -8.703611e-01 4.000000e+00 1.632474e+00
      vertex   -9.250000e-01 6.000000e+00 1.602147e+00
    endloop
  endfacet
  facet normal 4.999999e-01 5.277208e-04 -8.660253e-01
    outer loop
      vertex   -9.250000e-01 6.000000e+00 1.602147e+00
      vertex   -8.703611e-01 4.000000e+00 1.632474e+00
      vertex   -9.785834e-01 4.000000e+00 1.569992e+00
    endloop
  endfacet
  facet normal 5.289639e-01 -5.277208e-04 -8.486441e-01
    outer loop
      vertex   -9.250000e-01 6.000000e+00 1.602147e+00
      vertex   -9.785834e-01 4.000000e+00 1.569992e+00
      vertex   -1.031050e+00 6.000000e+00 1.536045e+00
    endloop
  endfacet
  facet normal 5.573244e-01 5.277208e-04 -8.302947e-01
    outer loop
      vertex   -1.031050e+00 6.000000e+00 1.536045e+00
      vertex   -9.785834e-01 4.000000e+00 1.569992e+00
      vertex   -1.082341e+00 4.000000e+00 1.500346e+00
    endloop
  endfacet
  facet normal 5.850489e-01 -5.277208e-04 -8.109978e-01
    outer loop
      vertex   -1.031050e+00 6.000000e+00 1.536045e+00
      vertex   -1.082341e+00 4.000000e+00 1.500346e+00
      vertex   -1.132396e+00 6.000000e+00 1.462935e+00
    endloop
  endfacet
  facet normal 6.121059e-01 5.277208e-04 -7.907756e-01
    outer loop
      vertex   -1.132396e+00 6.000000e+00 1.462935e+00
      vertex   -1.082341e+00 4.000000e+00 1.500346e+00
      vertex   -1.181159e+00 4.000000e+00 1.423855e+00
    endloop
  endfacet
  facet normal 6.384645e-01 -5.277208e-04 -7.696511e-01
    outer loop
      vertex   -1.132396e+00 6.000000e+00 1.462935e+00
      vertex   -1.181159e+00 4.000000e+00 1.423855e+00
      vertex   -1.228575e+00 6.000000e+00 1.383150e+00
    endloop
  endfacet
  facet normal 6.640945e-01 5.277208e-04 -7.476484e-01
    outer loop
      vertex   -1.228575e+00 6.000000e+00 1.383150e+00
      vertex   -1.181159e+00 4.000000e+00 1.423855e+00
      vertex   -1.274589e+00 4.000000e+00 1.340867e+00
    endloop
  endfacet
  facet normal 6.889668e-01 -5.277208e-04 -7.247927e-01
    outer loop
      vertex   -1.228575e+00 6.000000e+00 1.383150e+00
      vertex   -1.274589e+00 4.000000e+00 1.340867e+00
      vertex   -1.319148e+00 6.000000e+00 1.297054e+00
    endloop
  endfacet
  facet normal 7.130530e-01 5.277208e-04 -7.011099e-01
    outer loop
      vertex   -1.319148e+00 6.000000e+00 1.297054e+00
      vertex   -1.274589e+00 4.000000e+00 1.340867e+00
      vertex   -1.362203e+00 4.000000e+00 1.251760e+00
    endloop
  endfacet
  facet normal 7.363256e-01 -5.277208e-04 -6.766272e-01
    outer loop
      vertex   -1.319148e+00 6.000000e+00 1.297054e+00
      vertex   -1.362203e+00 4.000000e+00 1.251760e+00
      vertex   -1.403703e+00 6.000000e+00 1.205039e+00
    endloop
  endfacet
  facet normal 7.587580e-01 5.277208e-04 -6.513724e-01
    outer loop
      vertex   -1.403703e+00 6.000000e+00 1.205039e+00
      vertex   -1.362203e+00 4.000000e+00 1.251760e+00
      vertex   -1.443601e+00 4.000000e+00 1.156943e+00
    endloop
  endfacet
  facet normal 7.803247e-01 -5.277208e-04 -6.253744e-01
    outer loop
      vertex   -1.403703e+00 6.000000e+00 1.205039e+00
      vertex   -1.443601e+00 4.000000e+00 1.156943e+00
      vertex   -1.481852e+00 6.000000e+00 1.107526e+00
    endloop
  endfacet
  facet normal 8.010010e-01 5.277208e-04 -5.986628e-01
    outer loop
      vertex   -1.481852e+00 6.000000e+00 1.107526e+00
      vertex   -1.443601e+00 4.000000e+00 1.156943e+00
      vertex   -1.518412e+00 4.000000e+00 1.056846e+00
    endloop
  endfacet
  facet normal 8.207633e-01 -5.277208e-04 -5.712681e-01
    outer loop
      vertex   -1.481852e+00 6.000000e+00 1.107526e+00
      vertex   -1.518412e+00 4.000000e+00 1.056846e+00
      vertex   -1.553240e+00 6.000000e+00 1.004960e+00
    endloop
  endfacet
  facet normal 8.395892e-01 5.277208e-04 -5.432216e-01
    outer loop
      vertex   -1.553240e+00 6.000000e+00 1.004960e+00
      vertex   -1.518412e+00 4.000000e+00 1.056846e+00
      vertex   -1.586296e+00 4.000000e+00 9.519275e-01
    endloop
  endfacet
  facet normal 8.574570e-01 -5.277208e-04 -5.145553e-01
    outer loop
      vertex   -1.553240e+00 6.000000e+00 1.004960e+00
      vertex   -1.586296e+00 4.000000e+00 9.519275e-01
      vertex   -1.617541e+00 6.000000e+00 8.978086e-01
    endloop
  endfacet
  facet normal 8.743465e-01 5.277208e-04 -4.853019e-01
    outer loop
      vertex   -1.617541e+00 6.000000e+00 8.978086e-01
      vertex   -1.586296e+00 4.000000e+00 9.519275e-01
      vertex   -1.646941e+00 4.000000e+00 8.426654e-01
    endloop
  endfacet
  facet normal 8.902383e-01 -5.277208e-04 -4.554947e-01
    outer loop
      vertex   -1.617541e+00 6.000000e+00 8.978086e-01
      vertex   -1.646941e+00 4.000000e+00 8.426654e-01
      vertex   -1.674462e+00 6.000000e+00 7.865606e-01
    endloop
  endfacet
  facet normal 9.051144e-01 5.277208e-04 -4.251678e-01
    outer loop
      vertex   -1.674462e+00 6.000000e+00 7.865606e-01
      vertex   -1.646941e+00 4.000000e+00 8.426654e-01
      vertex   -1.700072e+00 4.000000e+00 7.295583e-01
    endloop
  endfacet
  facet normal 9.189577e-01 -5.277208e-04 -3.943558e-01
    outer loop
      vertex   -1.674462e+00 6.000000e+00 7.865606e-01
      vertex   -1.700072e+00 4.000000e+00 7.295583e-01
      vertex   -1.723742e+00 6.000000e+00 6.717236e-01
    endloop
  endfacet
  facet normal 9.317524e-01 5.277208e-04 -3.630938e-01
    outer loop
      vertex   -1.723742e+00 6.000000e+00 6.717236e-01
      vertex   -1.700072e+00 4.000000e+00 7.295583e-01
      vertex   -1.745446e+00 4.000000e+00 6.131225e-01
    endloop
  endfacet
  facet normal 9.434840e-01 -5.277208e-04 -3.314175e-01
    outer loop
      vertex   -1.723742e+00 6.000000e+00 6.717236e-01
      vertex   -1.745446e+00 4.000000e+00 6.131225e-01
      vertex   -1.765158e+00 6.000000e+00 5.538218e-01
    endloop
  endfacet
  facet normal 9.541391e-01 5.277208e-04 -2.993631e-01
    outer loop
      vertex   -1.765158e+00 6.000000e+00 5.538218e-01
      vertex   -1.745446e+00 4.000000e+00 6.131225e-01
      vertex   -1.782855e+00 4.000000e+00 4.938891e-01
    endloop
  endfacet
  facet normal 9.637055e-01 -5.277208e-04 -2.669671e-01
    outer loop
      vertex   -1.765158e+00 6.000000e+00 5.538218e-01
      vertex   -1.782855e+00 4.000000e+00 4.938891e-01
      vertex   -1.798519e+00 6.000000e+00 4.333930e-01
    endloop
  endfacet
  facet normal 9.721723e-01 5.277208e-04 -2.342664e-01
    outer loop
      vertex   -1.798519e+00 6.000000e+00 4.333930e-01
      vertex   -1.782855e+00 4.000000e+00 4.938891e-01
      vertex   -1.812130e+00 4.000000e+00 3.724023e-01
    endloop
  endfacet
  facet normal 9.795298e-01 -5.277208e-04 -2.012985e-01
    outer loop
      vertex   -1.798519e+00 6.000000e+00 4.333930e-01
      vertex   -1.812130e+00 4.000000e+00 3.724023e-01
      vertex   -1.823674e+00 6.000000e+00 3.109867e-01
    endloop
  endfacet
  facet normal 9.857697e-01 5.277208e-04 -1.681009e-01
    outer loop
      vertex   -1.823674e+00 6.000000e+00 3.109867e-01
      vertex   -1.812130e+00 4.000000e+00 3.724023e-01
      vertex   -1.833137e+00 4.000000e+00 2.492162e-01
    endloop
  endfacet
  facet normal 9.908847e-01 -5.277208e-04 -1.347114e-01
    outer loop
      vertex   -1.823674e+00 6.000000e+00 3.109867e-01
      vertex   -1.833137e+00 4.000000e+00 2.492162e-01
      vertex   -1.840508e+00 6.000000e+00 1.871614e-01
    endloop
  endfacet
  facet normal 9.948692e-01 5.277208e-04 -1.011683e-01
    outer loop
      vertex   -1.840508e+00 6.000000e+00 1.871614e-01
      vertex   -1.833137e+00 4.000000e+00 2.492162e-01
      vertex   -1.845779e+00 4.000000e+00 1.248930e-01
    endloop
  endfacet
  facet normal 9.977185e-01 -5.277208e-04 -6.750974e-02
    outer loop
      vertex   -1.840508e+00 6.000000e+00 1.871614e-01
      vertex   -1.845779e+00 4.000000e+00 1.248930e-01
      vertex   -1.848945e+00 6.000000e+00 6.248216e-02
    endloop
  endfacet
  facet normal 9.994294e-01 5.277208e-04 -3.377414e-02
    outer loop
      vertex   -1.848945e+00 6.000000e+00 6.248216e-02
      vertex   -1.845779e+00 4.000000e+00 1.248930e-01
      vertex   -1.850000e+00 4.000000e+00 -2.265597e-16
    endloop
  endfacet
  facet normal 9.999999e-01 -5.277208e-04 0.000000e+00
    outer loop
      vertex   -1.848945e+00 6.000000e+00 6.248216e-02
      vertex   -1.850000e+00 4.000000e+00 -2.265597e-16
      vertex   -1.848945e+00 6.000000e+00 -6.248216e-02
    endloop
  endfacet
  facet normal 9.994294e-01 5.277208e-04 3.377414e-02
    outer loop
      vertex   -1.848945e+00 6.000000e+00 -6.248216e-02
      vertex   -1.850000e+00 4.000000e+00 -2.265597e-16
      vertex   -1.845779e+00 4.000000e+00 -1.248930e-01
    endloop
  endfacet
  facet normal 9.977185e-01 -5.277208e-04 6.750974e-02
    outer loop
      vertex   -1.848945e+00 6.000000e+00 -6.248216e-02
      vertex   -1.845779e+00 4.000000e+00 -1.248930e-01
      vertex   -1.840508e+00 6.000000e+00 -1.871614e-01
    endloop
  endfacet
  facet normal 9.948692e-01 5.277208e-04 1.011683e-01
    outer loop
      vertex   -1.840508e+00 6.000000e+00 -1.871614e-01
      vertex   -1.845779e+00 4.000000e+00 -1.248930e-01
      vertex   -1.833137e+00 4.000000e+00 -2.492162e-01
    endloop
  endfacet
  facet normal 9.908847e-01 -5.277208e-04 1.347114e-01
    outer loop
      vertex   -1.840508e+00 6.000000e+00 -1.871614e-01
      vertex   -1.833137e+00 4.000000e+00 -2.492162e-01
      vertex   -1.823674e+00 6.000000e+00 -3.109867e-01
    endloop
  endfacet
  facet normal 9.857697e-01 5.277208e-04 1.681009e-01
    outer loop
      vertex   -1.823674e+00 6.000000e+00 -3.109867e-01
      vertex   -1.833137e+00 4.000000e+00 -2.492162e-01
      vertex   -1.812130e+00 4.000000e+00 -3.724023e-01
    endloop
  endfacet
  facet normal 9.795298e-01 -5.277208e-04 2.012985e-01
    outer loop
      vertex   -1.823674e+00 6.000000e+00 -3.109867e-01
      vertex   -1.812130e+00 4.000000e+00 -3.724023e-01
      vertex   -1.798519e+00 6.000000e+00 -4.333930e-01
    endloop
  endfacet
  facet normal 9.721723e-01 5.277208e-04 2.342664e-01
    outer loop
      vertex   -1.798519e+00 6.000000e+00 -4.333930e-01
      vertex   -1.812130e+00 4.000000e+00 -3.724023e-01
      vertex   -1.782855e+00 4.000000e+00 -4.938891e-01
    endloop
  endfacet
  facet normal 9.637055e-01 -5.277208e-04 2.669671e-01
    outer loop
      vertex   -1.798519e+00 6.000000e+00 -4.333930e-01
      vertex   -1.782855e+00 4.000000e+00 -4.938891e-01
      vertex   -1.765158e+00 6.000000e+00 -5.538218e-01
    endloop
  endfacet
  facet normal 9.541391e-01 5.277208e-04 2.993631e-01
    outer loop
      vertex   -1.765158e+00 6.000000e+00 -5.538218e-01
      vertex   -1.782855e+00 4.000000e+00 -4.938891e-01
      vertex   -1.745446e+00 4.000000e+00 -6.131225e-01
    endloop
  endfacet
  facet normal 9.434840e-01 -5.277208e-04 3.314175e-01
    outer loop
      vertex   -1.765158e+00 6.000000e+00 -5.538218e-01
      vertex   -1.745446e+00 4.000000e+00 -6.131225e-01
      vertex   -1.723742e+00 6.000000e+00 -6.717236e-01
    endloop
  endfacet
  facet normal 9.317524e-01 5.277208e-04 3.630938e-01
    outer loop
      vertex   -1.723742e+00 6.000000e+00 -6.717236e-01
      vertex   -1.745446e+00 4.000000e+00 -6.131225e-01
      vertex   -1.700072e+00 4.000000e+00 -7.295583e-01
    endloop
  endfacet
  facet normal 9.189577e-01 -5.277208e-04 3.943558e-01
    outer loop
      vertex   -1.723742e+00 6.000000e+00 -6.717236e-01
      vertex   -1.700072e+00 4.000000e+00 -7.295583e-01
      vertex   -1.674462e+00 6.000000e+00 -7.865606e-01
    endloop
  endfacet
  facet normal 9.051144e-01 5.277208e-04 4.251678e-01
    outer loop
      vertex   -1.674462e+00 6.000000e+00 -7.865606e-01
      vertex   -1.700072e+00 4.000000e+00 -7.295583e-01
      vertex   -1.646941e+00 4.000000e+00 -8.426654e-01
    endloop
  endfacet
  facet normal 8.902383e-01 -5.277208e-04 4.554947e-01
    outer loop
      vertex   -1.674462e+00 6.000000e+00 -7.865606e-01
      vertex   -1.646941e+00 4.000000e+00 -8.426654e-01
      vertex   -1.617541e+00 6.000000e+00 -8.978086e-01
    endloop
  endfacet
  facet normal 8.743465e-01 5.277208e-04 4.853019e-01
    outer loop
      vertex   -1.617541e+00 6.000000e+00 -8.978086e-01
      vertex   -1.646941e+00 4.000000e+00 -8.426654e-01
      vertex   -1.586296e+00 4.000000e+00 -9.519275e-01
    endloop
  endfacet
  facet normal 8.574570e-01 -5.277208e-04 5.145553e-01
    outer loop
      vertex   -1.617541e+00 6.000000e+00 -8.978086e-01
      vertex   -1.586296e+00 4.000000e+00 -9.519275e-01
      vertex   -1.553240e+00 6.000000e+00 -1.004960e+00
    endloop
  endfacet
  facet normal 8.395892e-01 5.277208e-04 5.432216e-01
    outer loop
      vertex   -1.553240e+00 6.000000e+00 -1.004960e+00
      vertex   -1.586296e+00 4.000000e+00 -9.519275e-01
      vertex   -1.518412e+00 4.000000e+00 -1.056846e+00
    endloop
  endfacet
  facet normal 8.207633e-01 -5.277208e-04 5.712681e-01
    outer loop
      vertex   -1.553240e+00 6.000000e+00 -1.004960e+00
      vertex   -1.518412e+00 4.000000e+00 -1.056846e+00
      vertex   -1.481852e+00 6.000000e+00 -1.107526e+00
    endloop
  endfacet
  facet normal 8.010010e-01 5.277208e-04 5.986628e-01
    outer loop
      vertex   -1.481852e+00 6.000000e+00 -1.107526e+00
      vertex   -1.518412e+00 4.000000e+00 -1.056846e+00
      vertex   -1.443601e+00 4.000000e+00 -1.156943e+00
    endloop
  endfacet
  facet normal 7.803247e-01 -5.277208e-04 6.253744e-01
    outer loop
      vertex   -1.481852e+00 6.000000e+00 -1.107526e+00
      vertex   -1.443601e+00 4.000000e+00 -1.156943e+00
      vertex   -1.403703e+00 6.000000e+00 -1.205039e+00
    endloop
  endfacet
  facet normal 7.587580e-01 5.277208e-04 6.513724e-01
    outer loop
      vertex   -1.403703e+00 6.000000e+00 -1.205039e+00
      vertex   -1.443601e+00 4.000000e+00 -1.156943e+00
      vertex   -1.362203e+00 4.000000e+00 -1.251760e+00
    endloop
  endfacet
  facet normal 7.363256e-01 -5.277208e-04 6.766272e-01
    outer loop
      vertex   -1.403703e+00 6.000000e+00 -1.205039e+00
      vertex   -1.362203e+00 4.000000e+00 -1.251760e+00
      vertex   -1.319148e+00 6.000000e+00 -1.297054e+00
    endloop
  endfacet
  facet normal 7.130530e-01 5.277208e-04 7.011099e-01
    outer loop
      vertex   -1.319148e+00 6.000000e+00 -1.297054e+00
      vertex   -1.362203e+00 4.000000e+00 -1.251760e+00
      vertex   -1.274589e+00 4.000000e+00 -1.340867e+00
    endloop
  endfacet
  facet normal 6.889668e-01 -5.277208e-04 7.247927e-01
    outer loop
      vertex   -1.319148e+00 6.000000e+00 -1.297054e+00
      vertex   -1.274589e+00 4.000000e+00 -1.340867e+00
      vertex   -1.228575e+00 6.000000e+00 -1.383150e+00
    endloop
  endfacet
  facet normal 6.640945e-01 5.277208e-04 7.476484e-01
    outer loop
      vertex   -1.228575e+00 6.000000e+00 -1.383150e+00
      vertex   -1.274589e+00 4.000000e+00 -1.340867e+00
      vertex   -1.181159e+00 4.000000e+00 -1.423855e+00
    endloop
  endfacet
  facet normal 6.384645e-01 -5.277208e-04 7.696511e-01
    outer loop
      vertex   -1.228575e+00 6.000000e+00 -1.383150e+00
      vertex   -1.181159e+00 4.000000e+00 -1.423855e+00
      vertex   -1.132396e+00 6.000000e+00 -1.462935e+00
    endloop
  endfacet
  facet normal 6.121059e-01 5.277208e-04 7.907756e-01
    outer loop
      vertex   -1.132396e+00 6.000000e+00 -1.462935e+00
      vertex   -1.181159e+00 4.000000e+00 -1.423855e+00
      vertex   -1.082341e+00 4.000000e+00 -1.500346e+00
    endloop
  endfacet
  facet normal 5.850489e-01 -5.277208e-04 8.109978e-01
    outer loop
      vertex   -1.132396e+00 6.000000e+00 -1.462935e+00
      vertex   -1.082341e+00 4.000000e+00 -1.500346e+00
      vertex   -1.031050e+00 6.000000e+00 -1.536045e+00
    endloop
  endfacet
  facet normal 5.573244e-01 5.277208e-04 8.302947e-01
    outer loop
      vertex   -1.031050e+00 6.000000e+00 -1.536045e+00
      vertex   -1.082341e+00 4.000000e+00 -1.500346e+00
      vertex   -9.785834e-01 4.000000e+00 -1.569992e+00
    endloop
  endfacet
  facet normal 5.289639e-01 -5.277208e-04 8.486441e-01
    outer loop
      vertex   -1.031050e+00 6.000000e+00 -1.536045e+00
      vertex   -9.785834e-01 4.000000e+00 -1.569992e+00
      vertex   -9.250000e-01 6.000000e+00 -1.602147e+00
    endloop
  endfacet
  facet normal 4.999999e-01 5.277208e-04 8.660253e-01
    outer loop
      vertex   -9.250000e-01 6.000000e+00 -1.602147e+00
      vertex   -9.785834e-01 4.000000e+00 -1.569992e+00
      vertex   -8.703611e-01 4.000000e+00 -1.632474e+00
    endloop
  endfacet
  facet normal 4.704654e-01 -5.277208e-04 8.824183e-01
    outer loop
      vertex   -9.250000e-01 6.000000e+00 -1.602147e+00
      vertex   -8.703611e-01 4.000000e+00 -1.632474e+00
      vertex   -8.147292e-01 6.000000e+00 -1.660938e+00
    endloop
  endfacet
  facet normal 4.403941e-01 5.277208e-04 8.978044e-01
    outer loop
      vertex   -8.147292e-01 6.000000e+00 -1.660938e+00
      vertex   -8.703611e-01 4.000000e+00 -1.632474e+00
      vertex   -7.581676e-01 4.000000e+00 -1.687508e+00
    endloop
  endfacet
  facet normal 4.098203e-01 -5.277208e-04 9.121661e-01
    outer loop
      vertex   -8.147292e-01 6.000000e+00 -1.660938e+00
      vertex   -7.581676e-01 4.000000e+00 -1.687508e+00
      vertex   -7.007409e-01 6.000000e+00 -1.712151e+00
    endloop
  endfacet
  facet normal 3.787788e-01 5.277208e-04 9.254871e-01
    outer loop
      vertex   -7.007409e-01 6.000000e+00 -1.712151e+00
      vertex   -7.581676e-01 4.000000e+00 -1.687508e+00
      vertex   -6.425147e-01 4.000000e+00 -1.734841e+00
    endloop
  endfacet
  facet normal 3.473052e-01 -5.277208e-04 9.377520e-01
    outer loop
      vertex   -7.007409e-01 6.000000e+00 -1.712151e+00
      vertex   -6.425147e-01 4.000000e+00 -1.734841e+00
      vertex   -5.835554e-01 6.000000e+00 -1.755552e+00
    endloop
  endfacet
  facet normal 3.154353e-01 5.277208e-04 9.489469e-01
    outer loop
      vertex   -5.835554e-01 6.000000e+00 -1.755552e+00
      vertex   -6.425147e-01 4.000000e+00 -1.734841e+00
      vertex   -5.239302e-01 4.000000e+00 -1.774260e+00
    endloop
  endfacet
  facet normal 2.832055e-01 -5.277208e-04 9.590591e-01
    outer loop
      vertex   -5.835554e-01 6.000000e+00 -1.755552e+00
      vertex   -5.239302e-01 4.000000e+00 -1.774260e+00
      vertex   -4.637072e-01 6.000000e+00 -1.790943e+00
    endloop
  endfacet
  facet normal 2.506525e-01 5.277208e-04 9.680770e-01
    outer loop
      vertex   -4.637072e-01 6.000000e+00 -1.790943e+00
      vertex   -5.239302e-01 4.000000e+00 -1.774260e+00
      vertex   -4.029551e-01 4.000000e+00 -1.805582e+00
    endloop
  endfacet
  facet normal 2.178135e-01 -5.277208e-04 9.759903e-01
    outer loop
      vertex   -4.637072e-01 6.000000e+00 -1.790943e+00
      vertex   -4.029551e-01 4.000000e+00 -1.805582e+00
      vertex   -3.417432e-01 6.000000e+00 -1.818162e+00
    endloop
  endfacet
  facet normal 1.847260e-01 5.277208e-04 9.827899e-01
    outer loop
      vertex   -3.417432e-01 6.000000e+00 -1.818162e+00
      vertex   -4.029551e-01 4.000000e+00 -1.805582e+00
      vertex   -2.801414e-01 4.000000e+00 -1.828666e+00
    endloop
  endfacet
  facet normal 1.514278e-01 -5.277208e-04 9.884682e-01
    outer loop
      vertex   -3.417432e-01 6.000000e+00 -1.818162e+00
      vertex   -2.801414e-01 4.000000e+00 -1.828666e+00
      vertex   -2.182199e-01 6.000000e+00 -1.837085e+00
    endloop
  endfacet
  facet normal 1.179567e-01 5.277208e-04 9.930186e-01
    outer loop
      vertex   -2.182199e-01 6.000000e+00 -1.837085e+00
      vertex   -2.801414e-01 4.000000e+00 -1.828666e+00
      vertex   -1.560495e-01 4.000000e+00 -1.843407e+00
    endloop
  endfacet
  facet normal 8.435105e-02 -5.277208e-04 9.964360e-01
    outer loop
      vertex   -2.182199e-01 6.000000e+00 -1.837085e+00
      vertex   -1.560495e-01 4.000000e+00 -1.843407e+00
      vertex   -9.370096e-02 6.000000e+00 -1.847626e+00
    endloop
  endfacet
  facet normal 5.064916e-02 5.277208e-04 9.987164e-01
    outer loop
      vertex   -9.370096e-02 6.000000e+00 -1.847626e+00
      vertex   -1.560495e-01 4.000000e+00 -1.843407e+00
      vertex   -3.124554e-02 4.000000e+00 -1.849736e+00
    endloop
  endfacet
  facet normal 1.688948e-02 -5.277208e-04 9.998572e-01
    outer loop
      vertex   -9.370096e-02 6.000000e+00 -1.847626e+00
      vertex   -3.124554e-02 4.000000e+00 -1.849736e+00
      vertex   3.124554e-02 6.000000e+00 -1.849736e+00
    endloop
  endfacet
  facet normal -1.688948e-02 5.277208e-04 9.998572e-01
    outer loop
      vertex   3.124554e-02 6.000000e+00 -1.849736e+00
      vertex   -3.124554e-02 4.000000e+00 -1.849736e+00
      vertex   9.370096e-02 4.000000e+00 -1.847626e+00
    endloop
  endfacet
  facet normal -5.064916e-02 -5.277208e-04 9.987164e-01
    outer loop
      vertex   3.124554e-02 6.000000e+00 -1.849736e+00
      vertex   9.370096e-02 4.000000e+00 -1.847626e+00
      vertex   1.560495e-01 6.000000e+00 -1.843407e+00
    endloop
  endfacet
  facet normal -8.435105e-02 5.277208e-04 9.964360e-01
    outer loop
      vertex   1.560495e-01 6.000000e+00 -1.843407e+00
      vertex   9.370096e-02 4.000000e+00 -1.847626e+00
      vertex   2.182199e-01 4.000000e+00 -1.837085e+00
    endloop
  endfacet
  facet normal -1.179567e-01 -5.277208e-04 9.930186e-01
    outer loop
      vertex   1.560495e-01 6.000000e+00 -1.843407e+00
      vertex   2.182199e-01 4.000000e+00 -1.837085e+00
      vertex   2.801414e-01 6.000000e+00 -1.828666e+00
    endloop
  endfacet
  facet normal -1.514278e-01 5.277208e-04 9.884682e-01
    outer loop
      vertex   2.801414e-01 6.000000e+00 -1.828666e+00
      vertex   2.182199e-01 4.000000e+00 -1.837085e+00
      vertex   3.417432e-01 4.000000e+00 -1.818162e+00
    endloop
  endfacet
  facet normal -1.847260e-01 -5.277208e-04 9.827899e-01
    outer loop
      vertex   2.801414e-01 6.000000e+00 -1.828666e+00
      vertex   3.417432e-01 4.000000e+00 -1.818162e+00
      vertex   4.029551e-01 6.000000e+00 -1.805582e+00
    endloop
  endfacet
  facet normal -2.178135e-01 5.277208e-04 9.759903e-01
    outer loop
      vertex   4.029551e-01 6.000000e+00 -1.805582e+00
      vertex   3.417432e-01 4.000000e+00 -1.818162e+00
      vertex   4.637072e-01 4.000000e+00 -1.790943e+00
    endloop
  endfacet
  facet normal -2.506525e-01 -5.277208e-04 9.680770e-01
    outer loop
      vertex   4.029551e-01 6.000000e+00 -1.805582e+00
      vertex   4.637072e-01 4.000000e+00 -1.790943e+00
      vertex   5.239302e-01 6.000000e+00 -1.774260e+00
    endloop
  endfacet
  facet normal -2.832055e-01 5.277208e-04 9.590591e-01
    outer loop
      vertex   5.239302e-01 6.000000e+00 -1.774260e+00
      vertex   4.637072e-01 4.000000e+00 -1.790943e+00
      vertex   5.835554e-01 4.000000e+00 -1.755552e+00
    endloop
  endfacet
  facet normal -3.154353e-01 -5.277208e-04 9.489469e-01
    outer loop
      vertex   5.239302e-01 6.000000e+00 -1.774260e+00
      vertex   5.835554e-01 4.000000e+00 -1.755552e+00
      vertex   6.425147e-01 6.000000e+00 -1.734841e+00
    endloop
  endfacet
  facet normal -3.473052e-01 5.277208e-04 9.377520e-01
    outer loop
      vertex   6.425147e-01 6.000000e+00 -1.734841e+00
      vertex   5.835554e-01 4.000000e+00 -1.755552e+00
      vertex   7.007409e-01 4.000000e+00 -1.712151e+00
    endloop
  endfacet
  facet normal -3.787788e-01 -5.277208e-04 9.254871e-01
    outer loop
      vertex   6.425147e-01 6.000000e+00 -1.734841e+00
      vertex   7.007409e-01 4.000000e+00 -1.712151e+00
      vertex   7.581676e-01 6.000000e+00 -1.687508e+00
    endloop
  endfacet
  facet normal -4.098203e-01 5.277208e-04 9.121661e-01
    outer loop
      vertex   7.581676e-01 6.000000e+00 -1.687508e+00
      vertex   7.007409e-01 4.000000e+00 -1.712151e+00
      vertex   8.147292e-01 4.000000e+00 -1.660938e+00
    endloop
  endfacet
  facet normal -4.403941e-01 -5.277208e-04 8.978044e-01
    outer loop
      vertex   7.581676e-01 6.000000e+00 -1.687508e+00
      vertex   8.147292e-01 4.000000e+00 -1.660938e+00
      vertex   8.703611e-01 6.000000e+00 -1.632474e+00
    endloop
  endfacet
  facet normal -4.704654e-01 5.277208e-04 8.824183e-01
    outer loop
      vertex   8.703611e-01 6.000000e+00 -1.632474e+00
      vertex   8.147292e-01 4.000000e+00 -1.660938e+00
      vertex   9.250000e-01 4.000000e+00 -1.602147e+00
    endloop
  endfacet
  facet normal -4.999999e-01 -5.277208e-04 8.660253e-01
    outer loop
      vertex   8.703611e-01 6.000000e+00 -1.632474e+00
      vertex   9.250000e-01 4.000000e+00 -1.602147e+00
      vertex   9.785834e-01 6.000000e+00 -1.569992e+00
    endloop
  endfacet
  facet normal -5.289639e-01 5.277208e-04 8.486441e-01
    outer loop
      vertex   9.785834e-01 6.000000e+00 -1.569992e+00
      vertex   9.250000e-01 4.000000e+00 -1.602147e+00
      vertex   1.031050e+00 4.000000e+00 -1.536045e+00
    endloop
  endfacet
  facet normal -5.573244e-01 -5.277208e-04 8.302947e-01
    outer loop
      vertex   9.785834e-01 6.000000e+00 -1.569992e+00
      vertex   1.031050e+00 4.000000e+00 -1.536045e+00
      vertex   1.082341e+00 6.000000e+00 -1.500346e+00
    endloop
  endfacet
  facet normal -5.850489e-01 5.277208e-04 8.109978e-01
    outer loop
      vertex   1.082341e+00 6.000000e+00 -1.500346e+00
      vertex   1.031050e+00 4.000000e+00 -1.536045e+00
      vertex   1.132396e+00 4.000000e+00 -1.462935e+00
    endloop
  endfacet
  facet normal -6.121059e-01 -5.277208e-04 7.907756e-01
    outer loop
      vertex   1.082341e+00 6.000000e+00 -1.500346e+00
      vertex   1.132396e+00 4.000000e+00 -1.462935e+00
      vertex   1.181159e+00 6.000000e+00 -1.423855e+00
    endloop
  endfacet
  facet normal -6.384645e-01 5.277208e-04 7.696511e-01
    outer loop
      vertex   1.181159e+00 6.000000e+00 -1.423855e+00
      vertex   1.132396e+00 4.000000e+00 -1.462935e+00
      vertex   1.228575e+00 4.000000e+00 -1.383150e+00
    endloop
  endfacet
  facet normal -6.640945e-01 -5.277208e-04 7.476484e-01
    outer loop
      vertex   1.181159e+00 6.000000e+00 -1.423855e+00
      vertex   1.228575e+00 4.000000e+00 -1.383150e+00
      vertex   1.274589e+00 6.000000e+00 -1.340867e+00
    endloop
  endfacet
  facet normal -6.889668e-01 5.277208e-04 7.247927e-01
    outer loop
      vertex   1.274589e+00 6.000000e+00 -1.340867e+00
      vertex   1.228575e+00 4.000000e+00 -1.383150e+00
      vertex   1.319148e+00 4.000000e+00 -1.297054e+00
    endloop
  endfacet
  facet normal -7.130530e-01 -5.277208e-04 7.011099e-01
    outer loop
      vertex   1.274589e+00 6.000000e+00 -1.340867e+00
      vertex   1.319148e+00 4.000000e+00 -1.297054e+00
      vertex   1.362203e+00 6.000000e+00 -1.251760e+00
    endloop
  endfacet
  facet normal -7.363256e-01 5.277208e-04 6.766272e-01
    outer loop
      vertex   1.362203e+00 6.000000e+00 -1.251760e+00
      vertex   1.319148e+00 4.000000e+00 -1.297054e+00
      vertex   1.403703e+00 4.000000e+00 -1.205039e+00
    endloop
  endfacet
  facet normal -7.587580e-01 -5.277208e-04 6.513724e-01
    outer loop
      vertex   1.362203e+00 6.000000e+00 -1.251760e+00
      vertex   1.403703e+00 4.000000e+00 -1.205039e+00
      vertex   1.443601e+00 6.000000e+00 -1.156943e+00
    endloop
  endfacet
  facet normal -7.803247e-01 5.277208e-04 6.253744e-01
    outer loop
      vertex   1.443601e+00 6.000000e+00 -1.156943e+00
      vertex   1.403703e+00 4.000000e+00 -1.205039e+00
      vertex   1.481852e+00 4.000000e+00 -1.107526e+00
    endloop
  endfacet
  facet normal -8.010010e-01 -5.277208e-04 5.986628e-01
    outer loop
      vertex   1.443601e+00 6.000000e+00 -1.156943e+00
      vertex   1.481852e+00 4.000000e+00 -1.107526e+00
      vertex   1.518412e+00 6.000000e+00 -1.056846e+00
    endloop
  endfacet
  facet normal -8.207633e-01 5.277208e-04 5.712681e-01
    outer loop
      vertex   1.518412e+00 6.000000e+00 -1.056846e+00
      vertex   1.481852e+00 4.000000e+00 -1.107526e+00
      vertex   1.553240e+00 4.000000e+00 -1.004960e+00
    endloop
  endfacet
  facet normal -8.395892e-01 -5.277208e-04 5.432216e-01
    outer loop
      vertex   1.518412e+00 6.000000e+00 -1.056846e+00
      vertex   1.553240e+00 4.000000e+00 -1.004960e+00
      vertex   1.586296e+00 6.000000e+00 -9.519275e-01
    endloop
  endfacet
  facet normal -8.574570e-01 5.277208e-04 5.145553e-01
    outer loop
      vertex   1.586296e+00 6.000000e+00 -9.519275e-01
      vertex   1.553240e+00 4.000000e+00 -1.004960e+00
      vertex   1.617541e+00 4.000000e+00 -8.978086e-01
    endloop
  endfacet
  facet normal -8.743465e-01 -5.277208e-04 4.853019e-01
    outer loop
      vertex   1.586296e+00 6.000000e+00 -9.519275e-01
      vertex   1.617541e+00 4.000000e+00 -8.978086e-01
      vertex   1.646941e+00 6.000000e+00 -8.426654e-01
    endloop
  endfacet
  facet normal -8.902383e-01 5.277208e-04 4.554947e-01
    outer loop
      vertex   1.646941e+00 6.000000e+00 -8.426654e-01
      vertex   1.617541e+00 4.000000e+00 -8.978086e-01
      vertex   1.674462e+00 4.000000e+00 -7.865606e-01
    endloop
  endfacet
  facet normal -9.051144e-01 -5.277208e-04 4.251678e-01
    outer loop
      vertex   1.646941e+00 6.000000e+00 -8.426654e-01
      vertex   1.674462e+00 4.000000e+00 -7.865606e-01
      vertex   1.700072e+00 6.000000e+00 -7.295583e-01
    endloop
  endfacet
  facet normal -9.189577e-01 5.277208e-04 3.943558e-01
    outer loop
      vertex   1.700072e+00 6.000000e+00 -7.295583e-01
      vertex   1.674462e+00 4.000000e+00 -7.865606e-01
      vertex   1.723742e+00 4.000000e+00 -6.717236e-01
    endloop
  endfacet
  facet normal -9.317524e-01 -5.277208e-04 3.630938e-01
    outer loop
      vertex   1.700072e+00 6.000000e+00 -7.295583e-01
      vertex   1.723742e+00 4.000000e+00 -6.717236e-01
      vertex   1.745446e+00 6.000000e+00 -6.131225e-01
    endloop
  endfacet
  facet normal -9.434840e-01 5.277208e-04 3.314175e-01
    outer loop
      vertex   1.745446e+00 6.000000e+00 -6.131225e-01
      vertex   1.723742e+00 4.000000e+00 -6.717236e-01
      vertex   1.765158e+00 4.000000e+00 -5.538218e-01
    endloop
  endfacet
  facet normal -9.541391e-01 -5.277208e-04 2.993631e-01
    outer loop
      vertex   1.745446e+00 6.000000e+00 -6.131225e-01
      vertex   1.765158e+00 4.000000e+00 -5.538218e-01
      vertex   1.782855e+00 6.000000e+00 -4.938891e-01
    endloop
  endfacet
  facet normal -9.637055e-01 5.277208e-04 2.669671e-01
    outer loop
      vertex   1.782855e+00 6.000000e+00 -4.938891e-01
      vertex   1.765158e+00 4.000000e+00 -5.538218e-01
      vertex   1.798519e+00 4.000000e+00 -4.333930e-01
    endloop
  endfacet
  facet normal -9.721723e-01 -5.277208e-04 2.342664e-01
    outer loop
      vertex   1.782855e+00 6.000000e+00 -4.938891e-01
      vertex   1.798519e+00 4.000000e+00 -4.333930e-01
      vertex   1.812130e+00 6.000000e+00 -3.724023e-01
    endloop
  endfacet
  facet normal -9.795298e-01 5.277208e-04 2.012985e-01
    outer loop
      vertex   1.812130e+00 6.000000e+00 -3.724023e-01
      vertex   1.798519e+00 4.000000e+00 -4.333930e-01
      vertex   1.823674e+00 4.000000e+00 -3.109867e-01
    endloop
  endfacet
  facet normal -9.857697e-01 -5.277208e-04 1.681009e-01
    outer loop
      vertex   1.812130e+00 6.000000e+00 -3.724023e-01
      vertex   1.823674e+00 4.000000e+00 -3.109867e-01
      vertex   1.833137e+00 6.000000e+00 -2.492162e-01
    endloop
  endfacet
  facet normal -9.908847e-01 5.277208e-04 1.347114e-01
    outer loop
      vertex   1.833137e+00 6.000000e+00 -2.492162e-01
      vertex   1.823674e+00 4.000000e+00 -3.109867e-01
      vertex   1.840508e+00 4.000000e+00 -1.871614e-01
    endloop
  endfacet
  facet normal -9.948692e-01 -5.277208e-04 1.011683e-01
    outer loop
      vertex   1.833137e+00 6.000000e+00 -2.492162e-01
      vertex   1.840508e+00 4.000000e+00 -1.871614e-01
      vertex   1.845779e+00 6.000000e+00 -1.248930e-01
    endloop
  endfacet
  facet normal -9.977185e-01 5.277208e-04 6.750974e-02
    outer loop
      vertex   1.845779e+00 6.000000e+00 -1.248930e-01
      vertex   1.840508e+00 4.000000e+00 -1.871614e-01
      vertex   1.848945e+00 4.000000e+00 -6.248216e-02
    endloop
  endfacet
  facet normal 9.994295e-01 -7.651858e-18 -3.377414e-02
    outer loop
      vertex   -1.850000e+00 2.000000e+00 2.265597e-16
      vertex   -1.850000e+00 4.000000e+00 -2.265597e-16
      vertex   -1.845779e+00 2.000000e+00 1.248930e-01
    endloop
  endfacet
  facet normal 9.994295e-01 0.000000e+00 -3.377414e-02
    outer loop
      vertex   -1.845779e+00 2.000000e+00 1.248930e-01
      vertex   -1.850000e+00 4.000000e+00 -2.265597e-16
      vertex   -1.845779e+00 4.000000e+00 1.248930e-01
    endloop
  endfacet
  facet normal 9.948693e-01 0.000000e+00 -1.011683e-01
    outer loop
      vertex   -1.845779e+00 2.000000e+00 1.248930e-01
      vertex   -1.845779e+00 4.000000e+00 1.248930e-01
      vertex   -1.833137e+00 2.000000e+00 2.492162e-01
    endloop
  endfacet
  facet normal 9.948693e-01 0.000000e+00 -1.011683e-01
    outer loop
      vertex   -1.833137e+00 2.000000e+00 2.492162e-01
      vertex   -1.845779e+00 4.000000e+00 1.248930e-01
      vertex   -1.833137e+00 4.000000e+00 2.492162e-01
    endloop
  endfacet
  facet normal 9.857698e-01 0.000000e+00 -1.681009e-01
    outer loop
      vertex   -1.833137e+00 2.000000e+00 2.492162e-01
      vertex   -1.833137e+00 4.000000e+00 2.492162e-01
      vertex   -1.812130e+00 2.000000e+00 3.724023e-01
    endloop
  endfacet
  facet normal 9.857698e-01 0.000000e+00 -1.681009e-01
    outer loop
      vertex   -1.812130e+00 2.000000e+00 3.724023e-01
      vertex   -1.833137e+00 4.000000e+00 2.492162e-01
      vertex   -1.812130e+00 4.000000e+00 3.724023e-01
    endloop
  endfacet
  facet normal 9.721724e-01 0.000000e+00 -2.342665e-01
    outer loop
      vertex   -1.812130e+00 2.000000e+00 3.724023e-01
      vertex   -1.812130e+00 4.000000e+00 3.724023e-01
      vertex   -1.782855e+00 2.000000e+00 4.938891e-01
    endloop
  endfacet
  facet normal 9.721724e-01 0.000000e+00 -2.342665e-01
    outer loop
      vertex   -1.782855e+00 2.000000e+00 4.938891e-01
      vertex   -1.812130e+00 4.000000e+00 3.724023e-01
      vertex   -1.782855e+00 4.000000e+00 4.938891e-01
    endloop
  endfacet
  facet normal 9.541393e-01 0.000000e+00 -2.993631e-01
    outer loop
      vertex   -1.782855e+00 2.000000e+00 4.938891e-01
      vertex   -1.782855e+00 4.000000e+00 4.938891e-01
      vertex   -1.745446e+00 2.000000e+00 6.131225e-01
    endloop
  endfacet
  facet normal 9.541393e-01 0.000000e+00 -2.993631e-01
    outer loop
      vertex   -1.745446e+00 2.000000e+00 6.131225e-01
      vertex   -1.782855e+00 4.000000e+00 4.938891e-01
      vertex   -1.745446e+00 4.000000e+00 6.131225e-01
    endloop
  endfacet
  facet normal 9.317526e-01 0.000000e+00 -3.630939e-01
    outer loop
      vertex   -1.745446e+00 2.000000e+00 6.131225e-01
      vertex   -1.745446e+00 4.000000e+00 6.131225e-01
      vertex   -1.700072e+00 2.000000e+00 7.295583e-01
    endloop
  endfacet
  facet normal 9.317526e-01 0.000000e+00 -3.630939e-01
    outer loop
      vertex   -1.700072e+00 2.000000e+00 7.295583e-01
      vertex   -1.745446e+00 4.000000e+00 6.131225e-01
      vertex   -1.700072e+00 4.000000e+00 7.295583e-01
    endloop
  endfacet
  facet normal 9.051145e-01 0.000000e+00 -4.251679e-01
    outer loop
      vertex   -1.700072e+00 2.000000e+00 7.295583e-01
      vertex   -1.700072e+00 4.000000e+00 7.295583e-01
      vertex   -1.646941e+00 2.000000e+00 8.426654e-01
    endloop
  endfacet
  facet normal 9.051145e-01 0.000000e+00 -4.251679e-01
    outer loop
      vertex   -1.646941e+00 2.000000e+00 8.426654e-01
      vertex   -1.700072e+00 4.000000e+00 7.295583e-01
      vertex   -1.646941e+00 4.000000e+00 8.426654e-01
    endloop
  endfacet
  facet normal 8.743466e-01 0.000000e+00 -4.853020e-01
    outer loop
      vertex   -1.646941e+00 2.000000e+00 8.426654e-01
      vertex   -1.646941e+00 4.000000e+00 8.426654e-01
      vertex   -1.586296e+00 2.000000e+00 9.519275e-01
    endloop
  endfacet
  facet normal 8.743466e-01 0.000000e+00 -4.853020e-01
    outer loop
      vertex   -1.586296e+00 2.000000e+00 9.519275e-01
      vertex   -1.646941e+00 4.000000e+00 8.426654e-01
      vertex   -1.586296e+00 4.000000e+00 9.519275e-01
    endloop
  endfacet
  facet normal 8.395893e-01 0.000000e+00 -5.432217e-01
    outer loop
      vertex   -1.586296e+00 2.000000e+00 9.519275e-01
      vertex   -1.586296e+00 4.000000e+00 9.519275e-01
      vertex   -1.518412e+00 2.000000e+00 1.056846e+00
    endloop
  endfacet
  facet normal 8.395893e-01 0.000000e+00 -5.432217e-01
    outer loop
      vertex   -1.518412e+00 2.000000e+00 1.056846e+00
      vertex   -1.586296e+00 4.000000e+00 9.519275e-01
      vertex   -1.518412e+00 4.000000e+00 1.056846e+00
    endloop
  endfacet
  facet normal 8.010011e-01 0.000000e+00 -5.986629e-01
    outer loop
      vertex   -1.518412e+00 2.000000e+00 1.056846e+00
      vertex   -1.518412e+00 4.000000e+00 1.056846e+00
      vertex   -1.443601e+00 2.000000e+00 1.156943e+00
    endloop
  endfacet
  facet normal 8.010011e-01 0.000000e+00 -5.986629e-01
    outer loop
      vertex   -1.443601e+00 2.000000e+00 1.156943e+00
      vertex   -1.518412e+00 4.000000e+00 1.056846e+00
      vertex   -1.443601e+00 4.000000e+00 1.156943e+00
    endloop
  endfacet
  facet normal 7.587581e-01 0.000000e+00 -6.513725e-01
    outer loop
      vertex   -1.443601e+00 2.000000e+00 1.156943e+00
      vertex   -1.443601e+00 4.000000e+00 1.156943e+00
      vertex   -1.362203e+00 2.000000e+00 1.251760e+00
    endloop
  endfacet
  facet normal 7.587581e-01 0.000000e+00 -6.513725e-01
    outer loop
      vertex   -1.362203e+00 2.000000e+00 1.251760e+00
      vertex   -1.443601e+00 4.000000e+00 1.156943e+00
      vertex   -1.362203e+00 4.000000e+00 1.251760e+00
    endloop
  endfacet
  facet normal 7.130531e-01 0.000000e+00 -7.011100e-01
    outer loop
      vertex   -1.362203e+00 2.000000e+00 1.251760e+00
      vertex   -1.362203e+00 4.000000e+00 1.251760e+00
      vertex   -1.274589e+00 2.000000e+00 1.340867e+00
    endloop
  endfacet
  facet normal 7.130531e-01 0.000000e+00 -7.011100e-01
    outer loop
      vertex   -1.274589e+00 2.000000e+00 1.340867e+00
      vertex   -1.362203e+00 4.000000e+00 1.251760e+00
      vertex   -1.274589e+00 4.000000e+00 1.340867e+00
    endloop
  endfacet
  facet normal 6.640946e-01 0.000000e+00 -7.476486e-01
    outer loop
      vertex   -1.274589e+00 2.000000e+00 1.340867e+00
      vertex   -1.274589e+00 4.000000e+00 1.340867e+00
      vertex   -1.181159e+00 2.000000e+00 1.423855e+00
    endloop
  endfacet
  facet normal 6.640946e-01 0.000000e+00 -7.476486e-01
    outer loop
      vertex   -1.181159e+00 2.000000e+00 1.423855e+00
      vertex   -1.274589e+00 4.000000e+00 1.340867e+00
      vertex   -1.181159e+00 4.000000e+00 1.423855e+00
    endloop
  endfacet
  facet normal 6.121060e-01 0.000000e+00 -7.907757e-01
    outer loop
      vertex   -1.181159e+00 2.000000e+00 1.423855e+00
      vertex   -1.181159e+00 4.000000e+00 1.423855e+00
      vertex   -1.082341e+00 2.000000e+00 1.500346e+00
    endloop
  endfacet
  facet normal 6.121060e-01 0.000000e+00 -7.907757e-01
    outer loop
      vertex   -1.082341e+00 2.000000e+00 1.500346e+00
      vertex   -1.181159e+00 4.000000e+00 1.423855e+00
      vertex   -1.082341e+00 4.000000e+00 1.500346e+00
    endloop
  endfacet
  facet normal 5.573245e-01 0.000000e+00 -8.302948e-01
    outer loop
      vertex   -1.082341e+00 2.000000e+00 1.500346e+00
      vertex   -1.082341e+00 4.000000e+00 1.500346e+00
      vertex   -9.785834e-01 2.000000e+00 1.569992e+00
    endloop
  endfacet
  facet normal 5.573245e-01 0.000000e+00 -8.302948e-01
    outer loop
      vertex   -9.785834e-01 2.000000e+00 1.569992e+00
      vertex   -1.082341e+00 4.000000e+00 1.500346e+00
      vertex   -9.785834e-01 4.000000e+00 1.569992e+00
    endloop
  endfacet
  facet normal 5.000000e-01 0.000000e+00 -8.660254e-01
    outer loop
      vertex   -9.785834e-01 2.000000e+00 1.569992e+00
      vertex   -9.785834e-01 4.000000e+00 1.569992e+00
      vertex   -8.703611e-01 2.000000e+00 1.632474e+00
    endloop
  endfacet
  facet normal 5.000000e-01 0.000000e+00 -8.660254e-01
    outer loop
      vertex   -8.703611e-01 2.000000e+00 1.632474e+00
      vertex   -9.785834e-01 4.000000e+00 1.569992e+00
      vertex   -8.703611e-01 4.000000e+00 1.632474e+00
    endloop
  endfacet
  facet normal 4.403942e-01 0.000000e+00 -8.978045e-01
    outer loop
      vertex   -8.703611e-01 2.000000e+00 1.632474e+00
      vertex   -8.703611e-01 4.000000e+00 1.632474e+00
      vertex   -7.581676e-01 2.000000e+00 1.687508e+00
    endloop
  endfacet
  facet normal 4.403942e-01 0.000000e+00 -8.978045e-01
    outer loop
      vertex   -7.581676e-01 2.000000e+00 1.687508e+00
      vertex   -8.703611e-01 4.000000e+00 1.632474e+00
      vertex   -7.581676e-01 4.000000e+00 1.687508e+00
    endloop
  endfacet
  facet normal 3.787789e-01 0.000000e+00 -9.254872e-01
    outer loop
      vertex   -7.581676e-01 2.000000e+00 1.687508e+00
      vertex   -7.581676e-01 4.000000e+00 1.687508e+00
      vertex   -6.425147e-01 2.000000e+00 1.734841e+00
    endloop
  endfacet
  facet normal 3.787789e-01 0.000000e+00 -9.254872e-01
    outer loop
      vertex   -6.425147e-01 2.000000e+00 1.734841e+00
      vertex   -7.581676e-01 4.000000e+00 1.687508e+00
      vertex   -6.425147e-01 4.000000e+00 1.734841e+00
    endloop
  endfacet
  facet normal 3.154353e-01 0.000000e+00 -9.489471e-01
    outer loop
      vertex   -6.425147e-01 2.000000e+00 1.734841e+00
      vertex   -6.425147e-01 4.000000e+00 1.734841e+00
      vertex   -5.239302e-01 2.000000e+00 1.774260e+00
    endloop
  endfacet
  facet normal 3.154353e-01 0.000000e+00 -9.489471e-01
    outer loop
      vertex   -5.239302e-01 2.000000e+00 1.774260e+00
      vertex   -6.425147e-01 4.000000e+00 1.734841e+00
      vertex   -5.239302e-01 4.000000e+00 1.774260e+00
    endloop
  endfacet
  facet normal 2.506525e-01 0.000000e+00 -9.680771e-01
    outer loop
      vertex   -5.239302e-01 2.000000e+00 1.774260e+00
      vertex   -5.239302e-01 4.000000e+00 1.774260e+00
      vertex   -4.029551e-01 2.000000e+00 1.805582e+00
    endloop
  endfacet
  facet normal 2.506525e-01 0.000000e+00 -9.680771e-01
    outer loop
      vertex   -4.029551e-01 2.000000e+00 1.805582e+00
      vertex   -5.239302e-01 4.000000e+00 1.774260e+00
      vertex   -4.029551e-01 4.000000e+00 1.805582e+00
    endloop
  endfacet
  facet normal 1.847261e-01 0.000000e+00 -9.827901e-01
    outer loop
      vertex   -4.029551e-01 2.000000e+00 1.805582e+00
      vertex   -4.029551e-01 4.000000e+00 1.805582e+00
      vertex   -2.801414e-01 2.000000e+00 1.828666e+00
    endloop
  endfacet
  facet normal 1.847261e-01 0.000000e+00 -9.827901e-01
    outer loop
      vertex   -2.801414e-01 2.000000e+00 1.828666e+00
      vertex   -4.029551e-01 4.000000e+00 1.805582e+00
      vertex   -2.801414e-01 4.000000e+00 1.828666e+00
    endloop
  endfacet
  facet normal 1.179567e-01 0.000000e+00 -9.930187e-01
    outer loop
      vertex   -2.801414e-01 2.000000e+00 1.828666e+00
      vertex   -2.801414e-01 4.000000e+00 1.828666e+00
      vertex   -1.560495e-01 2.000000e+00 1.843407e+00
    endloop
  endfacet
  facet normal 1.179567e-01 0.000000e+00 -9.930187e-01
    outer loop
      vertex   -1.560495e-01 2.000000e+00 1.843407e+00
      vertex   -2.801414e-01 4.000000e+00 1.828666e+00
      vertex   -1.560495e-01 4.000000e+00 1.843407e+00
    endloop
  endfacet
  facet normal 5.064917e-02 0.000000e+00 -9.987165e-01
    outer loop
      vertex   -1.560495e-01 2.000000e+00 1.843407e+00
      vertex   -1.560495e-01 4.000000e+00 1.843407e+00
      vertex   -3.124554e-02 2.000000e+00 1.849736e+00
    endloop
  endfacet
  facet normal 5.064917e-02 0.000000e+00 -9.987165e-01
    outer loop
      vertex   -3.124554e-02 2.000000e+00 1.849736e+00
      vertex   -1.560495e-01 4.000000e+00 1.843407e+00
      vertex   -3.124554e-02 4.000000e+00 1.849736e+00
    endloop
  endfacet
  facet normal -1.688948e-02 0.000000e+00 -9.998574e-01
    outer loop
      vertex   -3.124554e-02 2.000000e+00 1.849736e+00
      vertex   -3.124554e-02 4.000000e+00 1.849736e+00
      vertex   9.370096e-02 2.000000e+00 1.847626e+00
    endloop
  endfacet
  facet normal -1.688948e-02 0.000000e+00 -9.998574e-01
    outer loop
      vertex   9.370096e-02 2.000000e+00 1.847626e+00
      vertex   -3.124554e-02 4.000000e+00 1.849736e+00
      vertex   9.370096e-02 4.000000e+00 1.847626e+00
    endloop
  endfacet
  facet normal -8.435107e-02 0.000000e+00 -9.964361e-01
    outer loop
      vertex   9.370096e-02 2.000000e+00 1.847626e+00
      vertex   9.370096e-02 4.000000e+00 1.847626e+00
      vertex   2.182199e-01 2.000000e+00 1.837085e+00
    endloop
  endfacet
  facet normal -8.435107e-02 0.000000e+00 -9.964361e-01
    outer loop
      vertex   2.182199e-01 2.000000e+00 1.837085e+00
      vertex   9.370096e-02 4.000000e+00 1.847626e+00
      vertex   2.182199e-01 4.000000e+00 1.837085e+00
    endloop
  endfacet
  facet normal -1.514278e-01 0.000000e+00 -9.884683e-01
    outer loop
      vertex   2.182199e-01 2.000000e+00 1.837085e+00
      vertex   2.182199e-01 4.000000e+00 1.837085e+00
      vertex   3.417432e-01 2.000000e+00 1.818162e+00
    endloop
  endfacet
  facet normal -1.514278e-01 0.000000e+00 -9.884683e-01
    outer loop
      vertex   3.417432e-01 2.000000e+00 1.818162e+00
      vertex   2.182199e-01 4.000000e+00 1.837085e+00
      vertex   3.417432e-01 4.000000e+00 1.818162e+00
    endloop
  endfacet
  facet normal -2.178136e-01 0.000000e+00 -9.759904e-01
    outer loop
      vertex   3.417432e-01 2.000000e+00 1.818162e+00
      vertex   3.417432e-01 4.000000e+00 1.818162e+00
      vertex   4.637072e-01 2.000000e+00 1.790943e+00
    endloop
  endfacet
  facet normal -2.178136e-01 0.000000e+00 -9.759904e-01
    outer loop
      vertex   4.637072e-01 2.000000e+00 1.790943e+00
      vertex   3.417432e-01 4.000000e+00 1.818162e+00
      vertex   4.637072e-01 4.000000e+00 1.790943e+00
    endloop
  endfacet
  facet normal -2.832055e-01 0.000000e+00 -9.590592e-01
    outer loop
      vertex   4.637072e-01 2.000000e+00 1.790943e+00
      vertex   4.637072e-01 4.000000e+00 1.790943e+00
      vertex   5.835554e-01 2.000000e+00 1.755552e+00
    endloop
  endfacet
  facet normal -2.832055e-01 0.000000e+00 -9.590592e-01
    outer loop
      vertex   5.835554e-01 2.000000e+00 1.755552e+00
      vertex   4.637072e-01 4.000000e+00 1.790943e+00
      vertex   5.835554e-01 4.000000e+00 1.755552e+00
    endloop
  endfacet
  facet normal -3.473053e-01 0.000000e+00 -9.377521e-01
    outer loop
      vertex   5.835554e-01 2.000000e+00 1.755552e+00
      vertex   5.835554e-01 4.000000e+00 1.755552e+00
      vertex   7.007409e-01 2.000000e+00 1.712151e+00
    endloop
  endfacet
  facet normal -3.473053e-01 0.000000e+00 -9.377521e-01
    outer loop
      vertex   7.007409e-01 2.000000e+00 1.712151e+00
      vertex   5.835554e-01 4.000000e+00 1.755552e+00
      vertex   7.007409e-01 4.000000e+00 1.712151e+00
    endloop
  endfacet
  facet normal -4.098203e-01 0.000000e+00 -9.121663e-01
    outer loop
      vertex   7.007409e-01 2.000000e+00 1.712151e+00
      vertex   7.007409e-01 4.000000e+00 1.712151e+00
      vertex   8.147292e-01 2.000000e+00 1.660938e+00
    endloop
  endfacet
  facet normal -4.098203e-01 0.000000e+00 -9.121663e-01
    outer loop
      vertex   8.147292e-01 2.000000e+00 1.660938e+00
      vertex   7.007409e-01 4.000000e+00 1.712151e+00
      vertex   8.147292e-01 4.000000e+00 1.660938e+00
    endloop
  endfacet
  facet normal -4.704655e-01 0.000000e+00 -8.824184e-01
    outer loop
      vertex   8.147292e-01 2.000000e+00 1.660938e+00
      vertex   8.147292e-01 4.000000e+00 1.660938e+00
      vertex   9.250000e-01 2.000000e+00 1.602147e+00
    endloop
  endfacet
  facet normal -4.704655e-01 0.000000e+00 -8.824184e-01
    outer loop
      vertex   9.250000e-01 2.000000e+00 1.602147e+00
      vertex   8.147292e-01 4.000000e+00 1.660938e+00
      vertex   9.250000e-01 4.000000e+00 1.602147e+00
    endloop
  endfacet
  facet normal -5.289640e-01 0.000000e+00 -8.486443e-01
    outer loop
      vertex   9.250000e-01 2.000000e+00 1.602147e+00
      vertex   9.250000e-01 4.000000e+00 1.602147e+00
      vertex   1.031050e+00 2.000000e+00 1.536045e+00
    endloop
  endfacet
  facet normal -5.289640e-01 0.000000e+00 -8.486443e-01
    outer loop
      vertex   1.031050e+00 2.000000e+00 1.536045e+00
      vertex   9.250000e-01 4.000000e+00 1.602147e+00
      vertex   1.031050e+00 4.000000e+00 1.536045e+00
    endloop
  endfacet
  facet normal -5.850490e-01 0.000000e+00 -8.109979e-01
    outer loop
      vertex   1.031050e+00 2.000000e+00 1.536045e+00
      vertex   1.031050e+00 4.000000e+00 1.536045e+00
      vertex   1.132396e+00 2.000000e+00 1.462935e+00
    endloop
  endfacet
  facet normal -5.850490e-01 0.000000e+00 -8.109979e-01
    outer loop
      vertex   1.132396e+00 2.000000e+00 1.462935e+00
      vertex   1.031050e+00 4.000000e+00 1.536045e+00
      vertex   1.132396e+00 4.000000e+00 1.462935e+00
    endloop
  endfacet
  facet normal -6.384645e-01 0.000000e+00 -7.696512e-01
    outer loop
      vertex   1.132396e+00 2.000000e+00 1.462935e+00
      vertex   1.132396e+00 4.000000e+00 1.462935e+00
      vertex   1.228575e+00 2.000000e+00 1.383150e+00
    endloop
  endfacet
  facet normal -6.384645e-01 0.000000e+00 -7.696512e-01
    outer loop
      vertex   1.228575e+00 2.000000e+00 1.383150e+00
      vertex   1.132396e+00 4.000000e+00 1.462935e+00
      vertex   1.228575e+00 4.000000e+00 1.383150e+00
    endloop
  endfacet
  facet normal -6.889669e-01 0.000000e+00 -7.247928e-01
    outer loop
      vertex   1.228575e+00 2.000000e+00 1.383150e+00
      vertex   1.228575e+00 4.000000e+00 1.383150e+00
      vertex   1.319148e+00 2.000000e+00 1.297054e+00
    endloop
  endfacet
  facet normal -6.889669e-01 0.000000e+00 -7.247928e-01
    outer loop
      vertex   1.319148e+00 2.000000e+00 1.297054e+00
      vertex   1.228575e+00 4.000000e+00 1.383150e+00
      vertex   1.319148e+00 4.000000e+00 1.297054e+00
    endloop
  endfacet
  facet normal -7.363257e-01 0.000000e+00 -6.766273e-01
    outer loop
      vertex   1.319148e+00 2.000000e+00 1.297054e+00
      vertex   1.319148e+00 4.000000e+00 1.297054e+00
      vertex   1.403703e+00 2.000000e+00 1.205039e+00
    endloop
  endfacet
  facet normal -7.363257e-01 0.000000e+00 -6.766273e-01
    outer loop
      vertex   1.403703e+00 2.000000e+00 1.205039e+00
      vertex   1.319148e+00 4.000000e+00 1.297054e+00
      vertex   1.403703e+00 4.000000e+00 1.205039e+00
    endloop
  endfacet
  facet normal -7.803248e-01 0.000000e+00 -6.253745e-01
    outer loop
      vertex   1.403703e+00 2.000000e+00 1.205039e+00
      vertex   1.403703e+00 4.000000e+00 1.205039e+00
      vertex   1.481852e+00 2.000000e+00 1.107526e+00
    endloop
  endfacet
  facet normal -7.803248e-01 0.000000e+00 -6.253745e-01
    outer loop
      vertex   1.481852e+00 2.000000e+00 1.107526e+00
      vertex   1.403703e+00 4.000000e+00 1.205039e+00
      vertex   1.481852e+00 4.000000e+00 1.107526e+00
    endloop
  endfacet
  facet normal -8.207634e-01 0.000000e+00 -5.712682e-01
    outer loop
      vertex   1.481852e+00 2.000000e+00 1.107526e+00
      vertex   1.481852e+00 4.000000e+00 1.107526e+00
      vertex   1.553240e+00 2.000000e+00 1.004960e+00
    endloop
  endfacet
  facet normal -8.207634e-01 0.000000e+00 -5.712682e-01
    outer loop
      vertex   1.553240e+00 2.000000e+00 1.004960e+00
      vertex   1.481852e+00 4.000000e+00 1.107526e+00
      vertex   1.553240e+00 4.000000e+00 1.004960e+00
    endloop
  endfacet
  facet normal -8.574571e-01 0.000000e+00 -5.145554e-01
    outer loop
      vertex   1.553240e+00 2.000000e+00 1.004960e+00
      vertex   1.553240e+00 4.000000e+00 1.004960e+00
      vertex   1.617541e+00 2.000000e+00 8.978086e-01
    endloop
  endfacet
  facet normal -8.574571e-01 0.000000e+00 -5.145554e-01
    outer loop
      vertex   1.617541e+00 2.000000e+00 8.978086e-01
      vertex   1.553240e+00 4.000000e+00 1.004960e+00
      vertex   1.617541e+00 4.000000e+00 8.978086e-01
    endloop
  endfacet
  facet normal -8.902385e-01 0.000000e+00 -4.554948e-01
    outer loop
      vertex   1.617541e+00 2.000000e+00 8.978086e-01
      vertex   1.617541e+00 4.000000e+00 8.978086e-01
      vertex   1.674462e+00 2.000000e+00 7.865606e-01
    endloop
  endfacet
  facet normal -8.902385e-01 0.000000e+00 -4.554948e-01
    outer loop
      vertex   1.674462e+00 2.000000e+00 7.865606e-01
      vertex   1.617541e+00 4.000000e+00 8.978086e-01
      vertex   1.674462e+00 4.000000e+00 7.865606e-01
    endloop
  endfacet
  facet normal -9.189578e-01 0.000000e+00 -3.943559e-01
    outer loop
      vertex   1.674462e+00 2.000000e+00 7.865606e-01
      vertex   1.674462e+00 4.000000e+00 7.865606e-01
      vertex   1.723742e+00 2.000000e+00 6.717236e-01
    endloop
  endfacet
  facet normal -9.189578e-01 0.000000e+00 -3.943559e-01
    outer loop
      vertex   1.723742e+00 2.000000e+00 6.717236e-01
      vertex   1.674462e+00 4.000000e+00 7.865606e-01
      vertex   1.723742e+00 4.000000e+00 6.717236e-01
    endloop
  endfacet
  facet normal -9.434842e-01 0.000000e+00 -3.314176e-01
    outer loop
      vertex   1.723742e+00 2.000000e+00 6.717236e-01
      vertex   1.723742e+00 4.000000e+00 6.717236e-01
      vertex   1.765158e+00 2.000000e+00 5.538218e-01
    endloop
  endfacet
  facet normal -9.434842e-01 0.000000e+00 -3.314176e-01
    outer loop
      vertex   1.765158e+00 2.000000e+00 5.538218e-01
      vertex   1.723742e+00 4.000000e+00 6.717236e-01
      vertex   1.765158e+00 4.000000e+00 5.538218e-01
    endloop
  endfacet
  facet normal -9.637056e-01 0.000000e+00 -2.669671e-01
    outer loop
      vertex   1.765158e+00 2.000000e+00 5.538218e-01
      vertex   1.765158e+00 4.000000e+00 5.538218e-01
      vertex   1.798519e+00 2.000000e+00 4.333930e-01
    endloop
  endfacet
  facet normal -9.637056e-01 0.000000e+00 -2.669671e-01
    outer loop
      vertex   1.798519e+00 2.000000e+00 4.333930e-01
      vertex   1.765158e+00 4.000000e+00 5.538218e-01
      vertex   1.798519e+00 4.000000e+00 4.333930e-01
    endloop
  endfacet
  facet normal -9.795299e-01 0.000000e+00 -2.012985e-01
    outer loop
      vertex   1.798519e+00 2.000000e+00 4.333930e-01
      vertex   1.798519e+00 4.000000e+00 4.333930e-01
      vertex   1.823674e+00 2.000000e+00 3.109867e-01
    endloop
  endfacet
  facet normal -9.795299e-01 0.000000e+00 -2.012985e-01
    outer loop
      vertex   1.823674e+00 2.000000e+00 3.109867e-01
      vertex   1.798519e+00 4.000000e+00 4.333930e-01
      vertex   1.823674e+00 4.000000e+00 3.109867e-01
    endloop
  endfacet
  facet normal -9.908849e-01 0.000000e+00 -1.347115e-01
    outer loop
      vertex   1.823674e+00 2.000000e+00 3.109867e-01
      vertex   1.823674e+00 4.000000e+00 3.109867e-01
      vertex   1.840508e+00 2.000000e+00 1.871614e-01
    endloop
  endfacet
  facet normal -9.908849e-01 0.000000e+00 -1.347115e-01
    outer loop
      vertex   1.840508e+00 2.000000e+00 1.871614e-01
      vertex   1.823674e+00 4.000000e+00 3.109867e-01
      vertex   1.840508e+00 4.000000e+00 1.871614e-01
    endloop
  endfacet
  facet normal -9.977186e-01 0.000000e+00 -6.750975e-02
    outer loop
      vertex   1.840508e+00 2.000000e+00 1.871614e-01
      vertex   1.840508e+00 4.000000e+00 1.871614e-01
      vertex   1.848945e+00 2.000000e+00 6.248216e-02
    endloop
  endfacet
  facet normal -9.977186e-01 0.000000e+00 -6.750975e-02
    outer loop
      vertex   1.848945e+00 2.000000e+00 6.248216e-02
      vertex   1.840508e+00 4.000000e+00 1.871614e-01
      vertex   1.848945e+00 4.000000e+00 6.248216e-02
    endloop
  endfacet
  facet normal -1.000000e+00 0.000000e+00 0.000000e+00
    outer loop
      vertex   1.848945e+00 2.000000e+00 6.248216e-02
      vertex   1.848945e+00 4.000000e+00 6.248216e-02
      vertex   1.848945e+00 2.000000e+00 -6.248216e-02
    endloop
  endfacet
  facet normal -1.000000e+00 0.000000e+00 0.000000e+00
    outer loop
      vertex   1.848945e+00 2.000000e+00 -6.248216e-02
      vertex   1.848945e+00 4.000000e+00 6.248216e-02
      vertex   1.848945e+00 4.000000e+00 -6.248216e-02
    endloop
  endfacet
  facet normal -9.977186e-01 0.000000e+00 6.750975e-02
    outer loop
      vertex   1.848945e+00 2.000000e+00 -6.248216e-02
      vertex   1.848945e+00 4.000000e+00 -6.248216e-02
      vertex   1.840508e+00 2.000000e+00 -1.871614e-01
    endloop
  endfacet
  facet normal -9.977186e-01 0.000000e+00 6.750975e-02
    outer loop
      vertex   1.840508e+00 2.000000e+00 -1.871614e-01
      vertex   1.848945e+00 4.000000e+00 -6.248216e-02
      vertex   1.840508e+00 4.000000e+00 -1.871614e-01
    endloop
  endfacet
  facet normal -9.908849e-01 0.000000e+00 1.347115e-01
    outer loop
      vertex   1.840508e+00 2.000000e+00 -1.871614e-01
      vertex   1.840508e+00 4.000000e+00 -1.871614e-01
      vertex   1.823674e+00 2.000000e+00 -3.109867e-01
    endloop
  endfacet
  facet normal -9.908849e-01 0.000000e+00 1.347115e-01
    outer loop
      vertex   1.823674e+00 2.000000e+00 -3.109867e-01
      vertex   1.840508e+00 4.000000e+00 -1.871614e-01
      vertex   1.823674e+00 4.000000e+00 -3.109867e-01
    endloop
  endfacet
  facet normal -9.795299e-01 0.000000e+00 2.012985e-01
    outer loop
      vertex   1.823674e+00 2.000000e+00 -3.109867e-01
      vertex   1.823674e+00 4.000000e+00 -3.109867e-01
      vertex   1.798519e+00 2.000000e+00 -4.333930e-01
    endloop
  endfacet
  facet normal -9.795299e-01 0.000000e+00 2.012985e-01
    outer loop
      vertex   1.798519e+00 2.000000e+00 -4.333930e-01
      vertex   1.823674e+00 4.000000e+00 -3.109867e-01
      vertex   1.798519e+00 4.000000e+00 -4.333930e-01
    endloop
  endfacet
  facet normal -9.637056e-01 0.000000e+00 2.669671e-01
    outer loop
      vertex   1.798519e+00 2.000000e+00 -4.333930e-01
      vertex   1.798519e+00 4.000000e+00 -4.333930e-01
      vertex   1.765158e+00 2.000000e+00 -5.538218e-01
    endloop
  endfacet
  facet normal -9.637056e-01 0.000000e+00 2.669671e-01
    outer loop
      vertex   1.765158e+00 2.000000e+00 -5.538218e-01
      vertex   1.798519e+00 4.000000e+00 -4.333930e-01
      vertex   1.765158e+00 4.000000e+00 -5.538218e-01
    endloop
  endfacet
  facet normal -9.434842e-01 0.000000e+00 3.314176e-01
    outer loop
      vertex   1.765158e+00 2.000000e+00 -5.538218e-01
      vertex   1.765158e+00 4.000000e+00 -5.538218e-01
      vertex   1.723742e+00 2.000000e+00 -6.717236e-01
    endloop
  endfacet
  facet normal -9.434842e-01 0.000000e+00 3.314176e-01
    outer loop
      vertex   1.723742e+00 2.000000e+00 -6.717236e-01
      vertex   1.765158e+00 4.000000e+00 -5.538218e-01
      vertex   1.723742e+00 4.000000e+00 -6.717236e-01
    endloop
  endfacet
  facet normal -9.189578e-01 0.000000e+00 3.943559e-01
    outer loop
      vertex   1.723742e+00 2.000000e+00 -6.717236e-01
      vertex   1.723742e+00 4.000000e+00 -6.717236e-01
      vertex   1.674462e+00 2.000000e+00 -7.865606e-01
    endloop
  endfacet
  facet normal -9.189578e-01 0.000000e+00 3.943559e-01
    outer loop
      vertex   1.674462e+00 2.000000e+00 -7.865606e-01
      vertex   1.723742e+00 4.000000e+00 -6.717236e-01
      vertex   1.674462e+00 4.000000e+00 -7.865606e-01
    endloop
  endfacet
  facet normal -8.902385e-01 0.000000e+00 4.554948e-01
    outer loop
      vertex   1.674462e+00 2.000000e+00 -7.865606e-01
      vertex   1.674462e+00 4.000000e+00 -7.865606e-01
      vertex   1.617541e+00 2.000000e+00 -8.978086e-01
    endloop
  endfacet
  facet normal -8.902385e-01 0.000000e+00 4.554948e-01
    outer loop
      vertex   1.617541e+00 2.000000e+00 -8.978086e-01
      vertex   1.674462e+00 4.000000e+00 -7.865606e-01
      vertex   1.617541e+00 4.000000e+00 -8.978086e-01
    endloop
  endfacet
  facet normal -8.574571e-01 0.000000e+00 5.145554e-01
    outer loop
      vertex   1.617541e+00 2.000000e+00 -8.978086e-01
      vertex   1.617541e+00 4.000000e+00 -8.978086e-01
      vertex   1.553240e+00 2.000000e+00 -1.004960e+00
    endloop
  endfacet
  facet normal -8.574571e-01 0.000000e+00 5.145554e-01
    outer loop
      vertex   1.553240e+00 2.000000e+00 -1.004960e+00
      vertex   1.617541e+00 4.000000e+00 -8.978086e-01
      vertex   1.553240e+00 4.000000e+00 -1.004960e+00
    endloop
  endfacet
  facet normal -8.207634e-01 0.000000e+00 5.712682e-01
    outer loop
      vertex   1.553240e+00 2.000000e+00 -1.004960e+00
      vertex   1.553240e+00 4.000000e+00 -1.004960e+00
      vertex   1.481852e+00 2.000000e+00 -1.107526e+00
    endloop
  endfacet
  facet normal -8.207634e-01 0.000000e+00 5.712682e-01
    outer loop
      vertex   1.481852e+00 2.000000e+00 -1.107526e+00
      vertex   1.553240e+00 4.000000e+00 -1.004960e+00
      vertex   1.481852e+00 4.000000e+00 -1.107526e+00
    endloop
  endfacet
  facet normal -7.803248e-01 0.000000e+00 6.253745e-01
    outer loop
      vertex   1.481852e+00 2.000000e+00 -1.107526e+00
      vertex   1.481852e+00 4.000000e+00 -1.107526e+00
      vertex   1.403703e+00 2.000000e+00 -1.205039e+00
    endloop
  endfacet
  facet normal -7.803248e-01 0.000000e+00 6.253745e-01
    outer loop
      vertex   1.403703e+00 2.000000e+00 -1.205039e+00
      vertex   1.481852e+00 4.000000e+00 -1.107526e+00
      vertex   1.403703e+00 4.000000e+00 -1.205039e+00
    endloop
  endfacet
  facet normal -7.363257e-01 0.000000e+00 6.766273e-01
    outer loop
      vertex   1.403703e+00 2.000000e+00 -1.205039e+00
      vertex   1.403703e+00 4.000000e+00 -1.205039e+00
      vertex   1.319148e+00 2.000000e+00 -1.297054e+00
    endloop
  endfacet
  facet normal -7.363257e-01 0.000000e+00 6.766273e-01
    outer loop
      vertex   1.319148e+00 2.000000e+00 -1.297054e+00
      vertex   1.403703e+00 4.000000e+00 -1.205039e+00
      vertex   1.319148e+00 4.000000e+00 -1.297054e+00
    endloop
  endfacet
  facet normal -6.889669e-01 0.000000e+00 7.247928e-01
    outer loop
      vertex   1.319148e+00 2.000000e+00 -1.297054e+00
      vertex   1.319148e+00 4.000000e+00 -1.297054e+00
      vertex   1.228575e+00 2.000000e+00 -1.383150e+00
    endloop
  endfacet
  facet normal -6.889669e-01 0.000000e+00 7.247928e-01
    outer loop
      vertex   1.228575e+00 2.000000e+00 -1.383150e+00
      vertex   1.319148e+00 4.000000e+00 -1.297054e+00
      vertex   1.228575e+00 4.000000e+00 -1.383150e+00
    endloop
  endfacet
  facet normal -6.384645e-01 0.000000e+00 7.696512e-01
    outer loop
      vertex   1.228575e+00 2.000000e+00 -1.383150e+00
      vertex   1.228575e+00 4.000000e+00 -1.383150e+00
      vertex   1.132396e+00 2.000000e+00 -1.462935e+00
    endloop
  endfacet
  facet normal -6.384645e-01 0.000000e+00 7.696512e-01
    outer loop
      vertex   1.132396e+00 2.000000e+00 -1.462935e+00
      vertex   1.228575e+00 4.000000e+00 -1.383150e+00
      vertex   1.132396e+00 4.000000e+00 -1.462935e+00
    endloop
  endfacet
  facet normal -5.850490e-01 0.000000e+00 8.109979e-01
    outer loop
      vertex   1.132396e+00 2.000000e+00 -1.462935e+00
      vertex   1.132396e+00 4.000000e+00 -1.462935e+00
      vertex   1.031050e+00 2.000000e+00 -1.536045e+00
    endloop
  endfacet
  facet normal -5.850490e-01 0.000000e+00 8.109979e-01
    outer loop
      vertex   1.031050e+00 2.000000e+00 -1.536045e+00
      vertex   1.132396e+00 4.000000e+00 -1.462935e+00
      vertex   1.031050e+00 4.000000e+00 -1.536045e+00
    endloop
  endfacet
  facet normal -5.289640e-01 0.000000e+00 8.486443e-01
    outer loop
      vertex   1.031050e+00 2.000000e+00 -1.536045e+00
      vertex   1.031050e+00 4.000000e+00 -1.536045e+00
      vertex   9.250000e-01 2.000000e+00 -1.602147e+00
    endloop
  endfacet
  facet normal -5.289640e-01 0.000000e+00 8.486443e-01
    outer loop
      vertex   9.250000e-01 2.000000e+00 -1.602147e+00
      vertex   1.031050e+00 4.000000e+00 -1.536045e+00
      vertex   9.250000e-01 4.000000e+00 -1.602147e+00
    endloop
  endfacet
  facet normal -4.704655e-01 0.000000e+00 8.824184e-01
    outer loop
      vertex   9.250000e-01 2.000000e+00 -1.602147e+00
      vertex   9.250000e-01 4.000000e+00 -1.602147e+00
      vertex   8.147292e-01 2.000000e+00 -1.660938e+00
    endloop
  endfacet
  facet normal -4.704655e-01 0.000000e+00 8.824184e-01
    outer loop
      vertex   8.147292e-01 2.000000e+00 -1.660938e+00
      vertex   9.250000e-01 4.000000e+00 -1.602147e+00
      vertex   8.147292e-01 4.000000e+00 -1.660938e+00
    endloop
  endfacet
  facet normal -4.098203e-01 0.000000e+00 9.121663e-01
    outer loop
      vertex   8.147292e-01 2.000000e+00 -1.660938e+00
      vertex   8.147292e-01 4.000000e+00 -1.660938e+00
      vertex   7.007409e-01 2.000000e+00 -1.712151e+00
    endloop
  endfacet
  facet normal -4.098203e-01 0.000000e+00 9.121663e-01
    outer loop
      vertex   7.007409e-01 2.000000e+00 -1.712151e+00
      vertex   8.147292e-01 4.000000e+00 -1.660938e+00
      vertex   7.007409e-01 4.000000e+00 -1.712151e+00
    endloop
  endfacet
  facet normal -3.473053e-01 0.000000e+00 9.377521e-01
    outer loop
      vertex   7.007409e-01 2.000000e+00 -1.712151e+00
      vertex   7.007409e-01 4.000000e+00 -1.712151e+00
      vertex   5.835554e-01 2.000000e+00 -1.755552e+00
    endloop
  endfacet
  facet normal -3.473053e-01 0.000000e+00 9.377521e-01
    outer loop
      vertex   5.835554e-01 2.000000e+00 -1.755552e+00
      vertex   7.007409e-01 4.000000e+00 -1.712151e+00
      vertex   5.835554e-01 4.000000e+00 -1.755552e+00
    endloop
  endfacet
  facet normal -2.832055e-01 0.000000e+00 9.590592e-01
    outer loop
      vertex   5.835554e-01 2.000000e+00 -1.755552e+00
      vertex   5.835554e-01 4.000000e+00 -1.755552e+00
      vertex   4.637072e-01 2.000000e+00 -1.790943e+00
    endloop
  endfacet
  facet normal -2.832055e-01 0.000000e+00 9.590592e-01
    outer loop
      vertex   4.637072e-01 2.000000e+00 -1.790943e+00
      vertex   5.835554e-01 4.000000e+00 -1.755552e+00
      vertex   4.637072e-01 4.000000e+00 -1.790943e+00
    endloop
  endfacet
  facet normal -2.178136e-01 0.000000e+00 9.759904e-01
    outer loop
      vertex   4.637072e-01 2.000000e+00 -1.790943e+00
      vertex   4.637072e-01 4.000000e+00 -1.790943e+00
      vertex   3.417432e-01 2.000000e+00 -1.818162e+00
    endloop
  endfacet
  facet normal -2.178136e-01 0.000000e+00 9.759904e-01
    outer loop
      vertex   3.417432e-01 2.000000e+00 -1.818162e+00
      vertex   4.637072e-01 4.000000e+00 -1.790943e+00
      vertex   3.417432e-01 4.000000e+00 -1.818162e+00
    endloop
  endfacet
  facet normal -1.514278e-01 0.000000e+00 9.884683e-01
    outer loop
      vertex   3.417432e-01 2.000000e+00 -1.818162e+00
      vertex   3.417432e-01 4.000000e+00 -1.818162e+00
      vertex   2.182199e-01 2.000000e+00 -1.837085e+00
    endloop
  endfacet
  facet normal -1.514278e-01 0.000000e+00 9.884683e-01
    outer loop
      vertex   2.182199e-01 2.000000e+00 -1.837085e+00
      vertex   3.417432e-01 4.000000e+00 -1.818162e+00
      vertex   2.182199e-01 4.000000e+00 -1.837085e+00
    endloop
  endfacet
  facet normal -8.435107e-02 0.000000e+00 9.964361e-01
    outer loop
      vertex   2.182199e-01 2.000000e+00 -1.837085e+00
      vertex   2.182199e-01 4.000000e+00 -1.837085e+00
      vertex   9.370096e-02 2.000000e+00 -1.847626e+00
    endloop
  endfacet
  facet normal -8.435107e-02 0.000000e+00 9.964361e-01
    outer loop
      vertex   9.370096e-02 2.000000e+00 -1.847626e+00
      vertex   2.182199e-01 4.000000e+00 -1.837085e+00
      vertex   9.370096e-02 4.000000e+00 -1.847626e+00
    endloop
  endfacet
  facet normal -1.688948e-02 0.000000e+00 9.998574e-01
    outer loop
      vertex   9.370096e-02 2.000000e+00 -1.847626e+00
      vertex   9.370096e-02 4.000000e+00 -1.847626e+00
      vertex   -3.124554e-02 2.000000e+00 -1.849736e+00
    endloop
  endfacet
  facet normal -1.688948e-02 0.000000e+00 9.998574e-01
    outer loop
      vertex   -3.124554e-02 2.000000e+00 -1.849736e+00
      vertex   9.370096e-02 4.000000e+00 -1.847626e+00
      vertex   -3.124554e-02 4.000000e+00 -1.849736e+00
    endloop
  endfacet
  facet normal 5.064917e-02 -0.000000e+00 9.987165e-01
    outer loop
      vertex   -3.124554e-02 2.000000e+00 -1.849736e+00
      vertex   -3.124554e-02 4.000000e+00 -1.849736e+00
      vertex   -1.560495e-01 2.000000e+00 -1.843407e+00
    endloop
  endfacet
  facet normal 5.064917e-02 -0.000000e+00 9.987165e-01
    outer loop
      vertex   -1.560495e-01 2.000000e+00 -1.843407e+00
      vertex   -3.124554e-02 4.000000e+00 -1.849736e+00
      vertex   -1.560495e-01 4.000000e+00 -1.843407e+00
    endloop
  endfacet
  facet normal 1.179567e-01 -0.000000e+00 9.930187e-01
    outer loop
      vertex   -1.560495e-01 2.000000e+00 -1.843407e+00
      vertex   -1.560495e-01 4.000000e+00 -1.843407e+00
      vertex   -2.801414e-01 2.000000e+00 -1.828666e+00
    endloop
  endfacet
  facet normal 1.179567e-01 -0.000000e+00 9.930187e-01
    outer loop
      vertex   -2.801414e-01 2.000000e+00 -1.828666e+00
      vertex   -1.560495e-01 4.000000e+00 -1.843407e+00
      vertex   -2.801414e-01 4.000000e+00 -1.828666e+00
    endloop
  endfacet
  facet normal 1.847261e-01 -0.000000e+00 9.827901e-01
    outer loop
      vertex   -2.801414e-01 2.000000e+00 -1.828666e+00
      vertex   -2.801414e-01 4.000000e+00 -1.828666e+00
      vertex   -4.029551e-01 2.000000e+00 -1.805582e+00
    endloop
  endfacet
  facet normal 1.847261e-01 -0.000000e+00 9.827901e-01
    outer loop
      vertex   -4.029551e-01 2.000000e+00 -1.805582e+00
      vertex   -2.801414e-01 4.000000e+00 -1.828666e+00
      vertex   -4.029551e-01 4.000000e+00 -1.805582e+00
    endloop
  endfacet
  facet normal 2.506525e-01 -0.000000e+00 9.680771e-01
    outer loop
      vertex   -4.029551e-01 2.000000e+00 -1.805582e+00
      vertex   -4.029551e-01 4.000000e+00 -1.805582e+00
      vertex   -5.239302e-01 2.000000e+00 -1.774260e+00
    endloop
  endfacet
  facet normal 2.506525e-01 -0.000000e+00 9.680771e-01
    outer loop
      vertex   -5.239302e-01 2.000000e+00 -1.774260e+00
      vertex   -4.029551e-01 4.000000e+00 -1.805582e+00
      vertex   -5.239302e-01 4.000000e+00 -1.774260e+00
    endloop
  endfacet
  facet normal 3.154353e-01 -0.000000e+00 9.489471e-01
    outer loop
      vertex   -5.239302e-01 2.000000e+00 -1.774260e+00
      vertex   -5.239302e-01 4.000000e+00 -1.774260e+00
      vertex   -6.425147e-01 2.000000e+00 -1.734841e+00
    endloop
  endfacet
  facet normal 3.154353e-01 -0.000000e+00 9.489471e-01
    outer loop
      vertex   -6.425147e-01 2.000000e+00 -1.734841e+00
      vertex   -5.239302e-01 4.000000e+00 -1.774260e+00
      vertex   -6.425147e-01 4.000000e+00 -1.734841e+00
    endloop
  endfacet
  facet normal 3.787789e-01 -0.000000e+00 9.254872e-01
    outer loop
      vertex   -6.425147e-01 2.000000e+00 -1.734841e+00
      vertex   -6.425147e-01 4.000000e+00 -1.734841e+00
      vertex   -7.581676e-01 2.000000e+00 -1.687508e+00
    endloop
  endfacet
  facet normal 3.787789e-01 -0.000000e+00 9.254872e-01
    outer loop
      vertex   -7.581676e-01 2.000000e+00 -1.687508e+00
      vertex   -6.425147e-01 4.000000e+00 -1.734841e+00
      vertex   -7.581676e-01 4.000000e+00 -1.687508e+00
    endloop
  endfacet
  facet normal 4.403942e-01 -0.000000e+00 8.978045e-01
    outer loop
      vertex   -7.581676e-01 2.000000e+00 -1.687508e+00
      vertex   -7.581676e-01 4.000000e+00 -1.687508e+00
      vertex   -8.703611e-01 2.000000e+00 -1.632474e+00
    endloop
  endfacet
  facet normal 4.403942e-01 -0.000000e+00 8.978045e-01
    outer loop
      vertex   -8.703611e-01 2.000000e+00 -1.632474e+00
      vertex   -7.581676e-01 4.000000e+00 -1.687508e+00
      vertex   -8.703611e-01 4.000000e+00 -1.632474e+00
    endloop
  endfacet
  facet normal 5.000000e-01 -0.000000e+00 8.660254e-01
    outer loop
      vertex   -8.703611e-01 2.000000e+00 -1.632474e+00
      vertex   -8.703611e-01 4.000000e+00 -1.632474e+00
      vertex   -9.785834e-01 2.000000e+00 -1.569992e+00
    endloop
  endfacet
  facet normal 5.000000e-01 -0.000000e+00 8.660254e-01
    outer loop
      vertex   -9.785834e-01 2.000000e+00 -1.569992e+00
      vertex   -8.703611e-01 4.000000e+00 -1.632474e+00
      vertex   -9.785834e-01 4.000000e+00 -1.569992e+00
    endloop
  endfacet
  facet normal 5.573245e-01 -0.000000e+00 8.302948e-01
    outer loop
      vertex   -9.785834e-01 2.000000e+00 -1.569992e+00
      vertex   -9.785834e-01 4.000000e+00 -1.569992e+00
      vertex   -1.082341e+00 2.000000e+00 -1.500346e+00
    endloop
  endfacet
  facet normal 5.573245e-01 -0.000000e+00 8.302948e-01
    outer loop
      vertex   -1.082341e+00 2.000000e+00 -1.500346e+00
      vertex   -9.785834e-01 4.000000e+00 -1.569992e+00
      vertex   -1.082341e+00 4.000000e+00 -1.500346e+00
    endloop
  endfacet
  facet normal 6.121060e-01 -0.000000e+00 7.907757e-01
    outer loop
      vertex   -1.082341e+00 2.000000e+00 -1.500346e+00
      vertex   -1.082341e+00 4.000000e+00 -1.500346e+00
      vertex   -1.181159e+00 2.000000e+00 -1.423855e+00
    endloop
  endfacet
  facet normal 6.121060e-01 -0.000000e+00 7.907757e-01
    outer loop
      vertex   -1.181159e+00 2.000000e+00 -1.423855e+00
      vertex   -1.082341e+00 4.000000e+00 -1.500346e+00
      vertex   -1.181159e+00 4.000000e+00 -1.423855e+00
    endloop
  endfacet
  facet normal 6.640946e-01 -0.000000e+00 7.476486e-01
    outer loop
      vertex   -1.181159e+00 2.000000e+00 -1.423855e+00
      vertex   -1.181159e+00 4.000000e+00 -1.423855e+00
      vertex   -1.274589e+00 2.000000e+00 -1.340867e+00
    endloop
  endfacet
  facet normal 6.640946e-01 -0.000000e+00 7.476486e-01
    outer loop
      vertex   -1.274589e+00 2.000000e+00 -1.340867e+00
      vertex   -1.181159e+00 4.000000e+00 -1.423855e+00
      vertex   -1.274589e+00 4.000000e+00 -1.340867e+00
    endloop
  endfacet
  facet normal 7.130531e-01 -0.000000e+00 7.011100e-01
    outer loop
      vertex   -1.274589e+00 2.000000e+00 -1.340867e+00
      vertex   -1.274589e+00 4.000000e+00 -1.340867e+00
      vertex   -1.362203e+00 2.000000e+00 -1.251760e+00
    endloop
  endfacet
  facet normal 7.130531e-01 -0.000000e+00 7.011100e-01
    outer loop
      vertex   -1.362203e+00 2.000000e+00 -1.251760e+00
      vertex   -1.274589e+00 4.000000e+00 -1.340867e+00
      vertex   -1.362203e+00 4.000000e+00 -1.251760e+00
    endloop
  endfacet
  facet normal 7.587581e-01 -0.000000e+00 6.513725e-01
    outer loop
      vertex   -1.362203e+00 2.000000e+00 -1.251760e+00
      vertex   -1.362203e+00 4.000000e+00 -1.251760e+00
      vertex   -1.443601e+00 2.000000e+00 -1.156943e+00
    endloop
  endfacet
  facet normal 7.587581e-01 -0.000000e+00 6.513725e-01
    outer loop
      vertex   -1.443601e+00 2.000000e+00 -1.156943e+00
      vertex   -1.362203e+00 4.000000e+00 -1.251760e+00
      vertex   -1.443601e+00 4.000000e+00 -1.156943e+00
    endloop
  endfacet
  facet normal 8.010011e-01 -0.000000e+00 5.986629e-01
    outer loop
      vertex   -1.443601e+00 2.000000e+00 -1.156943e+00
      vertex   -1.443601e+00 4.000000e+00 -1.156943e+00
      vertex   -1.518412e+00 2.000000e+00 -1.056846e+00
    endloop
  endfacet
  facet normal 8.010011e-01 -0.000000e+00 5.986629e-01
    outer loop
      vertex   -1.518412e+00 2.000000e+00 -1.056846e+00
      vertex   -1.443601e+00 4.000000e+00 -1.156943e+00
      vertex   -1.518412e+00 4.000000e+00 -1.056846e+00
    endloop
  endfacet
  facet normal 8.395893e-01 -0.000000e+00 5.432217e-01
    outer loop
      vertex   -1.518412e+00 2.000000e+00 -1.056846e+00
      vertex   -1.518412e+00 4.000000e+00 -1.056846e+00
      vertex   -1.586296e+00 2.000000e+00 -9.519275e-01
    endloop
  endfacet
  facet normal 8.395893e-01 -0.000000e+00 5.432217e-01
    outer loop
      vertex   -1.586296e+00 2.000000e+00 -9.519275e-01
      vertex   -1.518412e+00 4.000000e+00 -1.056846e+00
      vertex   -1.586296e+00 4.000000e+00 -9.519275e-01
    endloop
  endfacet
  facet normal 8.743466e-01 -0.000000e+00 4.853020e-01
    outer loop
      vertex   -1.586296e+00 2.000000e+00 -9.519275e-01
      vertex   -1.586296e+00 4.000000e+00 -9.519275e-01
      vertex   -1.646941e+00 2.000000e+00 -8.426654e-01
    endloop
  endfacet
  facet normal 8.743466e-01 -0.000000e+00 4.853020e-01
    outer loop
      vertex   -1.646941e+00 2.000000e+00 -8.426654e-01
      vertex   -1.586296e+00 4.000000e+00 -9.519275e-01
      vertex   -1.646941e+00 4.000000e+00 -8.426654e-01
    endloop
  endfacet
  facet normal 9.051145e-01 -0.000000e+00 4.251679e-01
    outer loop
      vertex   -1.646941e+00 2.000000e+00 -8.426654e-01
      vertex   -1.646941e+00 4.000000e+00 -8.426654e-01
      vertex   -1.700072e+00 2.000000e+00 -7.295583e-01
    endloop
  endfacet
  facet normal 9.051145e-01 -0.000000e+00 4.251679e-01
    outer loop
      vertex   -1.700072e+00 2.000000e+00 -7.295583e-01
      vertex   -1.646941e+00 4.000000e+00 -8.426654e-01
      vertex   -1.700072e+00 4.000000e+00 -7.295583e-01
    endloop
  endfacet
  facet normal 9.317526e-01 -0.000000e+00 3.630939e-01
    outer loop
      vertex   -1.700072e+00 2.000000e+00 -7.295583e-01
      vertex   -1.700072e+00 4.000000e+00 -7.295583e-01
      vertex   -1.745446e+00 2.000000e+00 -6.131225e-01
    endloop
  endfacet
  facet normal 9.317526e-01 -0.000000e+00 3.630939e-01
    outer loop
      vertex   -1.745446e+00 2.000000e+00 -6.131225e-01
      vertex   -1.700072e+00 4.000000e+00 -7.295583e-01
      vertex   -1.745446e+00 4.000000e+00 -6.131225e-01
    endloop
  endfacet
  facet normal 9.541393e-01 -0.000000e+00 2.993631e-01
    outer loop
      vertex   -1.745446e+00 2.000000e+00 -6.131225e-01
      vertex   -1.745446e+00 4.000000e+00 -6.131225e-01
      vertex   -1.782855e+00 2.000000e+00 -4.938891e-01
    endloop
  endfacet
  facet normal 9.541393e-01 -0.000000e+00 2.993631e-01
    outer loop
      vertex   -1.782855e+00 2.000000e+00 -4.938891e-01
      vertex   -1.745446e+00 4.000000e+00 -6.131225e-01
      vertex   -1.782855e+00 4.000000e+00 -4.938891e-01
    endloop
  endfacet
  facet normal 9.721724e-01 -0.000000e+00 2.342665e-01
    outer loop
      vertex   -1.782855e+00 2.000000e+00 -4.938891e-01
      vertex   -1.782855e+00 4.000000e+00 -4.938891e-01
      vertex   -1.812130e+00 2.000000e+00 -3.724023e-01
    endloop
  endfacet
  facet normal 9.721724e-01 -0.000000e+00 2.342665e-01
    outer loop
      vertex   -1.812130e+00 2.000000e+00 -3.724023e-01
      vertex   -1.782855e+00 4.000000e+00 -4.938891e-01
      vertex   -1.812130e+00 4.000000e+00 -3.724023e-01
    endloop
  endfacet
  facet normal 9.857698e-01 -0.000000e+00 1.681009e-01
    outer loop
      vertex   -1.812130e+00 2.000000e+00 -3.724023e-01
      vertex   -1.812130e+00 4.000000e+00 -3.724023e-01
      vertex   -1.833137e+00 2.000000e+00 -2.492162e-01
    endloop
  endfacet
  facet normal 9.857698e-01 -0.000000e+00 1.681009e-01
    outer loop
      vertex   -1.833137e+00 2.000000e+00 -2.492162e-01
      vertex   -1.812130e+00 4.000000e+00 -3.724023e-01
      vertex   -1.833137e+00 4.000000e+00 -2.492162e-01
    endloop
  endfacet
  facet normal 9.948693e-01 -0.000000e+00 1.011683e-01
    outer loop
      vertex   -1.833137e+00 2.000000e+00 -2.492162e-01
      vertex   -1.833137e+00 4.000000e+00 -2.492162e-01
      vertex   -1.845779e+00 2.000000e+00 -1.248930e-01
    endloop
  endfacet
  facet normal 9.948693e-01 -0.000000e+00 1.011683e-01
    outer loop
      vertex   -1.845779e+00 2.000000e+00 -1.248930e-01
      vertex   -1.833137e+00 4.000000e+00 -2.492162e-01
      vertex   -1.845779e+00 4.000000e+00 -1.248930e-01
    endloop
  endfacet
  facet normal 9.994295e-01 -0.000000e+00 3.377414e-02
    outer loop
      vertex   -1.845779e+00 2.000000e+00 -1.248930e-01
      vertex   -1.845779e+00 4.000000e+00 -1.248930e-01
      vertex   -1.850000e+00 2.000000e+00 2.265597e-16
    endloop
  endfacet
  facet normal 9.994295e-01 7.651858e-18 3.377414e-02
    outer loop
      vertex   -1.850000e+00 2.000000e+00 2.265597e-16
      vertex   -1.845779e+00 4.000000e+00 -1.248930e-01
      vertex   -1.850000e+00 4.000000e+00 -2.265597e-16
    endloop
  endfacet
  facet normal -9.930001e-01 -1.132460e-01 -3.355687e-02
    outer loop
      vertex   1.845779e+00 6.000000e+00 1.248930e-01
      vertex   1.544119e+00 8.666667e+00 5.218105e-02
      vertex   1.850000e+00 6.000000e+00 0.000000e+00
    endloop
  endfacet
  facet normal -9.934855e-01 -1.139583e-01 0.000000e+00
    outer loop
      vertex   1.850000e+00 6.000000e+00 0.000000e+00
      vertex   1.544119e+00 8.666667e+00 5.218105e-02
      vertex   1.544119e+00 8.666667e+00 -5.218105e-02
    endloop
  endfacet
  facet normal -9.930001e-01 -1.132460e-01 3.355687e-02
    outer loop
      vertex   1.850000e+00 6.000000e+00 0.000000e+00
      vertex   1.544119e+00 8.666667e+00 -5.218105e-02
      vertex   1.845779e+00 6.000000e+00 -1.248930e-01
    endloop
  endfacet
  facet normal -9.912190e-01 -1.139583e-01 6.706996e-02
    outer loop
      vertex   1.845779e+00 6.000000e+00 -1.248930e-01
      vertex   1.544119e+00 8.666667e+00 -5.218105e-02
      vertex   1.537073e+00 8.666667e+00 -1.563051e-01
    endloop
  endfacet
  facet normal -9.884693e-01 -1.132460e-01 1.005175e-01
    outer loop
      vertex   1.845779e+00 6.000000e+00 -1.248930e-01
      vertex   1.537073e+00 8.666667e+00 -1.563051e-01
      vertex   1.833137e+00 6.000000e+00 -2.492162e-01
    endloop
  endfacet
  facet normal -9.844298e-01 -1.139583e-01 1.338339e-01
    outer loop
      vertex   1.833137e+00 6.000000e+00 -2.492162e-01
      vertex   1.537073e+00 8.666667e+00 -1.563051e-01
      vertex   1.523014e+00 8.666667e+00 -2.597159e-01
    endloop
  endfacet
  facet normal -9.794283e-01 -1.132460e-01 1.670195e-01
    outer loop
      vertex   1.833137e+00 6.000000e+00 -2.492162e-01
      vertex   1.523014e+00 8.666667e+00 -2.597159e-01
      vertex   1.812130e+00 6.000000e+00 -3.724023e-01
    endloop
  endfacet
  facet normal -9.731488e-01 -1.139583e-01 1.999872e-01
    outer loop
      vertex   1.812130e+00 6.000000e+00 -3.724023e-01
      vertex   1.523014e+00 8.666667e+00 -2.597159e-01
      vertex   1.502006e+00 8.666667e+00 -3.619417e-01
    endloop
  endfacet
  facet normal -9.659184e-01 -1.132460e-01 2.327594e-01
    outer loop
      vertex   1.812130e+00 6.000000e+00 -3.724023e-01
      vertex   1.502006e+00 8.666667e+00 -3.619417e-01
      vertex   1.782855e+00 6.000000e+00 -4.938891e-01
    endloop
  endfacet
  facet normal -9.574276e-01 -1.139583e-01 2.652280e-01
    outer loop
      vertex   1.782855e+00 6.000000e+00 -4.938891e-01
      vertex   1.502006e+00 8.666667e+00 -3.619417e-01
      vertex   1.474145e+00 8.666667e+00 -4.625160e-01
    endloop
  endfacet
  facet normal -9.480013e-01 -1.132460e-01 2.974373e-01
    outer loop
      vertex   1.782855e+00 6.000000e+00 -4.938891e-01
      vertex   1.474145e+00 8.666667e+00 -4.625160e-01
      vertex   1.745446e+00 6.000000e+00 -6.131225e-01
    endloop
  endfacet
  facet normal -9.373379e-01 -1.139583e-01 3.292586e-01
    outer loop
      vertex   1.745446e+00 6.000000e+00 -6.131225e-01
      vertex   1.474145e+00 8.666667e+00 -4.625160e-01
      vertex   1.439558e+00 8.666667e+00 -5.609800e-01
    endloop
  endfacet
  facet normal -9.257586e-01 -1.132460e-01 3.607581e-01
    outer loop
      vertex   1.745446e+00 6.000000e+00 -6.131225e-01
      vertex   1.439558e+00 8.666667e+00 -5.609800e-01
      vertex   1.700072e+00 6.000000e+00 -7.295583e-01
    endloop
  endfacet
  facet normal -9.129713e-01 -1.139583e-01 3.917868e-01
    outer loop
      vertex   1.700072e+00 6.000000e+00 -7.295583e-01
      vertex   1.439558e+00 8.666667e+00 -5.609800e-01
      vertex   1.398402e+00 8.666667e+00 -6.568844e-01
    endloop
  endfacet
  facet normal -8.992919e-01 -1.132460e-01 4.224328e-01
    outer loop
      vertex   1.700072e+00 6.000000e+00 -7.295583e-01
      vertex   1.398402e+00 8.666667e+00 -6.568844e-01
      vertex   1.646941e+00 6.000000e+00 -8.426654e-01
    endloop
  endfacet
  facet normal -8.844390e-01 -1.139583e-01 4.525275e-01
    outer loop
      vertex   1.646941e+00 6.000000e+00 -8.426654e-01
      vertex   1.398402e+00 8.666667e+00 -6.568844e-01
      vertex   1.350866e+00 8.666667e+00 -7.497915e-01
    endloop
  endfacet
  facet normal -8.687219e-01 -1.132460e-01 4.821800e-01
    outer loop
      vertex   1.646941e+00 6.000000e+00 -8.426654e-01
      vertex   1.350866e+00 8.666667e+00 -7.497915e-01
      vertex   1.586296e+00 6.000000e+00 -9.519275e-01
    endloop
  endfacet
  facet normal -8.518713e-01 -1.139583e-01 5.112033e-01
    outer loop
      vertex   1.586296e+00 6.000000e+00 -9.519275e-01
      vertex   1.350866e+00 8.666667e+00 -7.497915e-01
      vertex   1.297165e+00 8.666667e+00 -8.392776e-01
    endloop
  endfacet
  facet normal -8.341882e-01 -1.132460e-01 5.397272e-01
    outer loop
      vertex   1.586296e+00 6.000000e+00 -9.519275e-01
      vertex   1.297165e+00 8.666667e+00 -8.392776e-01
      vertex   1.518412e+00 6.000000e+00 -1.056846e+00
    endloop
  endfacet
  facet normal -8.154166e-01 -1.139583e-01 5.675467e-01
    outer loop
      vertex   1.518412e+00 6.000000e+00 -1.056846e+00
      vertex   1.297165e+00 8.666667e+00 -8.392776e-01
      vertex   1.237547e+00 8.666667e+00 -9.249342e-01
    endloop
  endfacet
  facet normal -7.958482e-01 -1.132460e-01 5.948117e-01
    outer loop
      vertex   1.518412e+00 6.000000e+00 -1.056846e+00
      vertex   1.237547e+00 8.666667e+00 -9.249342e-01
      vertex   1.443601e+00 6.000000e+00 -1.156943e+00
    endloop
  endfacet
  facet normal -7.752414e-01 -1.139583e-01 6.213005e-01
    outer loop
      vertex   1.443601e+00 6.000000e+00 -1.156943e+00
      vertex   1.237547e+00 8.666667e+00 -9.249342e-01
      vertex   1.172281e+00 8.666667e+00 -1.006370e+00
    endloop
  endfacet
  facet normal -7.538770e-01 -1.132460e-01 6.471822e-01
    outer loop
      vertex   1.443601e+00 6.000000e+00 -1.156943e+00
      vertex   1.172281e+00 8.666667e+00 -1.006370e+00
      vertex   1.362203e+00 6.000000e+00 -1.251760e+00
    endloop
  endfacet
  facet normal -7.315289e-01 -1.139583e-01 6.722194e-01
    outer loop
      vertex   1.362203e+00 6.000000e+00 -1.251760e+00
      vertex   1.172281e+00 8.666667e+00 -1.006370e+00
      vertex   1.101667e+00 8.666667e+00 -1.083215e+00
    endloop
  endfacet
  facet normal -7.084660e-01 -1.132460e-01 6.965998e-01
    outer loop
      vertex   1.362203e+00 6.000000e+00 -1.251760e+00
      vertex   1.101667e+00 8.666667e+00 -1.083215e+00
      vertex   1.274589e+00 6.000000e+00 -1.340867e+00
    endloop
  endfacet
  facet normal -6.844787e-01 -1.139583e-01 7.200711e-01
    outer loop
      vertex   1.274589e+00 6.000000e+00 -1.340867e+00
      vertex   1.101667e+00 8.666667e+00 -1.083215e+00
      vertex   1.026026e+00 8.666667e+00 -1.155117e+00
    endloop
  endfacet
  facet normal -6.598225e-01 -1.132460e-01 7.428389e-01
    outer loop
      vertex   1.274589e+00 6.000000e+00 -1.340867e+00
      vertex   1.026026e+00 8.666667e+00 -1.155117e+00
      vertex   1.181159e+00 6.000000e+00 -1.423855e+00
    endloop
  endfacet
  facet normal -6.343053e-01 -1.139583e-01 7.646374e-01
    outer loop
      vertex   1.181159e+00 6.000000e+00 -1.423855e+00
      vertex   1.026026e+00 8.666667e+00 -1.155117e+00
      vertex   9.457037e-01 8.666667e+00 -1.221749e+00
    endloop
  endfacet
  facet normal -6.081683e-01 -1.132460e-01 7.856887e-01
    outer loop
      vertex   1.181159e+00 6.000000e+00 -1.423855e+00
      vertex   9.457037e-01 8.666667e+00 -1.221749e+00
      vertex   1.082341e+00 6.000000e+00 -1.500346e+00
    endloop
  endfacet
  facet normal -5.812377e-01 -1.139583e-01 8.057147e-01
    outer loop
      vertex   1.082341e+00 6.000000e+00 -1.500346e+00
      vertex   9.457037e-01 8.666667e+00 -1.221749e+00
      vertex   8.610663e-01 8.666667e+00 -1.282805e+00
    endloop
  endfacet
  facet normal -5.537392e-01 -1.132460e-01 8.249535e-01
    outer loop
      vertex   1.082341e+00 6.000000e+00 -1.500346e+00
      vertex   8.610663e-01 8.666667e+00 -1.282805e+00
      vertex   9.785834e-01 6.000000e+00 -1.569992e+00
    endloop
  endfacet
  facet normal -5.255181e-01 -1.139583e-01 8.431158e-01
    outer loop
      vertex   9.785834e-01 6.000000e+00 -1.569992e+00
      vertex   8.610663e-01 8.666667e+00 -1.282805e+00
      vertex   7.725000e-01 8.666667e+00 -1.338009e+00
    endloop
  endfacet
  facet normal -4.967835e-01 -1.132460e-01 8.604542e-01
    outer loop
      vertex   9.785834e-01 6.000000e+00 -1.569992e+00
      vertex   7.725000e-01 8.666667e+00 -1.338009e+00
      vertex   8.703611e-01 6.000000e+00 -1.632474e+00
    endloop
  endfacet
  facet normal -4.674006e-01 -1.139583e-01 8.766699e-01
    outer loop
      vertex   8.703611e-01 6.000000e+00 -1.632474e+00
      vertex   7.725000e-01 8.666667e+00 -1.338009e+00
      vertex   6.804090e-01 8.666667e+00 -1.387108e+00
    endloop
  endfacet
  facet normal -4.375611e-01 -1.132460e-01 8.920289e-01
    outer loop
      vertex   8.703611e-01 6.000000e+00 -1.632474e+00
      vertex   6.804090e-01 8.666667e+00 -1.387108e+00
      vertex   7.581676e-01 6.000000e+00 -1.687508e+00
    endloop
  endfacet
  facet normal -4.071506e-01 -1.139583e-01 9.062240e-01
    outer loop
      vertex   7.581676e-01 6.000000e+00 -1.687508e+00
      vertex   6.804090e-01 8.666667e+00 -1.387108e+00
      vertex   5.852134e-01 8.666667e+00 -1.429878e+00
    endloop
  endfacet
  facet normal -3.763422e-01 -1.132460e-01 9.195335e-01
    outer loop
      vertex   7.581676e-01 6.000000e+00 -1.687508e+00
      vertex   5.852134e-01 8.666667e+00 -1.429878e+00
      vertex   6.425147e-01 6.000000e+00 -1.734841e+00
    endloop
  endfacet
  facet normal -3.450427e-01 -1.139583e-01 9.316432e-01
    outer loop
      vertex   6.425147e-01 6.000000e+00 -1.734841e+00
      vertex   5.852134e-01 8.666667e+00 -1.429878e+00
      vertex   4.873476e-01 8.666667e+00 -1.466123e+00
    endloop
  endfacet
  facet normal -3.134061e-01 -1.132460e-01 9.428425e-01
    outer loop
      vertex   6.425147e-01 6.000000e+00 -1.734841e+00
      vertex   4.873476e-01 8.666667e+00 -1.466123e+00
      vertex   5.239302e-01 6.000000e+00 -1.774260e+00
    endloop
  endfacet
  facet normal -2.813606e-01 -1.139583e-01 9.528115e-01
    outer loop
      vertex   5.239302e-01 6.000000e+00 -1.774260e+00
      vertex   4.873476e-01 8.666667e+00 -1.466123e+00
      vertex   3.872582e-01 8.666667e+00 -1.495679e+00
    endloop
  endfacet
  facet normal -2.490401e-01 -1.132460e-01 9.618495e-01
    outer loop
      vertex   5.239302e-01 6.000000e+00 -1.774260e+00
      vertex   3.872582e-01 8.666667e+00 -1.495679e+00
      vertex   4.029551e-01 6.000000e+00 -1.805582e+00
    endloop
  endfacet
  facet normal -2.163946e-01 -1.139583e-01 9.696323e-01
    outer loop
      vertex   4.029551e-01 6.000000e+00 -1.805582e+00
      vertex   3.872582e-01 8.666667e+00 -1.495679e+00
      vertex   2.854018e-01 8.666667e+00 -1.518411e+00
    endloop
  endfacet
  facet normal -1.835377e-01 -1.132460e-01 9.764677e-01
    outer loop
      vertex   4.029551e-01 6.000000e+00 -1.805582e+00
      vertex   2.854018e-01 8.666667e+00 -1.518411e+00
      vertex   2.801414e-01 6.000000e+00 -1.828666e+00
    endloop
  endfacet
  facet normal -1.504413e-01 -1.139583e-01 9.820290e-01
    outer loop
      vertex   2.801414e-01 6.000000e+00 -1.828666e+00
      vertex   2.854018e-01 8.666667e+00 -1.518411e+00
      vertex   1.822431e-01 8.666667e+00 -1.534214e+00
    endloop
  endfacet
  facet normal -1.171979e-01 -1.132460e-01 9.866306e-01
    outer loop
      vertex   2.801414e-01 6.000000e+00 -1.828666e+00
      vertex   1.822431e-01 8.666667e+00 -1.534214e+00
      vertex   1.560495e-01 6.000000e+00 -1.843407e+00
    endloop
  endfacet
  facet normal -8.380156e-02 -1.139583e-01 9.899448e-01
    outer loop
      vertex   1.560495e-01 6.000000e+00 -1.843407e+00
      vertex   1.822431e-01 8.666667e+00 -1.534214e+00
      vertex   7.825297e-02 8.666667e+00 -1.543017e+00
    endloop
  endfacet
  facet normal -5.032334e-02 -1.132460e-01 9.922917e-01
    outer loop
      vertex   1.560495e-01 6.000000e+00 -1.843407e+00
      vertex   7.825297e-02 8.666667e+00 -1.543017e+00
      vertex   3.124554e-02 6.000000e+00 -1.849736e+00
    endloop
  endfacet
  facet normal -1.677945e-02 -1.139583e-01 9.933438e-01
    outer loop
      vertex   3.124554e-02 6.000000e+00 -1.849736e+00
      vertex   7.825297e-02 8.666667e+00 -1.543017e+00
      vertex   -2.609425e-02 8.666667e+00 -1.544780e+00
    endloop
  endfacet
  facet normal 1.678083e-02 -1.132460e-01 9.934253e-01
    outer loop
      vertex   3.124554e-02 6.000000e+00 -1.849736e+00
      vertex   -2.609425e-02 8.666667e+00 -1.544780e+00
      vertex   -9.370096e-02 6.000000e+00 -1.847626e+00
    endloop
  endfacet
  facet normal 5.031922e-02 -1.139583e-01 9.922104e-01
    outer loop
      vertex   -9.370096e-02 6.000000e+00 -1.847626e+00
      vertex   -2.609425e-02 8.666667e+00 -1.544780e+00
      vertex   -1.303224e-01 8.666667e+00 -1.539494e+00
    endloop
  endfacet
  facet normal 8.380843e-02 -1.132460e-01 9.900260e-01
    outer loop
      vertex   -9.370096e-02 6.000000e+00 -1.847626e+00
      vertex   -1.303224e-01 8.666667e+00 -1.539494e+00
      vertex   -2.182199e-01 6.000000e+00 -1.837085e+00
    endloop
  endfacet
  facet normal 1.171883e-01 -1.139583e-01 9.865498e-01
    outer loop
      vertex   -2.182199e-01 6.000000e+00 -1.837085e+00
      vertex   -1.303224e-01 8.666667e+00 -1.539494e+00
      vertex   -2.339559e-01 8.666667e+00 -1.527184e+00
    endloop
  endfacet
  facet normal 1.504536e-01 -1.132460e-01 9.821095e-01
    outer loop
      vertex   -2.182199e-01 6.000000e+00 -1.837085e+00
      vertex   -2.339559e-01 8.666667e+00 -1.527184e+00
      vertex   -3.417432e-01 6.000000e+00 -1.818162e+00
    endloop
  endfacet
  facet normal 1.835227e-01 -1.139583e-01 9.763877e-01
    outer loop
      vertex   -3.417432e-01 6.000000e+00 -1.818162e+00
      vertex   -2.339559e-01 8.666667e+00 -1.527184e+00
      vertex   -3.365219e-01 8.666667e+00 -1.507905e+00
    endloop
  endfacet
  facet normal 2.164124e-01 -1.132460e-01 9.697118e-01
    outer loop
      vertex   -3.417432e-01 6.000000e+00 -1.818162e+00
      vertex   -3.365219e-01 8.666667e+00 -1.507905e+00
      vertex   -4.637072e-01 6.000000e+00 -1.790943e+00
    endloop
  endfacet
  facet normal 2.490197e-01 -1.139583e-01 9.617706e-01
    outer loop
      vertex   -4.637072e-01 6.000000e+00 -1.790943e+00
      vertex   -3.365219e-01 8.666667e+00 -1.507905e+00
      vertex   -4.375525e-01 8.666667e+00 -1.481747e+00
    endloop
  endfacet
  facet normal 2.813836e-01 -1.132460e-01 9.528896e-01
    outer loop
      vertex   -4.637072e-01 6.000000e+00 -1.790943e+00
      vertex   -4.375525e-01 8.666667e+00 -1.481747e+00
      vertex   -5.835554e-01 6.000000e+00 -1.755552e+00
    endloop
  endfacet
  facet normal 3.133804e-01 -1.139583e-01 9.427652e-01
    outer loop
      vertex   -5.835554e-01 6.000000e+00 -1.755552e+00
      vertex   -4.375525e-01 8.666667e+00 -1.481747e+00
      vertex   -5.365866e-01 8.666667e+00 -1.448827e+00
    endloop
  endfacet
  facet normal 3.450710e-01 -1.132460e-01 9.317196e-01
    outer loop
      vertex   -5.835554e-01 6.000000e+00 -1.755552e+00
      vertex   -5.365866e-01 8.666667e+00 -1.448827e+00
      vertex   -7.007409e-01 6.000000e+00 -1.712151e+00
    endloop
  endfacet
  facet normal 3.763113e-01 -1.139583e-01 9.194581e-01
    outer loop
      vertex   -7.007409e-01 6.000000e+00 -1.712151e+00
      vertex   -5.365866e-01 8.666667e+00 -1.448827e+00
      vertex   -6.331724e-01 8.666667e+00 -1.409297e+00
    endloop
  endfacet
  facet normal 4.071839e-01 -1.132460e-01 9.062983e-01
    outer loop
      vertex   -7.007409e-01 6.000000e+00 -1.712151e+00
      vertex   -6.331724e-01 8.666667e+00 -1.409297e+00
      vertex   -8.147292e-01 6.000000e+00 -1.660938e+00
    endloop
  endfacet
  facet normal 4.375252e-01 -1.139583e-01 8.919558e-01
    outer loop
      vertex   -8.147292e-01 6.000000e+00 -1.660938e+00
      vertex   -6.331724e-01 8.666667e+00 -1.409297e+00
      vertex   -7.268692e-01 8.666667e+00 -1.363336e+00
    endloop
  endfacet
  facet normal 4.674390e-01 -1.132460e-01 8.767418e-01
    outer loop
      vertex   -8.147292e-01 6.000000e+00 -1.660938e+00
      vertex   -7.268692e-01 8.666667e+00 -1.363336e+00
      vertex   -9.250000e-01 6.000000e+00 -1.602147e+00
    endloop
  endfacet
  facet normal 4.967428e-01 -1.139583e-01 8.603837e-01
    outer loop
      vertex   -9.250000e-01 6.000000e+00 -1.602147e+00
      vertex   -7.268692e-01 8.666667e+00 -1.363336e+00
      vertex   -8.172494e-01 8.666667e+00 -1.311155e+00
    endloop
  endfacet
  facet normal 5.255612e-01 -1.132460e-01 8.431849e-01
    outer loop
      vertex   -9.250000e-01 6.000000e+00 -1.602147e+00
      vertex   -8.172494e-01 8.666667e+00 -1.311155e+00
      vertex   -1.031050e+00 6.000000e+00 -1.536045e+00
    endloop
  endfacet
  facet normal 5.536938e-01 -1.139583e-01 8.248859e-01
    outer loop
      vertex   -1.031050e+00 6.000000e+00 -1.536045e+00
      vertex   -8.172494e-01 8.666667e+00 -1.311155e+00
      vertex   -9.039007e-01 8.666667e+00 -1.252992e+00
    endloop
  endfacet
  facet normal 5.812854e-01 -1.132460e-01 8.057808e-01
    outer loop
      vertex   -1.031050e+00 6.000000e+00 -1.536045e+00
      vertex   -9.039007e-01 8.666667e+00 -1.252992e+00
      vertex   -1.132396e+00 6.000000e+00 -1.462935e+00
    endloop
  endfacet
  facet normal 6.081184e-01 -1.139583e-01 7.856243e-01
    outer loop
      vertex   -1.132396e+00 6.000000e+00 -1.462935e+00
      vertex   -9.039007e-01 8.666667e+00 -1.252992e+00
      vertex   -9.864277e-01 8.666667e+00 -1.189111e+00
    endloop
  endfacet
  facet normal 6.343573e-01 -1.132460e-01 7.647001e-01
    outer loop
      vertex   -1.132396e+00 6.000000e+00 -1.462935e+00
      vertex   -9.864277e-01 8.666667e+00 -1.189111e+00
      vertex   -1.228575e+00 6.000000e+00 -1.383150e+00
    endloop
  endfacet
  facet normal 6.597684e-01 -1.139583e-01 7.427780e-01
    outer loop
      vertex   -1.228575e+00 6.000000e+00 -1.383150e+00
      vertex   -9.864277e-01 8.666667e+00 -1.189111e+00
      vertex   -1.064454e+00 8.666667e+00 -1.119805e+00
    endloop
  endfacet
  facet normal 6.845348e-01 -1.132460e-01 7.201302e-01
    outer loop
      vertex   -1.228575e+00 6.000000e+00 -1.383150e+00
      vertex   -1.064454e+00 8.666667e+00 -1.119805e+00
      vertex   -1.319148e+00 6.000000e+00 -1.297054e+00
    endloop
  endfacet
  facet normal 7.084080e-01 -1.139583e-01 6.965427e-01
    outer loop
      vertex   -1.319148e+00 6.000000e+00 -1.297054e+00
      vertex   -1.064454e+00 8.666667e+00 -1.119805e+00
      vertex   -1.137623e+00 8.666667e+00 -1.045389e+00
    endloop
  endfacet
  facet normal 7.315889e-01 -1.132460e-01 6.722745e-01
    outer loop
      vertex   -1.319148e+00 6.000000e+00 -1.297054e+00
      vertex   -1.137623e+00 8.666667e+00 -1.045389e+00
      vertex   -1.403703e+00 6.000000e+00 -1.205039e+00
    endloop
  endfacet
  facet normal 7.538152e-01 -1.139583e-01 6.471291e-01
    outer loop
      vertex   -1.403703e+00 6.000000e+00 -1.205039e+00
      vertex   -1.137623e+00 8.666667e+00 -1.045389e+00
      vertex   -1.205602e+00 8.666667e+00 -9.662035e-01
    endloop
  endfacet
  facet normal 7.753049e-01 -1.132460e-01 6.213514e-01
    outer loop
      vertex   -1.403703e+00 6.000000e+00 -1.205039e+00
      vertex   -1.205602e+00 8.666667e+00 -9.662035e-01
      vertex   -1.481852e+00 6.000000e+00 -1.107526e+00
    endloop
  endfacet
  facet normal 7.957830e-01 -1.139583e-01 5.947629e-01
    outer loop
      vertex   -1.481852e+00 6.000000e+00 -1.107526e+00
      vertex   -1.205602e+00 8.666667e+00 -9.662035e-01
      vertex   -1.268080e+00 8.666667e+00 -8.826094e-01
    endloop
  endfacet
  facet normal 8.154835e-01 -1.132460e-01 5.675932e-01
    outer loop
      vertex   -1.481852e+00 6.000000e+00 -1.107526e+00
      vertex   -1.268080e+00 8.666667e+00 -8.826094e-01
      vertex   -1.553240e+00 6.000000e+00 -1.004960e+00
    endloop
  endfacet
  facet normal 8.341198e-01 -1.139583e-01 5.396829e-01
    outer loop
      vertex   -1.553240e+00 6.000000e+00 -1.004960e+00
      vertex   -1.268080e+00 8.666667e+00 -8.826094e-01
      vertex   -1.324771e+00 8.666667e+00 -7.949881e-01
    endloop
  endfacet
  facet normal 8.519411e-01 -1.132460e-01 5.112453e-01
    outer loop
      vertex   -1.553240e+00 6.000000e+00 -1.004960e+00
      vertex   -1.324771e+00 8.666667e+00 -7.949881e-01
      vertex   -1.617541e+00 6.000000e+00 -8.978086e-01
    endloop
  endfacet
  facet normal 8.686507e-01 -1.139583e-01 4.821405e-01
    outer loop
      vertex   -1.617541e+00 6.000000e+00 -8.978086e-01
      vertex   -1.324771e+00 8.666667e+00 -7.949881e-01
      vertex   -1.375418e+00 8.666667e+00 -7.037394e-01
    endloop
  endfacet
  facet normal 8.845115e-01 -1.132460e-01 4.525646e-01
    outer loop
      vertex   -1.617541e+00 6.000000e+00 -8.978086e-01
      vertex   -1.375418e+00 8.666667e+00 -7.037394e-01
      vertex   -1.674462e+00 6.000000e+00 -7.865606e-01
    endloop
  endfacet
  facet normal 8.992182e-01 -1.139583e-01 4.223981e-01
    outer loop
      vertex   -1.674462e+00 6.000000e+00 -7.865606e-01
      vertex   -1.375418e+00 8.666667e+00 -7.037394e-01
      vertex   -1.419790e+00 8.666667e+00 -6.092798e-01
    endloop
  endfacet
  facet normal 9.130461e-01 -1.132460e-01 3.918190e-01
    outer loop
      vertex   -1.674462e+00 6.000000e+00 -7.865606e-01
      vertex   -1.419790e+00 8.666667e+00 -6.092798e-01
      vertex   -1.723742e+00 6.000000e+00 -6.717236e-01
    endloop
  endfacet
  facet normal 9.256827e-01 -1.139583e-01 3.607285e-01
    outer loop
      vertex   -1.723742e+00 6.000000e+00 -6.717236e-01
      vertex   -1.419790e+00 8.666667e+00 -6.092798e-01
      vertex   -1.457683e+00 8.666667e+00 -5.120401e-01
    endloop
  endfacet
  facet normal 9.374147e-01 -1.132460e-01 3.292856e-01
    outer loop
      vertex   -1.723742e+00 6.000000e+00 -6.717236e-01
      vertex   -1.457683e+00 8.666667e+00 -5.120401e-01
      vertex   -1.765158e+00 6.000000e+00 -5.538218e-01
    endloop
  endfacet
  facet normal 9.479235e-01 -1.139583e-01 2.974129e-01
    outer loop
      vertex   -1.765158e+00 6.000000e+00 -5.538218e-01
      vertex   -1.457683e+00 8.666667e+00 -5.120401e-01
      vertex   -1.488925e+00 8.666667e+00 -4.124642e-01
    endloop
  endfacet
  facet normal 9.575061e-01 -1.132460e-01 2.652497e-01
    outer loop
      vertex   -1.765158e+00 6.000000e+00 -5.538218e-01
      vertex   -1.488925e+00 8.666667e+00 -4.124642e-01
      vertex   -1.798519e+00 6.000000e+00 -4.333930e-01
    endloop
  endfacet
  facet normal 9.658392e-01 -1.139583e-01 2.327403e-01
    outer loop
      vertex   -1.798519e+00 6.000000e+00 -4.333930e-01
      vertex   -1.488925e+00 8.666667e+00 -4.124642e-01
      vertex   -1.513374e+00 8.666667e+00 -3.110062e-01
    endloop
  endfacet
  facet normal 9.732286e-01 -1.132460e-01 2.000036e-01
    outer loop
      vertex   -1.798519e+00 6.000000e+00 -4.333930e-01
      vertex   -1.513374e+00 8.666667e+00 -3.110062e-01
      vertex   -1.823674e+00 6.000000e+00 -3.109867e-01
    endloop
  endfacet
  facet normal 9.793480e-01 -1.139583e-01 1.670058e-01
    outer loop
      vertex   -1.823674e+00 6.000000e+00 -3.109867e-01
      vertex   -1.513374e+00 8.666667e+00 -3.110062e-01
      vertex   -1.530917e+00 8.666667e+00 -2.081292e-01
    endloop
  endfacet
  facet normal 9.845105e-01 -1.132460e-01 1.338449e-01
    outer loop
      vertex   -1.823674e+00 6.000000e+00 -3.109867e-01
      vertex   -1.530917e+00 8.666667e+00 -2.081292e-01
      vertex   -1.840508e+00 6.000000e+00 -1.871614e-01
    endloop
  endfacet
  facet normal 9.883883e-01 -1.139583e-01 1.005093e-01
    outer loop
      vertex   -1.840508e+00 6.000000e+00 -1.871614e-01
      vertex   -1.530917e+00 8.666667e+00 -2.081292e-01
      vertex   -1.541475e+00 8.666667e+00 -1.043026e-01
    endloop
  endfacet
  facet normal 9.913003e-01 -1.132460e-01 6.707546e-02
    outer loop
      vertex   -1.840508e+00 6.000000e+00 -1.871614e-01
      vertex   -1.541475e+00 8.666667e+00 -1.043026e-01
      vertex   -1.848945e+00 6.000000e+00 -6.248216e-02
    endloop
  endfacet
  facet normal 9.929187e-01 -1.139583e-01 3.355412e-02
    outer loop
      vertex   -1.848945e+00 6.000000e+00 -6.248216e-02
      vertex   -1.541475e+00 8.666667e+00 -1.043026e-01
      vertex   -1.545000e+00 8.666667e+00 1.892079e-16
    endloop
  endfacet
  facet normal 9.935670e-01 -1.132460e-01 0.000000e+00
    outer loop
      vertex   -1.848945e+00 6.000000e+00 -6.248216e-02
      vertex   -1.545000e+00 8.666667e+00 1.892079e-16
      vertex   -1.848945e+00 6.000000e+00 6.248216e-02
    endloop
  endfacet
  facet normal 9.929187e-01 -1.139583e-01 -3.355412e-02
    outer loop
      vertex   -1.848945e+00 6.000000e+00 6.248216e-02
      vertex   -1.545000e+00 8.666667e+00 1.892079e-16
      vertex   -1.541475e+00 8.666667e+00 1.043026e-01
    endloop
  endfacet
  facet normal 9.913003e-01 -1.132460e-01 -6.707546e-02
    outer loop
      vertex   -1.848945e+00 6.000000e+00 6.248216e-02
      vertex   -1.541475e+00 8.666667e+00 1.043026e-01
      vertex   -1.840508e+00 6.000000e+00 1.871614e-01
    endloop
  endfacet
  facet normal 9.883883e-01 -1.139583e-01 -1.005093e-01
    outer loop
      vertex   -1.840508e+00 6.000000e+00 1.871614e-01
      vertex   -1.541475e+00 8.666667e+00 1.043026e-01
      vertex   -1.530917e+00 8.666667e+00 2.081292e-01
    endloop
  endfacet
  facet normal 9.845105e-01 -1.132460e-01 -1.338449e-01
    outer loop
      vertex   -1.840508e+00 6.000000e+00 1.871614e-01
      vertex   -1.530917e+00 8.666667e+00 2.081292e-01
      vertex   -1.823674e+00 6.000000e+00 3.109867e-01
    endloop
  endfacet
  facet normal 9.793480e-01 -1.139583e-01 -1.670058e-01
    outer loop
      vertex   -1.823674e+00 6.000000e+00 3.109867e-01
      vertex   -1.530917e+00 8.666667e+00 2.081292e-01
      vertex   -1.513374e+00 8.666667e+00 3.110062e-01
    endloop
  endfacet
  facet normal 9.732286e-01 -1.132460e-01 -2.000036e-01
    outer loop
      vertex   -1.823674e+00 6.000000e+00 3.109867e-01
      vertex   -1.513374e+00 8.666667e+00 3.110062e-01
      vertex   -1.798519e+00 6.000000e+00 4.333930e-01
    endloop
  endfacet
  facet normal 9.658392e-01 -1.139583e-01 -2.327403e-01
    outer loop
      vertex   -1.798519e+00 6.000000e+00 4.333930e-01
      vertex   -1.513374e+00 8.666667e+00 3.110062e-01
      vertex   -1.488925e+00 8.666667e+00 4.124642e-01
    endloop
  endfacet
  facet normal 9.575061e-01 -1.132460e-01 -2.652497e-01
    outer loop
      vertex   -1.798519e+00 6.000000e+00 4.333930e-01
      vertex   -1.488925e+00 8.666667e+00 4.124642e-01
      vertex   -1.765158e+00 6.000000e+00 5.538218e-01
    endloop
  endfacet
  facet normal 9.479235e-01 -1.139583e-01 -2.974129e-01
    outer loop
      vertex   -1.765158e+00 6.000000e+00 5.538218e-01
      vertex   -1.488925e+00 8.666667e+00 4.124642e-01
      vertex   -1.457683e+00 8.666667e+00 5.120401e-01
    endloop
  endfacet
  facet normal 9.374147e-01 -1.132460e-01 -3.292856e-01
    outer loop
      vertex   -1.765158e+00 6.000000e+00 5.538218e-01
      vertex   -1.457683e+00 8.666667e+00 5.120401e-01
      vertex   -1.723742e+00 6.000000e+00 6.717236e-01
    endloop
  endfacet
  facet normal 9.256827e-01 -1.139583e-01 -3.607285e-01
    outer loop
      vertex   -1.723742e+00 6.000000e+00 6.717236e-01
      vertex   -1.457683e+00 8.666667e+00 5.120401e-01
      vertex   -1.419790e+00 8.666667e+00 6.092798e-01
    endloop
  endfacet
  facet normal 9.130461e-01 -1.132460e-01 -3.918190e-01
    outer loop
      vertex   -1.723742e+00 6.000000e+00 6.717236e-01
      vertex   -1.419790e+00 8.666667e+00 6.092798e-01
      vertex   -1.674462e+00 6.000000e+00 7.865606e-01
    endloop
  endfacet
  facet normal 8.992182e-01 -1.139583e-01 -4.223981e-01
    outer loop
      vertex   -1.674462e+00 6.000000e+00 7.865606e-01
      vertex   -1.419790e+00 8.666667e+00 6.092798e-01
      vertex   -1.375418e+00 8.666667e+00 7.037394e-01
    endloop
  endfacet
  facet normal 8.845115e-01 -1.132460e-01 -4.525646e-01
    outer loop
      vertex   -1.674462e+00 6.000000e+00 7.865606e-01
      vertex   -1.375418e+00 8.666667e+00 7.037394e-01
      vertex   -1.617541e+00 6.000000e+00 8.978086e-01
    endloop
  endfacet
  facet normal 8.686507e-01 -1.139583e-01 -4.821405e-01
    outer loop
      vertex   -1.617541e+00 6.000000e+00 8.978086e-01
      vertex   -1.375418e+00 8.666667e+00 7.037394e-01
      vertex   -1.324771e+00 8.666667e+00 7.949881e-01
    endloop
  endfacet
  facet normal 8.519411e-01 -1.132460e-01 -5.112453e-01
    outer loop
      vertex   -1.617541e+00 6.000000e+00 8.978086e-01
      vertex   -1.324771e+00 8.666667e+00 7.949881e-01
      vertex   -1.553240e+00 6.000000e+00 1.004960e+00
    endloop
  endfacet
  facet normal 8.341198e-01 -1.139583e-01 -5.396829e-01
    outer loop
      vertex   -1.553240e+00 6.000000e+00 1.004960e+00
      vertex   -1.324771e+00 8.666667e+00 7.949881e-01
      vertex   -1.268080e+00 8.666667e+00 8.826094e-01
    endloop
  endfacet
  facet normal 8.154835e-01 -1.132460e-01 -5.675932e-01
    outer loop
      vertex   -1.553240e+00 6.000000e+00 1.004960e+00
      vertex   -1.268080e+00 8.666667e+00 8.826094e-01
      vertex   -1.481852e+00 6.000000e+00 1.107526e+00
    endloop
  endfacet
  facet normal 7.957830e-01 -1.139583e-01 -5.947629e-01
    outer loop
      vertex   -1.481852e+00 6.000000e+00 1.107526e+00
      vertex   -1.268080e+00 8.666667e+00 8.826094e-01
      vertex   -1.205602e+00 8.666667e+00 9.662035e-01
    endloop
  endfacet
  facet normal 7.753049e-01 -1.132460e-01 -6.213514e-01
    outer loop
      vertex   -1.481852e+00 6.000000e+00 1.107526e+00
      vertex   -1.205602e+00 8.666667e+00 9.662035e-01
      vertex   -1.403703e+00 6.000000e+00 1.205039e+00
    endloop
  endfacet
  facet normal 7.538152e-01 -1.139583e-01 -6.471291e-01
    outer loop
      vertex   -1.403703e+00 6.000000e+00 1.205039e+00
      vertex   -1.205602e+00 8.666667e+00 9.662035e-01
      vertex   -1.137623e+00 8.666667e+00 1.045389e+00
    endloop
  endfacet
  facet normal 7.315889e-01 -1.132460e-01 -6.722745e-01
    outer loop
      vertex   -1.403703e+00 6.000000e+00 1.205039e+00
      vertex   -1.137623e+00 8.666667e+00 1.045389e+00
      vertex   -1.319148e+00 6.000000e+00 1.297054e+00
    endloop
  endfacet
  facet normal 7.084080e-01 -1.139583e-01 -6.965427e-01
    outer loop
      vertex   -1.319148e+00 6.000000e+00 1.297054e+00
      vertex   -1.137623e+00 8.666667e+00 1.045389e+00
      vertex   -1.064454e+00 8.666667e+00 1.119805e+00
    endloop
  endfacet
  facet normal 6.845348e-01 -1.132460e-01 -7.201302e-01
    outer loop
      vertex   -1.319148e+00 6.000000e+00 1.297054e+00
      vertex   -1.064454e+00 8.666667e+00 1.119805e+00
      vertex   -1.228575e+00 6.000000e+00 1.383150e+00
    endloop
  endfacet
  facet normal 6.597684e-01 -1.139583e-01 -7.427780e-01
    outer loop
      vertex   -1.228575e+00 6.000000e+00 1.383150e+00
      vertex   -1.064454e+00 8.666667e+00 1.119805e+00
      vertex   -9.864277e-01 8.666667e+00 1.189111e+00
    endloop
  endfacet
  facet normal 6.343573e-01 -1.132460e-01 -7.647001e-01
    outer loop
      vertex   -1.228575e+00 6.000000e+00 1.383150e+00
      vertex   -9.864277e-01 8.666667e+00 1.189111e+00
      vertex   -1.132396e+00 6.000000e+00 1.462935e+00
    endloop
  endfacet
  facet normal 6.081184e-01 -1.139583e-01 -7.856243e-01
    outer loop
      vertex   -1.132396e+00 6.000000e+00 1.462935e+00
      vertex   -9.864277e-01 8.666667e+00 1.189111e+00
      vertex   -9.039007e-01 8.666667e+00 1.252992e+00
    endloop
  endfacet
  facet normal 5.812854e-01 -1.132460e-01 -8.057808e-01
    outer loop
      vertex   -1.132396e+00 6.000000e+00 1.462935e+00
      vertex   -9.039007e-01 8.666667e+00 1.252992e+00
      vertex   -1.031050e+00 6.000000e+00 1.536045e+00
    endloop
  endfacet
  facet normal 5.536938e-01 -1.139583e-01 -8.248859e-01
    outer loop
      vertex   -1.031050e+00 6.000000e+00 1.536045e+00
      vertex   -9.039007e-01 8.666667e+00 1.252992e+00
      vertex   -8.172494e-01 8.666667e+00 1.311155e+00
    endloop
  endfacet
  facet normal 5.255612e-01 -1.132460e-01 -8.431849e-01
    outer loop
      vertex   -1.031050e+00 6.000000e+00 1.536045e+00
      vertex   -8.172494e-01 8.666667e+00 1.311155e+00
      vertex   -9.250000e-01 6.000000e+00 1.602147e+00
    endloop
  endfacet
  facet normal 4.967428e-01 -1.139583e-01 -8.603837e-01
    outer loop
      vertex   -9.250000e-01 6.000000e+00 1.602147e+00
      vertex   -8.172494e-01 8.666667e+00 1.311155e+00
      vertex   -7.268692e-01 8.666667e+00 1.363336e+00
    endloop
  endfacet
  facet normal 4.674390e-01 -1.132460e-01 -8.767418e-01
    outer loop
      vertex   -9.250000e-01 6.000000e+00 1.602147e+00
      vertex   -7.268692e-01 8.666667e+00 1.363336e+00
      vertex   -8.147292e-01 6.000000e+00 1.660938e+00
    endloop
  endfacet
  facet normal 4.375252e-01 -1.139583e-01 -8.919558e-01
    outer loop
      vertex   -8.147292e-01 6.000000e+00 1.660938e+00
      vertex   -7.268692e-01 8.666667e+00 1.363336e+00
      vertex   -6.331724e-01 8.666667e+00 1.409297e+00
    endloop
  endfacet
  facet normal 4.071839e-01 -1.132460e-01 -9.062983e-01
    outer loop
      vertex   -8.147292e-01 6.000000e+00 1.660938e+00
      vertex   -6.331724e-01 8.666667e+00 1.409297e+00
      vertex   -7.007409e-01 6.000000e+00 1.712151e+00
    endloop
  endfacet
  facet normal 3.763113e-01 -1.139583e-01 -9.194581e-01
    outer loop
      vertex   -7.007409e-01 6.000000e+00 1.712151e+00
      vertex   -6.331724e-01 8.666667e+00 1.409297e+00
      vertex   -5.365866e-01 8.666667e+00 1.448827e+00
    endloop
  endfacet
  facet normal 3.450710e-01 -1.132460e-01 -9.317196e-01
    outer loop
      vertex   -7.007409e-01 6.000000e+00 1.712151e+00
      vertex   -5.365866e-01 8.666667e+00 1.448827e+00
      vertex   -5.835554e-01 6.000000e+00 1.755552e+00
    endloop
  endfacet
  facet normal 3.133804e-01 -1.139583e-01 -9.427652e-01
    outer loop
      vertex   -5.835554e-01 6.000000e+00 1.755552e+00
      vertex   -5.365866e-01 8.666667e+00 1.448827e+00
      vertex   -4.375525e-01 8.666667e+00 1.481747e+00
    endloop
  endfacet
  facet normal 2.813836e-01 -1.132460e-01 -9.528896e-01
    outer loop
      vertex   -5.835554e-01 6.000000e+00 1.755552e+00
      vertex   -4.375525e-01 8.666667e+00 1.481747e+00
      vertex   -4.637072e-01 6.000000e+00 1.790943e+00
    endloop
  endfacet
  facet normal 2.490197e-01 -1.139583e-01 -9.617706e-01
    outer loop
      vertex   -4.637072e-01 6.000000e+00 1.790943e+00
      vertex   -4.375525e-01 8.666667e+00 1.481747e+00
      vertex   -3.365219e-01 8.666667e+00 1.507905e+00
    endloop
  endfacet
  facet normal 2.164124e-01 -1.132460e-01 -9.697118e-01
    outer loop
      vertex   -4.637072e-01 6.000000e+00 1.790943e+00
      vertex   -3.365219e-01 8.666667e+00 1.507905e+00
      vertex   -3.417432e-01 6.000000e+00 1.818162e+00
    endloop
  endfacet
  facet normal 1.835227e-01 -1.139583e-01 -9.763877e-01
    outer loop
      vertex   -3.417432e-01 6.000000e+00 1.818162e+00
      vertex   -3.365219e-01 8.666667e+00 1.507905e+00
      vertex   -2.339559e-01 8.666667e+00 1.527184e+00
    endloop
  endfacet
  facet normal 1.504536e-01 -1.132460e-01 -9.821095e-01
    outer loop
      vertex   -3.417432e-01 6.000000e+00 1.818162e+00
      vertex   -2.339559e-01 8.666667e+00 1.527184e+00
      vertex   -2.182199e-01 6.000000e+00 1.837085e+00
    endloop
  endfacet
  facet normal 1.171883e-01 -1.139583e-01 -9.865498e-01
    outer loop
      vertex   -2.182199e-01 6.000000e+00 1.837085e+00
      vertex   -2.339559e-01 8.666667e+00 1.527184e+00
      vertex   -1.303224e-01 8.666667e+00 1.539494e+00
    endloop
  endfacet
  facet normal 8.380843e-02 -1.132460e-01 -9.900260e-01
    outer loop
      vertex   -2.182199e-01 6.000000e+00 1.837085e+00
      vertex   -1.303224e-01 8.666667e+00 1.539494e+00
      vertex   -9.370096e-02 6.000000e+00 1.847626e+00
    endloop
  endfacet
  facet normal 5.031922e-02 -1.139583e-01 -9.922104e-01
    outer loop
      vertex   -9.370096e-02 6.000000e+00 1.847626e+00
      vertex   -1.303224e-01 8.666667e+00 1.539494e+00
      vertex   -2.609425e-02 8.666667e+00 1.544780e+00
    endloop
  endfacet
  facet normal 1.678083e-02 -1.132460e-01 -9.934253e-01
    outer loop
      vertex   -9.370096e-02 6.000000e+00 1.847626e+00
      vertex   -2.609425e-02 8.666667e+00 1.544780e+00
      vertex   3.124554e-02 6.000000e+00 1.849736e+00
    endloop
  endfacet
  facet normal -1.677945e-02 -1.139583e-01 -9.933438e-01
    outer loop
      vertex   3.124554e-02 6.000000e+00 1.849736e+00
      vertex   -2.609425e-02 8.666667e+00 1.544780e+00
      vertex   7.825297e-02 8.666667e+00 1.543017e+00
    endloop
  endfacet
  facet normal -5.032334e-02 -1.132460e-01 -9.922917e-01
    outer loop
      vertex   3.124554e-02 6.000000e+00 1.849736e+00
      vertex   7.825297e-02 8.666667e+00 1.543017e+00
      vertex   1.560495e-01 6.000000e+00 1.843407e+00
    endloop
  endfacet
  facet normal -8.380156e-02 -1.139583e-01 -9.899448e-01
    outer loop
      vertex   1.560495e-01 6.000000e+00 1.843407e+00
      vertex   7.825297e-02 8.666667e+00 1.543017e+00
      vertex   1.822431e-01 8.666667e+00 1.534214e+00
    endloop
  endfacet
  facet normal -1.171979e-01 -1.132460e-01 -9.866306e-01
    outer loop
      vertex   1.560495e-01 6.000000e+00 1.843407e+00
      vertex   1.822431e-01 8.666667e+00 1.534214e+00
      vertex   2.801414e-01 6.000000e+00 1.828666e+00
    endloop
  endfacet
  facet normal -1.504413e-01 -1.139583e-01 -9.820290e-01
    outer loop
      vertex   2.801414e-01 6.000000e+00 1.828666e+00
      vertex   1.822431e-01 8.666667e+00 1.534214e+00
      vertex   2.854018e-01 8.666667e+00 1.518411e+00
    endloop
  endfacet
  facet normal -1.835377e-01 -1.132460e-01 -9.764677e-01
    outer loop
      vertex   2.801414e-01 6.000000e+00 1.828666e+00
      vertex   2.854018e-01 8.666667e+00 1.518411e+00
      vertex   4.029551e-01 6.000000e+00 1.805582e+00
    endloop
  endfacet
  facet normal -2.163946e-01 -1.139583e-01 -9.696323e-01
    outer loop
      vertex   4.029551e-01 6.000000e+00 1.805582e+00
      vertex   2.854018e-01 8.666667e+00 1.518411e+00
      vertex   3.872582e-01 8.666667e+00 1.495679e+00
    endloop
  endfacet
  facet normal -2.490401e-01 -1.132460e-01 -9.618495e-01
    outer loop
      vertex   4.029551e-01 6.000000e+00 1.805582e+00
      vertex   3.872582e-01 8.666667e+00 1.495679e+00
      vertex   5.239302e-01 6.000000e+00 1.774260e+00
    endloop
  endfacet
  facet normal -2.813606e-01 -1.139583e-01 -9.528115e-01
    outer loop
      vertex   5.239302e-01 6.000000e+00 1.774260e+00
      vertex   3.872582e-01 8.666667e+00 1.495679e+00
      vertex   4.873476e-01 8.666667e+00 1.466123e+00
    endloop
  endfacet
  facet normal -3.134061e-01 -1.132460e-01 -9.428425e-01
    outer loop
      vertex   5.239302e-01 6.000000e+00 1.774260e+00
      vertex   4.873476e-01 8.666667e+00 1.466123e+00
      vertex   6.425147e-01 6.000000e+00 1.734841e+00
    endloop
  endfacet
  facet normal -3.450427e-01 -1.139583e-01 -9.316432e-01
    outer loop
      vertex   6.425147e-01 6.000000e+00 1.734841e+00
      vertex   4.873476e-01 8.666667e+00 1.466123e+00
      vertex   5.852134e-01 8.666667e+00 1.429878e+00
    endloop
  endfacet
  facet normal -3.763422e-01 -1.132460e-01 -9.195335e-01
    outer loop
      vertex   6.425147e-01 6.000000e+00 1.734841e+00
      vertex   5.852134e-01 8.666667e+00 1.429878e+00
      vertex   7.581676e-01 6.000000e+00 1.687508e+00
    endloop
  endfacet
  facet normal -4.071506e-01 -1.139583e-01 -9.062240e-01
    outer loop
      vertex   7.581676e-01 6.000000e+00 1.687508e+00
      vertex   5.852134e-01 8.666667e+00 1.429878e+00
      vertex   6.804090e-01 8.666667e+00 1.387108e+00
    endloop
  endfacet
  facet normal -4.375611e-01 -1.132460e-01 -8.920289e-01
    outer loop
      vertex   7.581676e-01 6.000000e+00 1.687508e+00
      vertex   6.804090e-01 8.666667e+00 1.387108e+00
      vertex   8.703611e-01 6.000000e+00 1.632474e+00
    endloop
  endfacet
  facet normal -4.674006e-01 -1.139583e-01 -8.766699e-01
    outer loop
      vertex   8.703611e-01 6.000000e+00 1.632474e+00
      vertex   6.804090e-01 8.666667e+00 1.387108e+00
      vertex   7.725000e-01 8.666667e+00 1.338009e+00
    endloop
  endfacet
  facet normal -4.967835e-01 -1.132460e-01 -8.604542e-01
    outer loop
      vertex   8.703611e-01 6.000000e+00 1.632474e+00
      vertex   7.725000e-01 8.666667e+00 1.338009e+00
      vertex   9.785834e-01 6.000000e+00 1.569992e+00
    endloop
  endfacet
  facet normal -5.255181e-01 -1.139583e-01 -8.431158e-01
    outer loop
      vertex   9.785834e-01 6.000000e+00 1.569992e+00
      vertex   7.725000e-01 8.666667e+00 1.338009e+00
      vertex   8.610663e-01 8.666667e+00 1.282805e+00
    endloop
  endfacet
  facet normal -5.537392e-01 -1.132460e-01 -8.249535e-01
    outer loop
      vertex   9.785834e-01 6.000000e+00 1.569992e+00
      vertex   8.610663e-01 8.666667e+00 1.282805e+00
      vertex   1.082341e+00 6.000000e+00 1.500346e+00
    endloop
  endfacet
  facet normal -5.812377e-01 -1.139583e-01 -8.057147e-01
    outer loop
      vertex   1.082341e+00 6.000000e+00 1.500346e+00
      vertex   8.610663e-01 8.666667e+00 1.282805e+00
      vertex   9.457037e-01 8.666667e+00 1.221749e+00
    endloop
  endfacet
  facet normal -6.081683e-01 -1.132460e-01 -7.856887e-01
    outer loop
      vertex   1.082341e+00 6.000000e+00 1.500346e+00
      vertex   9.457037e-01 8.666667e+00 1.221749e+00
      vertex   1.181159e+00 6.000000e+00 1.423855e+00
    endloop
  endfacet
  facet normal -6.343053e-01 -1.139583e-01 -7.646374e-01
    outer loop
      vertex   1.181159e+00 6.000000e+00 1.423855e+00
      vertex   9.457037e-01 8.666667e+00 1.221749e+00
      vertex   1.026026e+00 8.666667e+00 1.155117e+00
    endloop
  endfacet
  facet normal -6.598225e-01 -1.132460e-01 -7.428389e-01
    outer loop
      vertex   1.181159e+00 6.000000e+00 1.423855e+00
      vertex   1.026026e+00 8.666667e+00 1.155117e+00
      vertex   1.274589e+00 6.000000e+00 1.340867e+00
    endloop
  endfacet
  facet normal -6.844787e-01 -1.139583e-01 -7.200711e-01
    outer loop
      vertex   1.274589e+00 6.000000e+00 1.340867e+00
      vertex   1.026026e+00 8.666667e+00 1.155117e+00
      vertex   1.101667e+00 8.666667e+00 1.083215e+00
    endloop
  endfacet
  facet normal -7.084660e-01 -1.132460e-01 -6.965998e-01
    outer loop
      vertex   1.274589e+00 6.000000e+00 1.340867e+00
      vertex   1.101667e+00 8.666667e+00 1.083215e+00
      vertex   1.362203e+00 6.000000e+00 1.251760e+00
    endloop
  endfacet
  facet normal -7.315289e-01 -1.139583e-01 -6.722194e-01
    outer loop
      vertex   1.362203e+00 6.000000e+00 1.251760e+00
      vertex   1.101667e+00 8.666667e+00 1.083215e+00
      vertex   1.172281e+00 8.666667e+00 1.006370e+00
    endloop
  endfacet
  facet normal -7.538770e-01 -1.132460e-01 -6.471822e-01
    outer loop
      vertex   1.362203e+00 6.000000e+00 1.251760e+00
      vertex   1.172281e+00 8.666667e+00 1.006370e+00
      vertex   1.443601e+00 6.000000e+00 1.156943e+00
    endloop
  endfacet
  facet normal -7.752414e-01 -1.139583e-01 -6.213005e-01
    outer loop
      vertex   1.443601e+00 6.000000e+00 1.156943e+00
      vertex   1.172281e+00 8.666667e+00 1.006370e+00
      vertex   1.237547e+00 8.666667e+00 9.249342e-01
    endloop
  endfacet
  facet normal -7.958482e-01 -1.132460e-01 -5.948117e-01
    outer loop
      vertex   1.443601e+00 6.000000e+00 1.156943e+00
      vertex   1.237547e+00 8.666667e+00 9.249342e-01
      vertex   1.518412e+00 6.000000e+00 1.056846e+00
    endloop
  endfacet
  facet normal -8.154166e-01 -1.139583e-01 -5.675467e-01
    outer loop
      vertex   1.518412e+00 6.000000e+00 1.056846e+00
      vertex   1.237547e+00 8.666667e+00 9.249342e-01
      vertex   1.297165e+00 8.666667e+00 8.392776e-01
    endloop
  endfacet
  facet normal -8.341882e-01 -1.132460e-01 -5.397272e-01
    outer loop
      vertex   1.518412e+00 6.000000e+00 1.056846e+00
      vertex   1.297165e+00 8.666667e+00 8.392776e-01
      vertex   1.586296e+00 6.000000e+00 9.519275e-01
    endloop
  endfacet
  facet normal -8.518713e-01 -1.139583e-01 -5.112033e-01
    outer loop
      vertex   1.586296e+00 6.000000e+00 9.519275e-01
      vertex   1.297165e+00 8.666667e+00 8.392776e-01
      vertex   1.350866e+00 8.666667e+00 7.497915e-01
    endloop
  endfacet
  facet normal -8.687219e-01 -1.132460e-01 -4.821800e-01
    outer loop
      vertex   1.586296e+00 6.000000e+00 9.519275e-01
      vertex   1.350866e+00 8.666667e+00 7.497915e-01
      vertex   1.646941e+00 6.000000e+00 8.426654e-01
    endloop
  endfacet
  facet normal -8.844390e-01 -1.139583e-01 -4.525275e-01
    outer loop
      vertex   1.646941e+00 6.000000e+00 8.426654e-01
      vertex   1.350866e+00 8.666667e+00 7.497915e-01
      vertex   1.398402e+00 8.666667e+00 6.568844e-01
    endloop
  endfacet
  facet normal -8.992919e-01 -1.132460e-01 -4.224328e-01
    outer loop
      vertex   1.646941e+00 6.000000e+00 8.426654e-01
      vertex   1.398402e+00 8.666667e+00 6.568844e-01
      vertex   1.700072e+00 6.000000e+00 7.295583e-01
    endloop
  endfacet
  facet normal -9.129713e-01 -1.139583e-01 -3.917868e-01
    outer loop
      vertex   1.700072e+00 6.000000e+00 7.295583e-01
      vertex   1.398402e+00 8.666667e+00 6.568844e-01
      vertex   1.439558e+00 8.666667e+00 5.609800e-01
    endloop
  endfacet
  facet normal -9.257586e-01 -1.132460e-01 -3.607581e-01
    outer loop
      vertex   1.700072e+00 6.000000e+00 7.295583e-01
      vertex   1.439558e+00 8.666667e+00 5.609800e-01
      vertex   1.745446e+00 6.000000e+00 6.131225e-01
    endloop
  endfacet
  facet normal -9.373379e-01 -1.139583e-01 -3.292586e-01
    outer loop
      vertex   1.745446e+00 6.000000e+00 6.131225e-01
      vertex   1.439558e+00 8.666667e+00 5.609800e-01
      vertex   1.474145e+00 8.666667e+00 4.625160e-01
    endloop
  endfacet
  facet normal -9.480013e-01 -1.132460e-01 -2.974373e-01
    outer loop
      vertex   1.745446e+00 6.000000e+00 6.131225e-01
      vertex   1.474145e+00 8.666667e+00 4.625160e-01
      vertex   1.782855e+00 6.000000e+00 4.938891e-01
    endloop
  endfacet
  facet normal -9.574276e-01 -1.139583e-01 -2.652280e-01
    outer loop
      vertex   1.782855e+00 6.000000e+00 4.938891e-01
      vertex   1.474145e+00 8.666667e+00 4.625160e-01
      vertex   1.502006e+00 8.666667e+00 3.619417e-01
    endloop
  endfacet
  facet normal -9.659184e-01 -1.132460e-01 -2.327594e-01
    outer loop
      vertex   1.782855e+00 6.000000e+00 4.938891e-01
      vertex   1.502006e+00 8.666667e+00 3.619417e-01
      vertex   1.812130e+00 6.000000e+00 3.724023e-01
    endloop
  endfacet
  facet normal -9.731488e-01 -1.139583e-01 -1.999872e-01
    outer loop
      vertex   1.812130e+00 6.000000e+00 3.724023e-01
      vertex   1.502006e+00 8.666667e+00 3.619417e-01
      vertex   1.523014e+00 8.666667e+00 2.597159e-01
    endloop
  endfacet
  facet normal -9.794283e-01 -1.132460e-01 -1.670195e-01
    outer loop
      vertex   1.812130e+00 6.000000e+00 3.724023e-01
      vertex   1.523014e+00 8.666667e+00 2.597159e-01
      vertex   1.833137e+00 6.000000e+00 2.492162e-01
    endloop
  endfacet
  facet normal -9.844298e-01 -1.139583e-01 -1.338339e-01
    outer loop
      vertex   1.833137e+00 6.000000e+00 2.492162e-01
      vertex   1.523014e+00 8.666667e+00 2.597159e-01
      vertex   1.537073e+00 8.666667e+00 1.563051e-01
    endloop
  endfacet
  facet normal -9.884693e-01 -1.132460e-01 -1.005175e-01
    outer loop
      vertex   1.833137e+00 6.000000e+00 2.492162e-01
      vertex   1.537073e+00 8.666667e+00 1.563051e-01
      vertex   1.845779e+00 6.000000e+00 1.248930e-01
    endloop
  endfacet
  facet normal -9.912190e-01 -1.139583e-01 -6.706996e-02
    outer loop
      vertex   1.845779e+00 6.000000e+00 1.248930e-01
      vertex   1.537073e+00 8.666667e+00 1.563051e-01
      vertex   1.544119e+00 8.666667e+00 5.218105e-02
    endloop
  endfacet
  facet normal -9.923578e-01 -1.139801e-01 4.727183e-02
    outer loop
      vertex   9.307662e-01 1.400000e+01 -8.887740e-02
      vertex   1.239293e+00 1.133333e+01 -4.187994e-02
      vertex   9.350000e-01 1.400000e+01 0.000000e+00
    endloop
  endfacet
  facet normal -9.935524e-01 -1.133740e-01 -2.469257e-15
    outer loop
      vertex   9.350000e-01 1.400000e+01 0.000000e+00
      vertex   1.239293e+00 1.133333e+01 -4.187994e-02
      vertex   1.239293e+00 1.133333e+01 4.187994e-02
    endloop
  endfacet
  facet normal -9.923578e-01 -1.139801e-01 -4.727183e-02
    outer loop
      vertex   9.350000e-01 1.400000e+01 0.000000e+00
      vertex   1.239293e+00 1.133333e+01 4.187994e-02
      vertex   9.307662e-01 1.400000e+01 8.887740e-02
    endloop
  endfacet
  facet normal -9.912707e-01 -1.135053e-01 -6.707346e-02
    outer loop
      vertex   9.307662e-01 1.400000e+01 8.887740e-02
      vertex   1.239293e+00 1.133333e+01 4.187994e-02
      vertex   1.233638e+00 1.133333e+01 1.254487e-01
    endloop
  endfacet
  facet normal -9.844650e-01 -1.136480e-01 -1.338387e-01
    outer loop
      vertex   9.307662e-01 1.400000e+01 8.887740e-02
      vertex   1.233638e+00 1.133333e+01 1.254487e-01
      vertex   1.222355e+00 1.133333e+01 2.084451e-01
    endloop
  endfacet
  facet normal -9.844738e-01 -1.135702e-01 -1.338399e-01
    outer loop
      vertex   1.222355e+00 1.133333e+01 2.084451e-01
      vertex   1.233638e+00 1.133333e+01 1.254487e-01
      vertex   1.537073e+00 8.666667e+00 1.563051e-01
    endloop
  endfacet
  facet normal -9.844738e-01 -1.135702e-01 -1.338399e-01
    outer loop
      vertex   1.222355e+00 1.133333e+01 2.084451e-01
      vertex   1.537073e+00 8.666667e+00 1.563051e-01
      vertex   1.523014e+00 8.666667e+00 2.597159e-01
    endloop
  endfacet
  facet normal -9.833835e-01 -1.138683e-01 1.413892e-01
    outer loop
      vertex   9.181033e-01 1.400000e+01 -1.769499e-01
      vertex   1.222355e+00 1.133333e+01 -2.084451e-01
      vertex   9.307662e-01 1.400000e+01 -8.887740e-02
    endloop
  endfacet
  facet normal -9.844650e-01 -1.136480e-01 1.338387e-01
    outer loop
      vertex   9.307662e-01 1.400000e+01 -8.887740e-02
      vertex   1.222355e+00 1.133333e+01 -2.084451e-01
      vertex   1.233638e+00 1.133333e+01 -1.254487e-01
    endloop
  endfacet
  facet normal -9.912707e-01 -1.135053e-01 6.707346e-02
    outer loop
      vertex   9.307662e-01 1.400000e+01 -8.887740e-02
      vertex   1.233638e+00 1.133333e+01 -1.254487e-01
      vertex   1.239293e+00 1.133333e+01 -4.187994e-02
    endloop
  endfacet
  facet normal -9.912634e-01 -1.135702e-01 6.707296e-02
    outer loop
      vertex   1.239293e+00 1.133333e+01 -4.187994e-02
      vertex   1.233638e+00 1.133333e+01 -1.254487e-01
      vertex   1.537073e+00 8.666667e+00 -1.563051e-01
    endloop
  endfacet
  facet normal -9.912634e-01 -1.135702e-01 6.707296e-02
    outer loop
      vertex   1.239293e+00 1.133333e+01 -4.187994e-02
      vertex   1.537073e+00 8.666667e+00 -1.563051e-01
      vertex   1.544119e+00 8.666667e+00 -5.218105e-02
    endloop
  endfacet
  facet normal -9.732114e-01 -1.133999e-01 2.000000e-01
    outer loop
      vertex   1.222355e+00 1.133333e+01 -2.084451e-01
      vertex   9.181033e-01 1.400000e+01 -1.769499e-01
      vertex   1.205494e+00 1.133333e+01 -2.904904e-01
    endloop
  endfacet
  facet normal -9.654735e-01 -1.140231e-01 2.342213e-01
    outer loop
      vertex   1.205494e+00 1.133333e+01 -2.904904e-01
      vertex   9.181033e-01 1.400000e+01 -1.769499e-01
      vertex   8.971259e-01 1.400000e+01 -2.634199e-01
    endloop
  endfacet
  facet normal -9.574876e-01 -1.134145e-01 2.652446e-01
    outer loop
      vertex   1.205494e+00 1.133333e+01 -2.904904e-01
      vertex   8.971259e-01 1.400000e+01 -2.634199e-01
      vertex   1.183133e+00 1.133333e+01 -3.712103e-01
    endloop
  endfacet
  facet normal -9.388586e-01 -1.138296e-01 3.249421e-01
    outer loop
      vertex   1.183133e+00 1.133333e+01 -3.712103e-01
      vertex   8.971259e-01 1.400000e+01 -2.634199e-01
      vertex   8.680240e-01 1.400000e+01 -3.475044e-01
    endloop
  endfacet
  facet normal -9.373667e-01 -1.136917e-01 3.292687e-01
    outer loop
      vertex   1.183133e+00 1.133333e+01 -3.712103e-01
      vertex   8.680240e-01 1.400000e+01 -3.475044e-01
      vertex   1.155373e+00 1.133333e+01 -4.502364e-01
    endloop
  endfacet
  facet normal -9.130218e-01 -1.134778e-01 3.918085e-01
    outer loop
      vertex   1.155373e+00 1.133333e+01 -4.502364e-01
      vertex   8.680240e-01 1.400000e+01 -3.475044e-01
      vertex   1.122342e+00 1.133333e+01 -5.272082e-01
    endloop
  endfacet
  facet normal -9.130121e-01 -1.135702e-01 3.918044e-01
    outer loop
      vertex   1.155373e+00 1.133333e+01 -4.502364e-01
      vertex   1.122342e+00 1.133333e+01 -5.272082e-01
      vertex   1.398402e+00 8.666667e+00 -6.568844e-01
    endloop
  endfacet
  facet normal -8.844786e-01 -1.135702e-01 4.525477e-01
    outer loop
      vertex   1.398402e+00 8.666667e+00 -6.568844e-01
      vertex   1.122342e+00 1.133333e+01 -5.272082e-01
      vertex   1.350866e+00 8.666667e+00 -7.497915e-01
    endloop
  endfacet
  facet normal -9.037022e-01 -1.139973e-01 4.127069e-01
    outer loop
      vertex   8.680240e-01 1.400000e+01 -3.475044e-01
      vertex   8.310611e-01 1.400000e+01 -4.284418e-01
      vertex   1.122342e+00 1.133333e+01 -5.272082e-01
    endloop
  endfacet
  facet normal -8.844984e-01 -1.133756e-01 4.525578e-01
    outer loop
      vertex   1.122342e+00 1.133333e+01 -5.272082e-01
      vertex   8.310611e-01 1.400000e+01 -4.284418e-01
      vertex   1.084190e+00 1.133333e+01 -6.017744e-01
    endloop
  endfacet
  facet normal -8.844786e-01 -1.135702e-01 4.525477e-01
    outer loop
      vertex   1.122342e+00 1.133333e+01 -5.272082e-01
      vertex   1.084190e+00 1.133333e+01 -6.017744e-01
      vertex   1.350866e+00 8.666667e+00 -7.497915e-01
    endloop
  endfacet
  facet normal -8.519094e-01 -1.135702e-01 5.112262e-01
    outer loop
      vertex   1.350866e+00 8.666667e+00 -7.497915e-01
      vertex   1.084190e+00 1.133333e+01 -6.017744e-01
      vertex   1.297165e+00 8.666667e+00 -8.392776e-01
    endloop
  endfacet
  facet normal -8.603837e-01 -1.139586e-01 4.967428e-01
    outer loop
      vertex   8.310611e-01 1.400000e+01 -4.284418e-01
      vertex   7.865721e-01 1.400000e+01 -5.054992e-01
      vertex   1.084190e+00 1.133333e+01 -6.017744e-01
    endloop
  endfacet
  facet normal -8.519127e-01 -1.135361e-01 5.112282e-01
    outer loop
      vertex   1.084190e+00 1.133333e+01 -6.017744e-01
      vertex   7.865721e-01 1.400000e+01 -5.054992e-01
      vertex   1.041091e+00 1.133333e+01 -6.735949e-01
    endloop
  endfacet
  facet normal -8.519094e-01 -1.135702e-01 5.112262e-01
    outer loop
      vertex   1.084190e+00 1.133333e+01 -6.017744e-01
      vertex   1.041091e+00 1.133333e+01 -6.735949e-01
      vertex   1.297165e+00 8.666667e+00 -8.392776e-01
    endloop
  endfacet
  facet normal -8.154531e-01 -1.135702e-01 5.675721e-01
    outer loop
      vertex   1.297165e+00 8.666667e+00 -8.392776e-01
      vertex   1.041091e+00 1.133333e+01 -6.735949e-01
      vertex   1.237547e+00 8.666667e+00 -9.249342e-01
    endloop
  endfacet
  facet normal -8.154496e-01 -1.136074e-01 5.675697e-01
    outer loop
      vertex   1.041091e+00 1.133333e+01 -6.735949e-01
      vertex   7.865721e-01 1.400000e+01 -5.054992e-01
      vertex   9.932414e-01 1.133333e+01 -7.423420e-01
    endloop
  endfacet
  facet normal -8.092746e-01 -1.139027e-01 5.762818e-01
    outer loop
      vertex   9.932414e-01 1.133333e+01 -7.423420e-01
      vertex   7.865721e-01 1.400000e+01 -5.054992e-01
      vertex   7.349596e-01 1.400000e+01 -5.779787e-01
    endloop
  endfacet
  facet normal -7.752923e-01 -1.133886e-01 6.213412e-01
    outer loop
      vertex   9.932414e-01 1.133333e+01 -7.423420e-01
      vertex   7.349596e-01 1.400000e+01 -5.779787e-01
      vertex   9.408601e-01 1.133333e+01 -8.077019e-01
    endloop
  endfacet
  facet normal -7.508210e-01 -1.140188e-01 6.505901e-01
    outer loop
      vertex   9.408601e-01 1.133333e+01 -8.077019e-01
      vertex   7.349596e-01 1.400000e+01 -5.779787e-01
      vertex   6.766913e-01 1.400000e+01 -6.452239e-01
    endloop
  endfacet
  facet normal -7.315732e-01 -1.134324e-01 6.722601e-01
    outer loop
      vertex   9.408601e-01 1.133333e+01 -8.077019e-01
      vertex   6.766913e-01 1.400000e+01 -6.452239e-01
      vertex   8.841859e-01 1.133333e+01 -8.693764e-01
    endloop
  endfacet
  facet normal -6.855971e-01 -1.137866e-01 7.190335e-01
    outer loop
      vertex   8.841859e-01 1.133333e+01 -8.693764e-01
      vertex   6.766913e-01 1.400000e+01 -6.452239e-01
      vertex   6.122948e-01 1.400000e+01 -7.066259e-01
    endloop
  endfacet
  facet normal -6.844960e-01 -1.137387e-01 7.200894e-01
    outer loop
      vertex   8.841859e-01 1.133333e+01 -8.693764e-01
      vertex   6.122948e-01 1.400000e+01 -7.066259e-01
      vertex   8.234773e-01 1.133333e+01 -9.270842e-01
    endloop
  endfacet
  facet normal -6.343422e-01 -1.134534e-01 7.646818e-01
    outer loop
      vertex   8.234773e-01 1.133333e+01 -9.270842e-01
      vertex   6.122948e-01 1.400000e+01 -7.066259e-01
      vertex   7.590114e-01 1.133333e+01 -9.805619e-01
    endloop
  endfacet
  facet normal -6.343337e-01 -1.135702e-01 7.646716e-01
    outer loop
      vertex   8.234773e-01 1.133333e+01 -9.270842e-01
      vertex   7.590114e-01 1.133333e+01 -9.805619e-01
      vertex   9.457037e-01 8.666667e+00 -1.221749e+00
    endloop
  endfacet
  facet normal -5.812637e-01 -1.135702e-01 8.057508e-01
    outer loop
      vertex   9.457037e-01 8.666667e+00 -1.221749e+00
      vertex   7.590114e-01 1.133333e+01 -9.805619e-01
      vertex   8.610663e-01 8.666667e+00 -1.282805e+00
    endloop
  endfacet
  facet normal -6.141283e-01 -1.140102e-01 7.809277e-01
    outer loop
      vertex   6.122948e-01 1.400000e+01 -7.066259e-01
      vertex   5.423532e-01 1.400000e+01 -7.616285e-01
      vertex   7.590114e-01 1.133333e+01 -9.805619e-01
    endloop
  endfacet
  facet normal -5.812764e-01 -1.133805e-01 8.057683e-01
    outer loop
      vertex   7.590114e-01 1.133333e+01 -9.805619e-01
      vertex   5.423532e-01 1.400000e+01 -7.616285e-01
      vertex   6.910823e-01 1.133333e+01 -1.029566e+00
    endloop
  endfacet
  facet normal -5.812637e-01 -1.135702e-01 8.057508e-01
    outer loop
      vertex   7.590114e-01 1.133333e+01 -9.805619e-01
      vertex   6.910823e-01 1.133333e+01 -1.029566e+00
      vertex   8.610663e-01 8.666667e+00 -1.282805e+00
    endloop
  endfacet
  facet normal -5.255416e-01 -1.135702e-01 8.431535e-01
    outer loop
      vertex   8.610663e-01 8.666667e+00 -1.282805e+00
      vertex   6.910823e-01 1.133333e+01 -1.029566e+00
      vertex   7.725000e-01 8.666667e+00 -1.338009e+00
    endloop
  endfacet
  facet normal -5.371204e-01 -1.139328e-01 8.357757e-01
    outer loop
      vertex   5.423532e-01 1.400000e+01 -7.616285e-01
      vertex   4.675000e-01 1.400000e+01 -8.097338e-01
      vertex   6.910823e-01 1.133333e+01 -1.029566e+00
    endloop
  endfacet
  facet normal -5.255416e-01 -1.135702e-01 8.431535e-01
    outer loop
      vertex   6.910823e-01 1.133333e+01 -1.029566e+00
      vertex   4.675000e-01 1.400000e+01 -8.097338e-01
      vertex   6.200000e-01 1.133333e+01 -1.073872e+00
    endloop
  endfacet
  facet normal -5.255416e-01 -1.135702e-01 8.431535e-01
    outer loop
      vertex   6.910823e-01 1.133333e+01 -1.029566e+00
      vertex   6.200000e-01 1.133333e+01 -1.073872e+00
      vertex   7.725000e-01 8.666667e+00 -1.338009e+00
    endloop
  endfacet
  facet normal -4.674216e-01 -1.135702e-01 8.767091e-01
    outer loop
      vertex   7.725000e-01 8.666667e+00 -1.338009e+00
      vertex   6.200000e-01 1.133333e+01 -1.073872e+00
      vertex   6.804090e-01 8.666667e+00 -1.387108e+00
    endloop
  endfacet
  facet normal -4.674216e-01 -1.135702e-01 8.767091e-01
    outer loop
      vertex   6.200000e-01 1.133333e+01 -1.073872e+00
      vertex   4.675000e-01 1.400000e+01 -8.097338e-01
      vertex   5.460887e-01 1.133333e+01 -1.113278e+00
    endloop
  endfacet
  facet normal -4.552428e-01 -1.139328e-01 8.830478e-01
    outer loop
      vertex   5.460887e-01 1.133333e+01 -1.113278e+00
      vertex   4.675000e-01 1.400000e+01 -8.097338e-01
      vertex   3.884130e-01 1.400000e+01 -8.505059e-01
    endloop
  endfacet
  facet normal -4.071777e-01 -1.133805e-01 9.062843e-01
    outer loop
      vertex   5.460887e-01 1.133333e+01 -1.113278e+00
      vertex   3.884130e-01 1.400000e+01 -8.505059e-01
      vertex   4.696858e-01 1.133333e+01 -1.147604e+00
    endloop
  endfacet
  facet normal -3.692391e-01 -1.140102e-01 9.223146e-01
    outer loop
      vertex   4.696858e-01 1.133333e+01 -1.147604e+00
      vertex   3.884130e-01 1.400000e+01 -8.505059e-01
      vertex   3.058085e-01 1.400000e+01 -8.835758e-01
    endloop
  endfacet
  facet normal -3.450628e-01 -1.134534e-01 9.316974e-01
    outer loop
      vertex   4.696858e-01 1.133333e+01 -1.147604e+00
      vertex   3.058085e-01 1.400000e+01 -8.835758e-01
      vertex   3.911398e-01 1.133333e+01 -1.176694e+00
    endloop
  endfacet
  facet normal -2.813677e-01 -1.137387e-01 9.528356e-01
    outer loop
      vertex   3.911398e-01 1.133333e+01 -1.176694e+00
      vertex   3.058085e-01 1.400000e+01 -8.835758e-01
      vertex   3.108091e-01 1.133333e+01 -1.200416e+00
    endloop
  endfacet
  facet normal -2.813732e-01 -1.135702e-01 9.528541e-01
    outer loop
      vertex   3.911398e-01 1.133333e+01 -1.176694e+00
      vertex   3.108091e-01 1.133333e+01 -1.200416e+00
      vertex   3.872582e-01 8.666667e+00 -1.495679e+00
    endloop
  endfacet
  facet normal -2.164043e-01 -1.135702e-01 9.696757e-01
    outer loop
      vertex   3.872582e-01 8.666667e+00 -1.495679e+00
      vertex   3.108091e-01 1.133333e+01 -1.200416e+00
      vertex   2.854018e-01 8.666667e+00 -1.518411e+00
    endloop
  endfacet
  facet normal -2.799028e-01 -1.137866e-01 9.532613e-01
    outer loop
      vertex   3.058085e-01 1.400000e+01 -8.835758e-01
      vertex   2.204346e-01 1.400000e+01 -9.086438e-01
      vertex   3.108091e-01 1.133333e+01 -1.200416e+00
    endloop
  endfacet
  facet normal -2.164077e-01 -1.134324e-01 9.696911e-01
    outer loop
      vertex   3.108091e-01 1.133333e+01 -1.200416e+00
      vertex   2.204346e-01 1.400000e+01 -9.086438e-01
      vertex   2.290603e-01 1.133333e+01 -1.218660e+00
    endloop
  endfacet
  facet normal -2.164043e-01 -1.135702e-01 9.696757e-01
    outer loop
      vertex   3.108091e-01 1.133333e+01 -1.200416e+00
      vertex   2.290603e-01 1.133333e+01 -1.218660e+00
      vertex   2.854018e-01 8.666667e+00 -1.518411e+00
    endloop
  endfacet
  facet normal -1.504480e-01 -1.135702e-01 9.820729e-01
    outer loop
      vertex   2.854018e-01 8.666667e+00 -1.518411e+00
      vertex   2.290603e-01 1.133333e+01 -1.218660e+00
      vertex   1.822431e-01 8.666667e+00 -1.534214e+00
    endloop
  endfacet
  facet normal -1.880171e-01 -1.140188e-01 9.755251e-01
    outer loop
      vertex   2.204346e-01 1.400000e+01 -9.086438e-01
      vertex   1.330644e-01 1.400000e+01 -9.254830e-01
      vertex   2.290603e-01 1.133333e+01 -1.218660e+00
    endloop
  endfacet
  facet normal -1.504512e-01 -1.133886e-01 9.820934e-01
    outer loop
      vertex   2.290603e-01 1.133333e+01 -1.218660e+00
      vertex   1.330644e-01 1.400000e+01 -9.254830e-01
      vertex   1.462663e-01 1.133333e+01 -1.231343e+00
    endloop
  endfacet
  facet normal -1.504480e-01 -1.135702e-01 9.820729e-01
    outer loop
      vertex   2.290603e-01 1.133333e+01 -1.218660e+00
      vertex   1.462663e-01 1.133333e+01 -1.231343e+00
      vertex   1.822431e-01 8.666667e+00 -1.534214e+00
    endloop
  endfacet
  facet normal -8.380531e-02 -1.135702e-01 9.899891e-01
    outer loop
      vertex   1.822431e-01 8.666667e+00 -1.534214e+00
      vertex   1.462663e-01 1.133333e+01 -1.231343e+00
      vertex   7.825297e-02 8.666667e+00 -1.543017e+00
    endloop
  endfacet
  facet normal -9.443741e-02 -1.139027e-01 9.889933e-01
    outer loop
      vertex   1.330644e-01 1.400000e+01 -9.254830e-01
      vertex   4.448909e-02 1.400000e+01 -9.339410e-01
      vertex   1.462663e-01 1.133333e+01 -1.231343e+00
    endloop
  endfacet
  facet normal -8.380495e-02 -1.136074e-01 9.899849e-01
    outer loop
      vertex   1.462663e-01 1.133333e+01 -1.231343e+00
      vertex   4.448909e-02 1.400000e+01 -9.339410e-01
      vertex   6.280497e-02 1.133333e+01 -1.238408e+00
    endloop
  endfacet
  facet normal -8.380531e-02 -1.135702e-01 9.899891e-01
    outer loop
      vertex   1.462663e-01 1.133333e+01 -1.231343e+00
      vertex   6.280497e-02 1.133333e+01 -1.238408e+00
      vertex   7.825297e-02 8.666667e+00 -1.543017e+00
    endloop
  endfacet
  facet normal -1.678020e-02 -1.135702e-01 9.933883e-01
    outer loop
      vertex   7.825297e-02 8.666667e+00 -1.543017e+00
      vertex   6.280497e-02 1.133333e+01 -1.238408e+00
      vertex   -2.609425e-02 8.666667e+00 -1.544780e+00
    endloop
  endfacet
  facet normal -1.678027e-02 -1.135361e-01 9.933922e-01
    outer loop
      vertex   6.280497e-02 1.133333e+01 -1.238408e+00
      vertex   4.448909e-02 1.400000e+01 -9.339410e-01
      vertex   -2.094296e-02 1.133333e+01 -1.239823e+00
    endloop
  endfacet
  facet normal 0.000000e+00 -1.139586e-01 9.934855e-01
    outer loop
      vertex   -2.094296e-02 1.133333e+01 -1.239823e+00
      vertex   4.448909e-02 1.400000e+01 -9.339410e-01
      vertex   -4.448909e-02 1.400000e+01 -9.339410e-01
    endloop
  endfacet
  facet normal 5.032259e-02 -1.133756e-01 9.922770e-01
    outer loop
      vertex   -2.094296e-02 1.133333e+01 -1.239823e+00
      vertex   -4.448909e-02 1.400000e+01 -9.339410e-01
      vertex   -1.045953e-01 1.133333e+01 -1.235581e+00
    endloop
  endfacet
  facet normal 9.443638e-02 -1.139973e-01 9.889825e-01
    outer loop
      vertex   -1.045953e-01 1.133333e+01 -1.235581e+00
      vertex   -4.448909e-02 1.400000e+01 -9.339410e-01
      vertex   -1.330644e-01 1.400000e+01 -9.254830e-01
    endloop
  endfacet
  facet normal 1.171948e-01 -1.134778e-01 9.866044e-01
    outer loop
      vertex   -1.045953e-01 1.133333e+01 -1.235581e+00
      vertex   -1.330644e-01 1.400000e+01 -9.254830e-01
      vertex   -1.877704e-01 1.133333e+01 -1.225701e+00
    endloop
  endfacet
  facet normal 1.835283e-01 -1.136917e-01 9.764177e-01
    outer loop
      vertex   -1.877704e-01 1.133333e+01 -1.225701e+00
      vertex   -1.330644e-01 1.400000e+01 -9.254830e-01
      vertex   -2.700888e-01 1.133333e+01 -1.210228e+00
    endloop
  endfacet
  facet normal 1.835309e-01 -1.135702e-01 9.764314e-01
    outer loop
      vertex   -1.877704e-01 1.133333e+01 -1.225701e+00
      vertex   -2.700888e-01 1.133333e+01 -1.210228e+00
      vertex   -3.365219e-01 8.666667e+00 -1.507905e+00
    endloop
  endfacet
  facet normal 2.490308e-01 -1.135702e-01 9.618136e-01
    outer loop
      vertex   -3.365219e-01 8.666667e+00 -1.507905e+00
      vertex   -2.700888e-01 1.133333e+01 -1.210228e+00
      vertex   -4.375525e-01 8.666667e+00 -1.481747e+00
    endloop
  endfacet
  facet normal 1.880212e-01 -1.138296e-01 9.755464e-01
    outer loop
      vertex   -1.330644e-01 1.400000e+01 -9.254830e-01
      vertex   -2.204346e-01 1.400000e+01 -9.086438e-01
      vertex   -2.700888e-01 1.133333e+01 -1.210228e+00
    endloop
  endfacet
  facet normal 2.490353e-01 -1.134145e-01 9.618309e-01
    outer loop
      vertex   -2.700888e-01 1.133333e+01 -1.210228e+00
      vertex   -2.204346e-01 1.400000e+01 -9.086438e-01
      vertex   -3.511748e-01 1.133333e+01 -1.189233e+00
    endloop
  endfacet
  facet normal 2.490308e-01 -1.135702e-01 9.618136e-01
    outer loop
      vertex   -2.700888e-01 1.133333e+01 -1.210228e+00
      vertex   -3.511748e-01 1.133333e+01 -1.189233e+00
      vertex   -4.375525e-01 8.666667e+00 -1.481747e+00
    endloop
  endfacet
  facet normal 3.133945e-01 -1.135702e-01 9.428074e-01
    outer loop
      vertex   -4.375525e-01 8.666667e+00 -1.481747e+00
      vertex   -3.511748e-01 1.133333e+01 -1.189233e+00
      vertex   -5.365866e-01 8.666667e+00 -1.448827e+00
    endloop
  endfacet
  facet normal 2.798951e-01 -1.140231e-01 9.532353e-01
    outer loop
      vertex   -2.204346e-01 1.400000e+01 -9.086438e-01
      vertex   -3.058085e-01 1.400000e+01 -8.835758e-01
      vertex   -3.511748e-01 1.133333e+01 -1.189233e+00
    endloop
  endfacet
  facet normal 3.134006e-01 -1.133999e-01 9.428258e-01
    outer loop
      vertex   -3.511748e-01 1.133333e+01 -1.189233e+00
      vertex   -3.058085e-01 1.400000e+01 -8.835758e-01
      vertex   -4.306585e-01 1.133333e+01 -1.162813e+00
    endloop
  endfacet
  facet normal 3.133945e-01 -1.135702e-01 9.428074e-01
    outer loop
      vertex   -3.511748e-01 1.133333e+01 -1.189233e+00
      vertex   -4.306585e-01 1.133333e+01 -1.162813e+00
      vertex   -5.365866e-01 8.666667e+00 -1.448827e+00
    endloop
  endfacet
  facet normal 3.763282e-01 -1.135702e-01 9.194993e-01
    outer loop
      vertex   -5.365866e-01 8.666667e+00 -1.448827e+00
      vertex   -4.306585e-01 1.133333e+01 -1.162813e+00
      vertex   -6.331724e-01 8.666667e+00 -1.409297e+00
    endloop
  endfacet
  facet normal 3.692451e-01 -1.138683e-01 9.223297e-01
    outer loop
      vertex   -3.058085e-01 1.400000e+01 -8.835758e-01
      vertex   -3.884130e-01 1.400000e+01 -8.505059e-01
      vertex   -4.306585e-01 1.133333e+01 -1.162813e+00
    endloop
  endfacet
  facet normal 3.763248e-01 -1.136480e-01 9.194910e-01
    outer loop
      vertex   -4.306585e-01 1.133333e+01 -1.162813e+00
      vertex   -3.884130e-01 1.400000e+01 -8.505059e-01
      vertex   -5.081772e-01 1.133333e+01 -1.131086e+00
    endloop
  endfacet
  facet normal 3.763282e-01 -1.135702e-01 9.194993e-01
    outer loop
      vertex   -4.306585e-01 1.133333e+01 -1.162813e+00
      vertex   -5.081772e-01 1.133333e+01 -1.131086e+00
      vertex   -6.331724e-01 8.666667e+00 -1.409297e+00
    endloop
  endfacet
  facet normal 4.375448e-01 -1.135702e-01 8.919957e-01
    outer loop
      vertex   -6.331724e-01 8.666667e+00 -1.409297e+00
      vertex   -5.081772e-01 1.133333e+01 -1.131086e+00
      vertex   -7.268692e-01 8.666667e+00 -1.363336e+00
    endloop
  endfacet
  facet normal 4.375481e-01 -1.135053e-01 8.920024e-01
    outer loop
      vertex   -5.081772e-01 1.133333e+01 -1.131086e+00
      vertex   -3.884130e-01 1.400000e+01 -8.505059e-01
      vertex   -5.833772e-01 1.133333e+01 -1.094199e+00
    endloop
  endfacet
  facet normal 4.552403e-01 -1.139801e-01 8.830429e-01
    outer loop
      vertex   -5.833772e-01 1.133333e+01 -1.094199e+00
      vertex   -3.884130e-01 1.400000e+01 -8.505059e-01
      vertex   -4.675000e-01 1.400000e+01 -8.097338e-01
    endloop
  endfacet
  facet normal 4.967762e-01 -1.133740e-01 8.604416e-01
    outer loop
      vertex   -5.833772e-01 1.133333e+01 -1.094199e+00
      vertex   -4.675000e-01 1.400000e+01 -8.097338e-01
      vertex   -6.559154e-01 1.133333e+01 -1.052319e+00
    endloop
  endfacet
  facet normal 5.371175e-01 -1.139801e-01 8.357711e-01
    outer loop
      vertex   -6.559154e-01 1.133333e+01 -1.052319e+00
      vertex   -4.675000e-01 1.400000e+01 -8.097338e-01
      vertex   -5.423532e-01 1.400000e+01 -7.616285e-01
    endloop
  endfacet
  facet normal 5.537227e-01 -1.135053e-01 8.249289e-01
    outer loop
      vertex   -6.559154e-01 1.133333e+01 -1.052319e+00
      vertex   -5.423532e-01 1.400000e+01 -7.616285e-01
      vertex   -7.254608e-01 1.133333e+01 -1.005637e+00
    endloop
  endfacet
  facet normal 6.081402e-01 -1.136480e-01 7.856524e-01
    outer loop
      vertex   -7.254608e-01 1.133333e+01 -1.005637e+00
      vertex   -5.423532e-01 1.400000e+01 -7.616285e-01
      vertex   -7.916960e-01 1.133333e+01 -9.543675e-01
    endloop
  endfacet
  facet normal 6.081456e-01 -1.135702e-01 7.856594e-01
    outer loop
      vertex   -7.254608e-01 1.133333e+01 -1.005637e+00
      vertex   -7.916960e-01 1.133333e+01 -9.543675e-01
      vertex   -9.864277e-01 8.666667e+00 -1.189111e+00
    endloop
  endfacet
  facet normal 6.597979e-01 -1.135702e-01 7.428113e-01
    outer loop
      vertex   -9.864277e-01 8.666667e+00 -1.189111e+00
      vertex   -7.916960e-01 1.133333e+01 -9.543675e-01
      vertex   -1.064454e+00 8.666667e+00 -1.119805e+00
    endloop
  endfacet
  facet normal 6.141384e-01 -1.138683e-01 7.809405e-01
    outer loop
      vertex   -5.423532e-01 1.400000e+01 -7.616285e-01
      vertex   -6.122948e-01 1.400000e+01 -7.066259e-01
      vertex   -7.916960e-01 1.133333e+01 -9.543675e-01
    endloop
  endfacet
  facet normal 6.598108e-01 -1.133999e-01 7.428258e-01
    outer loop
      vertex   -7.916960e-01 1.133333e+01 -9.543675e-01
      vertex   -6.122948e-01 1.400000e+01 -7.066259e-01
      vertex   -8.543190e-01 1.133333e+01 -8.987431e-01
    endloop
  endfacet
  facet normal 6.597979e-01 -1.135702e-01 7.428113e-01
    outer loop
      vertex   -7.916960e-01 1.133333e+01 -9.543675e-01
      vertex   -8.543190e-01 1.133333e+01 -8.987431e-01
      vertex   -1.064454e+00 8.666667e+00 -1.119805e+00
    endloop
  endfacet
  facet normal 7.084396e-01 -1.135702e-01 6.965738e-01
    outer loop
      vertex   -1.064454e+00 8.666667e+00 -1.119805e+00
      vertex   -8.543190e-01 1.133333e+01 -8.987431e-01
      vertex   -1.137623e+00 8.666667e+00 -1.045389e+00
    endloop
  endfacet
  facet normal 6.855784e-01 -1.140231e-01 7.190139e-01
    outer loop
      vertex   -6.122948e-01 1.400000e+01 -7.066259e-01
      vertex   -6.766913e-01 1.400000e+01 -6.452239e-01
      vertex   -8.543190e-01 1.133333e+01 -8.987431e-01
    endloop
  endfacet
  facet normal 7.084523e-01 -1.134145e-01 6.965863e-01
    outer loop
      vertex   -8.543190e-01 1.133333e+01 -8.987431e-01
      vertex   -6.766913e-01 1.400000e+01 -6.452239e-01
      vertex   -9.130439e-01 1.133333e+01 -8.390178e-01
    endloop
  endfacet
  facet normal 7.084396e-01 -1.135702e-01 6.965738e-01
    outer loop
      vertex   -8.543190e-01 1.133333e+01 -8.987431e-01
      vertex   -9.130439e-01 1.133333e+01 -8.390178e-01
      vertex   -1.137623e+00 8.666667e+00 -1.045389e+00
    endloop
  endfacet
  facet normal 7.538489e-01 -1.135702e-01 6.471581e-01
    outer loop
      vertex   -1.137623e+00 8.666667e+00 -1.045389e+00
      vertex   -9.130439e-01 1.133333e+01 -8.390178e-01
      vertex   -1.205602e+00 8.666667e+00 -9.662035e-01
    endloop
  endfacet
  facet normal 7.508374e-01 -1.138296e-01 6.506043e-01
    outer loop
      vertex   -6.766913e-01 1.400000e+01 -6.452239e-01
      vertex   -7.349596e-01 1.400000e+01 -5.779787e-01
      vertex   -9.130439e-01 1.133333e+01 -8.390178e-01
    endloop
  endfacet
  facet normal 7.538384e-01 -1.136917e-01 6.471490e-01
    outer loop
      vertex   -9.130439e-01 1.133333e+01 -8.390178e-01
      vertex   -7.349596e-01 1.400000e+01 -5.779787e-01
      vertex   -9.676027e-01 1.133333e+01 -7.754643e-01
    endloop
  endfacet
  facet normal 7.538489e-01 -1.135702e-01 6.471581e-01
    outer loop
      vertex   -9.130439e-01 1.133333e+01 -8.390178e-01
      vertex   -9.676027e-01 1.133333e+01 -7.754643e-01
      vertex   -1.205602e+00 8.666667e+00 -9.662035e-01
    endloop
  endfacet
  facet normal 7.958186e-01 -1.135702e-01 5.947895e-01
    outer loop
      vertex   -1.205602e+00 8.666667e+00 -9.662035e-01
      vertex   -9.676027e-01 1.133333e+01 -7.754643e-01
      vertex   -1.268080e+00 8.666667e+00 -8.826094e-01
    endloop
  endfacet
  facet normal 7.958271e-01 -1.134778e-01 5.947958e-01
    outer loop
      vertex   -9.676027e-01 1.133333e+01 -7.754643e-01
      vertex   -7.349596e-01 1.400000e+01 -5.779787e-01
      vertex   -1.017747e+00 1.133333e+01 -7.083726e-01
    endloop
  endfacet
  facet normal 8.092658e-01 -1.139973e-01 5.762756e-01
    outer loop
      vertex   -1.017747e+00 1.133333e+01 -7.083726e-01
      vertex   -7.349596e-01 1.400000e+01 -5.779787e-01
      vertex   -7.865721e-01 1.400000e+01 -5.054992e-01
    endloop
  endfacet
  facet normal 8.341758e-01 -1.133756e-01 5.397191e-01
    outer loop
      vertex   -1.017747e+00 1.133333e+01 -7.083726e-01
      vertex   -7.865721e-01 1.400000e+01 -5.054992e-01
      vertex   -1.063247e+00 1.133333e+01 -6.380487e-01
    endloop
  endfacet
  facet normal 8.603837e-01 -1.139586e-01 4.967428e-01
    outer loop
      vertex   -1.063247e+00 1.133333e+01 -6.380487e-01
      vertex   -7.865721e-01 1.400000e+01 -5.054992e-01
      vertex   -8.310611e-01 1.400000e+01 -4.284418e-01
    endloop
  endfacet
  facet normal 8.686930e-01 -1.135361e-01 4.821639e-01
    outer loop
      vertex   -1.063247e+00 1.133333e+01 -6.380487e-01
      vertex   -8.310611e-01 1.400000e+01 -4.284418e-01
      vertex   -1.103896e+00 1.133333e+01 -5.648135e-01
    endloop
  endfacet
  facet normal 8.992545e-01 -1.136074e-01 4.224152e-01
    outer loop
      vertex   -1.103896e+00 1.133333e+01 -5.648135e-01
      vertex   -8.310611e-01 1.400000e+01 -4.284418e-01
      vertex   -1.139508e+00 1.133333e+01 -4.890013e-01
    endloop
  endfacet
  facet normal 8.992584e-01 -1.135702e-01 4.224170e-01
    outer loop
      vertex   -1.103896e+00 1.133333e+01 -5.648135e-01
      vertex   -1.139508e+00 1.133333e+01 -4.890013e-01
      vertex   -1.419790e+00 8.666667e+00 -6.092798e-01
    endloop
  endfacet
  facet normal 9.257241e-01 -1.135702e-01 3.607446e-01
    outer loop
      vertex   -1.419790e+00 8.666667e+00 -6.092798e-01
      vertex   -1.139508e+00 1.133333e+01 -4.890013e-01
      vertex   -1.457683e+00 8.666667e+00 -5.120401e-01
    endloop
  endfacet
  facet normal 9.037120e-01 -1.139027e-01 4.127115e-01
    outer loop
      vertex   -8.310611e-01 1.400000e+01 -4.284418e-01
      vertex   -8.680240e-01 1.400000e+01 -3.475044e-01
      vertex   -1.139508e+00 1.133333e+01 -4.890013e-01
    endloop
  endfacet
  facet normal 9.257434e-01 -1.133886e-01 3.607522e-01
    outer loop
      vertex   -1.139508e+00 1.133333e+01 -4.890013e-01
      vertex   -8.680240e-01 1.400000e+01 -3.475044e-01
      vertex   -1.169920e+00 1.133333e+01 -4.109578e-01
    endloop
  endfacet
  facet normal 9.257241e-01 -1.135702e-01 3.607446e-01
    outer loop
      vertex   -1.139508e+00 1.133333e+01 -4.890013e-01
      vertex   -1.169920e+00 1.133333e+01 -4.109578e-01
      vertex   -1.457683e+00 8.666667e+00 -5.120401e-01
    endloop
  endfacet
  facet normal 9.479660e-01 -1.135702e-01 2.974262e-01
    outer loop
      vertex   -1.457683e+00 8.666667e+00 -5.120401e-01
      vertex   -1.169920e+00 1.133333e+01 -4.109578e-01
      vertex   -1.488925e+00 8.666667e+00 -4.124642e-01
    endloop
  endfacet
  facet normal 9.388381e-01 -1.140188e-01 3.249350e-01
    outer loop
      vertex   -8.680240e-01 1.400000e+01 -3.475044e-01
      vertex   -8.971259e-01 1.400000e+01 -2.634199e-01
      vertex   -1.169920e+00 1.133333e+01 -4.109578e-01
    endloop
  endfacet
  facet normal 9.479810e-01 -1.134324e-01 2.974310e-01
    outer loop
      vertex   -1.169920e+00 1.133333e+01 -4.109578e-01
      vertex   -8.971259e-01 1.400000e+01 -2.634199e-01
      vertex   -1.194995e+00 1.133333e+01 -3.310392e-01
    endloop
  endfacet
  facet normal 9.479660e-01 -1.135702e-01 2.974262e-01
    outer loop
      vertex   -1.169920e+00 1.133333e+01 -4.109578e-01
      vertex   -1.194995e+00 1.133333e+01 -3.310392e-01
      vertex   -1.488925e+00 8.666667e+00 -4.124642e-01
    endloop
  endfacet
  facet normal 9.658824e-01 -1.135702e-01 2.327508e-01
    outer loop
      vertex   -1.488925e+00 8.666667e+00 -4.124642e-01
      vertex   -1.194995e+00 1.133333e+01 -3.310392e-01
      vertex   -1.513374e+00 8.666667e+00 -3.110062e-01
    endloop
  endfacet
  facet normal 9.654999e-01 -1.137866e-01 2.342277e-01
    outer loop
      vertex   -8.971259e-01 1.400000e+01 -2.634199e-01
      vertex   -9.181033e-01 1.400000e+01 -1.769499e-01
      vertex   -1.194995e+00 1.133333e+01 -3.310392e-01
    endloop
  endfacet
  facet normal 9.658637e-01 -1.137387e-01 2.327462e-01
    outer loop
      vertex   -1.194995e+00 1.133333e+01 -3.310392e-01
      vertex   -9.181033e-01 1.400000e+01 -1.769499e-01
      vertex   -1.214617e+00 1.133333e+01 -2.496102e-01
    endloop
  endfacet
  facet normal 9.658824e-01 -1.135702e-01 2.327508e-01
    outer loop
      vertex   -1.194995e+00 1.133333e+01 -3.310392e-01
      vertex   -1.214617e+00 1.133333e+01 -2.496102e-01
      vertex   -1.513374e+00 8.666667e+00 -3.110062e-01
    endloop
  endfacet
  facet normal 9.793918e-01 -1.135702e-01 1.670133e-01
    outer loop
      vertex   -1.513374e+00 8.666667e+00 -3.110062e-01
      vertex   -1.214617e+00 1.133333e+01 -2.496102e-01
      vertex   -1.530917e+00 8.666667e+00 -2.081292e-01
    endloop
  endfacet
  facet normal 9.794050e-01 -1.134534e-01 1.670155e-01
    outer loop
      vertex   -1.214617e+00 1.133333e+01 -2.496102e-01
      vertex   -9.181033e-01 1.400000e+01 -1.769499e-01
      vertex   -1.228697e+00 1.133333e+01 -1.670422e-01
    endloop
  endfacet
  facet normal 9.833674e-01 -1.140102e-01 1.413869e-01
    outer loop
      vertex   -1.228697e+00 1.133333e+01 -1.670422e-01
      vertex   -9.181033e-01 1.400000e+01 -1.769499e-01
      vertex   -9.307662e-01 1.400000e+01 -8.887740e-02
    endloop
  endfacet
  facet normal 9.884541e-01 -1.133805e-01 1.005160e-01
    outer loop
      vertex   -1.228697e+00 1.133333e+01 -1.670422e-01
      vertex   -9.307662e-01 1.400000e+01 -8.887740e-02
      vertex   -1.237171e+00 1.133333e+01 -8.371209e-02
    endloop
  endfacet
  facet normal 9.923632e-01 -1.139328e-01 4.727208e-02
    outer loop
      vertex   -1.237171e+00 1.133333e+01 -8.371209e-02
      vertex   -9.307662e-01 1.400000e+01 -8.887740e-02
      vertex   -9.350000e-01 1.400000e+01 1.145045e-16
    endloop
  endfacet
  facet normal 9.929632e-01 -1.135702e-01 3.355562e-02
    outer loop
      vertex   -1.237171e+00 1.133333e+01 -8.371209e-02
      vertex   -9.350000e-01 1.400000e+01 1.145045e-16
      vertex   -1.240000e+00 1.133333e+01 1.518562e-16
    endloop
  endfacet
  facet normal 9.929632e-01 -1.135702e-01 -3.355562e-02
    outer loop
      vertex   -1.240000e+00 1.133333e+01 1.518562e-16
      vertex   -9.350000e-01 1.400000e+01 1.145045e-16
      vertex   -1.237171e+00 1.133333e+01 8.371209e-02
    endloop
  endfacet
  facet normal 9.929632e-01 -1.135702e-01 -3.355562e-02
    outer loop
      vertex   -1.240000e+00 1.133333e+01 1.518562e-16
      vertex   -1.237171e+00 1.133333e+01 8.371209e-02
      vertex   -1.541475e+00 8.666667e+00 1.043026e-01
    endloop
  endfacet
  facet normal 9.884325e-01 -1.135702e-01 -1.005138e-01
    outer loop
      vertex   -1.541475e+00 8.666667e+00 1.043026e-01
      vertex   -1.237171e+00 1.133333e+01 8.371209e-02
      vertex   -1.530917e+00 8.666667e+00 2.081292e-01
    endloop
  endfacet
  facet normal 9.923632e-01 -1.139328e-01 -4.727208e-02
    outer loop
      vertex   -9.350000e-01 1.400000e+01 1.145045e-16
      vertex   -9.307662e-01 1.400000e+01 8.887740e-02
      vertex   -1.237171e+00 1.133333e+01 8.371209e-02
    endloop
  endfacet
  facet normal 9.884541e-01 -1.133805e-01 -1.005160e-01
    outer loop
      vertex   -1.237171e+00 1.133333e+01 8.371209e-02
      vertex   -9.307662e-01 1.400000e+01 8.887740e-02
      vertex   -1.228697e+00 1.133333e+01 1.670422e-01
    endloop
  endfacet
  facet normal 9.884325e-01 -1.135702e-01 -1.005138e-01
    outer loop
      vertex   -1.237171e+00 1.133333e+01 8.371209e-02
      vertex   -1.228697e+00 1.133333e+01 1.670422e-01
      vertex   -1.530917e+00 8.666667e+00 2.081292e-01
    endloop
  endfacet
  facet normal 9.793918e-01 -1.135702e-01 -1.670133e-01
    outer loop
      vertex   -1.530917e+00 8.666667e+00 2.081292e-01
      vertex   -1.228697e+00 1.133333e+01 1.670422e-01
      vertex   -1.513374e+00 8.666667e+00 3.110062e-01
    endloop
  endfacet
  facet normal 9.833674e-01 -1.140102e-01 -1.413869e-01
    outer loop
      vertex   -9.307662e-01 1.400000e+01 8.887740e-02
      vertex   -9.181033e-01 1.400000e+01 1.769499e-01
      vertex   -1.228697e+00 1.133333e+01 1.670422e-01
    endloop
  endfacet
  facet normal 9.794050e-01 -1.134534e-01 -1.670155e-01
    outer loop
      vertex   -1.228697e+00 1.133333e+01 1.670422e-01
      vertex   -9.181033e-01 1.400000e+01 1.769499e-01
      vertex   -1.214617e+00 1.133333e+01 2.496102e-01
    endloop
  endfacet
  facet normal 9.793918e-01 -1.135702e-01 -1.670133e-01
    outer loop
      vertex   -1.228697e+00 1.133333e+01 1.670422e-01
      vertex   -1.214617e+00 1.133333e+01 2.496102e-01
      vertex   -1.513374e+00 8.666667e+00 3.110062e-01
    endloop
  endfacet
  facet normal 9.658824e-01 -1.135702e-01 -2.327508e-01
    outer loop
      vertex   -1.513374e+00 8.666667e+00 3.110062e-01
      vertex   -1.214617e+00 1.133333e+01 2.496102e-01
      vertex   -1.488925e+00 8.666667e+00 4.124642e-01
    endloop
  endfacet
  facet normal 9.658637e-01 -1.137387e-01 -2.327462e-01
    outer loop
      vertex   -1.214617e+00 1.133333e+01 2.496102e-01
      vertex   -9.181033e-01 1.400000e+01 1.769499e-01
      vertex   -1.194995e+00 1.133333e+01 3.310392e-01
    endloop
  endfacet
  facet normal 9.654999e-01 -1.137866e-01 -2.342277e-01
    outer loop
      vertex   -1.194995e+00 1.133333e+01 3.310392e-01
      vertex   -9.181033e-01 1.400000e+01 1.769499e-01
      vertex   -8.971259e-01 1.400000e+01 2.634199e-01
    endloop
  endfacet
  facet normal 9.479810e-01 -1.134324e-01 -2.974310e-01
    outer loop
      vertex   -1.194995e+00 1.133333e+01 3.310392e-01
      vertex   -8.971259e-01 1.400000e+01 2.634199e-01
      vertex   -1.169920e+00 1.133333e+01 4.109578e-01
    endloop
  endfacet
  facet normal 9.388381e-01 -1.140188e-01 -3.249350e-01
    outer loop
      vertex   -1.169920e+00 1.133333e+01 4.109578e-01
      vertex   -8.971259e-01 1.400000e+01 2.634199e-01
      vertex   -8.680240e-01 1.400000e+01 3.475044e-01
    endloop
  endfacet
  facet normal 9.257434e-01 -1.133886e-01 -3.607522e-01
    outer loop
      vertex   -1.169920e+00 1.133333e+01 4.109578e-01
      vertex   -8.680240e-01 1.400000e+01 3.475044e-01
      vertex   -1.139508e+00 1.133333e+01 4.890013e-01
    endloop
  endfacet
  facet normal 9.037120e-01 -1.139027e-01 -4.127115e-01
    outer loop
      vertex   -1.139508e+00 1.133333e+01 4.890013e-01
      vertex   -8.680240e-01 1.400000e+01 3.475044e-01
      vertex   -8.310611e-01 1.400000e+01 4.284418e-01
    endloop
  endfacet
  facet normal 8.992545e-01 -1.136074e-01 -4.224152e-01
    outer loop
      vertex   -1.139508e+00 1.133333e+01 4.890013e-01
      vertex   -8.310611e-01 1.400000e+01 4.284418e-01
      vertex   -1.103896e+00 1.133333e+01 5.648135e-01
    endloop
  endfacet
  facet normal 8.686930e-01 -1.135361e-01 -4.821639e-01
    outer loop
      vertex   -1.103896e+00 1.133333e+01 5.648135e-01
      vertex   -8.310611e-01 1.400000e+01 4.284418e-01
      vertex   -1.063247e+00 1.133333e+01 6.380487e-01
    endloop
  endfacet
  facet normal 8.686896e-01 -1.135702e-01 -4.821620e-01
    outer loop
      vertex   -1.103896e+00 1.133333e+01 5.648135e-01
      vertex   -1.063247e+00 1.133333e+01 6.380487e-01
      vertex   -1.324771e+00 8.666667e+00 7.949881e-01
    endloop
  endfacet
  facet normal 8.341571e-01 -1.135702e-01 -5.397071e-01
    outer loop
      vertex   -1.324771e+00 8.666667e+00 7.949881e-01
      vertex   -1.063247e+00 1.133333e+01 6.380487e-01
      vertex   -1.268080e+00 8.666667e+00 8.826094e-01
    endloop
  endfacet
  facet normal 8.603837e-01 -1.139586e-01 -4.967428e-01
    outer loop
      vertex   -8.310611e-01 1.400000e+01 4.284418e-01
      vertex   -7.865721e-01 1.400000e+01 5.054992e-01
      vertex   -1.063247e+00 1.133333e+01 6.380487e-01
    endloop
  endfacet
  facet normal 8.341758e-01 -1.133756e-01 -5.397191e-01
    outer loop
      vertex   -1.063247e+00 1.133333e+01 6.380487e-01
      vertex   -7.865721e-01 1.400000e+01 5.054992e-01
      vertex   -1.017747e+00 1.133333e+01 7.083726e-01
    endloop
  endfacet
  facet normal 8.341571e-01 -1.135702e-01 -5.397071e-01
    outer loop
      vertex   -1.063247e+00 1.133333e+01 6.380487e-01
      vertex   -1.017747e+00 1.133333e+01 7.083726e-01
      vertex   -1.268080e+00 8.666667e+00 8.826094e-01
    endloop
  endfacet
  facet normal 7.958186e-01 -1.135702e-01 -5.947895e-01
    outer loop
      vertex   -1.268080e+00 8.666667e+00 8.826094e-01
      vertex   -1.017747e+00 1.133333e+01 7.083726e-01
      vertex   -1.205602e+00 8.666667e+00 9.662035e-01
    endloop
  endfacet
  facet normal 8.092658e-01 -1.139973e-01 -5.762756e-01
    outer loop
      vertex   -7.865721e-01 1.400000e+01 5.054992e-01
      vertex   -7.349596e-01 1.400000e+01 5.779787e-01
      vertex   -1.017747e+00 1.133333e+01 7.083726e-01
    endloop
  endfacet
  facet normal 7.958271e-01 -1.134778e-01 -5.947958e-01
    outer loop
      vertex   -1.017747e+00 1.133333e+01 7.083726e-01
      vertex   -7.349596e-01 1.400000e+01 5.779787e-01
      vertex   -9.676027e-01 1.133333e+01 7.754643e-01
    endloop
  endfacet
  facet normal 7.958186e-01 -1.135702e-01 -5.947895e-01
    outer loop
      vertex   -1.017747e+00 1.133333e+01 7.083726e-01
      vertex   -9.676027e-01 1.133333e+01 7.754643e-01
      vertex   -1.205602e+00 8.666667e+00 9.662035e-01
    endloop
  endfacet
  facet normal 7.538489e-01 -1.135702e-01 -6.471581e-01
    outer loop
      vertex   -1.205602e+00 8.666667e+00 9.662035e-01
      vertex   -9.676027e-01 1.133333e+01 7.754643e-01
      vertex   -1.137623e+00 8.666667e+00 1.045389e+00
    endloop
  endfacet
  facet normal 7.538384e-01 -1.136917e-01 -6.471490e-01
    outer loop
      vertex   -9.676027e-01 1.133333e+01 7.754643e-01
      vertex   -7.349596e-01 1.400000e+01 5.779787e-01
      vertex   -9.130439e-01 1.133333e+01 8.390178e-01
    endloop
  endfacet
  facet normal 7.508374e-01 -1.138296e-01 -6.506043e-01
    outer loop
      vertex   -9.130439e-01 1.133333e+01 8.390178e-01
      vertex   -7.349596e-01 1.400000e+01 5.779787e-01
      vertex   -6.766913e-01 1.400000e+01 6.452239e-01
    endloop
  endfacet
  facet normal 7.084523e-01 -1.134145e-01 -6.965863e-01
    outer loop
      vertex   -9.130439e-01 1.133333e+01 8.390178e-01
      vertex   -6.766913e-01 1.400000e+01 6.452239e-01
      vertex   -8.543190e-01 1.133333e+01 8.987431e-01
    endloop
  endfacet
  facet normal 6.855784e-01 -1.140231e-01 -7.190139e-01
    outer loop
      vertex   -8.543190e-01 1.133333e+01 8.987431e-01
      vertex   -6.766913e-01 1.400000e+01 6.452239e-01
      vertex   -6.122948e-01 1.400000e+01 7.066259e-01
    endloop
  endfacet
  facet normal 6.598108e-01 -1.133999e-01 -7.428258e-01
    outer loop
      vertex   -8.543190e-01 1.133333e+01 8.987431e-01
      vertex   -6.122948e-01 1.400000e+01 7.066259e-01
      vertex   -7.916960e-01 1.133333e+01 9.543675e-01
    endloop
  endfacet
  facet normal 6.141384e-01 -1.138683e-01 -7.809405e-01
    outer loop
      vertex   -7.916960e-01 1.133333e+01 9.543675e-01
      vertex   -6.122948e-01 1.400000e+01 7.066259e-01
      vertex   -5.423532e-01 1.400000e+01 7.616285e-01
    endloop
  endfacet
  facet normal 6.081402e-01 -1.136480e-01 -7.856524e-01
    outer loop
      vertex   -7.916960e-01 1.133333e+01 9.543675e-01
      vertex   -5.423532e-01 1.400000e+01 7.616285e-01
      vertex   -7.254608e-01 1.133333e+01 1.005637e+00
    endloop
  endfacet
  facet normal 5.537227e-01 -1.135053e-01 -8.249289e-01
    outer loop
      vertex   -7.254608e-01 1.133333e+01 1.005637e+00
      vertex   -5.423532e-01 1.400000e+01 7.616285e-01
      vertex   -6.559154e-01 1.133333e+01 1.052319e+00
    endloop
  endfacet
  facet normal 5.537186e-01 -1.135702e-01 -8.249228e-01
    outer loop
      vertex   -7.254608e-01 1.133333e+01 1.005637e+00
      vertex   -6.559154e-01 1.133333e+01 1.052319e+00
      vertex   -8.172494e-01 8.666667e+00 1.311155e+00
    endloop
  endfacet
  facet normal 4.967650e-01 -1.135702e-01 -8.604222e-01
    outer loop
      vertex   -8.172494e-01 8.666667e+00 1.311155e+00
      vertex   -6.559154e-01 1.133333e+01 1.052319e+00
      vertex   -7.268692e-01 8.666667e+00 1.363336e+00
    endloop
  endfacet
  facet normal 5.371175e-01 -1.139801e-01 -8.357711e-01
    outer loop
      vertex   -5.423532e-01 1.400000e+01 7.616285e-01
      vertex   -4.675000e-01 1.400000e+01 8.097338e-01
      vertex   -6.559154e-01 1.133333e+01 1.052319e+00
    endloop
  endfacet
  facet normal 4.967762e-01 -1.133740e-01 -8.604416e-01
    outer loop
      vertex   -6.559154e-01 1.133333e+01 1.052319e+00
      vertex   -4.675000e-01 1.400000e+01 8.097338e-01
      vertex   -5.833772e-01 1.133333e+01 1.094199e+00
    endloop
  endfacet
  facet normal 4.967650e-01 -1.135702e-01 -8.604222e-01
    outer loop
      vertex   -6.559154e-01 1.133333e+01 1.052319e+00
      vertex   -5.833772e-01 1.133333e+01 1.094199e+00
      vertex   -7.268692e-01 8.666667e+00 1.363336e+00
    endloop
  endfacet
  facet normal 4.375448e-01 -1.135702e-01 -8.919957e-01
    outer loop
      vertex   -7.268692e-01 8.666667e+00 1.363336e+00
      vertex   -5.833772e-01 1.133333e+01 1.094199e+00
      vertex   -6.331724e-01 8.666667e+00 1.409297e+00
    endloop
  endfacet
  facet normal 4.552403e-01 -1.139801e-01 -8.830429e-01
    outer loop
      vertex   -4.675000e-01 1.400000e+01 8.097338e-01
      vertex   -3.884130e-01 1.400000e+01 8.505059e-01
      vertex   -5.833772e-01 1.133333e+01 1.094199e+00
    endloop
  endfacet
  facet normal 4.375481e-01 -1.135053e-01 -8.920024e-01
    outer loop
      vertex   -5.833772e-01 1.133333e+01 1.094199e+00
      vertex   -3.884130e-01 1.400000e+01 8.505059e-01
      vertex   -5.081772e-01 1.133333e+01 1.131086e+00
    endloop
  endfacet
  facet normal 4.375448e-01 -1.135702e-01 -8.919957e-01
    outer loop
      vertex   -5.833772e-01 1.133333e+01 1.094199e+00
      vertex   -5.081772e-01 1.133333e+01 1.131086e+00
      vertex   -6.331724e-01 8.666667e+00 1.409297e+00
    endloop
  endfacet
  facet normal 3.763282e-01 -1.135702e-01 -9.194993e-01
    outer loop
      vertex   -6.331724e-01 8.666667e+00 1.409297e+00
      vertex   -5.081772e-01 1.133333e+01 1.131086e+00
      vertex   -5.365866e-01 8.666667e+00 1.448827e+00
    endloop
  endfacet
  facet normal 3.763248e-01 -1.136480e-01 -9.194910e-01
    outer loop
      vertex   -5.081772e-01 1.133333e+01 1.131086e+00
      vertex   -3.884130e-01 1.400000e+01 8.505059e-01
      vertex   -4.306585e-01 1.133333e+01 1.162813e+00
    endloop
  endfacet
  facet normal 3.692451e-01 -1.138683e-01 -9.223297e-01
    outer loop
      vertex   -4.306585e-01 1.133333e+01 1.162813e+00
      vertex   -3.884130e-01 1.400000e+01 8.505059e-01
      vertex   -3.058085e-01 1.400000e+01 8.835758e-01
    endloop
  endfacet
  facet normal 3.134006e-01 -1.133999e-01 -9.428258e-01
    outer loop
      vertex   -4.306585e-01 1.133333e+01 1.162813e+00
      vertex   -3.058085e-01 1.400000e+01 8.835758e-01
      vertex   -3.511748e-01 1.133333e+01 1.189233e+00
    endloop
  endfacet
  facet normal 2.798951e-01 -1.140231e-01 -9.532353e-01
    outer loop
      vertex   -3.511748e-01 1.133333e+01 1.189233e+00
      vertex   -3.058085e-01 1.400000e+01 8.835758e-01
      vertex   -2.204346e-01 1.400000e+01 9.086438e-01
    endloop
  endfacet
  facet normal 2.490353e-01 -1.134145e-01 -9.618309e-01
    outer loop
      vertex   -3.511748e-01 1.133333e+01 1.189233e+00
      vertex   -2.204346e-01 1.400000e+01 9.086438e-01
      vertex   -2.700888e-01 1.133333e+01 1.210228e+00
    endloop
  endfacet
  facet normal 1.880212e-01 -1.138296e-01 -9.755464e-01
    outer loop
      vertex   -2.700888e-01 1.133333e+01 1.210228e+00
      vertex   -2.204346e-01 1.400000e+01 9.086438e-01
      vertex   -1.330644e-01 1.400000e+01 9.254830e-01
    endloop
  endfacet
  facet normal 1.835283e-01 -1.136917e-01 -9.764177e-01
    outer loop
      vertex   -2.700888e-01 1.133333e+01 1.210228e+00
      vertex   -1.330644e-01 1.400000e+01 9.254830e-01
      vertex   -1.877704e-01 1.133333e+01 1.225701e+00
    endloop
  endfacet
  facet normal 1.171948e-01 -1.134778e-01 -9.866044e-01
    outer loop
      vertex   -1.877704e-01 1.133333e+01 1.225701e+00
      vertex   -1.330644e-01 1.400000e+01 9.254830e-01
      vertex   -1.045953e-01 1.133333e+01 1.235581e+00
    endloop
  endfacet
  facet normal 1.171935e-01 -1.135702e-01 -9.865939e-01
    outer loop
      vertex   -1.877704e-01 1.133333e+01 1.225701e+00
      vertex   -1.045953e-01 1.133333e+01 1.235581e+00
      vertex   -1.303224e-01 8.666667e+00 1.539494e+00
    endloop
  endfacet
  facet normal 5.032147e-02 -1.135702e-01 -9.922548e-01
    outer loop
      vertex   -1.303224e-01 8.666667e+00 1.539494e+00
      vertex   -1.045953e-01 1.133333e+01 1.235581e+00
      vertex   -2.609425e-02 8.666667e+00 1.544780e+00
    endloop
  endfacet
  facet normal 9.443638e-02 -1.139973e-01 -9.889825e-01
    outer loop
      vertex   -1.330644e-01 1.400000e+01 9.254830e-01
      vertex   -4.448909e-02 1.400000e+01 9.339410e-01
      vertex   -1.045953e-01 1.133333e+01 1.235581e+00
    endloop
  endfacet
  facet normal 5.032259e-02 -1.133756e-01 -9.922770e-01
    outer loop
      vertex   -1.045953e-01 1.133333e+01 1.235581e+00
      vertex   -4.448909e-02 1.400000e+01 9.339410e-01
      vertex   -2.094296e-02 1.133333e+01 1.239823e+00
    endloop
  endfacet
  facet normal 5.032147e-02 -1.135702e-01 -9.922548e-01
    outer loop
      vertex   -1.045953e-01 1.133333e+01 1.235581e+00
      vertex   -2.094296e-02 1.133333e+01 1.239823e+00
      vertex   -2.609425e-02 8.666667e+00 1.544780e+00
    endloop
  endfacet
  facet normal -1.678020e-02 -1.135702e-01 -9.933883e-01
    outer loop
      vertex   -2.609425e-02 8.666667e+00 1.544780e+00
      vertex   -2.094296e-02 1.133333e+01 1.239823e+00
      vertex   7.825297e-02 8.666667e+00 1.543017e+00
    endloop
  endfacet
  facet normal 0.000000e+00 -1.139586e-01 -9.934855e-01
    outer loop
      vertex   -4.448909e-02 1.400000e+01 9.339410e-01
      vertex   4.448909e-02 1.400000e+01 9.339410e-01
      vertex   -2.094296e-02 1.133333e+01 1.239823e+00
    endloop
  endfacet
  facet normal -1.678027e-02 -1.135361e-01 -9.933922e-01
    outer loop
      vertex   -2.094296e-02 1.133333e+01 1.239823e+00
      vertex   4.448909e-02 1.400000e+01 9.339410e-01
      vertex   6.280497e-02 1.133333e+01 1.238408e+00
    endloop
  endfacet
  facet normal -1.678020e-02 -1.135702e-01 -9.933883e-01
    outer loop
      vertex   -2.094296e-02 1.133333e+01 1.239823e+00
      vertex   6.280497e-02 1.133333e+01 1.238408e+00
      vertex   7.825297e-02 8.666667e+00 1.543017e+00
    endloop
  endfacet
  facet normal -8.380531e-02 -1.135702e-01 -9.899891e-01
    outer loop
      vertex   7.825297e-02 8.666667e+00 1.543017e+00
      vertex   6.280497e-02 1.133333e+01 1.238408e+00
      vertex   1.822431e-01 8.666667e+00 1.534214e+00
    endloop
  endfacet
  facet normal -8.380495e-02 -1.136074e-01 -9.899849e-01
    outer loop
      vertex   6.280497e-02 1.133333e+01 1.238408e+00
      vertex   4.448909e-02 1.400000e+01 9.339410e-01
      vertex   1.462663e-01 1.133333e+01 1.231343e+00
    endloop
  endfacet
  facet normal -9.443741e-02 -1.139027e-01 -9.889933e-01
    outer loop
      vertex   1.462663e-01 1.133333e+01 1.231343e+00
      vertex   4.448909e-02 1.400000e+01 9.339410e-01
      vertex   1.330644e-01 1.400000e+01 9.254830e-01
    endloop
  endfacet
  facet normal -1.504512e-01 -1.133886e-01 -9.820934e-01
    outer loop
      vertex   1.462663e-01 1.133333e+01 1.231343e+00
      vertex   1.330644e-01 1.400000e+01 9.254830e-01
      vertex   2.290603e-01 1.133333e+01 1.218660e+00
    endloop
  endfacet
  facet normal -1.880171e-01 -1.140188e-01 -9.755251e-01
    outer loop
      vertex   2.290603e-01 1.133333e+01 1.218660e+00
      vertex   1.330644e-01 1.400000e+01 9.254830e-01
      vertex   2.204346e-01 1.400000e+01 9.086438e-01
    endloop
  endfacet
  facet normal -2.164077e-01 -1.134324e-01 -9.696911e-01
    outer loop
      vertex   2.290603e-01 1.133333e+01 1.218660e+00
      vertex   2.204346e-01 1.400000e+01 9.086438e-01
      vertex   3.108091e-01 1.133333e+01 1.200416e+00
    endloop
  endfacet
  facet normal -2.799028e-01 -1.137866e-01 -9.532613e-01
    outer loop
      vertex   3.108091e-01 1.133333e+01 1.200416e+00
      vertex   2.204346e-01 1.400000e+01 9.086438e-01
      vertex   3.058085e-01 1.400000e+01 8.835758e-01
    endloop
  endfacet
  facet normal -2.813677e-01 -1.137387e-01 -9.528356e-01
    outer loop
      vertex   3.108091e-01 1.133333e+01 1.200416e+00
      vertex   3.058085e-01 1.400000e+01 8.835758e-01
      vertex   3.911398e-01 1.133333e+01 1.176694e+00
    endloop
  endfacet
  facet normal -3.450628e-01 -1.134534e-01 -9.316974e-01
    outer loop
      vertex   3.911398e-01 1.133333e+01 1.176694e+00
      vertex   3.058085e-01 1.400000e+01 8.835758e-01
      vertex   4.696858e-01 1.133333e+01 1.147604e+00
    endloop
  endfacet
  facet normal -3.450582e-01 -1.135702e-01 -9.316849e-01
    outer loop
      vertex   3.911398e-01 1.133333e+01 1.176694e+00
      vertex   4.696858e-01 1.133333e+01 1.147604e+00
      vertex   5.852134e-01 8.666667e+00 1.429878e+00
    endloop
  endfacet
  facet normal -4.071688e-01 -1.135702e-01 -9.062645e-01
    outer loop
      vertex   5.852134e-01 8.666667e+00 1.429878e+00
      vertex   4.696858e-01 1.133333e+01 1.147604e+00
      vertex   6.804090e-01 8.666667e+00 1.387108e+00
    endloop
  endfacet
  facet normal -3.692391e-01 -1.140102e-01 -9.223146e-01
    outer loop
      vertex   3.058085e-01 1.400000e+01 8.835758e-01
      vertex   3.884130e-01 1.400000e+01 8.505059e-01
      vertex   4.696858e-01 1.133333e+01 1.147604e+00
    endloop
  endfacet
  facet normal -4.071777e-01 -1.133805e-01 -9.062843e-01
    outer loop
      vertex   4.696858e-01 1.133333e+01 1.147604e+00
      vertex   3.884130e-01 1.400000e+01 8.505059e-01
      vertex   5.460887e-01 1.133333e+01 1.113278e+00
    endloop
  endfacet
  facet normal -4.071688e-01 -1.135702e-01 -9.062645e-01
    outer loop
      vertex   4.696858e-01 1.133333e+01 1.147604e+00
      vertex   5.460887e-01 1.133333e+01 1.113278e+00
      vertex   6.804090e-01 8.666667e+00 1.387108e+00
    endloop
  endfacet
  facet normal -4.674216e-01 -1.135702e-01 -8.767091e-01
    outer loop
      vertex   6.804090e-01 8.666667e+00 1.387108e+00
      vertex   5.460887e-01 1.133333e+01 1.113278e+00
      vertex   7.725000e-01 8.666667e+00 1.338009e+00
    endloop
  endfacet
  facet normal -4.552428e-01 -1.139328e-01 -8.830478e-01
    outer loop
      vertex   3.884130e-01 1.400000e+01 8.505059e-01
      vertex   4.675000e-01 1.400000e+01 8.097338e-01
      vertex   5.460887e-01 1.133333e+01 1.113278e+00
    endloop
  endfacet
  facet normal -4.674216e-01 -1.135702e-01 -8.767091e-01
    outer loop
      vertex   5.460887e-01 1.133333e+01 1.113278e+00
      vertex   4.675000e-01 1.400000e+01 8.097338e-01
      vertex   6.200000e-01 1.133333e+01 1.073872e+00
    endloop
  endfacet
  facet normal -4.674216e-01 -1.135702e-01 -8.767091e-01
    outer loop
      vertex   5.460887e-01 1.133333e+01 1.113278e+00
      vertex   6.200000e-01 1.133333e+01 1.073872e+00
      vertex   7.725000e-01 8.666667e+00 1.338009e+00
    endloop
  endfacet
  facet normal -5.255416e-01 -1.135702e-01 -8.431535e-01
    outer loop
      vertex   7.725000e-01 8.666667e+00 1.338009e+00
      vertex   6.200000e-01 1.133333e+01 1.073872e+00
      vertex   8.610663e-01 8.666667e+00 1.282805e+00
    endloop
  endfacet
  facet normal -5.255416e-01 -1.135702e-01 -8.431535e-01
    outer loop
      vertex   6.200000e-01 1.133333e+01 1.073872e+00
      vertex   4.675000e-01 1.400000e+01 8.097338e-01
      vertex   6.910823e-01 1.133333e+01 1.029566e+00
    endloop
  endfacet
  facet normal -5.371204e-01 -1.139328e-01 -8.357757e-01
    outer loop
      vertex   6.910823e-01 1.133333e+01 1.029566e+00
      vertex   4.675000e-01 1.400000e+01 8.097338e-01
      vertex   5.423532e-01 1.400000e+01 7.616285e-01
    endloop
  endfacet
  facet normal -5.812764e-01 -1.133805e-01 -8.057683e-01
    outer loop
      vertex   6.910823e-01 1.133333e+01 1.029566e+00
      vertex   5.423532e-01 1.400000e+01 7.616285e-01
      vertex   7.590114e-01 1.133333e+01 9.805619e-01
    endloop
  endfacet
  facet normal -6.141283e-01 -1.140102e-01 -7.809277e-01
    outer loop
      vertex   7.590114e-01 1.133333e+01 9.805619e-01
      vertex   5.423532e-01 1.400000e+01 7.616285e-01
      vertex   6.122948e-01 1.400000e+01 7.066259e-01
    endloop
  endfacet
  facet normal -6.343422e-01 -1.134534e-01 -7.646818e-01
    outer loop
      vertex   7.590114e-01 1.133333e+01 9.805619e-01
      vertex   6.122948e-01 1.400000e+01 7.066259e-01
      vertex   8.234773e-01 1.133333e+01 9.270842e-01
    endloop
  endfacet
  facet normal -6.844960e-01 -1.137387e-01 -7.200894e-01
    outer loop
      vertex   8.234773e-01 1.133333e+01 9.270842e-01
      vertex   6.122948e-01 1.400000e+01 7.066259e-01
      vertex   8.841859e-01 1.133333e+01 8.693764e-01
    endloop
  endfacet
  facet normal -6.845093e-01 -1.135702e-01 -7.201034e-01
    outer loop
      vertex   8.234773e-01 1.133333e+01 9.270842e-01
      vertex   8.841859e-01 1.133333e+01 8.693764e-01
      vertex   1.101667e+00 8.666667e+00 1.083215e+00
    endloop
  endfacet
  facet normal -7.315617e-01 -1.135702e-01 -6.722495e-01
    outer loop
      vertex   1.101667e+00 8.666667e+00 1.083215e+00
      vertex   8.841859e-01 1.133333e+01 8.693764e-01
      vertex   1.172281e+00 8.666667e+00 1.006370e+00
    endloop
  endfacet
  facet normal -6.855971e-01 -1.137866e-01 -7.190335e-01
    outer loop
      vertex   6.122948e-01 1.400000e+01 7.066259e-01
      vertex   6.766913e-01 1.400000e+01 6.452239e-01
      vertex   8.841859e-01 1.133333e+01 8.693764e-01
    endloop
  endfacet
  facet normal -7.315732e-01 -1.134324e-01 -6.722601e-01
    outer loop
      vertex   8.841859e-01 1.133333e+01 8.693764e-01
      vertex   6.766913e-01 1.400000e+01 6.452239e-01
      vertex   9.408601e-01 1.133333e+01 8.077019e-01
    endloop
  endfacet
  facet normal -7.315617e-01 -1.135702e-01 -6.722495e-01
    outer loop
      vertex   8.841859e-01 1.133333e+01 8.693764e-01
      vertex   9.408601e-01 1.133333e+01 8.077019e-01
      vertex   1.172281e+00 8.666667e+00 1.006370e+00
    endloop
  endfacet
  facet normal -7.752761e-01 -1.135702e-01 -6.213283e-01
    outer loop
      vertex   1.172281e+00 8.666667e+00 1.006370e+00
      vertex   9.408601e-01 1.133333e+01 8.077019e-01
      vertex   1.237547e+00 8.666667e+00 9.249342e-01
    endloop
  endfacet
  facet normal -7.508210e-01 -1.140188e-01 -6.505901e-01
    outer loop
      vertex   6.766913e-01 1.400000e+01 6.452239e-01
      vertex   7.349596e-01 1.400000e+01 5.779787e-01
      vertex   9.408601e-01 1.133333e+01 8.077019e-01
    endloop
  endfacet
  facet normal -7.752923e-01 -1.133886e-01 -6.213412e-01
    outer loop
      vertex   9.408601e-01 1.133333e+01 8.077019e-01
      vertex   7.349596e-01 1.400000e+01 5.779787e-01
      vertex   9.932414e-01 1.133333e+01 7.423420e-01
    endloop
  endfacet
  facet normal -7.752761e-01 -1.135702e-01 -6.213283e-01
    outer loop
      vertex   9.408601e-01 1.133333e+01 8.077019e-01
      vertex   9.932414e-01 1.133333e+01 7.423420e-01
      vertex   1.237547e+00 8.666667e+00 9.249342e-01
    endloop
  endfacet
  facet normal -8.154531e-01 -1.135702e-01 -5.675721e-01
    outer loop
      vertex   1.237547e+00 8.666667e+00 9.249342e-01
      vertex   9.932414e-01 1.133333e+01 7.423420e-01
      vertex   1.297165e+00 8.666667e+00 8.392776e-01
    endloop
  endfacet
  facet normal -8.092746e-01 -1.139027e-01 -5.762818e-01
    outer loop
      vertex   7.349596e-01 1.400000e+01 5.779787e-01
      vertex   7.865721e-01 1.400000e+01 5.054992e-01
      vertex   9.932414e-01 1.133333e+01 7.423420e-01
    endloop
  endfacet
  facet normal -8.154496e-01 -1.136074e-01 -5.675697e-01
    outer loop
      vertex   9.932414e-01 1.133333e+01 7.423420e-01
      vertex   7.865721e-01 1.400000e+01 5.054992e-01
      vertex   1.041091e+00 1.133333e+01 6.735949e-01
    endloop
  endfacet
  facet normal -8.154531e-01 -1.135702e-01 -5.675721e-01
    outer loop
      vertex   9.932414e-01 1.133333e+01 7.423420e-01
      vertex   1.041091e+00 1.133333e+01 6.735949e-01
      vertex   1.297165e+00 8.666667e+00 8.392776e-01
    endloop
  endfacet
  facet normal -8.519094e-01 -1.135702e-01 -5.112262e-01
    outer loop
      vertex   1.297165e+00 8.666667e+00 8.392776e-01
      vertex   1.041091e+00 1.133333e+01 6.735949e-01
      vertex   1.350866e+00 8.666667e+00 7.497915e-01
    endloop
  endfacet
  facet normal -8.519127e-01 -1.135361e-01 -5.112282e-01
    outer loop
      vertex   1.041091e+00 1.133333e+01 6.735949e-01
      vertex   7.865721e-01 1.400000e+01 5.054992e-01
      vertex   1.084190e+00 1.133333e+01 6.017744e-01
    endloop
  endfacet
  facet normal -8.603837e-01 -1.139586e-01 -4.967428e-01
    outer loop
      vertex   1.084190e+00 1.133333e+01 6.017744e-01
      vertex   7.865721e-01 1.400000e+01 5.054992e-01
      vertex   8.310611e-01 1.400000e+01 4.284418e-01
    endloop
  endfacet
  facet normal -8.844984e-01 -1.133756e-01 -4.525578e-01
    outer loop
      vertex   1.084190e+00 1.133333e+01 6.017744e-01
      vertex   8.310611e-01 1.400000e+01 4.284418e-01
      vertex   1.122342e+00 1.133333e+01 5.272082e-01
    endloop
  endfacet
  facet normal -9.037022e-01 -1.139973e-01 -4.127069e-01
    outer loop
      vertex   1.122342e+00 1.133333e+01 5.272082e-01
      vertex   8.310611e-01 1.400000e+01 4.284418e-01
      vertex   8.680240e-01 1.400000e+01 3.475044e-01
    endloop
  endfacet
  facet normal -9.130218e-01 -1.134778e-01 -3.918085e-01
    outer loop
      vertex   1.122342e+00 1.133333e+01 5.272082e-01
      vertex   8.680240e-01 1.400000e+01 3.475044e-01
      vertex   1.155373e+00 1.133333e+01 4.502364e-01
    endloop
  endfacet
  facet normal -9.373667e-01 -1.136917e-01 -3.292687e-01
    outer loop
      vertex   1.155373e+00 1.133333e+01 4.502364e-01
      vertex   8.680240e-01 1.400000e+01 3.475044e-01
      vertex   1.183133e+00 1.133333e+01 3.712103e-01
    endloop
  endfacet
  facet normal -9.373798e-01 -1.135702e-01 -3.292733e-01
    outer loop
      vertex   1.155373e+00 1.133333e+01 4.502364e-01
      vertex   1.183133e+00 1.133333e+01 3.712103e-01
      vertex   1.474145e+00 8.666667e+00 4.625160e-01
    endloop
  endfacet
  facet normal -9.574704e-01 -1.135702e-01 -2.652398e-01
    outer loop
      vertex   1.474145e+00 8.666667e+00 4.625160e-01
      vertex   1.183133e+00 1.133333e+01 3.712103e-01
      vertex   1.502006e+00 8.666667e+00 3.619417e-01
    endloop
  endfacet
  facet normal -9.388586e-01 -1.138296e-01 -3.249421e-01
    outer loop
      vertex   8.680240e-01 1.400000e+01 3.475044e-01
      vertex   8.971259e-01 1.400000e+01 2.634199e-01
      vertex   1.183133e+00 1.133333e+01 3.712103e-01
    endloop
  endfacet
  facet normal -9.574876e-01 -1.134145e-01 -2.652446e-01
    outer loop
      vertex   1.183133e+00 1.133333e+01 3.712103e-01
      vertex   8.971259e-01 1.400000e+01 2.634199e-01
      vertex   1.205494e+00 1.133333e+01 2.904904e-01
    endloop
  endfacet
  facet normal -9.574704e-01 -1.135702e-01 -2.652398e-01
    outer loop
      vertex   1.183133e+00 1.133333e+01 3.712103e-01
      vertex   1.205494e+00 1.133333e+01 2.904904e-01
      vertex   1.502006e+00 8.666667e+00 3.619417e-01
    endloop
  endfacet
  facet normal -9.731924e-01 -1.135702e-01 -1.999961e-01
    outer loop
      vertex   1.502006e+00 8.666667e+00 3.619417e-01
      vertex   1.205494e+00 1.133333e+01 2.904904e-01
      vertex   1.523014e+00 8.666667e+00 2.597159e-01
    endloop
  endfacet
  facet normal -9.654735e-01 -1.140231e-01 -2.342213e-01
    outer loop
      vertex   8.971259e-01 1.400000e+01 2.634199e-01
      vertex   9.181033e-01 1.400000e+01 1.769499e-01
      vertex   1.205494e+00 1.133333e+01 2.904904e-01
    endloop
  endfacet
  facet normal -9.732114e-01 -1.133999e-01 -2.000000e-01
    outer loop
      vertex   1.205494e+00 1.133333e+01 2.904904e-01
      vertex   9.181033e-01 1.400000e+01 1.769499e-01
      vertex   1.222355e+00 1.133333e+01 2.084451e-01
    endloop
  endfacet
  facet normal -9.731924e-01 -1.135702e-01 -1.999961e-01
    outer loop
      vertex   1.205494e+00 1.133333e+01 2.904904e-01
      vertex   1.222355e+00 1.133333e+01 2.084451e-01
      vertex   1.523014e+00 8.666667e+00 2.597159e-01
    endloop
  endfacet
  facet normal -9.833835e-01 -1.138683e-01 -1.413892e-01
    outer loop
      vertex   9.181033e-01 1.400000e+01 1.769499e-01
      vertex   9.307662e-01 1.400000e+01 8.887740e-02
      vertex   1.222355e+00 1.133333e+01 2.084451e-01
    endloop
  endfacet
  facet normal 9.929632e-01 -1.135702e-01 3.355562e-02
    outer loop
      vertex   -1.237171e+00 1.133333e+01 -8.371209e-02
      vertex   -1.240000e+00 1.133333e+01 1.518562e-16
      vertex   -1.545000e+00 8.666667e+00 1.892079e-16
    endloop
  endfacet
  facet normal 9.929632e-01 -1.135702e-01 -3.355562e-02
    outer loop
      vertex   -1.545000e+00 8.666667e+00 1.892079e-16
      vertex   -1.240000e+00 1.133333e+01 1.518562e-16
      vertex   -1.541475e+00 8.666667e+00 1.043026e-01
    endloop
  endfacet
  facet normal -9.935300e-01 -1.135702e-01 -2.633815e-15
    outer loop
      vertex   1.239293e+00 1.133333e+01 -4.187994e-02
      vertex   1.544119e+00 8.666667e+00 -5.218105e-02
      vertex   1.239293e+00 1.133333e+01 4.187994e-02
    endloop
  endfacet
  facet normal -9.935300e-01 -1.135702e-01 0.000000e+00
    outer loop
      vertex   1.239293e+00 1.133333e+01 4.187994e-02
      vertex   1.544119e+00 8.666667e+00 -5.218105e-02
      vertex   1.544119e+00 8.666667e+00 5.218105e-02
    endloop
  endfacet
  facet normal -9.912634e-01 -1.135702e-01 -6.707296e-02
    outer loop
      vertex   1.239293e+00 1.133333e+01 4.187994e-02
      vertex   1.544119e+00 8.666667e+00 5.218105e-02
      vertex   1.233638e+00 1.133333e+01 1.254487e-01
    endloop
  endfacet
  facet normal -9.912634e-01 -1.135702e-01 -6.707296e-02
    outer loop
      vertex   1.233638e+00 1.133333e+01 1.254487e-01
      vertex   1.544119e+00 8.666667e+00 5.218105e-02
      vertex   1.537073e+00 8.666667e+00 1.563051e-01
    endloop
  endfacet
  facet normal -9.130121e-01 -1.135702e-01 -3.918044e-01
    outer loop
      vertex   1.122342e+00 1.133333e+01 5.272082e-01
      vertex   1.155373e+00 1.133333e+01 4.502364e-01
      vertex   1.439558e+00 8.666667e+00 5.609800e-01
    endloop
  endfacet
  facet normal -9.373798e-01 -1.135702e-01 -3.292733e-01
    outer loop
      vertex   1.439558e+00 8.666667e+00 5.609800e-01
      vertex   1.155373e+00 1.133333e+01 4.502364e-01
      vertex   1.474145e+00 8.666667e+00 4.625160e-01
    endloop
  endfacet
  facet normal -8.844786e-01 -1.135702e-01 -4.525477e-01
    outer loop
      vertex   1.084190e+00 1.133333e+01 6.017744e-01
      vertex   1.122342e+00 1.133333e+01 5.272082e-01
      vertex   1.398402e+00 8.666667e+00 6.568844e-01
    endloop
  endfacet
  facet normal -9.130121e-01 -1.135702e-01 -3.918044e-01
    outer loop
      vertex   1.398402e+00 8.666667e+00 6.568844e-01
      vertex   1.122342e+00 1.133333e+01 5.272082e-01
      vertex   1.439558e+00 8.666667e+00 5.609800e-01
    endloop
  endfacet
  facet normal -8.519094e-01 -1.135702e-01 -5.112262e-01
    outer loop
      vertex   1.041091e+00 1.133333e+01 6.735949e-01
      vertex   1.084190e+00 1.133333e+01 6.017744e-01
      vertex   1.350866e+00 8.666667e+00 7.497915e-01
    endloop
  endfacet
  facet normal -8.844786e-01 -1.135702e-01 -4.525477e-01
    outer loop
      vertex   1.350866e+00 8.666667e+00 7.497915e-01
      vertex   1.084190e+00 1.133333e+01 6.017744e-01
      vertex   1.398402e+00 8.666667e+00 6.568844e-01
    endloop
  endfacet
  facet normal -6.343337e-01 -1.135702e-01 -7.646716e-01
    outer loop
      vertex   7.590114e-01 1.133333e+01 9.805619e-01
      vertex   8.234773e-01 1.133333e+01 9.270842e-01
      vertex   1.026026e+00 8.666667e+00 1.155117e+00
    endloop
  endfacet
  facet normal -6.845093e-01 -1.135702e-01 -7.201034e-01
    outer loop
      vertex   1.026026e+00 8.666667e+00 1.155117e+00
      vertex   8.234773e-01 1.133333e+01 9.270842e-01
      vertex   1.101667e+00 8.666667e+00 1.083215e+00
    endloop
  endfacet
  facet normal -5.812637e-01 -1.135702e-01 -8.057508e-01
    outer loop
      vertex   6.910823e-01 1.133333e+01 1.029566e+00
      vertex   7.590114e-01 1.133333e+01 9.805619e-01
      vertex   9.457037e-01 8.666667e+00 1.221749e+00
    endloop
  endfacet
  facet normal -6.343337e-01 -1.135702e-01 -7.646716e-01
    outer loop
      vertex   9.457037e-01 8.666667e+00 1.221749e+00
      vertex   7.590114e-01 1.133333e+01 9.805619e-01
      vertex   1.026026e+00 8.666667e+00 1.155117e+00
    endloop
  endfacet
  facet normal -5.255416e-01 -1.135702e-01 -8.431535e-01
    outer loop
      vertex   6.200000e-01 1.133333e+01 1.073872e+00
      vertex   6.910823e-01 1.133333e+01 1.029566e+00
      vertex   8.610663e-01 8.666667e+00 1.282805e+00
    endloop
  endfacet
  facet normal -5.812637e-01 -1.135702e-01 -8.057508e-01
    outer loop
      vertex   8.610663e-01 8.666667e+00 1.282805e+00
      vertex   6.910823e-01 1.133333e+01 1.029566e+00
      vertex   9.457037e-01 8.666667e+00 1.221749e+00
    endloop
  endfacet
  facet normal -2.813732e-01 -1.135702e-01 -9.528541e-01
    outer loop
      vertex   3.108091e-01 1.133333e+01 1.200416e+00
      vertex   3.911398e-01 1.133333e+01 1.176694e+00
      vertex   4.873476e-01 8.666667e+00 1.466123e+00
    endloop
  endfacet
  facet normal -3.450582e-01 -1.135702e-01 -9.316849e-01
    outer loop
      vertex   4.873476e-01 8.666667e+00 1.466123e+00
      vertex   3.911398e-01 1.133333e+01 1.176694e+00
      vertex   5.852134e-01 8.666667e+00 1.429878e+00
    endloop
  endfacet
  facet normal -2.164043e-01 -1.135702e-01 -9.696757e-01
    outer loop
      vertex   2.290603e-01 1.133333e+01 1.218660e+00
      vertex   3.108091e-01 1.133333e+01 1.200416e+00
      vertex   3.872582e-01 8.666667e+00 1.495679e+00
    endloop
  endfacet
  facet normal -2.813732e-01 -1.135702e-01 -9.528541e-01
    outer loop
      vertex   3.872582e-01 8.666667e+00 1.495679e+00
      vertex   3.108091e-01 1.133333e+01 1.200416e+00
      vertex   4.873476e-01 8.666667e+00 1.466123e+00
    endloop
  endfacet
  facet normal -1.504480e-01 -1.135702e-01 -9.820729e-01
    outer loop
      vertex   1.462663e-01 1.133333e+01 1.231343e+00
      vertex   2.290603e-01 1.133333e+01 1.218660e+00
      vertex   2.854018e-01 8.666667e+00 1.518411e+00
    endloop
  endfacet
  facet normal -2.164043e-01 -1.135702e-01 -9.696757e-01
    outer loop
      vertex   2.854018e-01 8.666667e+00 1.518411e+00
      vertex   2.290603e-01 1.133333e+01 1.218660e+00
      vertex   3.872582e-01 8.666667e+00 1.495679e+00
    endloop
  endfacet
  facet normal -8.380531e-02 -1.135702e-01 -9.899891e-01
    outer loop
      vertex   6.280497e-02 1.133333e+01 1.238408e+00
      vertex   1.462663e-01 1.133333e+01 1.231343e+00
      vertex   1.822431e-01 8.666667e+00 1.534214e+00
    endloop
  endfacet
  facet normal -1.504480e-01 -1.135702e-01 -9.820729e-01
    outer loop
      vertex   1.822431e-01 8.666667e+00 1.534214e+00
      vertex   1.462663e-01 1.133333e+01 1.231343e+00
      vertex   2.854018e-01 8.666667e+00 1.518411e+00
    endloop
  endfacet
  facet normal 1.835309e-01 -1.135702e-01 -9.764314e-01
    outer loop
      vertex   -2.700888e-01 1.133333e+01 1.210228e+00
      vertex   -1.877704e-01 1.133333e+01 1.225701e+00
      vertex   -2.339559e-01 8.666667e+00 1.527184e+00
    endloop
  endfacet
  facet normal 1.171935e-01 -1.135702e-01 -9.865939e-01
    outer loop
      vertex   -2.339559e-01 8.666667e+00 1.527184e+00
      vertex   -1.877704e-01 1.133333e+01 1.225701e+00
      vertex   -1.303224e-01 8.666667e+00 1.539494e+00
    endloop
  endfacet
  facet normal 2.490308e-01 -1.135702e-01 -9.618136e-01
    outer loop
      vertex   -3.511748e-01 1.133333e+01 1.189233e+00
      vertex   -2.700888e-01 1.133333e+01 1.210228e+00
      vertex   -3.365219e-01 8.666667e+00 1.507905e+00
    endloop
  endfacet
  facet normal 1.835309e-01 -1.135702e-01 -9.764314e-01
    outer loop
      vertex   -3.365219e-01 8.666667e+00 1.507905e+00
      vertex   -2.700888e-01 1.133333e+01 1.210228e+00
      vertex   -2.339559e-01 8.666667e+00 1.527184e+00
    endloop
  endfacet
  facet normal 3.133945e-01 -1.135702e-01 -9.428074e-01
    outer loop
      vertex   -4.306585e-01 1.133333e+01 1.162813e+00
      vertex   -3.511748e-01 1.133333e+01 1.189233e+00
      vertex   -4.375525e-01 8.666667e+00 1.481747e+00
    endloop
  endfacet
  facet normal 2.490308e-01 -1.135702e-01 -9.618136e-01
    outer loop
      vertex   -4.375525e-01 8.666667e+00 1.481747e+00
      vertex   -3.511748e-01 1.133333e+01 1.189233e+00
      vertex   -3.365219e-01 8.666667e+00 1.507905e+00
    endloop
  endfacet
  facet normal 3.763282e-01 -1.135702e-01 -9.194993e-01
    outer loop
      vertex   -5.081772e-01 1.133333e+01 1.131086e+00
      vertex   -4.306585e-01 1.133333e+01 1.162813e+00
      vertex   -5.365866e-01 8.666667e+00 1.448827e+00
    endloop
  endfacet
  facet normal 3.133945e-01 -1.135702e-01 -9.428074e-01
    outer loop
      vertex   -5.365866e-01 8.666667e+00 1.448827e+00
      vertex   -4.306585e-01 1.133333e+01 1.162813e+00
      vertex   -4.375525e-01 8.666667e+00 1.481747e+00
    endloop
  endfacet
  facet normal 6.081456e-01 -1.135702e-01 -7.856594e-01
    outer loop
      vertex   -7.916960e-01 1.133333e+01 9.543675e-01
      vertex   -7.254608e-01 1.133333e+01 1.005637e+00
      vertex   -9.039007e-01 8.666667e+00 1.252992e+00
    endloop
  endfacet
  facet normal 5.537186e-01 -1.135702e-01 -8.249228e-01
    outer loop
      vertex   -9.039007e-01 8.666667e+00 1.252992e+00
      vertex   -7.254608e-01 1.133333e+01 1.005637e+00
      vertex   -8.172494e-01 8.666667e+00 1.311155e+00
    endloop
  endfacet
  facet normal 6.597979e-01 -1.135702e-01 -7.428113e-01
    outer loop
      vertex   -8.543190e-01 1.133333e+01 8.987431e-01
      vertex   -7.916960e-01 1.133333e+01 9.543675e-01
      vertex   -9.864277e-01 8.666667e+00 1.189111e+00
    endloop
  endfacet
  facet normal 6.081456e-01 -1.135702e-01 -7.856594e-01
    outer loop
      vertex   -9.864277e-01 8.666667e+00 1.189111e+00
      vertex   -7.916960e-01 1.133333e+01 9.543675e-01
      vertex   -9.039007e-01 8.666667e+00 1.252992e+00
    endloop
  endfacet
  facet normal 7.084396e-01 -1.135702e-01 -6.965738e-01
    outer loop
      vertex   -9.130439e-01 1.133333e+01 8.390178e-01
      vertex   -8.543190e-01 1.133333e+01 8.987431e-01
      vertex   -1.064454e+00 8.666667e+00 1.119805e+00
    endloop
  endfacet
  facet normal 6.597979e-01 -1.135702e-01 -7.428113e-01
    outer loop
      vertex   -1.064454e+00 8.666667e+00 1.119805e+00
      vertex   -8.543190e-01 1.133333e+01 8.987431e-01
      vertex   -9.864277e-01 8.666667e+00 1.189111e+00
    endloop
  endfacet
  facet normal 7.538489e-01 -1.135702e-01 -6.471581e-01
    outer loop
      vertex   -9.676027e-01 1.133333e+01 7.754643e-01
      vertex   -9.130439e-01 1.133333e+01 8.390178e-01
      vertex   -1.137623e+00 8.666667e+00 1.045389e+00
    endloop
  endfacet
  facet normal 7.084396e-01 -1.135702e-01 -6.965738e-01
    outer loop
      vertex   -1.137623e+00 8.666667e+00 1.045389e+00
      vertex   -9.130439e-01 1.133333e+01 8.390178e-01
      vertex   -1.064454e+00 8.666667e+00 1.119805e+00
    endloop
  endfacet
  facet normal 8.992584e-01 -1.135702e-01 -4.224170e-01
    outer loop
      vertex   -1.139508e+00 1.133333e+01 4.890013e-01
      vertex   -1.103896e+00 1.133333e+01 5.648135e-01
      vertex   -1.375418e+00 8.666667e+00 7.037394e-01
    endloop
  endfacet
  facet normal 8.686896e-01 -1.135702e-01 -4.821620e-01
    outer loop
      vertex   -1.375418e+00 8.666667e+00 7.037394e-01
      vertex   -1.103896e+00 1.133333e+01 5.648135e-01
      vertex   -1.324771e+00 8.666667e+00 7.949881e-01
    endloop
  endfacet
  facet normal 9.257241e-01 -1.135702e-01 -3.607446e-01
    outer loop
      vertex   -1.169920e+00 1.133333e+01 4.109578e-01
      vertex   -1.139508e+00 1.133333e+01 4.890013e-01
      vertex   -1.419790e+00 8.666667e+00 6.092798e-01
    endloop
  endfacet
  facet normal 8.992584e-01 -1.135702e-01 -4.224170e-01
    outer loop
      vertex   -1.419790e+00 8.666667e+00 6.092798e-01
      vertex   -1.139508e+00 1.133333e+01 4.890013e-01
      vertex   -1.375418e+00 8.666667e+00 7.037394e-01
    endloop
  endfacet
  facet normal 9.479660e-01 -1.135702e-01 -2.974262e-01
    outer loop
      vertex   -1.194995e+00 1.133333e+01 3.310392e-01
      vertex   -1.169920e+00 1.133333e+01 4.109578e-01
      vertex   -1.457683e+00 8.666667e+00 5.120401e-01
    endloop
  endfacet
  facet normal 9.257241e-01 -1.135702e-01 -3.607446e-01
    outer loop
      vertex   -1.457683e+00 8.666667e+00 5.120401e-01
      vertex   -1.169920e+00 1.133333e+01 4.109578e-01
      vertex   -1.419790e+00 8.666667e+00 6.092798e-01
    endloop
  endfacet
  facet normal 9.658824e-01 -1.135702e-01 -2.327508e-01
    outer loop
      vertex   -1.214617e+00 1.133333e+01 2.496102e-01
      vertex   -1.194995e+00 1.133333e+01 3.310392e-01
      vertex   -1.488925e+00 8.666667e+00 4.124642e-01
    endloop
  endfacet
  facet normal 9.479660e-01 -1.135702e-01 -2.974262e-01
    outer loop
      vertex   -1.488925e+00 8.666667e+00 4.124642e-01
      vertex   -1.194995e+00 1.133333e+01 3.310392e-01
      vertex   -1.457683e+00 8.666667e+00 5.120401e-01
    endloop
  endfacet
  facet normal 9.884325e-01 -1.135702e-01 1.005138e-01
    outer loop
      vertex   -1.228697e+00 1.133333e+01 -1.670422e-01
      vertex   -1.237171e+00 1.133333e+01 -8.371209e-02
      vertex   -1.541475e+00 8.666667e+00 -1.043026e-01
    endloop
  endfacet
  facet normal 9.929632e-01 -1.135702e-01 3.355562e-02
    outer loop
      vertex   -1.541475e+00 8.666667e+00 -1.043026e-01
      vertex   -1.237171e+00 1.133333e+01 -8.371209e-02
      vertex   -1.545000e+00 8.666667e+00 1.892079e-16
    endloop
  endfacet
  facet normal 9.793918e-01 -1.135702e-01 1.670133e-01
    outer loop
      vertex   -1.214617e+00 1.133333e+01 -2.496102e-01
      vertex   -1.228697e+00 1.133333e+01 -1.670422e-01
      vertex   -1.530917e+00 8.666667e+00 -2.081292e-01
    endloop
  endfacet
  facet normal 9.884325e-01 -1.135702e-01 1.005138e-01
    outer loop
      vertex   -1.530917e+00 8.666667e+00 -2.081292e-01
      vertex   -1.228697e+00 1.133333e+01 -1.670422e-01
      vertex   -1.541475e+00 8.666667e+00 -1.043026e-01
    endloop
  endfacet
  facet normal 8.686896e-01 -1.135702e-01 4.821620e-01
    outer loop
      vertex   -1.063247e+00 1.133333e+01 -6.380487e-01
      vertex   -1.103896e+00 1.133333e+01 -5.648135e-01
      vertex   -1.375418e+00 8.666667e+00 -7.037394e-01
    endloop
  endfacet
  facet normal 8.992584e-01 -1.135702e-01 4.224170e-01
    outer loop
      vertex   -1.375418e+00 8.666667e+00 -7.037394e-01
      vertex   -1.103896e+00 1.133333e+01 -5.648135e-01
      vertex   -1.419790e+00 8.666667e+00 -6.092798e-01
    endloop
  endfacet
  facet normal 8.341571e-01 -1.135702e-01 5.397071e-01
    outer loop
      vertex   -1.017747e+00 1.133333e+01 -7.083726e-01
      vertex   -1.063247e+00 1.133333e+01 -6.380487e-01
      vertex   -1.324771e+00 8.666667e+00 -7.949881e-01
    endloop
  endfacet
  facet normal 8.686896e-01 -1.135702e-01 4.821620e-01
    outer loop
      vertex   -1.324771e+00 8.666667e+00 -7.949881e-01
      vertex   -1.063247e+00 1.133333e+01 -6.380487e-01
      vertex   -1.375418e+00 8.666667e+00 -7.037394e-01
    endloop
  endfacet
  facet normal 7.958186e-01 -1.135702e-01 5.947895e-01
    outer loop
      vertex   -9.676027e-01 1.133333e+01 -7.754643e-01
      vertex   -1.017747e+00 1.133333e+01 -7.083726e-01
      vertex   -1.268080e+00 8.666667e+00 -8.826094e-01
    endloop
  endfacet
  facet normal 8.341571e-01 -1.135702e-01 5.397071e-01
    outer loop
      vertex   -1.268080e+00 8.666667e+00 -8.826094e-01
      vertex   -1.017747e+00 1.133333e+01 -7.083726e-01
      vertex   -1.324771e+00 8.666667e+00 -7.949881e-01
    endloop
  endfacet
  facet normal 5.537186e-01 -1.135702e-01 8.249228e-01
    outer loop
      vertex   -6.559154e-01 1.133333e+01 -1.052319e+00
      vertex   -7.254608e-01 1.133333e+01 -1.005637e+00
      vertex   -9.039007e-01 8.666667e+00 -1.252992e+00
    endloop
  endfacet
  facet normal 6.081456e-01 -1.135702e-01 7.856594e-01
    outer loop
      vertex   -9.039007e-01 8.666667e+00 -1.252992e+00
      vertex   -7.254608e-01 1.133333e+01 -1.005637e+00
      vertex   -9.864277e-01 8.666667e+00 -1.189111e+00
    endloop
  endfacet
  facet normal 4.967650e-01 -1.135702e-01 8.604222e-01
    outer loop
      vertex   -5.833772e-01 1.133333e+01 -1.094199e+00
      vertex   -6.559154e-01 1.133333e+01 -1.052319e+00
      vertex   -8.172494e-01 8.666667e+00 -1.311155e+00
    endloop
  endfacet
  facet normal 5.537186e-01 -1.135702e-01 8.249228e-01
    outer loop
      vertex   -8.172494e-01 8.666667e+00 -1.311155e+00
      vertex   -6.559154e-01 1.133333e+01 -1.052319e+00
      vertex   -9.039007e-01 8.666667e+00 -1.252992e+00
    endloop
  endfacet
  facet normal 4.375448e-01 -1.135702e-01 8.919957e-01
    outer loop
      vertex   -5.081772e-01 1.133333e+01 -1.131086e+00
      vertex   -5.833772e-01 1.133333e+01 -1.094199e+00
      vertex   -7.268692e-01 8.666667e+00 -1.363336e+00
    endloop
  endfacet
  facet normal 4.967650e-01 -1.135702e-01 8.604222e-01
    outer loop
      vertex   -7.268692e-01 8.666667e+00 -1.363336e+00
      vertex   -5.833772e-01 1.133333e+01 -1.094199e+00
      vertex   -8.172494e-01 8.666667e+00 -1.311155e+00
    endloop
  endfacet
  facet normal 1.171935e-01 -1.135702e-01 9.865939e-01
    outer loop
      vertex   -1.045953e-01 1.133333e+01 -1.235581e+00
      vertex   -1.877704e-01 1.133333e+01 -1.225701e+00
      vertex   -2.339559e-01 8.666667e+00 -1.527184e+00
    endloop
  endfacet
  facet normal 1.835309e-01 -1.135702e-01 9.764314e-01
    outer loop
      vertex   -2.339559e-01 8.666667e+00 -1.527184e+00
      vertex   -1.877704e-01 1.133333e+01 -1.225701e+00
      vertex   -3.365219e-01 8.666667e+00 -1.507905e+00
    endloop
  endfacet
  facet normal 5.032147e-02 -1.135702e-01 9.922548e-01
    outer loop
      vertex   -2.094296e-02 1.133333e+01 -1.239823e+00
      vertex   -1.045953e-01 1.133333e+01 -1.235581e+00
      vertex   -1.303224e-01 8.666667e+00 -1.539494e+00
    endloop
  endfacet
  facet normal 1.171935e-01 -1.135702e-01 9.865939e-01
    outer loop
      vertex   -1.303224e-01 8.666667e+00 -1.539494e+00
      vertex   -1.045953e-01 1.133333e+01 -1.235581e+00
      vertex   -2.339559e-01 8.666667e+00 -1.527184e+00
    endloop
  endfacet
  facet normal -1.678020e-02 -1.135702e-01 9.933883e-01
    outer loop
      vertex   6.280497e-02 1.133333e+01 -1.238408e+00
      vertex   -2.094296e-02 1.133333e+01 -1.239823e+00
      vertex   -2.609425e-02 8.666667e+00 -1.544780e+00
    endloop
  endfacet
  facet normal 5.032147e-02 -1.135702e-01 9.922548e-01
    outer loop
      vertex   -2.609425e-02 8.666667e+00 -1.544780e+00
      vertex   -2.094296e-02 1.133333e+01 -1.239823e+00
      vertex   -1.303224e-01 8.666667e+00 -1.539494e+00
    endloop
  endfacet
  facet normal -3.450582e-01 -1.135702e-01 9.316849e-01
    outer loop
      vertex   4.696858e-01 1.133333e+01 -1.147604e+00
      vertex   3.911398e-01 1.133333e+01 -1.176694e+00
      vertex   4.873476e-01 8.666667e+00 -1.466123e+00
    endloop
  endfacet
  facet normal -2.813732e-01 -1.135702e-01 9.528541e-01
    outer loop
      vertex   4.873476e-01 8.666667e+00 -1.466123e+00
      vertex   3.911398e-01 1.133333e+01 -1.176694e+00
      vertex   3.872582e-01 8.666667e+00 -1.495679e+00
    endloop
  endfacet
  facet normal -4.071688e-01 -1.135702e-01 9.062645e-01
    outer loop
      vertex   5.460887e-01 1.133333e+01 -1.113278e+00
      vertex   4.696858e-01 1.133333e+01 -1.147604e+00
      vertex   5.852134e-01 8.666667e+00 -1.429878e+00
    endloop
  endfacet
  facet normal -3.450582e-01 -1.135702e-01 9.316849e-01
    outer loop
      vertex   5.852134e-01 8.666667e+00 -1.429878e+00
      vertex   4.696858e-01 1.133333e+01 -1.147604e+00
      vertex   4.873476e-01 8.666667e+00 -1.466123e+00
    endloop
  endfacet
  facet normal -4.674216e-01 -1.135702e-01 8.767091e-01
    outer loop
      vertex   6.200000e-01 1.133333e+01 -1.073872e+00
      vertex   5.460887e-01 1.133333e+01 -1.113278e+00
      vertex   6.804090e-01 8.666667e+00 -1.387108e+00
    endloop
  endfacet
  facet normal -4.071688e-01 -1.135702e-01 9.062645e-01
    outer loop
      vertex   6.804090e-01 8.666667e+00 -1.387108e+00
      vertex   5.460887e-01 1.133333e+01 -1.113278e+00
      vertex   5.852134e-01 8.666667e+00 -1.429878e+00
    endloop
  endfacet
  facet normal -6.845093e-01 -1.135702e-01 7.201034e-01
    outer loop
      vertex   8.841859e-01 1.133333e+01 -8.693764e-01
      vertex   8.234773e-01 1.133333e+01 -9.270842e-01
      vertex   1.026026e+00 8.666667e+00 -1.155117e+00
    endloop
  endfacet
  facet normal -6.343337e-01 -1.135702e-01 7.646716e-01
    outer loop
      vertex   1.026026e+00 8.666667e+00 -1.155117e+00
      vertex   8.234773e-01 1.133333e+01 -9.270842e-01
      vertex   9.457037e-01 8.666667e+00 -1.221749e+00
    endloop
  endfacet
  facet normal -7.315617e-01 -1.135702e-01 6.722495e-01
    outer loop
      vertex   9.408601e-01 1.133333e+01 -8.077019e-01
      vertex   8.841859e-01 1.133333e+01 -8.693764e-01
      vertex   1.101667e+00 8.666667e+00 -1.083215e+00
    endloop
  endfacet
  facet normal -6.845093e-01 -1.135702e-01 7.201034e-01
    outer loop
      vertex   1.101667e+00 8.666667e+00 -1.083215e+00
      vertex   8.841859e-01 1.133333e+01 -8.693764e-01
      vertex   1.026026e+00 8.666667e+00 -1.155117e+00
    endloop
  endfacet
  facet normal -7.752761e-01 -1.135702e-01 6.213283e-01
    outer loop
      vertex   9.932414e-01 1.133333e+01 -7.423420e-01
      vertex   9.408601e-01 1.133333e+01 -8.077019e-01
      vertex   1.172281e+00 8.666667e+00 -1.006370e+00
    endloop
  endfacet
  facet normal -7.315617e-01 -1.135702e-01 6.722495e-01
    outer loop
      vertex   1.172281e+00 8.666667e+00 -1.006370e+00
      vertex   9.408601e-01 1.133333e+01 -8.077019e-01
      vertex   1.101667e+00 8.666667e+00 -1.083215e+00
    endloop
  endfacet
  facet normal -8.154531e-01 -1.135702e-01 5.675721e-01
    outer loop
      vertex   1.041091e+00 1.133333e+01 -6.735949e-01
      vertex   9.932414e-01 1.133333e+01 -7.423420e-01
      vertex   1.237547e+00 8.666667e+00 -9.249342e-01
    endloop
  endfacet
  facet normal -7.752761e-01 -1.135702e-01 6.213283e-01
    outer loop
      vertex   1.237547e+00 8.666667e+00 -9.249342e-01
      vertex   9.932414e-01 1.133333e+01 -7.423420e-01
      vertex   1.172281e+00 8.666667e+00 -1.006370e+00
    endloop
  endfacet
  facet normal -9.373798e-01 -1.135702e-01 3.292733e-01
    outer loop
      vertex   1.183133e+00 1.133333e+01 -3.712103e-01
      vertex   1.155373e+00 1.133333e+01 -4.502364e-01
      vertex   1.439558e+00 8.666667e+00 -5.609800e-01
    endloop
  endfacet
  facet normal -9.130121e-01 -1.135702e-01 3.918044e-01
    outer loop
      vertex   1.439558e+00 8.666667e+00 -5.609800e-01
      vertex   1.155373e+00 1.133333e+01 -4.502364e-01
      vertex   1.398402e+00 8.666667e+00 -6.568844e-01
    endloop
  endfacet
  facet normal -9.574704e-01 -1.135702e-01 2.652398e-01
    outer loop
      vertex   1.205494e+00 1.133333e+01 -2.904904e-01
      vertex   1.183133e+00 1.133333e+01 -3.712103e-01
      vertex   1.474145e+00 8.666667e+00 -4.625160e-01
    endloop
  endfacet
  facet normal -9.373798e-01 -1.135702e-01 3.292733e-01
    outer loop
      vertex   1.474145e+00 8.666667e+00 -4.625160e-01
      vertex   1.183133e+00 1.133333e+01 -3.712103e-01
      vertex   1.439558e+00 8.666667e+00 -5.609800e-01
    endloop
  endfacet
  facet normal -9.731924e-01 -1.135702e-01 1.999961e-01
    outer loop
      vertex   1.222355e+00 1.133333e+01 -2.084451e-01
      vertex   1.205494e+00 1.133333e+01 -2.904904e-01
      vertex   1.502006e+00 8.666667e+00 -3.619417e-01
    endloop
  endfacet
  facet normal -9.574704e-01 -1.135702e-01 2.652398e-01
    outer loop
      vertex   1.502006e+00 8.666667e+00 -3.619417e-01
      vertex   1.205494e+00 1.133333e+01 -2.904904e-01
      vertex   1.474145e+00 8.666667e+00 -4.625160e-01
    endloop
  endfacet
  facet normal -9.844738e-01 -1.135702e-01 1.338399e-01
    outer loop
      vertex   1.233638e+00 1.133333e+01 -1.254487e-01
      vertex   1.222355e+00 1.133333e+01 -2.084451e-01
      vertex   1.523014e+00 8.666667e+00 -2.597159e-01
    endloop
  endfacet
  facet normal -9.731924e-01 -1.135702e-01 1.999961e-01
    outer loop
      vertex   1.523014e+00 8.666667e+00 -2.597159e-01
      vertex   1.222355e+00 1.133333e+01 -2.084451e-01
      vertex   1.502006e+00 8.666667e+00 -3.619417e-01
    endloop
  endfacet
  facet normal -9.844738e-01 -1.135702e-01 1.338399e-01
    outer loop
      vertex   1.537073e+00 8.666667e+00 -1.563051e-01
      vertex   1.233638e+00 1.133333e+01 -1.254487e-01
      vertex   1.523014e+00 8.666667e+00 -2.597159e-01
    endloop
  endfacet
endsolid
